ensg	r_cd45	F_prim	FDR_prim	lfc_EM	lfc_ES	lfc_MS	EPI	META	SCAT	range	top_site
ENSG00000041982.16	0.697240780637291	83.3847271691623	3.44261483148807e-05	1.79124549375391	7.17317738646259	-5.38193189270868	7.4292680933915	6.28467783311039	1.54607943513194	5.88318865825956	EPI
ENSG00000105880.7	0.374722014700849	50.2599304868701	0.000148219288564058	4.59379750967891	9.24503943295175	-4.65124192327284	5.68586513550152	2.30471154280745	0.0915613508958169	5.5943037846057	EPI
ENSG00000156076.10	0.36859466552691	49.3691125045077	0.000153716403604308	3.85313809044106	9.1172687517899	-5.26413066134885	5.17555134875445	2.33933768598341	0	5.17555134875445	EPI
ENSG00000119042.17	0.33922764456709	45.871173766421	0.000195362917683252	2.82890300751693	4.08026048538977	-1.25135747787284	6.7243589100943	4.40408280244951	3.15426243216058	3.57009647793372	EPI
ENSG00000140937.14	0.687797572561575	44.3952905556002	0.000195362917683252	2.46677326266873	6.30645552973473	-3.839682267066	7.2436060559502	5.49599733877572	1.98510841714506	5.25849763880514	EPI
ENSG00000226482.1	-0.661545101130704	43.7932971732294	0.000195362917683252	2.54415509515043	-4.39177208336893	6.93592717851936	1.08117406614226	0.407839659446391	4.2125242508695	3.80468459142311	SCAT
ENSG00000118785.14	0.419708489193173	43.0985279140136	0.000196959602447467	3.6749309743681	10.0807016753285	-6.40577070096042	8.02741209994871	4.68344596863482	0.847257571664342	7.18015452828437	EPI
ENSG00000211892.4	0.631828308190343	42.6521381656807	0.000206570025017026	0.175669423072397	7.97132645539352	-7.79565703232112	5.57968378689761	6.0657269021535	0.456305125626566	5.60942177652693	META
ENSG00000137745.12	0.380411965936308	39.867448431128	0.000243763464665648	4.63263507360268	9.33224714500123	-4.69961207139855	5.26855472980536	2.07069667605527	0	5.26855472980536	EPI
ENSG00000158560.14	0.678301445430094	39.7092651984444	0.000243763464665648	1.29647452642015	5.71866047904041	-4.42218595262026	4.1565828830096	3.45237714867009	0.630484899617803	3.5260979833918	EPI
ENSG00000029559.7	0.263579354136969	38.9539530870441	0.000253592400856935	4.05862904247205	10.0527417847385	-5.99411274226646	7.97406944049812	4.25861833749712	1.13689109221921	6.8371783482789	EPI
ENSG00000165966.16	0.611623095945509	36.6337782250597	0.000312617308908375	2.1344726876709	5.78626435813984	-3.65179167046895	5.63128985795943	4.06726735366815	1.32925469619824	4.30203516176119	EPI
ENSG00000124813.23	0.674804293270382	36.2872405358883	0.000326676914679267	1.65482102062487	5.82864331402746	-4.17382229340259	5.63715824361281	4.52533955358005	1.18671926175759	4.45043898185522	EPI
ENSG00000138061.12	0.514821075936611	36.1800626521776	0.000326676914679267	1.7646863426632	4.66238833649996	-2.89770199383676	7.9297624307186	6.69849647602082	3.92372215228666	4.00604027843194	EPI
ENSG00000127863.15	0.57281700507351	35.4393836587805	0.000359764429441934	2.50328392052495	6.3366252643487	-3.83334134382375	4.42526158965773	2.72096942165473	0.466205846130481	3.95905574352725	EPI
ENSG00000101049.17	-0.658200710781986	34.7254837952546	0.000393204514593524	-0.424867773256673	-6.62496563234837	6.2000978590917	0.899213807771211	1.17048539324549	5.78746569212296	4.88825188435174	SCAT
ENSG00000162551.14	0.568128083227274	34.1674531321818	0.000405565817294921	1.92839335147694	4.79468319638445	-2.86628984490751	6.57982805566593	5.30825295790036	2.49010419336491	4.08972386230102	EPI
ENSG00000272701.3	-0.670593272971785	32.6771161466492	0.00045196199412452	-0.982002385001287	-6.04894980016535	5.06694741516406	0.0534346202656526	0.346542767234125	2.70167314426678	2.64823852400113	SCAT
ENSG00000136457.10	0.116239119997871	32.6135457809529	0.00045196199412452	5.45863920987341	6.22247626720884	-0.763837057335437	6.11089927285041	2.04161295759479	1.44727624694915	4.66362302590126	EPI
ENSG00000131668.14	0.120402779228809	32.0331809990645	0.000478635729140839	6.15887844333148	6.59153427266044	-0.432655829328961	3.08021216450487	0.141544737971337	0	3.08021216450487	EPI
ENSG00000180875.5	0.356882647286353	31.9023826185594	0.000480225147635748	4.40043276148448	7.32937832557288	-2.9289455640884	3.79829700790531	1.21725407771706	0.0370928343350731	3.76120417357024	EPI
ENSG00000154654.15	0.684410607041115	31.7868971747479	0.000484077368319182	1.2780662712155	5.61544807572331	-4.33738180450781	5.31531902956776	4.55011030363867	1.28345042998806	4.0318685995797	EPI
ENSG00000197467.14	0.288145886420349	31.1054565460419	0.000515747708830832	4.05928896071301	6.55015874240178	-2.49086978168878	4.71230313921582	2.02436979018462	0.486861238607717	4.2254419006081	EPI
ENSG00000169436.17	0.164997180004956	30.690249238262	0.000549631040522848	4.89897589419922	7.53334055473194	-2.63436466053272	4.13620750500683	1.15594298084809	0.0915613508958169	4.04464615411101	EPI
ENSG00000127083.7	0.16829336864985	30.3447207446295	0.000577869887900224	4.86280327894831	5.53428212817502	-0.671478849226704	4.72043042264048	1.57818638470867	0.950222698363885	3.7702077242766	EPI
ENSG00000170558.9	0.261247268629259	30.0745243385919	0.000591285268425932	4.05066986582014	7.01874378083779	-2.96807391501765	3.6828583183436	1.10914468607551	0.0864325335451182	3.59642578479848	EPI
ENSG00000157404.15	0.531175242238199	28.9856301671305	0.000679220054588338	2.559465401408	6.56300534861967	-4.00353994721167	4.64036274248914	2.90158702489001	0.532224466553617	4.10813827593553	EPI
ENSG00000163909.8	0.523336839220402	28.9704627622576	0.000679220054588338	2.70375709396107	5.34070141339433	-2.63694431943325	4.74750001891	2.90295709066562	1.06638364964776	3.68111636926224	EPI
ENSG00000163687.14	0.649286255094705	28.1031252654435	0.000780676661657241	0.673751729182336	5.76667998363511	-5.09292825445277	5.20471379672687	5.13568100944632	1.34810920637915	3.85660459034772	EPI
ENSG00000172061.8	0.184164989665199	27.895573088393	0.000787610337583218	6.03767130352833	7.6792365072711	-1.64156520374277	4.73730681037449	1.08713344853693	0.160755905154396	4.5765509052201	EPI
ENSG00000108821.13	0.19321397726189	27.8009952257364	0.000790386186426854	3.93176700914996	5.49637049957877	-1.56460349042881	12.3300294463857	8.77070351881583	7.15409184262008	5.17593760376565	EPI
ENSG00000156103.16	0.411641517532273	27.5794057824455	0.000805606878386178	3.38675152810702	5.75096487305771	-2.36421334495069	3.78939459641446	1.8428254796058	0.440979966262896	3.34841463015156	EPI
ENSG00000188487.11	0.323858578759359	27.3572199033247	0.000827790320778178	3.8800705077323	7.70521266486725	-3.82514215713495	3.98294313579924	1.51963887279967	0	3.98294313579924	EPI
ENSG00000152592.14	0.371771457696291	27.1561466919347	0.000841185597084499	3.49058399624267	6.33912104829333	-2.84853705205066	2.78818526258162	1.04438007171652	0	2.78818526258162	EPI
ENSG00000281769.1	-0.637823016704334	26.8284259007728	0.000874988410487107	-1.64552039963587	-6.77528169314161	5.12976129350574	0.240890074909656	1.0486182341956	4.32929227309964	4.08840219818998	SCAT
ENSG00000110492.15	0.574588200006967	26.6783830998601	0.000891883357333482	1.78042341485854	5.34377363042254	-3.56335021556401	6.44256097865574	5.14018531846358	2.2122333786609	4.23032759999485	EPI
ENSG00000168743.12	0.176369944300217	26.534962273421	0.000905535794029236	5.04932505011117	7.48327938503205	-2.43395433492088	3.74827567641255	1.00885937248048	0	3.74827567641255	EPI
ENSG00000189377.9	-0.610662395987623	26.3961265099732	0.000914189938828244	-0.80450566565521	-5.83281015291709	5.02830448726188	0.148479631123896	0.37642570888052	2.72813203958762	2.57965240846373	SCAT
ENSG00000165323.15	0.485041337204235	26.1361548579765	0.000943314673996571	2.63981550025434	4.84643014067405	-2.2066146404197	6.96869015653005	4.88470877161057	2.71834040267358	4.25034975385647	EPI
ENSG00000116774.12	0.469526451418104	25.9578249226031	0.00096599343788811	1.93578630843243	3.4109088771911	-1.47512256875866	7.07087695006343	5.83554929966629	4.29945374606549	2.77142320399794	EPI
ENSG00000106031.9	0.26262200145039	25.8522434786568	0.000981426006322401	4.08456787260075	5.60061112565846	-1.51604325305771	3.4885947144742	1.19691875144002	0.332662772485296	3.15593194198891	EPI
ENSG00000144868.13	0.665640108423146	25.6785550103287	0.00100425316487795	1.08249110968167	6.26175333002093	-5.17926222033926	5.27648916779043	4.58441335030984	0.998563403525006	4.27792576426543	EPI
ENSG00000198542.14	0.449799345748739	25.3663304115172	0.00104004071777097	2.07651217034344	6.22268607371935	-4.14617390337591	5.75066113997185	3.91184681631534	1.16872851763462	4.58193262233723	EPI
ENSG00000211964.3	0.623294178072258	24.5736174742655	0.00118735157797858	0.922975950170003	6.43270690841783	-5.50973095824783	2.79156840220436	2.47060035368127	0	2.79156840220436	EPI
ENSG00000129910.8	0.236515258615103	24.5064283779018	0.00119561528574473	3.41250432329389	5.76383453304769	-2.35133020975381	3.02278771604592	1.14169122008135	0.183496032298476	2.83929168374744	EPI
ENSG00000070182.21	0.693778798797517	24.1287242591209	0.00124788905562644	-2.43369542612382	3.02335560623635	-5.45705103236017	5.67206706293498	8.32905772028268	4.14646531738458	4.1825924028981	META
ENSG00000213694.5	0.423013630389936	24.1092035088311	0.00124788905562644	2.47907681184845	5.63876180123385	-3.1596849893854	6.37908064194497	4.50632869644956	1.93473250030883	4.44434814163614	EPI
ENSG00000124743.6	-0.431836296734555	23.9975243679973	0.00125865727656181	0.274699462132938	-5.56744608671908	5.84214554885202	0.896195705485798	1.0724211993536	4.94610500189266	4.04990929640686	SCAT
ENSG00000277443.3	0.564361981136577	23.7171815313648	0.00129866714172948	1.21945846425941	3.17449336916062	-1.95503490490121	8.46018052987496	7.89251627428025	5.8423451585261	2.61783537134886	EPI
ENSG00000286322.1	-0.699325252766691	23.6671268641696	0.00130959790039964	1.51798346911199	-4.07184161398074	5.58982508309273	1.06336899020553	0.734110993609405	4.11647477812339	3.38236378451399	SCAT
ENSG00000271239.1	-0.427570318965307	23.290888481997	0.00138762443993917	1.59327379675195	-4.02138166536441	5.61465546211635	0.713153670632562	0.209337940887042	2.90193347210375	2.6925955312167	SCAT
ENSG00000104313.20	0.511680163401905	23.1245726836767	0.00142819055534397	2.5857681808717	4.46980428663796	-1.88403610576626	7.28260621460437	5.29241432756998	3.22671342748531	4.05589278711906	EPI
ENSG00000092621.12	-0.553371950211347	22.9631469394056	0.00143998522124658	0.147837445330182	-2.45494029382305	2.60277773915323	3.67980727031888	3.98194996351971	6.42877642526888	2.74896915495	SCAT
ENSG00000170374.6	0.0776413091695767	22.7942058623722	0.00147281589179817	5.26799970087951	5.29938036293624	-0.0313806620567226	3.88961460182667	0.804738615807179	0.741927728575254	3.14768687325142	EPI
ENSG00000174469.23	0.660783148812021	22.4845224100404	0.00155160585487099	1.22400815007578	7.68266517610826	-6.45865702603248	4.55841930165979	3.57369184373399	0.0717681464370116	4.48665115522278	EPI
ENSG00000206013.2	0.139751900982724	22.4243502587357	0.00156879465560554	4.35634588547952	6.52082088871274	-2.16447500323323	3.15569581831813	0.815468341053218	0.0486783999435046	3.10701741837462	EPI
ENSG00000206077.11	-0.655840649481745	22.256891297698	0.00159823325806566	0.56686513573337	-5.04810000845534	5.61496514418871	0.832126321387756	0.844980259034552	4.35573898088458	3.52361265949683	SCAT
ENSG00000136153.20	0.309515511121634	22.0873455879236	0.00164458928097057	2.5187128877167	3.69029552980098	-1.17158264208428	5.28981330781817	3.32292721203865	2.25398117281769	3.03583213500049	EPI
ENSG00000167460.17	0.551470003184854	22.0570801059225	0.00164458928097057	1.33220615092299	2.13510141851553	-0.802895267592539	9.43099151944566	8.62746891938125	7.84377239731911	1.58721912212655	EPI
ENSG00000173253.15	-0.518294902881679	22.0229012039529	0.00164458928097057	-1.93612697349289	-5.3432028346785	3.40707586118561	0.588461380221748	1.78805480926543	4.21269740911124	3.62423602888949	SCAT
ENSG00000152270.9	-0.442080996794809	22.0097720202751	0.00164458928097057	-0.986940082874499	-3.51164926385632	2.52470918098183	4.73711723509724	6.15806973859204	8.5999477421152	3.86283050701796	SCAT
ENSG00000170962.13	-0.669335583836532	21.9892949929668	0.00164730932957044	2.32857238560841	-2.14515685290827	4.47372923851668	3.59759997154742	2.22615789035798	5.98468586910748	3.7585279787495	SCAT
ENSG00000138039.15	-0.391483412679899	21.8275487634002	0.00168602126125886	0.845139056639883	-4.4330178371447	5.27815689378458	0.278853729192294	0.0647629190579584	2.11590612504307	2.05114320598511	SCAT
ENSG00000185610.6	-0.470247988765793	21.623431220491	0.0017600650993508	-0.205441021408125	-5.2360843640388	5.03064334263068	0	0	1.85147116297219	1.85147116297219	SCAT
ENSG00000086570.12	-0.55533622618574	21.6131375201574	0.0017600650993508	-0.656844249505618	-4.14209987156451	3.4852556220589	1.16510464308295	1.66534308533583	4.22213657293649	3.05703192985353	SCAT
ENSG00000163050.17	-0.485443729565764	21.5869737519777	0.00176756651532056	-0.28971091892332	-2.65384333810332	2.36413241918	4.46639065583971	5.21175867613993	7.50909297796893	3.04270232212922	SCAT
ENSG00000113140.11	-0.510974540054765	21.4250383212944	0.00181580501478661	3.1969965232856	0.529520526641657	2.66747599664395	10.2625342247863	7.48614909688088	10.2249614383086	2.77638512790538	EPI
ENSG00000162849.16	0.338628483046371	21.3454538226937	0.00184415001777565	4.01476742733277	6.46339358151328	-2.44862615418051	4.09080384941534	1.53452177875673	0.315500938263231	3.77530291115211	EPI
ENSG00000203392.3	-0.653122102982797	21.3362003133146	0.00184415001777565	1.24669910809085	-3.41548306413851	4.66218217222935	0.839976512566338	0.532029818552783	2.952469309137	2.42043949058422	SCAT
ENSG00000019549.13	0.373646001088442	21.1960629592633	0.00190068172977607	1.84126178854461	2.75841725404075	-0.917155465496138	6.69255029000987	5.38393779715303	4.55588159210532	2.13666869790455	EPI
ENSG00000170370.12	-0.363714081716146	21.1023445246114	0.00194402475194872	3.39011030419374	-1.23715092501938	4.62726122921312	2.13838840588451	0.637601434313953	2.79518376964194	2.15758233532799	SCAT
ENSG00000104332.12	-0.691608377668458	20.8760944157638	0.00202477854636729	2.00784643208325	-1.24480292223754	3.25264935432079	7.12985617795784	5.55187705423324	9.00462968251188	3.45275262827863	SCAT
ENSG00000211933.2	0.61797152560992	20.2647752207479	0.00230085286366384	-0.168970015081575	4.91402900042287	-5.08299901550445	1.87669429493173	2.29876538258478	0	2.29876538258478	META
ENSG00000184347.14	-0.638925836660486	20.2201959990173	0.00230716139114402	2.34891213067103	-0.298978699802844	2.64789083047387	6.98600073701261	5.20444316364417	7.91889967152059	2.71445650787642	SCAT
ENSG00000182492.16	0.186860550708685	20.1785067935346	0.00232840397729254	2.92724688585571	3.66865052343671	-0.741403637580996	7.92139541322972	5.58250273022369	4.68607950815378	3.23531590507595	EPI
ENSG00000150471.16	-0.449670419702759	19.9846040065871	0.00239473599593682	1.42580497669599	-5.33783974772668	6.76364472442267	0.460843621854451	0.0444405122149149	3.22767362173591	3.18323310952099	SCAT
ENSG00000113805.8	-0.438740968967408	19.9037727438442	0.0024373858533596	-1.27749247799223	-5.72068544296638	4.44319296497415	0	0.358862144964857	2.15609945143821	2.15609945143821	SCAT
ENSG00000183160.9	0.308828254036176	19.8530617382261	0.0024448216082985	2.87639126379816	5.26167105973337	-2.38527979593521	5.51997488367159	3.25589334875652	1.56371955029969	3.9562553333719	EPI
ENSG00000112175.8	0.48368595139966	19.7154620392059	0.00250693234661913	1.61622166983206	3.79910917019468	-2.18288750036263	5.87505166416494	4.6446342267897	2.67969489739397	3.19535676677097	EPI
ENSG00000073282.13	0.1365400149864	19.7064386486402	0.00250767061660189	5.03250994361261	5.98538882267551	-0.952878879062901	3.31227412074669	0.771467334383939	0.197663515777503	3.11461060496918	EPI
ENSG00000176438.12	-0.460317097297779	19.690396449528	0.00251339597268927	-0.389335893571147	-2.22866097911567	1.83932508554452	6.48735933143523	7.55070587397439	9.34710438633613	2.8597450549009	SCAT
ENSG00000115423.18	-0.663633193762996	19.6082712156551	0.00255522020668792	-0.744500678399132	-4.74058292158941	3.99608224319028	0.529608753040127	0.900730016733155	3.25314822837738	2.72353947533726	SCAT
ENSG00000166415.15	0.200237968990525	19.5388733151212	0.00259082783934912	4.22250068435305	6.44739725655442	-2.22489657220137	2.9728507029403	0.86244787332009	0	2.9728507029403	EPI
ENSG00000170323.9	-0.678731779772419	19.3936715859096	0.0026720358370671	1.40564634929267	-2.4854438222181	3.89109017151077	8.23189359437002	7.2722963680529	11.3451179162778	4.07282154822486	SCAT
ENSG00000019144.19	-0.661349261829728	19.388802113806	0.0026720358370671	1.74663693998087	-1.32236713751841	3.06900407749928	7.49714087090326	6.39158403346336	9.43978517027841	3.04820113681505	SCAT
ENSG00000143061.17	0.252180146127055	19.2812596301555	0.00273154923452498	4.06564266996125	4.56563871894329	-0.499996048982047	3.69541569443753	1.37458362711473	0.882049912512601	2.81336578192493	EPI
ENSG00000107731.12	0.484347592914767	19.1269030022526	0.00281268281126688	2.17516582625265	5.22262509513239	-3.04745926887974	5.19434511121393	3.48547942431633	1.3067330698768	3.88761204133713	EPI
ENSG00000169442.9	0.660350721458459	18.9273776350023	0.00291739313257977	1.01320260390775	5.45653903859731	-4.44333643468956	2.50317801124704	1.8445992523026	0.0251598135658084	2.47801819768123	EPI
ENSG00000139304.16	-0.490025804687874	18.7483390404342	0.00303543630315287	0.48507558180143	-4.61356839795731	5.09864397975875	0.522741556098972	0.589776852396428	3.27528497861839	2.75254342251942	SCAT
ENSG00000006377.11	0.251572434526199	18.7274617375248	0.00304144942688734	4.37588156113648	5.75864825310362	-1.38276669196714	2.91766203709551	0.792706462991232	0.119402552215516	2.79825948488	EPI
ENSG00000276775.1	0.608252580013531	18.5718973978876	0.00313187890465356	-1.46033792112234	4.12564239259121	-5.58598031371355	1.47599388881775	2.65978777522909	0	2.65978777522909	META
ENSG00000154274.15	-0.430557082959615	18.5564579985036	0.0031397834448748	-2.7458128245945	-4.93843418891026	2.19262136431576	0.250976573328043	1.59124178489755	2.98589531796244	2.7349187446344	SCAT
ENSG00000251493.5	0.531797035514046	18.5204056111968	0.00316173181444058	1.48967619864083	5.82187026070412	-4.33219406206329	4.1766494961926	3.45494612046567	0.648623384735018	3.52802611145758	EPI
ENSG00000173372.17	0.673148379455213	18.419690897364	0.00324619422205192	0.0319720278789614	2.68595172080497	-2.653979692926	7.15346041420642	7.69273393386775	4.91659529571142	2.77613863815633	META
ENSG00000018236.15	0.591642568296061	18.3467186930909	0.00328418313655356	2.18903356816377	5.60682542970297	-3.4177918615392	3.9382705724369	2.52466612419679	0.3693387197606	3.5689318526763	EPI
ENSG00000129675.16	-0.610802332725468	18.3366616683064	0.00328418313655356	0.635948246202769	-1.65906767753112	2.29501592373389	5.99144490426537	5.90054280607191	8.2176744791744	2.31713167310249	SCAT
ENSG00000149294.16	0.337560439211763	18.3160599836666	0.00329780455747739	2.42566918589612	4.38094468747633	-1.95527550158021	5.36160240157431	3.66570247817915	2.09453391026929	3.26706849130502	EPI
ENSG00000048540.15	-0.657309687620103	18.1861818755529	0.00338107642260325	2.9690082176423	-3.67175949808929	6.64076771573159	2.3008917925682	0.997929087708847	5.37699582135967	4.37906673365082	SCAT
ENSG00000261441.1	-0.486314078493821	18.1516369368643	0.00340288232488326	-1.0705417881692	-4.76681292964518	3.69627114147598	0.484626305898358	1.05551005502028	2.91943579666355	2.43480949076519	SCAT
ENSG00000105472.13	0.692659550837146	18.1282064022552	0.00341355467595443	0.90242334415305	4.90277011560807	-4.00034677145502	4.88094530857314	4.54249855411684	1.42270455345875	3.45824075511439	EPI
ENSG00000052850.8	0.389225039409791	18.1024008488271	0.0034201801119966	3.09413973312948	4.84136254972343	-1.74722281659394	3.58509903565816	1.89517676609971	0.66920832729647	2.91589070836169	EPI
ENSG00000147251.15	-0.367527138115911	18.0398504584162	0.00345833430843516	-0.689308693593704	-2.58231052048334	1.89300182688963	5.27176227245309	6.4464991289484	8.38523244025873	3.11347016780563	SCAT
ENSG00000211448.12	-0.319111572627372	17.9112821570512	0.00354739409532439	5.28935585494159	2.1215163484451	3.1678395064965	5.09761546005095	1.52462197663054	3.38884422824626	3.57299348342041	EPI
ENSG00000253686.2	-0.678480230778477	17.7719233916856	0.00367249949688939	0.62129646414285	-4.56241509352285	5.1837115576657	0.781103024175641	0.755715255098316	3.91115554521456	3.15544029011624	SCAT
ENSG00000286214.1	-0.679478552672736	17.6949399223304	0.00371772045619586	1.71093395364211	-3.67111780277657	5.38205175641868	3.33123799414318	2.20829338429393	7.0947731915113	4.88647980721737	SCAT
ENSG00000184254.17	0.687695897777332	17.6643488466978	0.00373868948793373	0.436305632220345	3.72316439066654	-3.2868587584462	5.07322217033452	4.97515293652877	2.05091110938541	3.02231106094911	EPI
ENSG00000167749.11	0.35699848586816	17.4751155825811	0.00390390995328505	3.88207600582801	6.19591253296213	-2.31383652713413	2.72742703440668	0.886432377199709	0	2.72742703440668	EPI
ENSG00000183087.15	0.622016879300631	17.337322641075	0.00401475355241927	0.909694612714994	2.64794594500742	-1.73825133229242	7.46426875915136	7.19573088503587	5.33291332191602	2.13135543723535	EPI
ENSG00000115361.8	-0.689014985041233	17.2410416616319	0.00410392623812131	0.926494159602005	-5.11149805217819	6.0379922117802	1.04791031006076	1.0045465550058	5.03190708355555	4.02736052854974	SCAT
ENSG00000278983.1	-0.63366352092474	17.1191178326852	0.00421990622208256	-0.530999284167126	-4.45193577354912	3.92093648938199	0.732340894555168	1.05041847493168	3.29360181906146	2.56126092450629	SCAT
ENSG00000278972.1	-0.478386206451538	17.0278046489063	0.00431183623676949	-0.770598757263089	-4.81580219754316	4.04520344028007	0	0.15208676748183	1.60743342732601	1.60743342732601	SCAT
ENSG00000188525.4	-0.593751071270239	17.0058537192527	0.0043339649730303	-0.640086962442202	-5.5805984916952	4.940511529253	0.100043159285992	0.580438775141268	2.87327693637633	2.77323377709034	SCAT
ENSG00000261429.2	-0.4660099863176	16.9017988590369	0.00443897751220601	-0.151511687151002	-4.75458566884548	4.60307398169448	0.100043159285992	0.312261620693345	2.24106776943122	2.14102461014522	SCAT
ENSG00000058668.14	-0.576731553972551	16.7699240418503	0.00456415868068334	0.229602447828597	-1.74181508034436	1.97141752817296	6.47948391988537	6.88451008524138	8.86281560646519	2.38333168657983	SCAT
ENSG00000079819.19	-0.699867201951205	16.7243750518894	0.00461462179807249	1.79491359785122	-0.330815392922877	2.12572899077409	8.72950980295312	7.47046281475977	9.64273595467394	2.17227313991417	SCAT
ENSG00000117122.14	-0.519860662118053	16.646205508493	0.00469053719964201	4.68055898851315	0.594700652741045	4.0858583357721	3.59753546503371	0.902269282018975	3.29077902247181	2.69526618301473	EPI
ENSG00000204241.8	-0.641668650474315	16.6204328476995	0.00472113516368951	0.426400059685215	-5.06589547185303	5.49229553153824	0.533126956036428	0.454523912754393	3.35429688631449	2.8997729735601	SCAT
ENSG00000223770.5	-0.4560067237642	16.5373353854148	0.00483952765685445	-0.894014811233942	-4.80534846331552	3.91133365208158	0	0.19585439165419	1.60765640433218	1.60765640433218	SCAT
ENSG00000187546.14	-0.495478955233544	16.5028207794067	0.00487674743684215	-0.363338618690055	-4.73315380408847	4.36981518539841	0.0281017873567746	0.102264818556384	1.70693942021969	1.67883763286291	SCAT
ENSG00000117335.19	-0.406169760346453	16.4558361449797	0.0049094755640732	-0.538555639017343	-1.92111220497589	1.38255656595855	5.30304530885468	6.39934113575959	7.72335160194907	2.42030629309439	SCAT
ENSG00000261889.1	-0.458945585121395	16.4362198281534	0.00492405985942792	-1.50538033801703	-4.98223453104139	3.47685419302436	0.223929325878923	0.905388819410943	2.49116263314067	2.26723330726175	SCAT
ENSG00000115290.10	-0.409469289056156	16.4172431984833	0.00494590260263615	0.859433073985166	-3.87616297205857	4.73559604604374	0.529895500338367	0.626670301812218	2.5851610481112	2.05526554777283	SCAT
ENSG00000107796.13	0.0968768946386949	16.3978125318279	0.00495548055638781	2.48941360537063	3.43996755624868	-0.950553950878046	5.78543569046718	3.70504261175421	3.12696192118246	2.65847376928472	EPI
ENSG00000107957.16	0.0645382611414268	16.3681400838197	0.00498329307024976	1.95541407826515	2.06857329308818	-0.113159214823032	8.65455502071496	7.29855184683027	7.15357251158163	1.50098250913334	EPI
ENSG00000214691.9	-0.634482831927191	16.3149481305941	0.00501992457498081	-0.663893435173658	-4.82088672711296	4.1569932919393	0	0.111792119842783	1.45465249875635	1.45465249875635	SCAT
ENSG00000076555.15	-0.640327714770348	16.2849890639889	0.00504891142844756	1.07034429432582	-2.29067710979889	3.36102140412471	7.63612466669362	7.13450526977337	10.6454876123477	3.51098234257432	SCAT
ENSG00000187231.14	-0.569494930877464	16.2802882593673	0.00504891142844756	0.39268399300987	-1.7012263475845	2.09391034059437	5.72172665197771	5.81705287799024	7.97659681844508	2.25487016646738	SCAT
ENSG00000225953.3	0.254512711571367	16.2435428737839	0.00507320523801761	3.56225222239918	4.85065418897206	-1.28840196657288	2.93697672158171	1.08067191347903	0.342276366551945	2.59470035502976	EPI
ENSG00000077157.22	-0.391906943759705	16.2418631655394	0.00507320523801761	-0.518601868279256	-1.83312759154641	1.31452572326715	4.94214023196953	6.02052011482835	7.21981556745501	2.27767533548549	SCAT
ENSG00000106823.12	-0.650127162252085	16.2271407196859	0.00508167952049489	0.906779557698	-2.00613411472844	2.91291367242644	5.47678461430108	4.85763238782871	8.02577010027362	3.16813771244491	SCAT
ENSG00000159189.12	0.693373186363565	16.2037544007096	0.00509584006447305	0.130884020240564	2.31480441657401	-2.18392039633344	6.47269712938906	6.89841891874628	4.61944125752594	2.27897766122033	META
ENSG00000134569.10	0.322833229445254	16.1577013587635	0.00513970910060543	3.66037612568871	4.99782800536117	-1.33745187967246	5.0647237095714	2.47657784667062	1.19123142409484	3.87349228547656	EPI
ENSG00000198947.15	-0.592241397753213	16.1488063191139	0.0051464227268108	0.158066159008505	-3.20330835214543	3.36137451115394	4.88709523942785	4.68479745517946	8.4468496439622	3.76205218878274	SCAT
ENSG00000108387.15	0.641587450323154	16.1077165891085	0.00520139540950681	1.17323847085878	3.76811372207843	-2.59487525121965	5.16809811386685	4.45112735628307	2.15706861301366	3.01102950085319	EPI
ENSG00000285103.2	-0.62287144482297	16.0855714042304	0.0052202088578664	0.0798697845433785	-3.87841434545212	3.9582841299955	0.778999383083728	0.976785982961367	3.17801221505236	2.39901283196863	SCAT
ENSG00000182168.15	0.421180783314793	16.073747890571	0.00522769285205721	1.53574708951713	5.55050173833378	-4.01475464881665	5.04265947850966	3.88905688896613	1.23163078126133	3.81102869724834	EPI
ENSG00000140416.21	0.16249130587489	16.0669908142679	0.00522769285205721	1.88573942748237	2.41709920952766	-0.531359782045289	8.12234861165138	6.87101544295749	6.25851409543647	1.86383451621491	EPI
ENSG00000022267.19	-0.655850228637355	16.0348100828978	0.00524147668351278	0.864605110946585	-2.22479404442517	3.08939915537175	6.40579668240429	5.88783912656416	9.19055587765549	3.30271675109133	SCAT
ENSG00000145934.16	0.442562886548074	15.9604523349023	0.00534196098592714	2.0791888598824	6.54805574168126	-4.46886688179887	3.04024189263089	1.71712891895704	0	3.04024189263089	EPI
ENSG00000122176.12	-0.671887163192266	15.9569136269043	0.00534196098592714	1.61169113623062	-1.07200449877659	2.6836956350072	6.33281655734082	5.13004226278563	7.97745022674923	2.84740796396361	SCAT
ENSG00000074935.14	-0.648219724500046	15.9150283044624	0.00535745636988019	1.69130906906702	-2.39821932625297	4.08952839531999	2.15305253530744	1.45889249113156	4.18055514731144	2.72166265617988	SCAT
ENSG00000171408.14	0.274259902042088	15.8410610378068	0.00542486587725407	3.27073842943686	3.76316531402174	-0.492426884584883	5.2174602507498	2.86378963766747	2.26490632761497	2.95255392313483	EPI
ENSG00000155761.14	-0.305512545315146	15.8333522449444	0.00543045772634316	3.50264792285498	-2.12090204572328	5.62354996857826	1.56737780318322	0.326934109013718	3.01694745855326	2.69001334953954	SCAT
ENSG00000230333.6	-0.510921358114877	15.7908422790907	0.00544317599569155	3.20301926244474	-2.14537835246345	5.34839761490819	2.16997437858525	0.852863438690268	3.63302688106089	2.78016344237062	SCAT
ENSG00000177119.16	-0.560932596286808	15.7612314912227	0.00547317841922982	0.48124707075777	-1.95973592733264	2.44098299809041	6.30741846922423	6.3325324543005	8.8418701602436	2.53445169101937	SCAT
ENSG00000273007.2	-0.478458186448199	15.7388337790995	0.00550297092135948	-0.554558723238802	-4.07245127418954	3.51789255095074	0.258083119538276	0.455864593528111	1.97553324625819	1.71745012671992	SCAT
ENSG00000112977.15	0.434014025833337	15.7133797238006	0.00552495524724757	1.57552758774005	1.95755919162788	-0.382031603887825	6.37469663870094	5.35238594580559	4.89327901296783	1.48141762573311	EPI
ENSG00000274080.1	-0.613802781189146	15.7058207241699	0.00553064751980346	0.312608615816458	-4.7655943631699	5.07820297898636	0.756155516470944	0.626553803834119	3.57841504784425	2.95186124401013	SCAT
ENSG00000177822.8	-0.605417166818718	15.6860842354005	0.00554034500401565	-0.0869442302781324	-4.92565978336098	4.83871555308284	0.635783026667822	0.87131766078336	3.70865313186365	3.07287010519582	SCAT
ENSG00000211945.2	0.671163799841164	15.6828362232898	0.00554034500401565	-0.506492457162078	5.99524389229699	-6.50173634945907	3.8174884314377	4.54949217862691	0.805611192981603	3.74388098564531	META
ENSG00000252026.1	-0.496597789511232	15.5896692317287	0.00568083859046839	-0.327071800621661	-4.50614099987073	4.17906919924907	0	0.0647629190579584	1.43385508595818	1.43385508595818	SCAT
ENSG00000286506.1	-0.621116783355296	15.5470341958243	0.00573693047279024	-0.485009502970213	-4.78451063373526	4.29950113076505	0.175344263901013	0.395019808611539	2.16504408389454	1.98969981999353	SCAT
ENSG00000197291.9	-0.600732483771812	15.5103768626292	0.00577403130509521	2.68176544596451	-2.16410748647822	4.84587293244272	1.86565604146488	0.822226756194107	3.5630877024601	2.74086094626599	SCAT
ENSG00000139926.15	0.358361402462237	15.4932222612651	0.00579880352858427	1.97084987449826	3.16882691370259	-1.19797703920433	5.97448194622561	4.60232068029149	3.47702400462198	2.49745794160363	EPI
ENSG00000112769.20	-0.651694985775314	15.4866243284454	0.00580326303192173	1.87549383624507	-1.07845601391971	2.95394985016477	7.65939100916721	6.37522195411308	9.38603994463648	3.0108179905234	SCAT
ENSG00000182902.14	-0.412998084551939	15.4678772766625	0.00581472475049159	0.676199146134394	-4.33247475372598	5.00867389986038	0.359444859675863	0.43187332331741	2.90682387271586	2.54737901303999	SCAT
ENSG00000187498.16	-0.663287780397329	15.3928977236622	0.00592846894745578	2.26809618675881	-1.42580419952339	3.6939003862822	8.03936993713495	6.31227044423529	10.0919656990249	3.77969525478956	SCAT
ENSG00000131771.14	-0.587267475317796	15.3794040987542	0.0059386360627525	2.0388925162934	-3.24854211463966	5.28743463093306	3.01672104782287	1.89555664785956	6.2405412867482	4.34498463888864	SCAT
ENSG00000049130.16	0.510821582401301	15.3618698268279	0.00596506566390635	1.19161881129337	3.26794622285556	-2.07632741156219	6.19879916944391	5.45159419183544	3.42138531092264	2.77741385852128	EPI
ENSG00000197471.12	0.698824921032451	15.329173839104	0.00600543917311804	-2.46305490387121	3.42440713541435	-5.88746203928556	4.23707590714353	6.67667848750693	1.88681713444644	4.78986135306049	META
ENSG00000121310.17	-0.63481678204252	15.3023821734913	0.0060292528363274	0.30435398623301	-2.34113612620202	2.64549011243503	3.96881139316281	3.96046581982648	6.63908302275484	2.67861720292836	SCAT
ENSG00000138796.16	-0.523465569813045	15.3007212895512	0.0060292528363274	0.165577692377664	-2.32092517928088	2.48650287165855	4.73133039564584	4.90343721239268	7.45817350726849	2.72684311162265	SCAT
ENSG00000286813.1	-0.142771183332837	15.2422625661691	0.00614041215789531	-3.06175030858703	-4.35902142620416	1.29727111761713	0.495961100024273	2.22519188012257	2.97751357061358	2.48155247058931	SCAT
ENSG00000198363.18	-0.576334895311175	15.2282357359963	0.00615235887959634	1.10691337130265	-1.77523675934372	2.88215013064637	7.46724513763356	6.94377598658105	9.82546175198379	2.88168576540274	SCAT
ENSG00000184357.4	0.670783775312201	15.1968228934688	0.00620925200811623	-0.460459555665237	4.98245104345691	-5.44291059912214	5.88487698257097	6.64102351061118	2.05588548277093	4.58513802784025	META
ENSG00000279155.1	0.53775281749139	15.1175438934939	0.00632526290408254	-4.86174674707484	-3.03338370630324	-1.8283630407716	0.0281017873567746	2.14258808517494	0.800959618335551	2.11448629781817	META
ENSG00000135218.19	-0.569910650623047	15.0764720609119	0.00638756757298418	0.526649125492862	-1.7567174184105	2.28336654390337	8.3707483845922	8.43097440400426	10.7596096869196	2.38886130232744	SCAT
ENSG00000144278.15	-0.66184776178606	15.0676741517145	0.00639789889510654	-0.207002572459991	-5.40095213457997	5.19394956211998	0	0	2.24227298409558	2.24227298409558	SCAT
ENSG00000165406.16	0.686905873588183	15.0503273313922	0.0064183788877588	-2.2938819991266	0.163903378850412	-2.45778537797701	5.39474404756502	8.13340632444269	5.75105621942167	2.73866227687766	META
ENSG00000233395.2	0.469654763997195	15.0502118272733	0.0064183788877588	1.89466257716909	5.1177605258597	-3.22309794869061	2.35801893138397	1.58964209941804	0.0878976195666547	2.27012131181731	EPI
ENSG00000111275.13	-0.592858792474268	15.0355055923787	0.006441737521275	0.737161914706949	-2.40654171039679	3.14370362510374	6.02052083272226	5.76634731479488	8.99433309277731	3.22798577798243	SCAT
ENSG00000161791.14	0.641076787110852	15.0222758136495	0.0064531890886199	0.647913250218487	2.24361004021262	-1.59569678999413	6.37662461547793	6.34476772185535	4.56817232164555	1.80845229383238	EPI
ENSG00000054803.4	0.223762029116235	14.9458712572548	0.00655774159221577	3.25110876527649	5.26852120141014	-2.01741243613365	2.02508561322659	0.57149476668547	0	2.02508561322659	EPI
ENSG00000172137.19	-0.4790078264188	14.9404571797046	0.00655774159221577	-1.58333177996456	-5.95061476085726	4.36728298089271	1.01232766429841	2.09170137086273	5.41766248109138	4.40533481679297	SCAT
ENSG00000078549.14	-0.674574223255131	14.9394170709962	0.00655774159221577	0.719943276748068	-3.92130137011815	4.64124464686622	0.774487832291601	0.574563160793174	2.97291685050553	2.39835368971235	SCAT
ENSG00000131069.20	-0.617607619218736	14.9236474228939	0.00657945370842554	0.20711532629371	-2.45685945046217	2.66397477675589	4.53985276723589	4.61055430793123	7.43706094944607	2.89720818221018	SCAT
ENSG00000178772.7	0.525283925645799	14.9144007433989	0.00657945370842554	0.0301065695915901	5.69770354481256	-5.66759697522097	2.82351737502043	3.20726245166973	0.120311081865725	3.086951369804	META
ENSG00000167244.21	0.222770133076691	14.8880972036384	0.00657945370842554	2.19379716306346	3.09256204598992	-0.898764882926465	7.7266805141983	6.18893874491953	5.13817822540298	2.58850228879532	EPI
ENSG00000187758.8	-0.66699001658767	14.8817046677072	0.00657945370842554	1.00137759173258	-4.58845018140636	5.58982777313894	0.747540756299527	0.729424493124481	3.75447804650563	3.02505355338115	SCAT
ENSG00000222389.1	-0.445452890252657	14.865816583147	0.00659209217038183	-0.80790217749239	-4.91420352470955	4.10630134721716	0.122681603188887	0.358862144964857	1.96298410030802	1.84030249711913	SCAT
ENSG00000146950.13	0.154570158791961	14.7891513022968	0.00671470996146694	3.58377753959927	3.72075053054225	-0.136972990942978	3.15195861379364	1.19016297216694	0.870634651506737	2.2813239622869	EPI
ENSG00000172955.17	-0.450035951135287	14.7642161455281	0.00674608973766786	-1.19500327347389	-5.02540013856015	3.83039686508626	0	0.312261620693345	1.73926249807789	1.73926249807789	SCAT
ENSG00000187048.13	-0.69081466223692	14.7478769013079	0.00677530979457234	-0.206764890093834	-4.47243099195454	4.26566610186071	0.356455794992901	0.564495370347124	2.57709012144592	2.22063432645302	SCAT
ENSG00000147576.17	-0.672189832285959	14.7294461555993	0.00678320583553639	0.782697284674298	-3.32171054637503	4.10440783104933	1.05535203102441	0.938910792969302	3.34146293696857	2.40255214399927	SCAT
ENSG00000112936.19	0.452383188330183	14.6541367364624	0.00690184419249588	0.934436130548311	2.72922794689873	-1.79479181635042	6.4333812987297	6.02735362028357	4.37909728585181	2.05428401287789	EPI
ENSG00000168243.11	0.124519253074934	14.6535137213679	0.00690184419249588	3.75555892550146	4.95125884127001	-1.19569991576856	2.33583237703909	0.602533045574581	0.116220906244818	2.21961147079428	EPI
ENSG00000230435.1	-0.462995936358927	14.6515329029942	0.00690184419249588	0.261620241297253	-4.32355768553272	4.58517792682998	0.177819442020501	0.136232016100809	1.89629547441503	1.76006345831422	SCAT
ENSG00000169851.15	-0.458868589191558	14.6475922371534	0.00690184419249588	2.34333121134439	-2.34996550087659	4.69329671222099	1.53376286751982	0.690810415999036	2.96603176875047	2.27522135275143	SCAT
ENSG00000285732.1	-0.487855797339965	14.5984636830804	0.00697285428264355	-0.893008865717731	-4.76198320565632	3.86897433993859	0	0.19585439165419	1.59982570300524	1.59982570300524	SCAT
ENSG00000128655.18	-0.429657853859518	14.5975221378188	0.00697285428264355	2.27112784454314	-3.18626858513696	5.4573964296801	1.67891868171332	0.719844203882496	3.93965921850448	3.21981501462199	SCAT
ENSG00000146197.9	0.508546953190969	14.5940808273153	0.00697285428264355	2.09088538206011	3.45193944396101	-1.36105406190089	4.52725629074304	3.54634576686323	2.0720509390237	2.45520535171933	EPI
ENSG00000144810.16	-0.163325703251082	14.554660723222	0.00705097646717017	3.72892806821452	0.605096926217276	3.12383114199724	5.57843536947963	2.74568694743439	4.94722117228933	2.83274842204523	EPI
ENSG00000232810.4	0.658999564619005	14.5464102650811	0.00705337088081965	-2.41275804861478	2.83555976556503	-5.24831781417981	2.69227324240144	5.0159777795621	0.931996021941819	4.08398175762028	META
ENSG00000251432.7	-0.301656144539183	14.5287699328577	0.00707887862572019	-1.39728151356914	-3.75912074211393	2.36183922854479	1.42933278440008	2.53205589363259	4.19415037845645	2.76481759405637	SCAT
ENSG00000166289.6	-0.532381776875948	14.493472160502	0.00714683920173571	0.339100792127074	-3.4333147462212	3.77241553834827	1.62588366097938	1.74999079783185	4.35397064802568	2.7280869870463	SCAT
ENSG00000157613.11	0.0690015245174652	14.4466426207084	0.00722967541355941	3.95736762696085	3.42309749919295	0.534270127767907	4.43049949723134	1.86760140187624	1.86698896645819	2.56351053077315	EPI
ENSG00000234899.10	-0.449801787502213	14.4216022166566	0.00728404859905289	-1.38444964535578	-4.57972221024789	3.19527256489211	0	0.255282539908424	1.17701279294492	1.17701279294492	SCAT
ENSG00000123243.15	-0.648543487724406	14.4059158355351	0.00730585832770359	0.885334129393033	-2.45552239459836	3.34085652399139	5.92306047070865	5.38163829114749	8.9232300259125	3.54159173476501	SCAT
ENSG00000075213.11	-0.267050561587035	14.3718825689005	0.00735674322848562	-1.17900051472709	-3.64341604714022	2.46441553241313	1.75324730582206	2.83712410150275	4.71835606296568	2.96510875714361	SCAT
ENSG00000280302.1	-0.426513589513725	14.3156858207335	0.00743472367038453	0.799342299452424	-4.14017347380088	4.93951577325331	0.339689714004837	0.281107009095098	2.4509558952682	2.1698488861731	SCAT
ENSG00000226891.9	-0.658694870510632	14.3036665223415	0.00743558579718915	-1.06573667986627	-4.54828420139227	3.482547521526	0.467410750647942	0.996438339136506	2.83541094310179	2.36800019245385	SCAT
ENSG00000236283.5	-0.698987267540029	14.2957854930859	0.00744511004148788	0.801087703781036	-3.84029538386932	4.64138308765036	0.559689878665071	0.300007363784619	2.37931876246389	2.07931139867927	SCAT
ENSG00000163629.13	-0.322999537946054	14.2890913308065	0.00745354904510824	2.39703088663942	1.59897200906214	0.798058877577282	7.27738251108972	5.34626687785957	6.25250370513542	1.93111563323015	EPI
ENSG00000064042.18	-0.571980856609868	14.2246503995147	0.00756970588002967	2.25104658233956	-0.0267145961293993	2.27776117846896	7.45146564075029	5.66253210398632	8.09746754234513	2.4349354383588	SCAT
ENSG00000187193.9	-0.582108209028698	14.2216619617592	0.00756970588002967	0.401633571562105	-3.2957988888938	3.6974324604559	2.74512494794546	2.69567530151842	5.85760550102318	3.16193019950476	SCAT
ENSG00000110900.15	-0.108088268255184	14.2177726309796	0.00756970588002967	4.45189805875025	3.78131013598853	0.67058792276172	4.35077711948873	1.54918722054102	1.7739228061501	2.80158989894771	EPI
ENSG00000164692.17	0.00358336335765955	14.201141567453	0.00758004654322991	3.4812009741703	3.71527688329709	-0.234075909126788	11.5025533022471	8.53146542617906	8.23074942150975	3.27180388073732	EPI
ENSG00000154319.16	0.488769051224534	14.0849603029735	0.00781065478179327	1.52368112464571	4.608921351951	-3.0852402273053	1.92709440634011	1.24878435074843	0.0256449716657732	1.90144943467434	EPI
ENSG00000250295.6	-0.261944680412638	14.0542407524808	0.00783991206087366	-1.15728367448474	-4.58978275689073	3.43249908240599	0.522802930668496	1.2329800872704	3.12172464586286	2.59892171519436	SCAT
ENSG00000091436.17	-0.595780466167472	14.0105542262505	0.00792572907332449	0.763677808105152	-1.50438258670327	2.26806039480842	5.64460469926309	5.26251462464936	7.68386335611466	2.4213487314653	SCAT
ENSG00000229246.2	-0.580560635655892	13.9918771185008	0.00796924969599423	-0.208308872202475	-4.65101701625279	4.44270814405032	0	0	1.41845100374641	1.41845100374641	SCAT
ENSG00000132854.19	-0.359615331011404	13.9802048545159	0.0079930861169442	1.55939917965225	-3.90711880818093	5.46651798783318	0.950909078859305	0.57872374813163	3.55356153207344	2.97483778394181	SCAT
ENSG00000089472.16	0.33615606784333	13.9673278378389	0.00802046719735327	2.92176432988437	4.33138445854701	-1.40962012866264	3.20991177582465	1.44752058328476	0.66162209233322	2.54828968349143	EPI
ENSG00000138792.10	0.631086536540172	13.9429266773295	0.00806230357070273	1.0040015939462	2.88571016604525	-1.88170857209904	4.79032582984283	4.24301385386648	2.47721106397089	2.31311476587194	EPI
ENSG00000152595.16	-0.0167552341029739	13.9239063271562	0.00808525688196359	4.94924272294914	4.84479521305251	0.104447509896627	2.2377003568976	0.184244271537954	0.156104291296269	2.08159606560134	EPI
ENSG00000260105.6	-0.422136079433494	13.9077288552649	0.00811570552422129	-0.35943748020248	-4.93833150017659	4.57889401997411	0.313376935328785	0.494659523927442	2.88678573028542	2.57340879495663	SCAT
ENSG00000118729.11	-0.46258624959673	13.8896934468936	0.0081385953178554	-0.0108107426815244	-4.83906503683692	4.8282542941554	0.127681388422011	0.184244271537954	2.2415787949008	2.11389740647879	SCAT
ENSG00000122824.11	0.272624955704313	13.8628822671185	0.00820084345161129	3.36433717312107	5.09317810132488	-1.72884092820382	3.1085951980588	1.35506241548533	0.431946681785793	2.676648516273	EPI
ENSG00000173698.18	-0.655095162321494	13.8319223224783	0.00822140863004381	0.726600663023075	-3.25348414109504	3.98008480411811	0.843782892762372	0.704481697209712	2.83564620844356	2.13116451123384	SCAT
ENSG00000205542.11	0.6553037823171	13.8303096332377	0.00822140863004381	0.684744396691381	2.02611531216354	-1.34137091547216	8.81416026201385	8.71203463471665	7.37154528354783	1.44261497846603	EPI
ENSG00000253811.1	-0.469752014258554	13.8205629538378	0.0082408110080279	-0.897402473038947	-4.16554688774866	3.26814441470971	0.264035122746087	0.933661684957407	2.33948343164091	2.07544830889482	SCAT
ENSG00000153707.17	-0.124829872884106	13.7591497126693	0.00836752659634526	4.3734010783322	3.56970805754717	0.803693020785031	5.24583719236906	2.12116432342668	2.57866184865389	3.12467286894238	EPI
ENSG00000132000.13	0.309024088675824	13.7540466664894	0.00837343194159675	3.63390110762782	3.88768295867479	-0.253781851046975	2.7601663656549	0.990473511531394	0.663445223249237	2.09672114240566	EPI
ENSG00000168779.19	-0.684344771859706	13.7317268837466	0.00838413162752835	2.93467034962309	-0.516107833379032	3.45077818300213	3.93961017183548	1.88553548635186	4.80171138749241	2.91617590114055	SCAT
ENSG00000146250.7	-0.0310815953992043	13.723405929866	0.00839988390586095	5.26996719841424	5.67511254320637	-0.40514534479213	3.09196803647262	0.652675353244476	0.285228571950866	2.80673946452176	EPI
ENSG00000154380.17	-0.125324513374561	13.6929182709395	0.00845485226307855	1.97703784829953	1.75784366721827	0.219194181081263	8.17417975843934	6.82795357474086	6.99480863108977	1.34622618369848	EPI
ENSG00000163064.6	-0.56581879326717	13.6854220695974	0.00846831307712604	1.02585255380061	-3.50683593912178	4.53268849292238	0.558394704220234	0.15621129759457	2.19231952704991	2.03610822945534	SCAT
ENSG00000162458.13	0.427085977580953	13.6368520205683	0.00858961940660024	1.99340062377041	3.37110708708686	-1.37770646331645	4.45878476716241	3.11739817172589	1.92625107659839	2.53253369056402	EPI
ENSG00000206527.10	-0.402179025698555	13.6151501860427	0.0086305865892237	-0.479661203600542	-2.96811856204938	2.48845735844884	3.83403631275894	4.35113621419866	6.87191946872892	3.03788315596997	SCAT
ENSG00000059728.11	0.680500958286952	13.5814857787845	0.00867323676802483	-1.84694914353329	0.246211637495273	-2.09316078102857	4.65216083169569	6.94216617072704	4.72838181698268	2.29000533903136	META
ENSG00000066926.11	0.697463180986736	13.5765916263917	0.00867323676802483	-2.08956993311827	0.756785346032113	-2.84635527915038	4.8277893289914	7.27050429980528	4.70686751818485	2.56363678162043	META
ENSG00000166482.11	-0.637233374278878	13.5421725366497	0.00875353973738051	0.428915828332361	-3.46007708986823	3.88899291820059	2.26777260893857	2.48297335473099	5.55947469212711	3.29170208318854	SCAT
ENSG00000099204.20	-0.697594883480399	13.4741264523729	0.00894383311696984	0.862321844015811	-1.25407376596903	2.11639560998484	5.62801813278808	5.23863385059968	7.41784190277854	2.17920805217886	SCAT
ENSG00000080493.17	-0.605295991467987	13.4701726199632	0.0089469780098483	0.431437966987317	-2.25880223714147	2.69024020412879	3.30947691375831	3.26096793459128	5.76610617673405	2.50513824214277	SCAT
ENSG00000164879.7	-0.550517903307428	13.4583619888419	0.00895633125713504	1.13788826521935	-2.41464258302684	3.5525308482462	2.89757132869509	2.5139756128435	5.34585107820215	2.83187546535865	SCAT
ENSG00000138685.15	-0.658656040945057	13.4393196731282	0.00899928318293662	0.625018982204432	-3.8692600501735	4.49427903237793	2.66822628319415	2.53318467275696	6.58438178080999	4.05119710805303	SCAT
ENSG00000140285.10	-0.145465689586051	13.423983318442	0.00904007566233211	2.56227403257675	2.15396913888159	0.408304893695166	7.08845631333027	4.97859904723055	5.50329931116858	2.10985726609973	EPI
ENSG00000237887.1	-0.341392415120191	13.3901601158186	0.00913034169715919	-1.27156225398055	-4.38284238561182	3.11128013163127	0.163617321153714	0.744513756314081	2.0537617664278	1.89014444527408	SCAT
ENSG00000185960.14	0.683387153898617	13.3832516790197	0.00913034169715919	-0.274916625928102	4.17144500218161	-4.44636162810971	1.53909332893162	1.79758191929346	0.0251598135658084	1.77242210572765	META
ENSG00000137941.17	-0.671720572042876	13.3782127991691	0.0091334628306457	1.06911475148653	-2.60386510958393	3.67297986107046	1.93096900349834	1.46089873775948	4.25621246219577	2.79531372443629	SCAT
ENSG00000178695.6	0.346079275812912	13.3638975438723	0.00916518554354072	1.43119892419463	2.18457851798625	-0.753379593791617	7.73305127096244	6.92724947943087	6.06402302824864	1.6690282427138	EPI
ENSG00000255040.1	-0.206786244806863	13.3323633986548	0.00923868350665607	-2.8159472783518	-5.70272733675542	2.88678005840361	0	0.865802900617428	2.16862809112127	2.16862809112127	SCAT
ENSG00000109819.9	-0.508214195266634	13.2511794553141	0.00941149986959793	2.60763124596653	-1.50569705765532	4.11332830362185	2.12482246282729	1.1489655510653	3.42193767883945	2.27297212777415	SCAT
ENSG00000258733.6	0.282754141291537	13.2473215857467	0.00941149986959793	3.55385299366543	5.03688407479997	-1.48303108113454	2.22408967611731	0.646857203529969	0.049586929593713	2.1745027465236	EPI
ENSG00000253456.1	-0.478170662440245	13.2276559028735	0.00946003681591763	0.42455283489003	-3.30886274675952	3.73341558164955	1.1034349180784	1.10385996591522	3.21199254118175	2.10855762310335	SCAT
ENSG00000130203.10	0.474149916659405	13.2202953927374	0.0094757838167716	1.25575022885977	2.4970694486285	-1.24131921976873	10.005137244159	9.23492495165656	8.09121234837048	1.91392489578854	EPI
ENSG00000183688.4	0.67250012671402	13.1859560107308	0.00958670248273894	0.203532703449978	2.7699888048891	-2.56645610143912	6.58971722848195	7.0023911297429	4.36296107577184	2.63943005397105	META
ENSG00000073605.18	-0.0815536830614264	13.1706466506603	0.00961441904184922	-1.72151513526007	-2.4479175269465	0.726402391686421	2.90993055664603	4.93649165115611	5.40390216083938	2.49397160419334	SCAT
ENSG00000182162.11	0.683573808018493	13.1700913580491	0.00961441904184922	-2.34999896721423	2.63638516664194	-4.98638413385616	2.74957704311395	5.41515394152448	1.54018101514027	3.87497292638421	META
ENSG00000162981.14	0.698060101164255	13.1431289071998	0.00969585589013659	-0.288638280063553	4.27747874714411	-4.56611702720767	2.30568484598183	2.8628753803044	0.2830857849912	2.5797895953132	META
ENSG00000164111.15	-0.574891901816135	13.1309497059731	0.00971243998872395	1.0186556504609	-0.883634268538347	1.90228991899925	7.59153617241735	7.18714461597256	9.13088966919756	1.943745053225	SCAT
ENSG00000141756.18	0.0570180877223556	13.108567457792	0.00977301138134959	2.66225937329326	2.95718484934529	-0.294925476052028	5.50715060466035	3.5558350744365	3.34708818506705	2.1600624195933	EPI
ENSG00000145794.17	0.469125379171808	13.0967080626088	0.00979929470465021	2.12662510676928	3.96867108589616	-1.84204597912688	2.80853249255269	1.68082430871028	0.622287223178503	2.18624526937419	EPI
ENSG00000124780.14	0.57971879355716	13.0922269735548	0.00979929470465021	1.79222816100046	5.18691976375436	-3.3946916027539	2.04992713465159	1.25404312805665	0	2.04992713465159	EPI
ENSG00000026025.16	-0.654737680648304	13.0721698210063	0.00985445809280404	1.09790617412497	-0.646424788635117	1.74433096276009	9.0211417793972	8.49024456459578	10.2505980880936	1.76035352349784	SCAT
ENSG00000236333.4	-0.646822336907743	13.0694483483256	0.00985445809280404	0.951147164153532	-3.98580670945434	4.93695387360787	3.03821280512033	2.58631320765325	7.48265533776548	4.89634213011222	SCAT
ENSG00000009694.13	-0.591744034486864	13.0542109439019	0.00988998910907318	-2.40294563719778	-4.80582236177885	2.40287672458107	0.92435435750182	2.3600574949485	4.0917577109169	3.16740335341508	SCAT
ENSG00000226827.1	-0.461664495692151	13.0338691590877	0.00995489750014723	-0.741723324142921	-4.35981144883225	3.61808812468933	0.0541714141551114	0.195064864985209	1.53668670775013	1.48251529359502	SCAT
ENSG00000185742.7	0.531585009952466	13.0192688512019	0.00998936858102564	2.00746701452988	4.37253458205895	-2.36506756752908	1.56907714560496	0.841955859052225	0	1.56907714560496	EPI
ENSG00000174233.11	-0.550357751066166	13.0163134251122	0.00998936858102564	0.269589762652091	-2.08244021179995	2.35202997445204	4.7536687971548	4.91839445327845	7.26143399041049	2.50776519325569	SCAT
ENSG00000212743.2	-0.507165611523219	13.0162933553864	0.00998936858102564	-1.61270967789527	-4.54740568333014	2.93469600543486	0.681401679069344	1.29156074299861	2.87783373648291	2.19643205741356	SCAT
ENSG00000267280.5	-0.466790050554246	13.0105185617775	0.0099977396519039	3.06132091940853	-0.950306565340003	4.01162748474854	1.2042182746793	0.258734058280663	1.81200445783346	1.5532703995528	SCAT
ENSG00000149115.14	-0.678541129660985	12.9946109541922	0.0100287413954417	1.4688880011581	-0.874146160822538	2.34303416198064	7.72228252378858	6.92494991256161	9.24811823946457	2.32316832690296	SCAT
ENSG00000169435.14	-0.420569632406163	12.9919847085768	0.0100287413954417	-0.0523478299578634	-4.36560298089527	4.31325515093741	0.419502416095697	0.508589498440845	2.68192032009673	2.26241790400103	SCAT
ENSG00000171094.18	-0.469975122557748	12.9869145678031	0.0100374601994851	1.12475972024964	-3.51748207790572	4.64224179815536	0.428224894988453	0.201689475904797	2.12098832114967	1.91929884524487	SCAT
ENSG00000174332.5	-0.681444178289533	12.9548438442421	0.0100920900648505	2.29472471857912	-2.26203866752064	4.55676338609976	1.39035484134468	0.609332348674392	2.91979485918423	2.31046251050984	SCAT
ENSG00000113088.6	0.485624426646782	12.9530077891662	0.0100920900648505	1.33445886997681	4.7065700026759	-3.37211113269909	1.7163350307298	1.32041660584562	0	1.7163350307298	EPI
ENSG00000240775.1	-0.493679110478631	12.9346152505902	0.0101376163414176	-0.236162069731428	-4.05967528913788	3.82351321940645	0	0.0229042922366126	1.19763687668197	1.19763687668197	SCAT
ENSG00000053438.11	-0.46898038976004	12.9231733168823	0.0101376163414176	-0.0205084607473076	-3.99627308314604	3.97576462239873	1.97371156852297	2.22295111720117	5.42790544082517	3.4541938723022	SCAT
ENSG00000138162.19	-0.553375725692843	12.9176312269429	0.0101376163414176	0.520597259560124	-2.72721436026993	3.24781161983005	4.3937640094212	3.89190253356803	7.27892499137045	3.38702245780242	SCAT
ENSG00000060718.22	0.248734222223565	12.9169438535972	0.0101376163414176	2.52598190856828	5.46320234338925	-2.93722043482097	5.9134023514107	3.87949827789868	1.95150586658009	3.96189648483061	EPI
ENSG00000105426.16	-0.565749341781471	12.8956315464694	0.0101937492032185	1.08580085478245	-1.46366474261145	2.54946559739391	7.39116523887081	6.88464263417186	9.46102037734272	2.57637774317086	SCAT
ENSG00000258545.6	-0.695802624350696	12.8941682947328	0.0101937492032185	2.53016662568932	-2.40274163248625	4.93290825817557	2.06739972844615	1.1333069708282	4.10106534896864	2.96775837814043	SCAT
ENSG00000230148.8	-0.597543714891816	12.8704124058716	0.0102439026157261	1.91669044732106	-1.98708968095192	3.90378012827299	1.38039561255012	0.721912901364257	2.57873558954406	1.8568226881798	SCAT
ENSG00000233967.7	-0.671011280167988	12.8468089221598	0.0102837407300657	1.47054717820385	-3.0430957723667	4.51364295057055	1.02671126788148	0.458626205080126	2.66754356364566	2.20891735856553	SCAT
ENSG00000278873.1	-0.385327930977066	12.8374275267454	0.010309825898219	-1.06217575253982	-4.8201369823669	3.75796122982708	0.142902857712875	0.39404565067398	1.95189879832739	1.80899594061451	SCAT
ENSG00000259675.2	-0.477919173503741	12.7868076133383	0.0104459492366592	1.22766663435165	-3.26932890444504	4.49699553879669	0.326593308572052	0	1.54736050904472	1.54736050904472	SCAT
ENSG00000205213.14	-0.504910612872842	12.7769188807594	0.0104654048337911	-0.498062270748769	-2.67892154954488	2.18085927879611	3.5071887803962	4.40830227728123	6.4687335405514	2.9615447601552	SCAT
ENSG00000248295.2	-0.480498282858733	12.7581946704073	0.0105177665225571	-0.808599069635944	-4.40661887147949	3.59801980184355	0	0.167273813026435	1.39747924179948	1.39747924179948	SCAT
ENSG00000101825.8	0.035366322672235	12.7283080251445	0.0106018131185906	2.07607572451226	1.54532193622821	0.530753788284048	7.10111456055317	5.59955253196723	6.13010156034762	1.50156202858594	EPI
ENSG00000226009.2	-0.37337630262463	12.7250065955616	0.0106018131185906	-0.314891585020261	-4.44593664561179	4.13104506059153	0.395692970223587	0.585789681894588	2.64757087633215	2.25187790610856	SCAT
ENSG00000254366.7	-0.184645459490082	12.7239846783723	0.0106018131185906	4.89448263842223	2.62787962435302	2.26660301406921	2.66287437384503	0.439410175294164	0.94343795174557	2.22346419855087	EPI
ENSG00000168995.13	0.63105163217773	12.7203248428035	0.0106018131185906	0.558443103488909	4.32430696386871	-3.7658638603798	1.61137776108442	1.28341817069899	0	1.61137776108442	EPI
ENSG00000102547.19	-0.601078327569049	12.7032387965188	0.0106547017383516	0.40676815629136	-2.30857452049193	2.71534267678329	2.66824941333739	2.80443124303353	4.97338115407291	2.30513174073552	SCAT
ENSG00000158486.13	-0.302961765367543	12.6831936744003	0.0107045485137141	-1.27042727443749	-4.9146668249495	3.64423955051201	0.32198793658755	0.688735690701926	2.50984341507159	2.18785547848404	SCAT
ENSG00000237813.4	-0.529351279242161	12.6629068275968	0.0107557866903965	1.37751381499691	-3.52127712115962	4.89879093615653	0.386854119281566	0.167273813026435	2.15502338914764	1.9877495761212	SCAT
ENSG00000171714.11	-0.127111526635859	12.6371955015941	0.010819258342072	3.89480096199489	2.40057140146793	1.49422956052696	4.39869668056741	1.63657564247908	2.63206578105126	2.76212103808833	EPI
ENSG00000169418.10	-0.688128838395608	12.6259066305166	0.0108313281420702	0.213250128931113	-2.92232095642095	3.13557108535206	3.69931031087392	3.68718876209489	7.01392484267943	3.32673608058454	SCAT
ENSG00000237125.10	0.381281577255483	12.6079805143726	0.0108769568235827	2.60561609031624	4.59412250230373	-1.98850641198749	1.65873435250827	0.594213639862744	0	1.65873435250827	EPI
ENSG00000187010.21	0.559164086582528	12.5983881829561	0.0109062386093618	-1.71185615570686	3.26703366777953	-4.97888982348639	1.82768296167888	3.18817419193414	0.241831870390328	2.94634232154382	META
ENSG00000215244.3	-0.417473904048134	12.5750574095271	0.0109614396441022	-1.29186630841216	-4.00558087535783	2.71371456694567	0.58364779218221	1.32711731210594	2.65671652739321	2.073068735211	SCAT
ENSG00000100626.17	-0.677520348471919	12.5505933028794	0.0110492839089736	0.260860941439902	-3.82264297992315	4.08350392136305	1.054072788521	1.24599054634045	3.83937201895493	2.78529923043393	SCAT
ENSG00000079308.19	-0.453658342014851	12.5372116309943	0.0110615520779685	-0.460126802751055	-2.5988890096914	2.13876220694034	9.09105692313117	9.98393097734191	11.82588327108	2.73482634794886	SCAT
ENSG00000206177.7	0.665344150513547	12.5301612642465	0.0110660437812243	-2.14006615888084	4.58319926775084	-6.72326542663168	3.03476851589522	5.27015789458796	1.00915512743266	4.2610027671553	META
ENSG00000124491.15	0.523474868644134	12.5061653099729	0.0111362360787773	1.26400221434811	2.5273533033287	-1.2633510889806	7.42050115858121	6.73484421950334	5.44268557114356	1.97781558743765	EPI
ENSG00000169515.8	0.541318351494923	12.4984872416014	0.0111584111657566	1.95571754290591	4.00833444163454	-2.05261689872863	4.32916010498749	3.10149938195402	1.41266878549527	2.91649131949222	EPI
ENSG00000253293.5	-0.660796987777704	12.4934499216724	0.0111640687944427	3.13872417786918	-1.24800125006333	4.38672542793251	3.23539744472749	1.54897459173955	4.64917253121202	3.10019793947248	SCAT
ENSG00000169439.12	-0.683269036700438	12.4634778786784	0.0112483517301041	2.07622230830851	-1.23500816874786	3.31123047705638	5.6842631937736	3.71430418269474	7.4459494044745	3.73164522177976	SCAT
ENSG00000159307.19	0.605639095974904	12.4627259717329	0.0112483517301041	0.398247351349507	3.42817814444401	-3.0299307930945	5.7167350291642	5.85275852396047	3.04168969559832	2.81106882836215	META
ENSG00000227051.6	-0.63887799087035	12.403763359388	0.0114304437654556	4.39357037086235	0.605996281103095	3.78757408975926	3.0629808108901	0.743785481279655	2.93281169871951	2.31919532961045	EPI
ENSG00000134871.19	-0.635903223148441	12.3869597775412	0.0114830502914652	2.36494261459037	-1.44991063098692	3.81485324557729	8.03932783429245	6.22652393109239	10.115295505118	3.88877157402562	SCAT
ENSG00000173064.13	0.673073596247065	12.3750076599532	0.0115040963473494	-1.73964596583441	-0.153144311154379	-1.58650165468003	6.01928530088255	8.27920831128555	6.71428540167194	2.259923010403	META
ENSG00000083857.14	-0.631660728247471	12.3731047519709	0.0115040963473494	1.67318558456075	-0.710442668211467	2.38362825277222	6.59166816280895	5.31048681324412	7.91878872631496	2.60830191307085	SCAT
ENSG00000157570.12	0.553947203598288	12.3725182819899	0.0115040963473494	1.09867402002721	2.45344075475116	-1.35476673472395	5.68419095742445	5.1712072145141	3.75062529768963	1.93356565973482	EPI
ENSG00000180806.5	-0.487610894370208	12.3380535706439	0.0116146473067438	3.0010216937605	-1.04366154688102	4.04468324064152	2.4732643325034	1.05685927781365	3.23791464847613	2.18105537066248	SCAT
ENSG00000097033.14	-0.568565228655155	12.3303821296967	0.0116261296595162	0.83461726997728	-1.18201383673879	2.01663110671607	6.05277411898725	5.73734612571534	7.78369729139222	2.04635116567688	SCAT
ENSG00000154229.12	0.531204722361784	12.3226734694455	0.0116261296595162	0.789979713434135	2.37942627295178	-1.58944655951764	5.15239935005594	4.86524469434231	3.29725613039674	1.85514321965919	EPI
ENSG00000175868.14	-0.648204675206987	12.3192233324586	0.0116261296595162	-1.59359962140875	-4.61054851166402	3.01694889025527	0.0712140670851916	0.512219269083753	1.74261087123399	1.6713968041488	SCAT
ENSG00000171914.16	-0.423993429275891	12.3139767845161	0.0116261296595162	0.176970865422917	-1.53312948919888	1.7101003546218	6.44377223147885	6.90145939871703	8.5824419246346	2.13866969315575	SCAT
ENSG00000152492.15	-0.604635077722312	12.3049324275609	0.0116506961096231	0.992804440876263	-1.18013235720353	2.1729367980798	6.23309916505094	5.70452149364342	7.99432113700887	2.28979964336544	SCAT
ENSG00000227502.3	0.595899186465034	12.282853623208	0.0117236732493799	1.09484132147042	5.40697699065344	-4.31213566918302	2.41319210997759	2.07244492139435	0.0486783999435046	2.36451371003408	EPI
ENSG00000249242.8	0.45935647704641	12.2453591214397	0.0118408237397444	1.58502777476388	3.43325304210514	-1.84822526734126	4.46796976261834	3.28631084861401	1.87181388137914	2.5961558812392	EPI
ENSG00000213144.2	-0.366168438880544	12.207183635188	0.0119737348255655	-1.1458359834768	-4.08605363346501	2.9402176499882	0.682327805523874	1.36941604582187	3.32872730449504	2.64639949897116	SCAT
ENSG00000147100.11	-0.690611909736402	12.2046359656012	0.0119747116540014	2.92215160342069	-1.58706909457334	4.50922069799403	2.97510235175756	1.48278773146069	4.64551500831484	3.16272727685416	SCAT
ENSG00000120885.22	-0.675150573673913	12.1647962765382	0.01213946188973	1.06219424288408	-1.50506600222682	2.5672602451109	6.77019934689909	6.20451900197235	8.89924123395435	2.694722231982	SCAT
ENSG00000135333.14	-0.4560941910036	12.1266933591337	0.012255374772929	0.733365031175433	-4.42949296043648	5.16285799161191	0.461294636525549	0.0277910519587738	1.97555130010297	1.9477602481442	SCAT
ENSG00000127152.18	0.668470426746172	12.0920960524009	0.0123761752728415	-2.09177014149472	3.16366995413485	-5.25544009562957	2.96330123112963	4.97482744786036	1.47825871459944	3.49656873326092	META
ENSG00000187583.11	0.628677280565523	12.08903968908	0.0123798446322986	0.102362892994538	3.8123753224741	-3.71001242947957	2.00284004526135	2.06714436331379	0.263548991453287	1.8035953718605	META
ENSG00000008226.20	-0.245687519344165	12.074480006287	0.0124281540491391	-1.34400311772213	-3.91741254347466	2.57340942575253	1.02541645988491	1.96779938829198	3.53422541351605	2.50880895363113	SCAT
ENSG00000187134.14	-0.643229458117339	12.0642548890115	0.0124667546620809	0.229036691026209	-2.69173701319493	2.92077370422114	4.47323677286766	4.10247644420948	7.44844111671996	3.34596467251049	SCAT
ENSG00000230006.7	0.661238735530046	12.0516665986982	0.0124936850150535	-0.143823359013983	4.76798601900995	-4.91180937802394	4.6559039974779	5.08136154943143	1.6067231025169	3.47463844691453	META
ENSG00000134853.12	-0.0481460542359298	12.0496088049451	0.0124936850150535	2.21280004249074	2.03494316911426	0.177856873376479	6.61810170964577	4.87669471384363	5.10145434758607	1.74140699580214	EPI
ENSG00000154027.19	0.224722947902394	12.041971105652	0.0125087913372322	2.80344146541849	3.98385610262391	-1.18041463720542	2.52182144278208	1.18742692737515	0.497711962727138	2.02410948005494	EPI
ENSG00000117525.14	-0.686748869476506	12.0368411804898	0.0125227952380994	0.705545019417281	-3.81730770860573	4.52285272802301	3.11562872133892	2.57314713137802	6.69292118636315	4.11977405498513	SCAT
ENSG00000074416.14	-0.601419248526396	12.0325330078921	0.0125242015671334	0.698585890321039	-1.46591335690795	2.16449924722899	6.29856650433919	6.2149129461568	8.39664147637922	2.18172853022242	SCAT
ENSG00000171608.16	0.695035278398315	12.0264781962628	0.0125291913652032	-1.58818850222205	1.36996528597519	-2.95815378819725	4.37819710061293	6.38992830811487	3.37783933284397	3.01208897527091	META
ENSG00000166250.12	-0.685980085312257	11.9956755188802	0.0126348708334315	1.78224332283586	-1.58297819008564	3.3652215129215	5.96223007208277	4.17939795493961	8.11001840491631	3.9306204499767	SCAT
ENSG00000005381.8	0.643762194542167	11.9900418525458	0.0126362347660122	-1.91534551089571	5.52089590214724	-7.43624141304295	5.51620405429755	7.19268588674934	1.66762312885036	5.52506275789898	META
ENSG00000249669.10	-0.603710770291006	11.9859871663829	0.0126401430950014	-0.205276197977834	-3.62228722551465	3.41701102753682	3.39623046013968	3.35928109382306	6.84780695436396	3.4885258605409	SCAT
ENSG00000163734.4	0.574299899175266	11.977846395963	0.0126694579856203	-0.951906758205281	3.31954454391344	-4.27145130211872	4.01283555859383	4.9435382137047	1.54593793107949	3.39760028262521	META
ENSG00000162496.9	-0.690715253744485	11.9678489828083	0.0126811369161044	0.577392124358581	-1.83503696199625	2.41242908635483	5.59956921313571	5.4042603428939	8.01504427316134	2.61078393026744	SCAT
ENSG00000075223.14	-0.680457075730988	11.9645887756839	0.0126811369161044	2.9541484737647	-2.44853760945092	5.40268608321562	4.30238898201904	2.25794902006309	7.22471952266004	4.96677050259695	SCAT
ENSG00000108001.13	0.343526154861697	11.9643448564092	0.0126811369161044	1.32487235839282	1.60356482769948	-0.278692469306667	6.47961082581917	5.73937995481992	5.39370384959822	1.08590697622095	EPI
ENSG00000091656.19	-0.567226724004253	11.9566380576977	0.0127084826183854	2.86543074102055	0.370878156422657	2.49455258459789	6.81921846035835	4.12513173092427	7.02813456564288	2.90300283471861	SCAT
ENSG00000141505.12	0.697769457570521	11.9485366604068	0.0127162924253928	0.0163278009408613	4.44007804352931	-4.42375024258845	2.1149333932277	2.4020922931064	0.145861699714962	2.25623059339144	META
ENSG00000083720.13	-0.621191301501777	11.9484174328564	0.0127162924253928	0.0739422526108418	-1.9080792786834	1.98202153129425	4.4738486765273	4.61800593762651	6.79020559251338	2.31635691598608	SCAT
ENSG00000187260.15	0.688070696084029	11.9448857465271	0.0127228785708618	0.630723084762057	3.05064837366334	-2.41992528890128	3.76009626589273	3.68901276734367	1.66511237824356	2.09498388764917	EPI
ENSG00000150764.14	-0.656865331638531	11.9224645316684	0.012768922580375	1.32375545151171	-1.55900234908347	2.88275780059518	4.50652067795631	3.44398581459945	6.43466423477588	2.99067842017643	SCAT
ENSG00000147485.13	-0.613210236491795	11.9098158820332	0.0128215770093727	-0.25451344110031	-4.05918960491813	3.80467616381782	0.487070666948086	0.700965359262035	2.61756671757054	2.13049605062245	SCAT
ENSG00000188958.9	-0.445093033580745	11.891991540241	0.0128744217361914	0.0674747288858055	-4.61953073613741	4.68700546502321	0.181699655890538	0.350011307497589	2.38913852366267	2.20743886777213	SCAT
ENSG00000125148.7	-0.537354870265517	11.8865389550254	0.0128744217361914	2.20583170745301	0.619855027071585	1.58597668038142	7.99653675824061	6.32936858889621	7.97093284520594	1.66716816934439	EPI
ENSG00000104331.9	-0.471930914150533	11.8690843411946	0.0129285051884046	0.492620396533626	-1.56822590370988	2.06084630024351	5.21751814838231	5.24710997015424	7.24603521746983	2.02851706908751	SCAT
ENSG00000127884.5	-0.661344890318162	11.858218754518	0.0129618347028743	0.408394342821172	-1.77140132070053	2.17979566352171	4.84520333359828	4.77934991773583	7.09521411790559	2.31586420016976	SCAT
ENSG00000214274.9	-0.443625261069597	11.8196703050852	0.0130935518846457	1.13856851895619	-2.43617692277136	3.57474544172756	1.33810201464304	1.02654418864863	2.71107420975312	1.68453002110449	SCAT
ENSG00000077943.8	0.60226353839114	11.7999532877267	0.01315506024253	1.39176762606357	5.1360552358653	-3.74428760980173	2.5321628385403	2.11857965185267	0.16553133105153	2.36663150748877	EPI
ENSG00000183048.12	-0.672550685974872	11.7978065837489	0.01315506024253	-0.885918194913367	-3.87592049184	2.99000229692664	0.388454964513964	0.884036402323354	2.35734397959182	1.96888901507786	SCAT
ENSG00000165124.18	-0.571771706833377	11.7970905278971	0.01315506024253	0.437827077530235	-1.7621239323115	2.19995100984174	5.33730971355679	5.20634971741647	7.60731966434175	2.40096994692528	SCAT
ENSG00000162599.17	-0.365440796347517	11.7889317379544	0.0131685563028829	-0.143798103394944	-1.3182919564466	1.17449385305166	7.01214100360824	7.79114556386053	8.9556226095718	1.94348160596357	SCAT
ENSG00000258572.1	-0.605453659492584	11.788084087067	0.0131685563028829	0.722846128058658	-2.65881809320942	3.38166422126808	1.04795908819459	1.02141406613417	2.66101641835232	1.63960235221815	SCAT
ENSG00000163661.4	0.401188196365435	11.7571831395039	0.0132835305473595	-0.279826896411515	3.15306179688399	-3.4328886932955	5.0042269316065	5.3764779562083	2.45084200579619	2.92563595041211	META
ENSG00000196368.5	0.314355875260749	11.7478862193396	0.0132835305473595	2.71744521382645	4.67992455485096	-1.96247934102452	2.00215709471421	0.791172526066397	0.0508047852315816	1.95135230948263	EPI
ENSG00000177508.12	-0.0443893116893629	11.7470398828521	0.0132835305473595	2.01445207263167	2.1332453603765	-0.118793287744836	6.13364885882998	4.64136258132482	4.66202962848605	1.49228627750517	EPI
ENSG00000166819.12	-0.689230997270734	11.7254178763674	0.0133662425734914	2.11200719291378	-2.8371913986012	4.94919859151498	8.16975780058349	6.08933317832967	11.4795738995075	5.39024072117778	SCAT
ENSG00000109472.14	-0.62606903827433	11.7122958276602	0.0133947009483253	3.77360510932037	0.49842307959981	3.27518202972056	6.42286513510401	3.0469594952069	6.57245548137878	3.52549598617188	SCAT
ENSG00000165084.16	-0.387694172496087	11.7098251118316	0.0133947009483253	-0.650207096763435	-4.77925970283433	4.12905260607089	0.0964797172438706	0.277776754072147	1.98856692431195	1.89208720706808	SCAT
ENSG00000105643.10	0.687745083179691	11.7071273061309	0.0133947009483253	0.176516892992442	2.17692257750188	-2.00040568450944	6.02116685359123	6.41401982154663	4.14020676183368	2.27381305971295	META
ENSG00000109686.18	-0.644016186440073	11.6989886111454	0.0134075654354349	1.91542090317978	-0.656035589221996	2.57145649240177	7.2677271404484	5.68838202462208	8.57749903149106	2.88911700686898	SCAT
ENSG00000004799.8	-0.394626326996537	11.6927112404221	0.013427009143444	1.14152294803109	-0.85400746563103	1.99553041366212	8.4562132860715	7.89472850156281	9.94824175306445	2.05351325150164	SCAT
ENSG00000018408.14	-0.230487261664026	11.6868849822605	0.0134470301382	1.82752371842586	1.04095020375578	0.786573514670082	6.85145791934676	5.53623816946404	6.36046787927926	1.31521974988272	EPI
ENSG00000144908.13	-0.647969533992888	11.6781982327707	0.0134824619425485	1.21006182385392	-3.77861451163116	4.98867633548508	2.75696172038517	2.13974727884582	6.43001301776008	4.29026573891427	SCAT
ENSG00000122912.15	-0.627995531734978	11.6706432302871	0.0135119181716266	-0.0381709427055997	-1.93648693256616	1.89831598986057	3.47023885487405	3.8553084631036	5.67850013241082	2.20826127753677	SCAT
ENSG00000131711.15	-0.567343752422504	11.6595407830985	0.0135414280235523	3.02258381159137	0.907123218699833	2.11546059289154	8.05019238384274	5.52425617276265	7.78981783865363	2.52593621108009	EPI
ENSG00000123689.6	-0.680063794054678	11.6569906336601	0.0135414280235523	1.43599941532531	-2.20945100030234	3.64545041562765	8.67104176367446	7.85676758868682	11.2369022673476	3.38013467866078	SCAT
ENSG00000130635.15	-0.31138717886609	11.6349391399633	0.0135931278088248	2.7017520523513	1.32055370222911	1.38119835012218	8.64447199986792	6.58471327090906	7.88388919691311	2.05975872895887	EPI
ENSG00000115306.16	-0.636255698635603	11.6299689957811	0.0136006944311723	0.371915180794052	-2.50920076135728	2.88111594215134	10.0972415661088	9.91751902872107	12.5361110068066	2.61859197808551	SCAT
ENSG00000105852.11	0.0724335684227619	11.6095623803775	0.013675488637759	4.45765633516413	3.34089620273105	1.11676013243308	1.91740739040584	0.234880970909183	0.389449865848488	1.68252641949666	EPI
ENSG00000164330.17	-0.6051016292319	11.558468536899	0.0138786706757996	1.22178874748175	-0.946153387599059	2.16794213508081	6.9081851458245	6.23053403645481	8.48230143576659	2.25176739931178	SCAT
ENSG00000071967.12	-0.697811971911205	11.5546428592408	0.0138886736685267	1.15225899471753	-0.907186305480146	2.05944530019767	6.76206868448403	6.07490366231273	8.28664194479264	2.21173828247991	SCAT
ENSG00000130595.19	-0.670290273997504	11.5398445819382	0.0139600378680206	0.55142683947921	-3.66095031703167	4.21237715651088	1.21692194551939	1.11499481090747	4.12039542547019	3.00540061456272	SCAT
ENSG00000112541.15	0.347944241441133	11.5344763081452	0.0139682421136075	2.51613091104653	3.74943730576479	-1.23330639471826	3.69305510402413	2.36885461363161	1.33036283848799	2.36269226553615	EPI
ENSG00000138180.16	0.580985234506121	11.5324956400242	0.0139682421136075	2.37616814570239	4.7626813504203	-2.38651320471791	2.08592915725584	1.03417246708805	0.0486783999435046	2.03725075731233	EPI
ENSG00000154856.13	-0.662826553040605	11.5200447881444	0.0139886161214779	1.84729530890851	-2.39383589387045	4.24113120277896	3.88601932684545	2.38031853568849	6.54811980130954	4.16780126562106	SCAT
ENSG00000167676.4	-0.690391382069624	11.5186131208788	0.0139886161214779	1.16698016792564	-4.19269315245611	5.35967332038175	7.41454362749222	6.14131593673852	11.7630666197551	5.62175068301656	SCAT
ENSG00000158258.16	-0.536572850527234	11.5060543223521	0.0140480748703211	0.501826063028053	-2.44364712399941	2.94547318702746	4.93213994766097	4.70754520049883	7.82943314893758	3.12188794843875	SCAT
ENSG00000047849.21	-0.651463060684066	11.4672193196089	0.0141965730327051	1.35142693911772	-0.462870583016027	1.81429752213375	7.59296748968781	6.81383610522265	8.69450192721161	1.88066582198895	SCAT
ENSG00000163815.6	-0.604009469865487	11.4648144868474	0.0141965730327051	0.613888774303441	-2.25492699442234	2.86881576872578	3.96523298295075	3.82367201505191	6.25919040017434	2.43551838512243	SCAT
ENSG00000231764.10	0.192381850229467	11.4639492410199	0.0141965730327051	3.52148981606107	4.59959861562566	-1.07810879956459	1.91327059001806	0.505666462998647	0.0707568310047942	1.84251375901326	EPI
ENSG00000054598.9	0.576479897420505	11.4569584983169	0.0142166091440704	1.44705308452009	2.80044168713138	-1.35338860261129	6.75237756242973	5.96777039061399	4.04122344452716	2.71115411790257	EPI
ENSG00000049323.16	0.536842480583195	11.4409069531676	0.0142832923652939	1.03711107386462	2.32611338923734	-1.28900231537272	5.9248394013056	5.57574980988682	4.17143943193054	1.75339996937506	EPI
ENSG00000169783.12	0.528855013212652	11.4318593572491	0.0143240966278231	2.00046459207529	4.33508333125658	-2.33461873918128	1.78430463868367	1.03104019161908	0.0707241522720116	1.71358048641166	EPI
ENSG00000277007.1	-0.402425033508597	11.4253846704627	0.0143386884673572	-1.02294764822236	-4.2311816095973	3.20823396137493	0	0.195064864985209	1.30484112835888	1.30484112835888	SCAT
ENSG00000197632.9	0.625511598760258	11.4184540964322	0.0143674271406206	-4.62719640348494	-0.595558493021413	-4.03163791046353	0.865013789216487	3.88062389700459	0.930320163668227	3.01561010778811	META
ENSG00000231035.1	-0.440496960105307	11.3996928999703	0.0144422677341197	0.0773184251413829	-3.88413636403085	3.96145478917223	0.333588238469397	0.400124795793426	2.04302891736298	1.70944067889358	SCAT
ENSG00000151917.18	0.637008856553955	11.3939984566082	0.0144611737444915	2.30199761573013	5.17257595082924	-2.87057833509911	2.70926613844637	1.82301541408643	0.253432691046608	2.45583344739976	EPI
ENSG00000277075.2	0.689263177020516	11.3739014301303	0.0145475324729105	-0.422904515596819	2.83897233192686	-3.26187684752368	5.14053837409394	5.88136658435894	3.15611292798923	2.72525365636971	META
ENSG00000149970.16	-0.345547206543321	11.3538692587059	0.0146544682915518	-1.61175271391508	-4.10503714628756	2.49328443237248	1.06406915652091	1.97524349372684	3.57889415686698	2.51482500034607	SCAT
ENSG00000260618.1	-0.206670477301207	11.3455298962098	0.0146783064065582	-2.70807237701217	-5.35943539834927	2.6513630213371	0.122681603188887	1.26513150391336	2.38434954895672	2.26166794576783	SCAT
ENSG00000140391.15	-0.549990551113318	11.3440093641794	0.0146783064065582	0.814878136930769	-1.42050876656633	2.2353869034971	6.12676298026742	5.79871304181854	8.12895179943963	2.33023875762109	SCAT
ENSG00000246145.1	-0.474571976297805	11.3346083335677	0.0147171492502643	-0.561551735702412	-3.8645829442283	3.30303120852588	0	0.102264818556384	1.11228205300862	1.11228205300862	SCAT
ENSG00000151726.14	-0.474379162172211	11.3336038382678	0.0147171492502643	0.140033836421346	-2.10391347495438	2.24394731137573	7.16046134405592	7.64625966014613	9.86197415400436	2.70151280994843	SCAT
ENSG00000142949.17	-0.562914103490191	11.3299795782918	0.0147271970955536	0.863433090526855	-1.75106682605932	2.61449991658618	6.44234828771317	6.02116998528332	8.75427048811866	2.73310050283534	SCAT
ENSG00000102763.18	-0.62171675896546	11.321265184241	0.0147677524398282	0.336858059616284	-1.70610522875733	2.04296328837361	4.24121012988796	4.18589779814014	6.31482654274926	2.12892874460913	SCAT
ENSG00000137274.13	-0.573831832307795	11.308076775789	0.0148321044527406	1.32605195731994	-2.85849805557769	4.18455001289763	2.25319439853288	1.75605060435788	4.85748170050963	3.10143109615175	SCAT
ENSG00000141753.7	-0.0284447084949115	11.3066872022248	0.0148321044527406	2.69875134945826	2.65248713798354	0.0462642114747246	8.94522897336281	6.82519684527085	6.83245386203822	2.12003212809196	EPI
ENSG00000092607.15	-0.699361587972757	11.2926692505934	0.0149048275576077	1.81924641095809	-0.861152297011552	2.68039870796964	5.9483305653698	4.3911339455123	7.36081264251212	2.96967869699982	SCAT
ENSG00000138336.9	-0.536748667930389	11.2901304032312	0.0149048275576077	2.25599054606551	-1.27187201807459	3.5278625641401	3.51463082096013	2.096393480547	4.86434441873588	2.76795093818888	SCAT
ENSG00000165807.8	-0.428284612759325	11.2888622265433	0.0149048275576077	2.19504059612261	-2.26461315777278	4.45965375389539	0.923860059803668	0.181847126757006	1.97145863003486	1.78961150327786	SCAT
ENSG00000169071.15	0.317885462775324	11.2783973634698	0.0149566923640836	3.38889285399816	4.35607435879663	-0.967181504798472	3.25768763814221	1.48712712534808	0.750508179066209	2.507179459076	EPI
ENSG00000172554.12	-0.604473550264809	11.2499749936781	0.0150825147438634	2.54132944388413	-1.76276949470596	4.30409893859009	1.34813439592305	0.454523912754393	2.31584720703035	1.86132329427596	SCAT
ENSG00000269933.1	-0.406328103623325	11.2496237238975	0.0150825147438634	-1.20844874377387	-4.57378884569195	3.36534010191808	0.0510406328955063	0.620678257756365	1.95029193472605	1.89925130183055	SCAT
ENSG00000271862.1	-0.682403989298761	11.2376010656742	0.0151207213512686	-1.1935712960072	-4.49432585956253	3.30075456355532	0.127485598533753	0.443095634088506	2.1030788838956	1.97559328536185	SCAT
ENSG00000175356.13	-0.699616615378834	11.2362853889663	0.0151207213512686	1.58481831188425	-1.94505283964907	3.52987115153331	2.17427757360447	1.43424714614973	3.81757061305237	2.38332346690264	SCAT
ENSG00000114541.15	0.567488443231777	11.2246827617403	0.0151753913683441	1.26771908543501	2.46532609394728	-1.19760700851228	5.4531878871328	4.89910854732788	3.55120833965837	1.90197954747444	EPI
ENSG00000152926.15	-0.609149470357259	11.2236251650638	0.0151753913683441	0.296472021237229	-2.52470864497435	2.82118066621158	3.87652151115389	3.58526397404292	6.61299205156523	3.02772807752231	SCAT
ENSG00000118849.10	-0.0510774156322495	11.2176363764145	0.0152007154820057	4.24722281976489	2.61098542414755	1.63623739561734	2.99190403905367	0.952551767876465	1.44006249457204	2.03935227117721	EPI
ENSG00000134533.6	-0.667085539858967	11.1945342813603	0.0152618452723033	3.24565884304841	-1.4009208282708	4.64657967131922	2.67648829651006	1.14191176551579	3.83014525088695	2.68823348537116	SCAT
ENSG00000138640.15	-0.418339251131398	11.1744268923832	0.0153404511183846	0.185238535259736	-1.93415060619905	2.11938914145879	5.61062064696512	5.891775623611	8.01861981187627	2.40799916491116	SCAT
ENSG00000052126.14	-0.400733270787333	11.1692312960515	0.0153600893658016	2.29541097946278	1.26751868421855	1.02789229524423	6.70464763295044	4.9664768614992	5.97071820459917	1.73817077145124	EPI
ENSG00000198130.16	-0.662553489596852	11.1675392167449	0.0153600893658016	1.27528149676014	-1.77654496143706	3.0518264581972	3.76048899173111	2.75914457218346	5.78258428795736	3.02343971577391	SCAT
ENSG00000257298.1	-0.386294005228735	11.153573953058	0.0154363091041638	-0.12190150250872	-3.68286446637811	3.56096296386939	0.532698997044534	0.745134415618387	2.41126615099696	1.87856715395243	SCAT
ENSG00000214548.18	-0.568114839091599	11.1494308776081	0.015438799617559	1.92536026725085	-2.28424744265905	4.2096077099099	2.84498269301383	1.7638075386164	5.09555781910591	3.33175028048952	SCAT
ENSG00000177301.15	-0.609507652179914	11.1183557107346	0.0156008828775793	0.584401167278866	-2.59623534881833	3.1806365160972	1.84435148801657	1.78834204994633	3.92846426529425	2.14012221534793	SCAT
ENSG00000182853.12	0.506101169181884	11.113813324942	0.0156180395001517	2.63713645817694	4.51641222908975	-1.87927577091281	2.12139490715694	0.991258231829789	0.18066813541553	1.94072677174141	EPI
ENSG00000107317.13	0.644686121826725	11.1018509259199	0.0156590073052993	0.732980652612168	3.68557174578263	-2.95259109317047	4.44391957635366	4.08268401284258	1.76132012375848	2.68259945259518	EPI
ENSG00000069702.11	-0.609055647193227	11.0933763629098	0.0157016406938389	0.574248622792983	-1.41682976278164	1.99107838557463	5.4499376306809	5.24310139607956	7.39526275402421	2.15216135794465	SCAT
ENSG00000178882.15	0.202896943229668	11.0898035424785	0.0157050299989024	3.252510399451	4.54181229240014	-1.28930189294914	2.06091481296411	0.556928830157168	0.168557917052244	1.89235689591187	EPI
ENSG00000164647.9	-0.642549383265739	11.0614807025098	0.0158605978818945	3.69754762455753	-0.127551737380311	3.82509936193784	3.53048812495988	1.45337183124751	4.02013282794278	2.56676099669527	SCAT
ENSG00000253516.1	-0.176003553842508	11.0555806884392	0.0158750288051732	-2.49563482515609	-4.0844450469532	1.58881022179711	0.025332832908878	0.855227544242122	1.40200765866336	1.37667482575448	SCAT
ENSG00000152760.10	0.69669724511258	11.0479495084795	0.01590085709569	0.368850217156954	4.39463746946524	-4.02578725230829	1.59367635144265	1.63940152095956	0	1.63940152095956	META
ENSG00000204136.10	0.620426013737974	11.0040595025084	0.0161176054873594	0.819302540748727	2.51185686585718	-1.69255432510846	5.3192813208715	4.95201213940748	3.39504463077251	1.92423669009899	EPI
ENSG00000130508.11	-0.574514750909555	11.000901388552	0.0161176054873594	1.07431912916353	-1.74797595088816	2.82229508005169	6.16631377347587	5.48709503891553	8.50457732830388	3.01748228938835	SCAT
ENSG00000171368.12	-0.595852356819223	10.9926297532049	0.0161360426325323	-0.447156376638679	-3.85613569135038	3.4089793147117	1.67798614107168	2.29731250746689	5.04819627131486	3.37021013024318	SCAT
ENSG00000144057.15	0.608249409828492	10.9848663093948	0.0161488097323149	1.40411737525678	4.72605921724798	-3.3219418419912	1.82972951307011	1.40789892523829	0	1.82972951307011	EPI
ENSG00000183166.11	0.4493654396436	10.9666318413661	0.0162094966105016	1.41435628363653	4.15835778307154	-2.74400149943501	2.01980764157191	1.54329445838182	0.167922008241702	1.85188563333021	EPI
ENSG00000186310.10	0.0646501644951371	10.9500301930744	0.0162660411865366	3.46669455069694	3.19431954755096	0.272375003145979	2.49713524657662	0.783596902851858	0.774915500142049	1.72221974643457	EPI
ENSG00000279862.1	0.142318428292522	10.9493196727726	0.0162660411865366	-4.11792478075218	-4.13912842494105	0.0212036441888716	0.478134528618273	2.54307188713594	2.14536076789769	2.06493735851767	META
ENSG00000189221.9	-0.660864930741563	10.9354679018509	0.0163353275619699	0.614655756611677	-2.80690184537779	3.42155760198946	5.66192050754735	4.81812691887228	8.89274844901746	4.07462153014518	SCAT
ENSG00000137831.15	-0.500619714287537	10.9269002435499	0.0163659254655241	2.05822677448473	0.872233423509358	1.18599335097538	7.65871316779113	6.1812794085857	7.38211891768417	1.47743375920543	EPI
ENSG00000156968.9	-0.423347024584163	10.9263935791439	0.0163659254655241	1.28034697360397	-2.36294323967571	3.64329021327968	1.43413129669718	1.05011107280317	2.80308736292514	1.75297629012197	SCAT
ENSG00000234389.1	0.64824034730155	10.9255792351298	0.0163659254655241	-2.75602319838085	1.75038915522055	-4.5064123536014	0.988751660650328	2.51398672192967	0.186691616793798	2.32729510513587	META
ENSG00000100714.17	-0.45447076988757	10.9023949779779	0.0164996383601024	-0.495816594612349	-2.24357606816941	1.74775947355706	4.42776552661652	5.0874915600813	7.08872426473402	2.6609587381175	SCAT
ENSG00000286771.1	0.483174702312994	10.8909124110539	0.016560945218222	-4.61633345734835	-3.28103559708131	-1.33529786026704	0.148479631123896	2.37071127768628	1.20165421202752	2.22223164656239	META
ENSG00000196666.5	-0.640113923879612	10.8872495886689	0.016560945218222	-1.75966570571222	-5.05021227033456	3.29054656462234	0	0.433197959442411	2.05992003959805	2.05992003959805	SCAT
ENSG00000109654.15	-0.570350496133083	10.8845662294446	0.016560945218222	2.85364782755925	0.374071287723061	2.47957653983619	4.88745981958349	2.53999874068894	4.9253596768157	2.38536093612676	SCAT
ENSG00000070018.9	-0.696689591893405	10.8758174238478	0.0165967838337315	1.78143124697459	-0.953768011083091	2.73519925805768	5.01713386500591	3.55227248814917	6.43635448774771	2.88408199959854	SCAT
ENSG00000139263.11	-0.604035633334236	10.8676335283497	0.0166388713521264	2.21348984373488	-1.89422201153328	4.10771185526816	2.78693830548218	1.71165590502435	4.6020788522114	2.89042294718705	SCAT
ENSG00000167468.17	-0.63181190402333	10.8640284185757	0.0166388713521264	1.14467196361481	-1.0849722922297	2.22964425584451	8.58235583829515	8.02746562382791	10.3068068515683	2.27934122774039	SCAT
ENSG00000138741.11	0.393268225726286	10.8636881385289	0.0166388713521264	2.1699895928896	4.97343013122892	-2.80344053833932	1.9786499230632	1.10261329701831	0.0256449716657732	1.95300495139742	EPI
ENSG00000250860.1	-0.332160969423892	10.8545631901177	0.0166704730120911	-0.64777625691746	-3.89201283716976	3.2442365802523	0.482941667769393	0.725445979707239	2.18775734161076	1.70481567384137	SCAT
ENSG00000106538.10	-0.698959832574677	10.8313371371443	0.0168078587869157	1.04351445396989	-1.55842471078179	2.60193916475168	6.09655689666747	5.47822127866403	8.27013462462208	2.79191334595805	SCAT
ENSG00000180818.5	-0.695605006931483	10.8266973274074	0.0168280676037996	2.85424917275597	-1.12239159061282	3.97664076336879	3.53952642138891	1.90595292226721	4.8789339373971	2.97298101512989	SCAT
ENSG00000263753.8	-0.562756620667176	10.8104623871137	0.0169052666643249	1.08817030804686	-1.62443966419327	2.71260997224013	3.570033622757	3.01312553408733	5.36445953426076	2.35133400017344	SCAT
ENSG00000274618.1	0.623563650755102	10.7691439586819	0.0171317168670399	0.0131037625002008	4.32945283868666	-4.31634907618646	4.71629091709956	4.81986540359274	1.76540504151666	3.05446036207608	META
ENSG00000134030.14	-0.492099597037602	10.7650809968427	0.0171317168670399	-0.0585842070155806	-1.83910635995979	1.78052215294421	5.1362956572496	5.66937991656748	7.45193696034239	2.3156413030928	SCAT
ENSG00000119508.18	0.693144387268045	10.7643636772253	0.0171317168670399	-1.29431849485369	1.17774439719152	-2.47206289204521	4.93233784023092	6.66707432762865	4.13398117173774	2.53309315589091	META
ENSG00000141905.19	-0.637953455571884	10.7625183048186	0.0171317168670399	1.17962402037712	-0.503410075379145	1.68303409575627	7.30467788272716	6.77078396326399	8.47399180216628	1.70320783890229	SCAT
ENSG00000072210.19	-0.674922796505397	10.7501751309643	0.0171552701028935	0.695130801175296	-1.74684610102252	2.44197690219781	4.78253598835429	4.24964425204715	6.99395920704567	2.74431495499852	SCAT
ENSG00000228223.3	-0.608038680198028	10.749860541029	0.0171552701028935	0.359584668543256	-1.83654903589177	2.19613370443502	3.56869079728962	3.68655949992983	5.68116410297993	2.1124733056903	SCAT
ENSG00000133131.15	-0.670554685119824	10.7492610379015	0.0171552701028935	1.2668680841374	-1.50660853335162	2.77347661748902	4.38121872586885	3.45505283701096	6.26854885527204	2.81349601826108	SCAT
ENSG00000286289.1	-0.521651131671653	10.7461519175151	0.017165211937243	0.476323120011329	-4.35544187220512	4.83176499221645	0.183771964732997	0.0647629190579584	1.59287318967152	1.52811027061356	SCAT
ENSG00000162595.7	0.065529024556104	10.7416294763973	0.0171853405461188	4.44920341998595	3.25949715350543	1.18970626648051	2.42886629636921	0.470932582197637	0.731401514037714	1.95793371417158	EPI
ENSG00000169764.15	-0.547939810615787	10.7323946423217	0.0172270904762375	0.190600215199521	-1.43020342594559	1.62080364114511	5.9689162455348	6.30263061211445	7.95489237217402	1.98597612663922	SCAT
ENSG00000166793.12	0.639689662859437	10.728332866542	0.0172415801844508	-3.34208885856106	-0.390306961392791	-2.95178189716826	1.88920033246576	4.92563423039429	2.2254328223128	3.03643389792853	META
ENSG00000162433.15	-0.625885804578335	10.726952379057	0.0172415801844508	2.05488209071911	-2.34484417987925	4.39972627059837	3.41039079936037	2.18817201861609	5.88382130051989	3.6956492819038	SCAT
ENSG00000034510.6	0.355567898459097	10.7201990277408	0.0172606183812075	1.24330826504347	1.83523879466606	-0.591930529622584	8.42275134143294	7.76534919252485	7.15954494084062	1.26320640059233	EPI
ENSG00000269028.3	0.240736099064239	10.7201952906262	0.0172606183812075	1.6091617761888	2.35770622072972	-0.748544444540923	5.99061456678208	5.01494757240655	4.3065886643455	1.68402590243658	EPI
ENSG00000144824.21	-0.64432669091373	10.7174655355549	0.0172606183812075	0.794690741435548	-2.05528371686239	2.84997445829794	5.32135416730415	4.49810735074385	7.87127972241555	3.3731723716717	SCAT
ENSG00000249087.7	-0.392421719284007	10.7153442931653	0.0172635954512606	0.26790142975807	-3.58765480068479	3.85555623044286	0.479058424464554	0.514819550839939	2.23974582209424	1.76068739762968	SCAT
ENSG00000204950.4	0.422470535698098	10.7092260608997	0.0172831774918704	2.03832522235465	4.74238370691833	-2.70405848456368	2.49439964472326	1.63655011058561	0.259710848736999	2.23468879598626	EPI
ENSG00000106278.12	-0.324374879984379	10.7058376101401	0.0172953855046578	4.9745463444242	3.07562527897801	1.89892106544618	2.94323554627821	0.448692935259331	1.22338096552466	2.49454261101888	EPI
ENSG00000115504.14	-0.627523970180517	10.7035742219747	0.0172994456610255	1.06534689532517	-1.00189021996619	2.06723711529136	6.02938724698352	5.39378995942487	7.57773460554346	2.18394464611858	SCAT
ENSG00000203506.5	-0.692081475701821	10.6851058373931	0.0174061138775751	0.430007265179418	-3.15679420757702	3.58680147275644	1.08638469925298	1.1515376172474	3.25687161298558	2.1704869137326	SCAT
ENSG00000104290.11	0.302879369272907	10.6763881726951	0.0174301478204993	3.29808358559986	4.47446298884109	-1.17637940324123	2.78929819987797	1.11078906338245	0.527153596283124	2.26214460359484	EPI
ENSG00000104067.16	-0.68444029096833	10.6712602248902	0.0174301478204993	1.77061523435171	-0.201500601073412	1.97211583542512	6.90853646654391	5.64657975849525	7.7133707827332	2.06679102423795	SCAT
ENSG00000215845.11	-0.515944172501776	10.6704546969606	0.0174301478204993	1.21028610688801	-2.23768053905538	3.44796664594339	2.39842115284817	1.99535998844222	4.68990732076347	2.69454733232125	SCAT
ENSG00000115457.10	0.319747045970993	10.6696120732828	0.0174301478204993	1.3508814866492	2.94467230388682	-1.59379081723762	5.37359249633552	4.56202579102228	3.22651398907214	2.14707850726338	EPI
ENSG00000157654.18	-0.5771086418747	10.6670114363203	0.0174301478204993	1.10282978216727	-0.831338460016066	1.93416824218334	7.83290001691158	7.37789254417789	9.29846866954886	1.92057612537097	SCAT
ENSG00000103876.12	-0.434099641594753	10.661752157593	0.017456361550043	-1.1643125502024	-2.5971073984276	1.4327948482252	3.46940126374385	4.67565322718607	6.24910573853941	2.77970447479556	SCAT
ENSG00000187783.12	-0.494842285359132	10.6549350411581	0.0174817164893849	-0.411235911691553	-4.20289866591433	3.79166275422278	0.490496270661054	0.977399345962358	2.66584453884562	2.17534826818457	SCAT
ENSG00000149591.17	0.158813808330409	10.6512909014956	0.0174837976410318	1.47848903307016	2.05477234751533	-0.576283314445169	6.67346344119611	5.70278231268453	5.15746266484965	1.51600077634646	EPI
ENSG00000143867.7	-0.570628133616747	10.6447082111362	0.0175199271942964	3.32235137892706	-0.885050765404843	4.20740214433191	2.64380192630653	1.00820075443248	3.55679851408782	2.54859775965534	SCAT
ENSG00000163884.4	-0.689564206592347	10.6422191697617	0.0175259197235395	0.603812161752234	-2.02096917048147	2.62478133223371	4.35535036106953	3.91000283052398	6.77941466349863	2.86941183297466	SCAT
ENSG00000153993.13	0.514645289098804	10.6361062881113	0.0175463289386775	2.51945011803554	4.00105387196168	-1.48160375392614	2.89923685599918	1.6327128523959	0.629258968961408	2.26997788703777	EPI
ENSG00000151914.20	-0.61380032457292	10.6172408876766	0.0176424534512864	1.49029669676338	-0.607349414042712	2.09764611080609	8.3487181250158	7.46333725450759	9.55192835057013	2.08859109606255	SCAT
ENSG00000135114.12	0.682146936340383	10.6152254824245	0.0176424534512864	-1.98116986010161	2.63670163582481	-4.61787149592643	2.00374055053099	3.67151691803099	0.702909497502097	2.96860742052889	META
ENSG00000260578.1	-0.434709388606845	10.611906425434	0.0176424534512864	0.936173432251575	-3.36649402863838	4.30266746088995	0.497302496775799	0.38418162388592	2.2055356367064	1.82135401282048	SCAT
ENSG00000164292.13	-0.626621247474232	10.611468341616	0.0176424534512864	1.37055056029683	-0.678691803820232	2.04924236411706	6.97716039775073	6.13932979782915	8.27449528896354	2.13516549113439	SCAT
ENSG00000257438.1	-0.640925747010116	10.6082168914991	0.0176542854878971	-2.19944287014344	-4.76339975446516	2.56395688432172	0	0.530143616989272	1.66073046185856	1.66073046185856	SCAT
ENSG00000228108.1	-0.463231732130739	10.6045392034908	0.0176587587394281	-0.569537703944504	-3.90667930336445	3.33714159941995	0	0.0764973562402391	1.11682089750933	1.11682089750933	SCAT
ENSG00000121898.13	-0.639078853690132	10.6042306774757	0.0176587587394281	3.78993487060244	-0.0817375918968111	3.87167246249925	2.3869107559944	0.704961724332848	2.86144532812669	2.15648360379385	SCAT
ENSG00000148346.12	0.653090502532558	10.5981139560577	0.0176801461793048	-1.22078055078982	4.55257629160898	-5.7733568423988	4.47847589192511	5.92524840310689	1.58886430299932	4.33638410010757	META
ENSG00000166347.19	-0.61012057442159	10.5928737822235	0.0176959818027764	0.819714244079118	-1.32795132094477	2.14766556502388	5.97093716548261	5.61324097027006	7.85912705146444	2.24588608119439	SCAT
ENSG00000170145.5	-0.447100104502031	10.5818224393422	0.0177649467535905	0.330362655295855	-1.72139282713957	2.05175548243542	6.31272807431504	6.52532489328856	8.60936942687094	2.29664135255591	SCAT
ENSG00000162878.13	-0.501846714558538	10.57233319662	0.0178004544893585	-0.609521695022433	-3.2208173059014	2.61129561087897	2.45877614865931	3.06935934193498	5.63685524947913	3.17807910081982	SCAT
ENSG00000259916.1	-0.488977738787048	10.5721511646427	0.0178004544893585	1.20002852969206	-3.90075889734721	5.10078742703927	0.855280892118702	0.723110694366396	3.61436570027333	2.89125500590694	SCAT
ENSG00000118596.12	-0.589629735996718	10.568503682603	0.0178147254814785	0.101010014477788	-3.66270110117872	3.76371111565651	3.45576155470502	3.20965508418964	7.30908256918747	4.09942748499783	SCAT
ENSG00000142798.20	-0.601779213045349	10.5612635022293	0.01784532693528	1.70925797465091	-1.08998374983483	2.79924172448573	8.73314722150801	7.64628774069721	10.3595631607166	2.71327542001936	SCAT
ENSG00000184009.12	0.646555299870564	10.5454813398527	0.0179027238764738	0.793886654872383	1.52590179342532	-0.732015138552937	10.0293308590724	9.70963863852835	9.10773124444147	0.921599614630953	EPI
ENSG00000169385.3	0.609094157458842	10.5413115362758	0.0179189212479095	-0.357217366364974	5.19440605869639	-5.55162342506136	3.44350387231796	4.06409212204424	0.950784193856272	3.11330792818797	META
ENSG00000102575.13	0.481030337916933	10.5400780165583	0.0179189212479095	1.43134314553348	3.6358386946704	-2.20449554913692	4.4345569734714	3.44445637910111	1.87914318044738	2.55541379302403	EPI
ENSG00000114480.13	-0.360006656011991	10.5134332827812	0.0180687515175748	-0.345574420969808	-2.05505896586139	1.70948454489158	4.85033036125225	5.54897337282946	7.22869639929358	2.37836603804132	SCAT
ENSG00000139220.16	0.219784721918676	10.5122859618688	0.0180687515175748	2.66724580367281	3.30241018418516	-0.635164380512354	4.12803129558638	2.35368892476628	1.74315872930139	2.38487256628499	EPI
ENSG00000075239.14	-0.531378229365661	10.5036371561668	0.0181117701274481	0.114512990842389	-1.64102291203985	1.75553590288223	4.35432203317584	4.56556489046177	6.36268983386422	2.00836780068838	SCAT
ENSG00000168917.9	-0.616683688225611	10.5023532644069	0.0181117701274481	-0.309887540790436	-3.07135186338838	2.76146432259794	1.38095874504355	1.61837688159725	3.65263623927893	2.27167749423538	SCAT
ENSG00000095637.22	-0.624941248188812	10.50181383896	0.0181117701274481	1.01436501016327	-2.98151321061491	3.99587822077818	6.99700782919478	6.33358381130188	10.6845145787373	4.35093076743539	SCAT
ENSG00000269113.4	0.482792658278213	10.48692886366	0.0182140476344371	1.88052364991965	3.64857272218421	-1.76804907226456	3.87915736315879	2.78439375962667	1.42550875886871	2.45364860429008	EPI
ENSG00000126785.13	0.432454127401463	10.4716889431744	0.0182821258393663	1.55137748332145	3.16565270124469	-1.61427521792324	4.00243708972994	3.15394454521824	1.79423107112862	2.20820601860132	EPI
ENSG00000106034.18	-0.621078088855097	10.4345763545276	0.0184844451782673	0.208092034225765	-2.41170037005612	2.61979240428188	4.46598910168872	4.35548573552428	7.35004739588874	2.99456166036446	SCAT
ENSG00000049540.17	-0.630331235937582	10.4312323978408	0.0184981799637894	2.65064196158792	-0.936908494238905	3.58755045582682	3.86203928221319	2.05778474325108	5.02360364162496	2.96581889837389	SCAT
ENSG00000183682.8	0.405705991704347	10.4193433261755	0.0185794678652106	2.26593376014573	3.46601457557056	-1.20008081542483	3.79906681050968	2.3313595138629	1.43155870030049	2.36750811020919	EPI
ENSG00000212747.5	-0.532494713271618	10.3869492352989	0.0187948961145085	3.282790616486	0.265241134900585	3.01754948158542	3.16053204430702	1.41952723317249	3.16427797768518	1.74475074451269	SCAT
ENSG00000076344.16	-0.341558089888276	10.3859465796858	0.0187948961145085	1.96840291234065	-2.43386176128811	4.40226467362876	1.44445417238746	0.767101048158963	3.04788120192952	2.28078015377056	SCAT
ENSG00000166025.18	-0.586391843853251	10.38090049772	0.0188226644920905	1.40445516266156	-0.219957266870876	1.62441242953243	6.65176351065253	5.79858417703266	7.42535254882945	1.62676837179679	SCAT
ENSG00000147059.8	-0.383267033401764	10.3442334856674	0.0190683318802102	2.65207249547649	-1.42645110422361	4.0785235997001	0.850410837714093	0.123147495890557	1.37326340829587	1.25011591240531	SCAT
ENSG00000234614.1	-0.337636944734222	10.3387079458469	0.0190876574744487	-1.69036625360204	-4.71799064996113	3.02762439635909	0	0.449596949211463	1.58706925239528	1.58706925239528	SCAT
ENSG00000113441.16	-0.441698147582839	10.3348726882581	0.0191061181434063	0.234913026391709	-1.85862467691754	2.09353770330925	5.5150366239634	5.73751684927189	7.88906644114697	2.37402981718357	SCAT
ENSG00000233143.2	-0.342507780900533	10.3305049209906	0.0191163410559522	-1.02594335136418	-4.14847797159446	3.12253462023028	0.291442297943626	0.552609113671667	1.9670593311728	1.67561703322917	SCAT
ENSG00000100181.22	-0.567343706911067	10.314475270069	0.0191791981526095	-0.10044302868036	-3.06724310304099	2.96680007436063	1.46520843140669	1.8531060516151	3.74476330520288	2.27955487379619	SCAT
ENSG00000168477.19	-0.345457549228463	10.3138593179557	0.0191791981526095	-1.21849701437099	-3.29750209323	2.07900507885902	5.09934658957852	6.88168484943465	8.69527050708911	3.59592391751059	SCAT
ENSG00000255398.3	0.28677851091499	10.3118105178545	0.0191793051986615	-3.69666637297476	-2.63256353293694	-1.06410284003782	0.482991039420182	2.32231509674892	1.45241025219979	1.83932405732873	META
ENSG00000157224.16	-0.63642623935808	10.307118377909	0.0192050447248757	1.61556741295602	-1.84277432847686	3.45834174143288	1.73537854562737	1.21019767473759	3.11524630221848	1.90504862748089	SCAT
ENSG00000285399.2	0.417943076998708	10.3041220944535	0.0192168529432523	-3.65999384099682	-3.25472070019235	-0.405273140804472	0.284835756962353	1.97289428821921	1.40379885955923	1.68805853125686	META
ENSG00000166426.8	-0.0536554938413726	10.3013798998123	0.0192265852199847	4.38243001781835	3.44181136192545	0.940618655892904	1.77442231578566	0.121484839112728	0.263034965040016	1.65293747667293	EPI
ENSG00000168542.14	-0.36045526065522	10.2801090404975	0.019365878227765	3.84525974899074	1.85584494727438	1.98941480171636	10.062691805844	6.92398791700511	8.88754953261499	3.13870388883885	EPI
ENSG00000164946.19	-0.565213199785917	10.2587996783456	0.0195160936192186	1.45636081654441	-2.6687224151391	4.12508323168351	3.25092993901293	2.36241160659962	5.91797420995977	3.55556260336016	SCAT
ENSG00000184905.9	0.0111710467464216	10.2503174360548	0.0195482777519832	4.17853774314313	3.52807314800691	0.650464595136215	1.74689911063101	0.222335529344553	0.265964719409082	1.52456358128645	EPI
ENSG00000231389.7	0.592668916209783	10.2468549854476	0.0195643878101134	0.202275628814862	1.95290794571786	-1.750632316903	5.9460286692169	6.25512418664628	4.35025069630436	1.90487349034192	META
ENSG00000084674.14	0.242252630587949	10.2434102461929	0.0195803761820502	0.515588403782409	3.81199595236408	-3.29640754858167	4.75798934063966	4.22277141659646	2.12614159805792	2.63184774258174	EPI
ENSG00000118432.12	-0.528901133916688	10.2383328199599	0.0196101702185618	-1.18010154957125	-4.06178732985688	2.88168578028563	0.171684129579372	0.66475951646373	1.90976225365206	1.73807812407269	SCAT
ENSG00000163069.12	-0.628368882048177	10.2335996403015	0.0196371191200146	1.86076940447347	-0.283100254796195	2.14386965926967	6.44190464630641	4.94147495229004	7.2867680059616	2.34529305367156	SCAT
ENSG00000185112.6	0.30579437526009	10.2152203760001	0.0197680468129152	1.36817926777738	3.05425188519443	-1.68607261741705	4.9212345693293	3.90738775213471	2.56217486800995	2.35905970131936	EPI
ENSG00000120907.18	-0.428124070369054	10.2108350020162	0.0197912414066883	-1.03853158188833	-4.83047488803052	3.79194330614219	0.349108930186407	0.997353221420583	3.05071468216717	2.70160575198076	SCAT
ENSG00000227456.9	-0.687902781811868	10.206204387179	0.0198045350269608	3.17302240088274	-1.08677591789434	4.25979831877708	2.11866064157488	0.761973389341528	3.19008045217904	2.42810706283751	SCAT
ENSG00000160862.13	-0.673977121950069	10.1993984709029	0.0198469575468944	2.72010951546322	-3.06046753027465	5.78057704573786	2.27647656399546	1.25066252644175	5.288201606803	4.03753908036125	SCAT
ENSG00000230490.3	-0.404058627490826	10.1981757329091	0.0198469575468944	-0.107995874706055	-4.35557402163123	4.24757814692517	0.160491999057645	0.437147716399873	2.1593178770707	1.99882587801305	SCAT
ENSG00000234943.2	-0.403283143189785	10.1907118570184	0.0198898081267233	-1.02067769319623	-3.95421284895103	2.9335351557548	0	0.234880970909183	1.14131502244149	1.14131502244149	SCAT
ENSG00000260192.3	-0.463462084059792	10.1702133184394	0.0200439339318148	-0.271847498620254	-3.86112089478484	3.58927339616459	0.179201260389691	0.457664610024786	1.87357457199664	1.69437331160695	SCAT
ENSG00000139641.12	-0.509068781022972	10.1646443872415	0.0200700933073074	0.248547165872393	-1.92713936087433	2.17568652674672	5.49127680518278	5.72212047328183	7.95062565600547	2.4593488508227	SCAT
ENSG00000230185.5	-0.298872708922632	10.1609452334394	0.0200889735283714	-1.38590963037355	-4.11478905225813	2.72887942188457	0.0784830721432681	0.460791855821152	1.47146747354064	1.39298440139737	SCAT
ENSG00000170961.7	0.142742856977965	10.15525978097	0.0201251679429731	4.43513484526514	3.27291098935886	1.16222385590628	3.40615728858994	1.23833695115705	1.18961084326706	2.21654644532287	EPI
ENSG00000125538.12	0.611661927843204	10.151117436979	0.0201347503314581	-1.97447833572145	2.54397901594057	-4.51845735166202	3.77074750171214	6.33445593949684	2.15510376103937	4.17935217845747	META
ENSG00000166106.3	-0.605849297934418	10.1489766936916	0.0201401656606349	2.24791638759268	-2.16265506424067	4.41057145183336	2.88467043530607	1.81603217271064	5.28531569774093	3.46928352503028	SCAT
ENSG00000157680.15	-0.623086918577824	10.1463425652571	0.0201491611357421	1.16118774816433	-2.10986994388676	3.27105769205109	2.52266747508756	2.09512700101421	4.53344554253476	2.43831854152054	SCAT
ENSG00000115844.11	0.606058729059396	10.1432515684793	0.0201491611357421	-1.25414771784445	3.14692153464128	-4.40106925248573	1.00896102059332	1.75238152832856	0.0190230502751276	1.73335847805343	META
ENSG00000211941.3	0.403674612498268	10.1420101537437	0.0201491611357421	1.42027103791976	4.9736098151277	-3.55333877720793	1.85426648838853	1.40366015025018	0	1.85426648838853	EPI
ENSG00000180354.16	-0.50406277080037	10.1418796919592	0.0201491611357421	0.189463682274848	-1.91419304825449	2.10365673052934	6.49369827152053	6.82378451757642	8.97492262358271	2.48122435206218	SCAT
ENSG00000270490.1	-0.470385105664176	10.132961584085	0.0202006326992077	-0.66250927600294	-3.81621759047741	3.15370831447447	0	0.111792119842783	1.07350798489295	1.07350798489295	SCAT
ENSG00000198795.11	-0.646386512399717	10.1188645053469	0.0202713123029662	2.08918600878725	-1.24660680189721	3.33579281068446	4.43975665360063	2.74445461233558	6.00429950468357	3.25984489234799	SCAT
ENSG00000108960.9	-0.566352458986344	10.1136389302969	0.0202907906987584	0.468548998929531	-1.94315489880028	2.41170389772981	5.10589221121865	4.86534411392113	7.49865632985796	2.63331221593683	SCAT
ENSG00000110660.15	0.680402930852596	10.092254714611	0.0204104480761992	0.227595547166525	3.92221070530103	-3.6946151581345	1.58066209493513	1.70811708006872	0.0720380424038819	1.63607903766484	META
ENSG00000048740.18	-0.133054901687712	10.0821841185522	0.0204629071245582	-0.706475010417257	-1.61810889657606	0.9116338861588	5.20858059706439	6.46478953005759	7.33855895673953	2.12997835967514	SCAT
ENSG00000288156.1	0.611882946419532	10.0772307569072	0.0204936894329132	-2.8806913559254	-0.623796007697561	-2.25689534822784	1.94518003841138	4.72845002279326	2.53008777868423	2.78326998438189	META
ENSG00000104783.14	0.650178256363098	10.0673289993826	0.0205305046870148	-1.60189945751427	3.69707081361957	-5.29897027113384	2.14892830342061	4.0790034902428	0.897723023523772	3.18128046671903	META
ENSG00000078070.13	-0.538822531415838	10.0505172382921	0.020612843471723	-0.206805393648837	-1.89661061837721	1.68980522472837	4.39908348142195	4.94519741292124	6.71674394530793	2.31766046388598	SCAT
ENSG00000206384.10	-0.540571900946232	10.0384906214253	0.0207076721087641	-1.9248957932185	-4.74566325677513	2.82076746355663	0.202456357778188	1.09111600451056	2.71063892012179	2.5081825623436	SCAT
ENSG00000163728.11	-0.218446871782294	10.0327921560896	0.020719092470325	-1.03656514486991	-2.16437515697623	1.12781001210632	3.07952227122748	4.47072383805329	5.3386018988967	2.25907962766922	SCAT
ENSG00000254843.1	-0.408677606620252	10.0246000534126	0.0207784891906466	-1.37908615706839	-3.91619516170183	2.53710900463344	0.025332832908878	0.354817400866604	1.33248114532392	1.30714831241505	SCAT
ENSG00000135926.15	-0.254463475737561	10.0171504649195	0.0208072823534356	-0.559635127620051	-1.61197766098353	1.05234253336348	5.22665785295362	6.3669664906521	7.33073422748827	2.10407637453465	SCAT
ENSG00000260585.1	-0.496349727502786	10.0137854377931	0.0208244772916413	-0.236213833676263	-3.56822917201886	3.3320153383426	0	0.0229042922366126	0.980057863652192	0.980057863652192	SCAT
ENSG00000168702.17	-0.462766377410705	10.0005445952505	0.02093166898281	2.02253425182655	-3.5608060347332	5.58334028655975	1.33802596612653	0.747728638279509	3.71484810609602	2.96711946781651	SCAT
ENSG00000164830.18	-0.571925833448443	9.99275598661144	0.0209626709827497	0.661352801033947	-1.03616874104576	1.69752154207971	5.25487860333269	5.09624881624081	6.77647149872155	1.68022268248074	SCAT
ENSG00000137871.20	-0.64934845104421	9.98784791778989	0.0209942177171369	2.45499338603618	-1.2768469873881	3.73184037342427	2.86624597228339	1.63348092296674	4.31813904367057	2.68465812070383	SCAT
ENSG00000148053.16	-0.568494725267591	9.98273991289757	0.0210142584382992	1.18062076717167	-1.08125109521606	2.26187186238773	6.69030472499483	5.98721525189717	8.37638473155538	2.38916947965821	SCAT
ENSG00000165495.16	-0.309521725546843	9.96901201358923	0.0211003014948356	3.2120529198174	-0.230563671328307	3.44261659114571	2.8221708634974	1.00867456883556	2.86845985970693	1.85978529087137	SCAT
ENSG00000233693.1	-0.389300877395568	9.96586885866782	0.0211024454619344	-1.02430992853351	-3.90092430341574	2.87661437488223	0.0784830721432681	0.329963883450323	1.28775322777889	1.20927015563562	SCAT
ENSG00000165424.7	-0.509246558218197	9.94903501136047	0.0212313844496474	1.76708680739419	0.570856624266423	1.19623018312777	6.92060484596756	5.67238937226176	6.91206476786336	1.2482154737058	EPI
ENSG00000283122.1	-0.254899906464859	9.93080705273277	0.0213607974972462	-1.74059941947152	-4.25250350670634	2.51190408723482	0.28814339345973	0.951844750946492	1.80913142228264	1.52098802882291	SCAT
ENSG00000086848.15	-0.329860146248353	9.91352082217376	0.0214560006729577	-1.61526222285818	-3.59533126561576	1.98006904275758	1.11266441857634	2.35888339609267	3.48854282868207	2.37587841010573	SCAT
ENSG00000138944.8	0.0456752958164356	9.91244570449367	0.0214560006729577	4.23824803421476	4.72299618640209	-0.484748152187332	5.12623377795527	2.13335631568579	1.6237181402687	3.50251563768657	EPI
ENSG00000154928.18	0.409673399638753	9.9119997314445	0.0214560006729577	1.77596147229153	3.69085692893729	-1.91489545664576	2.47615863639491	1.68017704900558	0.524899216358017	1.95125942003689	EPI
ENSG00000006831.10	-0.248136784185555	9.90845283613683	0.0214758406328198	-0.866176035823054	-1.69488706395265	0.828711028129598	4.82442529586471	6.1591888156693	6.9670890438013	2.14266374793659	SCAT
ENSG00000254042.2	-0.459318143075304	9.9047344105775	0.0214837857568051	2.17571384627648	-2.43473294693933	4.6104467932158	0.980223625224576	0.102264818556384	1.80507363434642	1.70280881579004	SCAT
ENSG00000255203.1	-0.425019336394254	9.8981713611202	0.0215321680945834	-0.893824713382569	-3.81864906029108	2.92482434690852	0	0.19585439165419	1.10196279630338	1.10196279630338	SCAT
ENSG00000254726.3	0.603411815224498	9.88324177465958	0.0216192989052354	1.4511120747053	4.13707186089288	-2.68595978618758	2.30389586560742	1.8772149135196	0.322271991955559	1.98162387365186	EPI
ENSG00000201302.1	0.414277089958455	9.88086336429828	0.0216283093997304	-4.43936969541862	-2.37711823331436	-2.06225146210426	0.0541714141551114	1.90872275913034	0.544760015512208	1.85455134497523	META
ENSG00000169946.14	-0.621675501363834	9.87726144032848	0.0216392756496867	0.79293782459268	-2.06992692871139	2.86286475330407	3.06206814503134	2.68945958119276	5.23041240594152	2.54095282474876	SCAT
ENSG00000141404.16	-0.685755557513406	9.87507617594721	0.0216426093336703	2.49875530442926	-1.45513438028413	3.95388968471339	3.36942989219719	1.95295263840049	5.08224124838085	3.12928860998036	SCAT
ENSG00000134769.21	-0.664864063972808	9.85093696489444	0.0218598466172754	1.90136560599381	-2.03162176499228	3.93298737098609	1.97481727300805	1.17028065248742	3.70593693936721	2.53565628687979	SCAT
ENSG00000013297.11	0.0997101728071324	9.84920964210128	0.0218621389629524	3.30016590571814	4.26280770872808	-0.962641803009947	2.3466621099281	0.851083651723382	0.370355000537014	1.97630710939108	EPI
ENSG00000169715.15	-0.542247805715148	9.83909648368907	0.0218918177512697	3.37470661072304	0.0611651231504737	3.31354148757256	4.16985150664222	2.06068429773812	4.51188047347562	2.45119617573751	SCAT
ENSG00000100320.23	-0.581489587664694	9.80812725008797	0.0220885798951938	1.57567839834667	-0.203595313264456	1.77927371161112	5.93186462246136	4.76760301051177	6.68564455898293	1.91804154847116	SCAT
ENSG00000115009.13	0.668157963864191	9.80228573352708	0.0220982548249587	-2.97208235025531	1.5161373031878	-4.48821965344311	0.451745456275577	2.01853434530788	0	2.01853434530788	META
ENSG00000189171.14	-0.61644547576514	9.79803426926848	0.0221009432804616	2.10982620561834	0.653355880988666	1.45647032462967	6.15266179216694	4.42139514364082	6.04980777994214	1.73126664852612	EPI
ENSG00000137713.16	-0.408219225860104	9.79748396570409	0.0221009432804616	-0.372450160701886	-1.97134838443219	1.5988982237303	4.07265826102395	4.70377788520807	6.33307482522228	2.26041656419834	SCAT
ENSG00000228828.1	-0.333618332841003	9.79640090800216	0.0221009432804616	-0.289955720761122	-3.67872919337344	3.38877347261232	0.174436875034685	0.371003297506414	1.68959154925674	1.51515467422206	SCAT
ENSG00000181541.6	0.407971585157569	9.78977884326008	0.0221519540442233	2.17176723445245	4.79923445982792	-2.62746722537548	2.96613096998608	1.74072908012602	0.363653841694827	2.60247712829126	EPI
ENSG00000183098.11	-0.600634627821503	9.78488998088244	0.0221724386599302	3.64010980361836	-0.513059858231369	4.15316966184972	4.1247539268786	1.89624753998201	4.94390063991159	3.04765309992959	SCAT
ENSG00000145730.20	-0.57329069953157	9.76862041420121	0.0223186381230132	1.46059459463785	-0.657256814487171	2.11785140912502	5.97846611564711	4.96809652417554	7.19045683680579	2.22236031263026	SCAT
ENSG00000261578.1	-0.357738122766995	9.76089200181185	0.0223812370940371	0.169913274574207	-3.17797878946271	3.34789206403692	1.30470017099776	1.48947281177697	3.32194509667122	2.01724492567346	SCAT
ENSG00000248810.2	-0.460039447296205	9.7566116042967	0.0224098432454233	0.582396035749219	-3.18915948420691	3.77155551995612	0.855927926052499	0.835732872198979	2.56939274466151	1.73365987246253	SCAT
ENSG00000157557.13	0.645056343953904	9.74514191132636	0.0224732670055725	-0.125912568504687	2.16839822686345	-2.29431079536814	6.08120022415804	6.89895078755094	4.42839007343259	2.47056071411836	META
ENSG00000165478.7	-0.681621310271187	9.74072455312695	0.0224784674729629	2.37051399745397	-2.96105839181389	5.33157238926786	2.03665185176112	1.25888860539989	5.10725820301585	3.84836959761596	SCAT
ENSG00000215483.11	-0.418533940608331	9.73998475610923	0.0224784674729629	0.309058585979833	-3.28628583628452	3.59534442226435	1.78874048301752	1.83000266066956	4.39497077409835	2.60623029108082	SCAT
ENSG00000174808.12	-0.431953105132596	9.73139393931325	0.0225503310506814	-0.442424613228272	-3.58363964310197	3.14121502987369	0.0510406328955063	0.234880970909183	1.2806829948459	1.22964236195039	SCAT
ENSG00000133110.15	-0.661336359341948	9.71524898725857	0.0226705966176129	4.74143529952189	-0.831748613200845	5.57318391272274	3.94020849945247	1.36056093313461	5.18335415974837	3.82279322661376	SCAT
ENSG00000239839.7	0.538256946329497	9.69876586150012	0.0227951523280535	-1.27725839670597	6.60391675308606	-7.88117514979203	3.72540423993419	4.80482794844281	0.0707568310047942	4.73407111743801	META
ENSG00000154265.16	-0.561894093174681	9.68695427259867	0.0228870622994063	0.100058488908793	-3.11525579641868	3.21531428532747	2.90339854303049	2.82274193336554	5.96326471224447	3.14052277887893	SCAT
ENSG00000079739.17	-0.57158179239767	9.68363188412476	0.0228995343129531	0.5801113268288	-1.60593932276667	2.18605064959547	4.98989306474346	4.78111607233725	7.06600856581737	2.28489249348012	SCAT
ENSG00000006283.18	0.568885141663059	9.65464423493909	0.0231616761421205	0.209033887558432	4.48683344991889	-4.27779956236046	1.60460639229872	1.60624113759606	0	1.60624113759606	META
ENSG00000260816.2	-0.351861461430774	9.64143595014744	0.0232417041843441	-0.671977861499865	-3.97298856188362	3.30101070038376	0.244981693669948	0.349866919702354	1.28307114012643	1.03808944645648	SCAT
ENSG00000260196.1	0.484428046582979	9.62728621171207	0.0233081842325884	-4.05220713477197	-1.38325999362248	-2.66894714114949	0	1.48326244017637	0.198708333563582	1.48326244017637	META
ENSG00000162745.10	0.284757997832383	9.62679607672248	0.0233081842325884	2.06337204887532	3.76434982933544	-1.70097778046011	6.45200607910071	4.96440997380893	3.36881950548033	3.08318657362037	EPI
ENSG00000135437.9	-0.551321120956097	9.62618074496441	0.0233081842325884	0.150234267722041	-3.37519494126502	3.52542920898706	1.50637589427406	1.75064923391541	4.35075374984932	2.84437785557527	SCAT
ENSG00000095066.11	-0.498447551011494	9.62552645919057	0.0233081842325884	0.306411008288719	-1.99327205511044	2.29968306339916	4.96629422834632	5.16688071880137	7.40840241795849	2.44210818961217	SCAT
ENSG00000248257.7	-0.472091449958293	9.6254747818769	0.0233081842325884	-0.355511545150148	-3.49384406079379	3.13833251564364	0.13551553379694	0.312261620693345	1.38095345993027	1.24543792613333	SCAT
ENSG00000168209.5	0.164424980176536	9.61862412962613	0.0233246480191218	1.47039692805428	1.57465505999901	-0.104258131944723	6.43610592258013	5.65266297230315	5.41398724641037	1.02211867616977	EPI
ENSG00000173227.14	0.352924723552563	9.61707256711209	0.0233246480191218	2.05797814609612	3.66553547825164	-1.60755733215552	3.55736970078229	2.28408545883971	1.20986580734814	2.34750389343414	EPI
ENSG00000184227.8	-0.509190218083996	9.61661026635081	0.0233246480191218	1.45706617767102	-2.61377515248599	4.07084133015701	0.916418973945686	0.612190751448437	2.35971375915761	1.74752300770918	SCAT
ENSG00000161558.11	-0.381121024391698	9.61589602681982	0.0233246480191218	-1.11821802688178	-2.96576393507997	1.84754590819819	1.35268435166946	2.29588109908263	3.4098190880877	2.05713473641825	SCAT
ENSG00000143198.13	-0.475430494557952	9.61580949337281	0.0233246480191218	-0.215392367043125	-1.6061005770335	1.39070820999037	4.25294645108966	4.82804685829366	6.22081497747742	1.96786852638776	SCAT
ENSG00000197928.10	-0.60733366019096	9.6120514953091	0.0233497170649541	2.39108669506371	-0.908433615204756	3.29952031026846	2.62733535704912	1.51648125628992	3.50623021818836	1.98974896189844	SCAT
ENSG00000139211.6	-0.54211860935738	9.60534576187137	0.0233774788234554	0.104675511120062	-3.0945014195954	3.19917693071546	1.23633510194329	1.49339201090908	3.50709523675088	2.27076013480759	SCAT
ENSG00000155254.13	0.493264687510524	9.59949921582005	0.0234244886684465	1.1231874508256	2.55260968839241	-1.42942223756682	4.75631830885548	4.19640929460798	2.9116972949145	1.84462101394098	EPI
ENSG00000229206.3	-0.387226534101335	9.58551114147316	0.0235571260547604	-0.780680739419329	-3.81931958775207	3.03863884833274	0.128256728571033	0.498512611320018	1.68513558322223	1.5568788546512	SCAT
ENSG00000103528.17	-0.451825567782043	9.58203431323972	0.0235796025719433	1.13975037605067	-2.31946337948783	3.4592137555385	1.07005593624851	0.881729168831586	2.28957814172685	1.40784897289526	SCAT
ENSG00000271327.1	-0.383348997928113	9.57751368400931	0.0235989897994754	-0.794696710583192	-3.95729592899204	3.16259921840885	0.122681603188887	0.242367474917185	1.42283969142111	1.30015808823223	SCAT
ENSG00000206052.11	0.374949382536546	9.57287314002982	0.0236105971028572	2.44470509468498	4.74975710791122	-2.30505201322624	2.49183389342467	1.42836621536358	0.282980379499525	2.20885351392515	EPI
ENSG00000164142.16	0.452635203627963	9.5727220464586	0.0236105971028572	1.66548355246675	3.83905501965282	-2.17357146718607	2.54631218815634	1.8122575401063	0.468378173710998	2.07793401444534	EPI
ENSG00000249173.6	-0.324711284551111	9.56823260621646	0.0236122756296638	-0.309240745893985	-3.43947721072574	3.13023646483175	0.410214035633495	0.501397985034643	1.85830760194899	1.44809356631549	SCAT
ENSG00000163430.12	-0.584537129786832	9.55788369707681	0.023679449542839	1.7692725868755	-0.000338323769685456	1.76961091064518	8.18965948101624	7.01188033032603	8.84537447819316	1.83349414786713	SCAT
ENSG00000138080.14	0.112642938458936	9.54918597006825	0.0237404868544625	1.71235404592949	1.92361332313825	-0.211259277208762	6.73416919019186	5.67353199447194	5.43401032389289	1.30015886629897	EPI
ENSG00000171105.14	-0.311513747875897	9.54814336339306	0.0237404868544625	-0.233186258290297	-1.62523990511964	1.39205364682934	5.3863265187602	6.21570078632936	7.50256044968333	2.11623393092312	SCAT
ENSG00000181656.7	0.529233339648793	9.54224912251598	0.0237608482376455	2.39239708568585	5.27681150406816	-2.88441441838231	3.90754731639926	2.50677121897993	0.754299528336919	3.15324778806234	EPI
ENSG00000261302.6	-0.326053657637497	9.54012052573376	0.0237694051095606	0.854259532338107	-3.13579347188352	3.99005300422163	0.485030182038473	0.136232016100809	1.57746978992863	1.44123777382782	SCAT
ENSG00000069431.11	-0.680917096101996	9.53235305538612	0.0238381252608752	0.940350726854123	-2.00841836453021	2.94876909138433	4.46697473353604	3.6963257041697	6.78075403968548	3.08442833551578	SCAT
ENSG00000077616.11	-0.666418327434697	9.52617040769104	0.0238901109102367	2.09631257581423	-1.35269200013019	3.44900457594442	2.37177728579806	1.42897436626847	3.50349357789101	2.07451921162254	SCAT
ENSG00000153291.16	-0.578206251648045	9.52268714824365	0.0238991302555459	0.899438115498837	-3.16166422838399	4.06110234388283	1.94913784094287	1.50069972861874	4.3097783342526	2.80907860563386	SCAT
ENSG00000273151.1	0.437335437098666	9.51793863237509	0.0239169368137703	-3.50285800499089	-2.97722145138785	-0.525636553603044	0.779606771856142	2.81201647677386	1.98673132387808	2.03240970491772	META
ENSG00000102287.19	-0.584490423390058	9.51707121624659	0.0239169368137703	1.51406296824224	-3.33702408480552	4.85108705304776	3.85027043368745	2.42287249627685	7.10436679844956	4.68149430217271	SCAT
ENSG00000120820.12	0.0683772047761011	9.51292199997808	0.0239464186189699	3.79928014351199	2.26718490215281	1.53209524135918	3.43921675581462	1.29711670592672	1.91875758458388	2.14210004988791	EPI
ENSG00000127418.15	-0.368739310487299	9.51111729210738	0.0239464186189699	-0.354575382633953	-1.99570475491294	1.64112937227898	3.98806706051225	4.71071828206822	6.2773384682057	2.28927140769345	SCAT
ENSG00000178662.16	0.464916013094862	9.51037839797379	0.0239464186189699	1.51334546046081	3.52140561391626	-2.00806015345545	3.86367138556528	2.97838679453175	1.60510218584489	2.2585691997204	EPI
ENSG00000215018.10	0.324570239099435	9.5083302298488	0.0239543121161364	0.813008252635846	4.25927996507521	-3.44627171243936	4.65336310715812	4.16153132455363	1.8367698099056	2.81659329725252	EPI
ENSG00000179008.9	-0.430379665315852	9.50222897131064	0.0239897700838546	1.52265789377641	-2.58444162833899	4.1070995221154	0.758465106564221	0.422651747066435	2.20435371904531	1.78170197197887	SCAT
ENSG00000142632.17	0.482188116911376	9.49489576288164	0.0240284164556424	1.93914386171574	4.63671919313608	-2.69757533142033	2.79529995037004	1.89950596836343	0.45051247342603	2.34478747694401	EPI
ENSG00000287134.1	-0.585393418741219	9.47466980181928	0.0241967976191638	0.457632398643545	-3.18306325695361	3.64069565559715	1.30577599880663	1.09002627271148	3.2370319894146	2.14700571670312	SCAT
ENSG00000054793.14	-0.614527415756149	9.47413134802768	0.0241967976191638	1.02861187022987	-1.77203177491924	2.80064364514911	6.05174373188283	5.31701200347965	8.40454745599488	3.08753545251523	SCAT
ENSG00000075618.18	0.638750909574706	9.47217101249938	0.0242039481143687	0.238239172701969	2.38636803082732	-2.14812885812535	6.02340362533202	6.41178300604252	3.87324492144545	2.53853808459707	META
ENSG00000145723.17	-0.656435809045955	9.46491899801234	0.024254606234937	3.06485898832026	-0.846528577921939	3.9113875662422	1.99999184449886	0.752025838089214	2.62894637832089	1.87692054023168	SCAT
ENSG00000160117.16	0.608883033069967	9.45227477895776	0.0243194235298153	-3.41415459906219	0.564822383774044	-3.97897698283624	1.75457580516696	4.7022599972268	1.49246582743653	3.20979416979027	META
ENSG00000107104.18	-0.682716358708451	9.45120151210428	0.0243194235298153	0.79824297349234	-2.05772103348151	2.85596400697385	5.49574012160546	4.99210556323093	8.12709905452391	3.13499349129298	SCAT
ENSG00000112874.10	-0.691233157846485	9.44751749105108	0.0243276587440438	2.35267888161658	-1.13182408787295	3.48450296948952	2.26669725296457	1.2465529677785	3.3294791709932	2.0829262032147	SCAT
ENSG00000159387.7	-0.605749490959741	9.44656819587602	0.0243276587440438	3.30970170703285	-2.72425603329539	6.03395774032824	2.52661485597229	1.31962140070639	5.50308190307994	4.18346050237355	SCAT
ENSG00000157483.9	0.476029633138831	9.43959822116087	0.0243757793638283	1.14152470928623	2.05189426500309	-0.910369555716863	5.41081416183794	4.78310282455618	3.89226775754596	1.51854640429197	EPI
ENSG00000258311.5	-0.358443832248994	9.43784500569578	0.0243808668082754	-0.716812109181718	-3.75077722335817	3.03396511417645	0.28226180025666	0.712970788287565	2.01841876306051	1.73615696280385	SCAT
ENSG00000276085.1	0.407359091875252	9.43328809988987	0.0244167967294176	-1.56753430412987	2.06627051642916	-3.63380482055903	2.55469741257545	3.74903587198046	1.30040987966734	2.44862599231312	META
ENSG00000158571.11	-0.608624801249652	9.43154828817137	0.0244217687577369	0.949017339596823	-3.33014869887547	4.27916603847229	1.90371051622016	1.64324624117546	4.94813089664453	3.30488465546907	SCAT
ENSG00000141338.14	-0.684134925504491	9.42641721807864	0.0244357783389199	1.02356987398223	-1.22969094835707	2.25326082233929	5.77175888562908	5.12012570496091	7.54095761135933	2.42083190639842	SCAT
ENSG00000237159.6	-0.361158017445299	9.42418367058968	0.0244462368464456	-0.0304329994629808	-3.52641008708447	3.49597708762149	0.432864030778142	0.686745104052275	2.1910855564368	1.75822152565866	SCAT
ENSG00000166503.9	0.613757104374049	9.41684666185378	0.024513074474444	0.877967469737522	2.41546394695045	-1.53749647721293	5.02089223076378	4.65257650601036	3.17520334268813	1.84568888807566	EPI
ENSG00000013725.14	0.624235730471952	9.40599297403483	0.0246046287219351	-2.48846037224641	1.85021226678622	-4.33867263903264	1.63971826681659	3.60834566843224	1.03581561144812	2.57253005698412	META
ENSG00000279836.1	-0.435085242578913	9.40474219845157	0.0246046287219351	-0.770394112063418	-3.69710428127447	2.92671016921106	0	0.15208676748183	1.02724266272629	1.02724266272629	SCAT
ENSG00000125246.15	-0.6622737280472	9.39871072469552	0.0246574825073107	0.381022929512997	-2.9593371274285	3.3403600569415	1.06399417378894	1.12273507536127	2.98523028210131	1.92123610831237	SCAT
ENSG00000254165.1	-0.258983335034309	9.37432219451988	0.0248688503756162	-2.68494874688198	-4.36676321303851	1.68181446615653	0	0.827044013222157	1.39482439714497	1.39482439714497	SCAT
ENSG00000101445.10	0.658074769527787	9.37344543520804	0.0248688503756162	-1.03783733410797	1.01834869871976	-2.05618603282773	4.43439336894594	5.91012777211249	3.64085527961687	2.26927249249562	META
ENSG00000286805.1	-0.421245262140445	9.36948442145811	0.0248991121595747	-0.69103372111131	-3.77198065891845	3.08094693780714	0.02642243893692	0.302172831491549	1.32086998914769	1.29444755021077	SCAT
ENSG00000150625.16	0.392318610901171	9.35583161433293	0.0250048043442821	1.62461808810018	4.82708187116328	-3.20246378306309	1.87193459192426	1.14687119796657	0	1.87193459192426	EPI
ENSG00000146648.18	-0.607166831833455	9.34556220858611	0.02508362450178	1.62790376027482	-1.3541358139673	2.98203957424213	5.89695365355391	4.39095885306217	7.80079261125438	3.4098337581922	SCAT
ENSG00000131503.21	0.466854497749712	9.33578343942951	0.025180581497109	-3.96503206607995	-2.65213217222583	-1.31289989385412	0.465316699983927	2.76386334158593	1.61843273026501	2.298546641602	META
ENSG00000070019.5	-0.296017027770103	9.33165679602753	0.0251844338580108	-1.54991710951168	-3.54297059689929	1.99305348738761	0.0541714141551114	0.359720892453232	1.07449030137319	1.02031888721808	SCAT
ENSG00000257017.9	0.540375487090167	9.32387156585935	0.0252446193634818	1.14387396011385	3.63646142698715	-2.4925874668733	4.19724536054458	3.88328282847417	1.71735843805983	2.47988692248475	EPI
ENSG00000154310.17	0.664609673623851	9.32247688575845	0.0252461685444687	0.381628713002167	2.3799014515484	-1.99827273854623	5.07492431618835	5.29813475773909	3.26503057817708	2.03310417956201	META
ENSG00000231789.2	0.639674318090105	9.284063177071	0.0256318958595036	0.883532168435885	3.74716332242479	-2.8636311539889	1.25988214372263	1.04548561635079	0	1.25988214372263	EPI
ENSG00000095203.14	-0.570770320882998	9.27825945819777	0.0256849944698298	0.111621092029706	-2.53228827319199	2.6439093652217	3.87738335337328	3.77906547135464	6.54196237409298	2.76289690273834	SCAT
ENSG00000145362.19	-0.645990420196166	9.26434202391715	0.0258007343068702	0.982531942848327	-1.38734975453228	2.36988169738061	5.58989336475658	5.03710964548948	7.49663168309471	2.45952203760523	SCAT
ENSG00000142494.13	-0.564377636475699	9.2633773928338	0.0258007343068702	0.412733770798253	-3.08995437523477	3.50268814603302	0.967255284262242	1.18947419375019	2.94820111626232	1.98094583200008	SCAT
ENSG00000139116.18	-0.656926016673604	9.25565813764138	0.0258514219215298	-0.126861465526193	-1.83973968992572	1.71287822439953	3.60154681366605	4.10042253360056	5.72808337710181	2.12653656343576	SCAT
ENSG00000174807.4	-0.69088248018379	9.25457418304369	0.0258514219215298	2.44426349696152	-1.26952804203388	3.71379153899539	5.41181262254448	3.41142643754937	7.24198098119123	3.83055454364186	SCAT
ENSG00000188158.15	-0.612842373122421	9.25365936580583	0.0258514219215298	1.49912751240796	-1.55237874966652	3.05150626207448	3.49936832436703	2.61234416397208	5.26374187591351	2.65139771194143	SCAT
ENSG00000088882.8	0.468422799341039	9.25354599645341	0.0258514219215298	1.08093301289463	4.78374770151472	-3.70281468862009	4.7018769446416	4.06687713680347	1.59218133903014	3.10969560561147	EPI
ENSG00000204262.14	-0.345569690864069	9.24194662135594	0.0259464960557532	3.44650111227534	1.11178630653276	2.33471480574258	7.58154255277733	4.70034960641167	7.06003836837458	2.88119294636565	EPI
ENSG00000158270.12	-0.1220585262679	9.23981227381333	0.0259464960557532	2.15931146499737	1.45199512643464	0.707316338562735	5.6168707166381	3.9899024876425	4.61678999856473	1.6269682289956	EPI
ENSG00000135862.6	-0.571867798287302	9.23380572722059	0.0260029472456715	1.79904190338607	-0.754424769866484	2.55346667325255	7.2589510393543	6.04864341664433	8.66027885285133	2.61163543620701	SCAT
ENSG00000198467.15	0.0579763839917204	9.2321906482621	0.0260074119138789	1.5221072506867	1.38952169820173	0.132585552484971	7.50436088282492	6.68422551482431	6.69420991259243	0.820135368000611	EPI
ENSG00000147174.11	0.659211313072787	9.22576228139006	0.0260690604395566	-3.54736490453259	-1.26140419668618	-2.28596070784641	1.22939489578046	4.04109721375679	1.91330189987909	2.81170231797633	META
ENSG00000152253.9	0.629109228762502	9.21266103786948	0.026210607596027	1.56899588014916	4.30097125594303	-2.73197537579387	1.67320470939308	1.17128686453383	0	1.67320470939308	EPI
ENSG00000287385.1	-0.406259128933167	9.21068556654442	0.0262194713166502	1.67973682243675	-2.45841141747123	4.13814823990799	0.621701271830034	0.249608547331349	2.01320710783407	1.76359856050272	SCAT
ENSG00000144724.20	-0.672799882690714	9.20685304491724	0.026250602771365	1.65325215149605	-0.89595120460766	2.54920335610371	5.93644924528642	4.69139742701084	7.35875544457651	2.66735801756567	SCAT
ENSG00000170011.14	0.409946756740841	9.20200012571115	0.0262692226663464	1.70857559561956	2.79409091339207	-1.08551531777251	3.93169205350462	2.83856414927841	1.88617829680108	2.04551375670354	EPI
ENSG00000162337.12	-0.449062310238253	9.20160382047985	0.0262692226663464	0.352014022126615	-1.54211590951709	1.8941299316437	5.2289310543303	5.46978510637255	7.25337042918647	2.02443937485617	SCAT
ENSG00000105854.13	-0.582289802332719	9.19542100329961	0.0263139434381602	1.76553990426584	-1.48032133706947	3.24586124133531	3.12855586921318	2.24992523430311	4.75616036249272	2.50623512818961	SCAT
ENSG00000109113.20	0.627408732919058	9.18878714527469	0.0263790399955842	1.07861637720683	2.32415645110681	-1.24554007389998	4.35919578212256	3.85588424440142	2.5491887879083	1.81000699421426	EPI
ENSG00000255248.9	-0.244301115743913	9.18717779888245	0.0263836437707078	2.91901376093623	0.226050034711445	2.69296372622479	4.22746779662715	2.38981327244283	4.05780245318628	1.83765452418432	EPI
ENSG00000160801.14	-0.406867797306668	9.18365911438533	0.0264113100296642	2.65829811693088	0.847122179620194	1.81117593731068	4.89834282056289	2.81111240513696	4.47311940102536	2.08723041542594	EPI
ENSG00000197879.17	-0.524669948433321	9.17693139889484	0.0264596505547154	0.708037235055953	-1.4155892275899	2.12362646264585	7.2841381955695	7.17622944364794	9.33898985513483	2.16276041148689	SCAT
ENSG00000100211.10	-0.436993301273141	9.17598657962661	0.0264596505547154	2.79394306262343	-0.432991267628926	3.22693433025235	2.74887857524665	1.3849262210084	3.13032861269109	1.74540239168269	SCAT
ENSG00000149809.15	-0.24094068366066	9.17049838179589	0.0264965168908379	-1.35485294177034	-2.94893156944028	1.59407862766993	2.54243560102807	3.88771832042673	5.21054442889596	2.66810882786789	SCAT
ENSG00000256120.2	-0.272818653331193	9.16786888392977	0.0265135989013346	-1.93605401439091	-4.34148006425922	2.40542604986831	0.577523735867881	1.34799984549539	2.74495341647577	2.16742968060789	SCAT
ENSG00000130755.13	0.578677220490379	9.16481318559858	0.0265358827324396	0.360746956109303	3.76058082460141	-3.39983386849211	4.74258388407826	4.7109427586449	2.12473521345359	2.61784867062467	EPI
ENSG00000229808.1	0.685179240669763	9.15793824815274	0.0265750192843297	-1.84705463893696	1.93794823813657	-3.78500287707352	1.933230568	3.60176244388888	0.951364916411859	2.65039752747702	META
ENSG00000186205.13	-0.450300678964229	9.15563040732306	0.026588299002115	-0.587141330146762	-2.88074337493806	2.29360204479129	3.62293563100234	4.13285331353427	6.56159483064273	2.9386591996404	SCAT
ENSG00000102837.7	0.68403617100446	9.15231529092434	0.0266138772077079	-1.45312802527895	3.95015339179175	-5.40328141707071	3.03982773589353	4.75020044231438	1.09000262907183	3.66019781324255	META
ENSG00000204381.11	0.185210978558733	9.14767294775442	0.026621024333657	3.24894082790719	3.99750911282625	-0.748568284919063	2.48119586808249	0.919731044415111	0.421553976666974	2.05964189141551	EPI
ENSG00000112293.15	-0.128136438004071	9.14721411731475	0.026621024333657	-1.85353327171616	-2.80797889455434	0.954445622838177	1.8567432637764	3.58434833456692	4.12566964692238	2.26892638314598	SCAT
ENSG00000151414.15	-0.621598818359423	9.14687204396681	0.026621024333657	1.50030420925933	-0.440266845106847	1.94057105436617	6.62353505654863	5.53983075099928	7.63594325656315	2.09611250556387	SCAT
ENSG00000044524.11	0.016896246892427	9.14284914189566	0.0266553438808009	4.30520492524204	3.57555820411152	0.729646721130523	4.42413457362261	1.79342945237224	1.75230994129672	2.6718246323259	EPI
ENSG00000106819.13	-0.462326906330738	9.13944901268515	0.0266821069053567	3.27274012593193	-0.302874874287813	3.57561500021974	2.41535043383083	0.968856495393315	3.10419585089757	2.13533935550426	SCAT
ENSG00000275302.2	0.607609371196865	9.13121357775597	0.0267533715594719	-0.73721692810995	3.52764360667462	-4.26486053478457	3.49066600631319	4.7312182589165	1.21063738454208	3.52058087437441	META
ENSG00000260947.1	-0.662480586736292	9.12924480842047	0.0267627040918241	3.55584401248125	0.178487167782289	3.37735684469897	2.63798025964358	0.996063554322983	2.70084839859606	1.70478484427307	SCAT
ENSG00000231106.2	0.648106939408696	9.121868749604	0.0268237113607565	1.51852631636441	4.18348273365445	-2.66495641729004	2.66705783128441	2.03213136463089	0.615463036486612	2.05159479479779	EPI
ENSG00000183153.7	0.4083770555838	9.11292227110809	0.0269043268858688	2.20395335664815	4.13873738252988	-1.93478402588173	2.16570019888492	1.25648611408442	0.24339204135158	1.92230815753334	EPI
ENSG00000137766.17	0.170235544395656	9.10618821218997	0.0269472511222736	3.24132721897726	4.17544449471323	-0.934117275735966	2.17693452912788	0.710590473484412	0.252706177819412	1.92422835130846	EPI
ENSG00000080200.10	-0.58614319437627	9.10584263907074	0.0269472511222736	0.808310226340398	-1.10522904123342	1.91353926757381	5.86263331471633	5.45700632529087	7.49288190625378	2.03587558096291	SCAT
ENSG00000257289.1	-0.400041859793619	9.10445003012738	0.0269496182235135	-0.861515337055007	-3.66614000319651	2.8046246661415	0	0.181847126757006	1.00721444160403	1.00721444160403	SCAT
ENSG00000160469.17	0.653328614842472	9.08935216413508	0.0271073918836551	0.510047426972412	4.44510015333298	-3.93505272636057	1.79477705529089	1.92299145257438	0.0707241522720116	1.85226730030236	META
ENSG00000108405.4	0.569350073336452	9.08466103133148	0.0271509792184864	-2.25305870050303	2.91978635004946	-5.17284505055249	1.58216012090594	3.79854384729012	0.86180504669969	2.93673880059043	META
ENSG00000235786.1	-0.336798752838184	9.06981850457045	0.0273220307816766	-1.01087147828323	-3.39005829546915	2.37918681718593	0.248582247054367	0.520104443166282	1.52926093395436	1.2806786869	SCAT
ENSG00000285373.2	-0.422703660352014	9.06401120319691	0.0273801206592392	-0.80998739269017	-3.60946950751459	2.79948211482442	0	0.167273813026435	0.983383532585509	0.983383532585509	SCAT
ENSG00000189157.14	-0.507253978145193	9.0621395755081	0.0273886621283955	0.921119881414366	-3.15771413883837	4.07883402025273	0.57273744432427	0.452341183711147	2.33103313635581	1.87869195264466	SCAT
ENSG00000111341.10	-0.523376825607755	9.04539996810973	0.0275553103059624	3.55400177932332	0.977498377190428	2.5765034021329	8.79526418160896	5.81753103988635	8.28767805707633	2.97773314172261	EPI
ENSG00000122122.10	0.677711070195303	9.04410311512616	0.027556660977825	-1.0205153587125	2.34098450825435	-3.36149986696685	3.74544315591242	4.99388373286101	2.15855614935235	2.83532758350867	META
ENSG00000131471.7	-0.64956534629675	9.03177270549474	0.0276602188994724	1.22355662605814	-2.55471246771865	3.77826909377679	6.56332366466131	5.32291455207807	9.67813702602599	4.35522247394792	SCAT
ENSG00000111145.8	0.556816223297878	9.03119474833843	0.0276602188994724	0.891955396445013	1.87113118281461	-0.9791757863696	5.58624857436746	5.3058363997194	4.15882797486068	1.42742059950677	EPI
ENSG00000279485.1	-0.25369505338821	9.02954186859844	0.0276602188994724	-0.629365122270718	-4.07298484680386	3.44361972453315	0.273962276004979	0.503992220925982	1.97727978279958	1.7033175067946	SCAT
ENSG00000225706.2	-0.0334804717682826	9.02732909275058	0.0276602188994724	3.65259585287438	3.99417700764554	-0.341581154771164	2.06761731336006	0.546099929752046	0.275057383194293	1.79255993016576	EPI
ENSG00000237268.2	-0.643546636941057	9.02336240570775	0.027684901653408	1.63400105562251	-2.89341857426233	4.52741962988483	0.646866271119451	0.0840010678840088	1.95311520248212	1.86911413459811	SCAT
ENSG00000270871.1	0.325537851722137	9.02076204778186	0.0277030333711373	-3.89293784286196	-3.58320461700441	-0.309733225857551	0	1.50923870689183	0.963355783676136	1.50923870689183	META
ENSG00000115461.5	-0.32571091223528	9.01018143252155	0.0278084057161786	1.68539535579708	1.2467599444789	0.438635411318187	10.0599620372976	8.90947044283836	9.36461158279726	1.15049159445926	EPI
ENSG00000247828.8	-0.62243829201613	9.00293837740147	0.0278562126135282	-0.106618351984697	-2.07881174061098	1.97219338862628	2.80837799510717	3.12225287809691	4.79754573686381	1.98916774175664	SCAT
ENSG00000225793.3	-0.609048793655687	9.00292858840417	0.0278562126135282	0.9407914487851	-3.04010634995178	3.98089779873688	0.873942755761857	0.587874036158067	2.38350412396035	1.79563008780229	SCAT
ENSG00000230710.2	-0.401928698389742	8.99412404436818	0.0279013038319247	-1.09409051467161	-4.18508754001001	3.0909970253384	0.025332832908878	0.437147716399873	1.44379072917212	1.41845789626324	SCAT
ENSG00000143387.13	-0.122550636699465	8.98832686499405	0.0279536604016393	2.90680997350123	2.71681081217814	0.189999161323089	5.14926517507391	2.98749481963433	3.17028740727019	2.16177035543958	EPI
ENSG00000198624.13	-0.362664129497833	8.97632565035073	0.0280636862718619	0.0470055768433788	-1.26341329886758	1.31041887571096	6.2242201142867	6.73360615662136	8.06990745527448	1.84568734098778	SCAT
ENSG00000157502.13	-0.380328833672649	8.97384525045378	0.0280807255627988	-0.0720993856107332	-4.11413532619152	4.04203594058079	0.26612491381458	0.205679831485456	1.80230880683034	1.59662897534488	SCAT
ENSG00000136205.17	0.66216954224462	8.94427868175892	0.0284373968382391	0.571072529789756	1.75400310115209	-1.18293057136234	8.67742887204995	8.66062536438571	7.48815862025072	1.18927025179923	EPI
ENSG00000160796.17	0.693771307692006	8.93474555180526	0.0285326117861623	-1.56059733123755	0.499088972394683	-2.05968630363224	4.79590036745545	6.89871343663263	4.76092828046137	2.13778515617127	META
ENSG00000288054.1	0.214817234639638	8.93086504753874	0.0285378047843511	3.74382414168694	3.32098580193694	0.42283833975	1.27604600860764	0.0840010678840088	0.0747467431595214	1.20129926544812	EPI
ENSG00000261742.6	0.245257714153092	8.92725375411847	0.0285527275943732	3.23746483280347	4.20381809471703	-0.966353261913557	1.465739769657	0.355254022273108	0	1.465739769657	EPI
ENSG00000196196.3	-0.552312231614221	8.92601110545609	0.0285527275943732	1.73863936211793	-1.9653600572056	3.70399941932352	1.63316241227483	0.993165037230475	3.10201615254898	2.1088511153185	SCAT
ENSG00000239926.1	-0.472884420502311	8.92543954966571	0.0285527275943732	0.123405535514675	-3.2666502903522	3.39005582586687	0.0784830721432681	0.0229042922366126	0.987288738293594	0.964384446056982	SCAT
ENSG00000254369.6	-0.494975090737563	8.92413263259316	0.0285527275943732	-0.264474424875193	-3.24221124502245	2.97773682014725	0.660806822392406	0.862943505962019	2.22179877861369	1.56099195622129	SCAT
ENSG00000133142.17	-0.689483575630068	8.92328088339118	0.0285527275943732	1.80527945838552	0.546477083389405	1.25880237499612	7.06974751303957	5.84229668809203	7.08247079898846	1.24017411089643	SCAT
ENSG00000245573.9	-0.485533084261986	8.92162466252488	0.0285527275943732	0.768249338390963	-2.46493425781406	3.23318359620502	0.98402603149812	0.855519086672896	2.26528767476425	1.40976858809135	SCAT
ENSG00000259575.1	-0.430159351191055	8.91126248355922	0.0286646774811557	0.0218512219176876	-3.11400209669766	3.13585331861535	0.122681603188887	0.0840010678840088	0.974463059032493	0.890461991148484	SCAT
ENSG00000091844.8	-0.458769175971539	8.9103343296242	0.0286646774811557	0.0539323217498745	-3.92868041272162	3.98261273447149	0.471623204365174	0.570840248721217	2.47998092461389	2.00835772024871	SCAT
ENSG00000177575.12	0.668219523344917	8.90784013645448	0.02867459191461	0.0208292402100105	1.82899233619957	-1.80816309598956	7.09659875598751	7.67259949993421	5.79591628561373	1.87668321432048	META
ENSG00000073712.15	-0.569364919299667	8.89787245802933	0.0287461690611844	1.38903597289632	-1.10988984961069	2.498925822507	6.8082168630242	5.83801831113617	8.5112619470133	2.67324363587713	SCAT
ENSG00000224822.1	-0.324270048548908	8.88224031777261	0.0288942342047237	-0.73257433832979	-3.61700963922998	2.8844353009002	0.470660553864422	0.672745730490377	1.73262481057349	1.26196425670907	SCAT
ENSG00000285999.1	0.398905549969546	8.86035970247124	0.029159184081353	-3.44652329619809	-2.32132035242265	-1.12520294377543	0	1.16967930710932	0.450136634600726	1.16967930710932	META
ENSG00000091986.15	-0.616370821453397	8.85865317470028	0.0291668398512458	1.57503112493247	-0.202841433825824	1.77787255875829	8.23478455070471	7.21911861353461	9.07976580389031	1.86064719035571	SCAT
ENSG00000141562.18	0.689451106901592	8.85562900101616	0.0291924416018066	-1.43591412520869	-0.116055929439535	-1.31985819576915	4.79493856207872	6.72718976212527	5.31298110150023	1.93225120004654	META
ENSG00000128383.13	0.689991658643537	8.85034110288831	0.029232382553774	-1.92401094996159	2.88496956328676	-4.80898051324835	1.08957773661857	2.37923050478576	0	2.37923050478576	META
ENSG00000251141.6	-0.460354313275402	8.84927431166571	0.029232382553774	3.18465173154346	-1.09748253402298	4.28213426556645	1.07138261232859	0	1.46861455766857	1.46861455766857	SCAT
ENSG00000166123.14	-0.552078432458993	8.84513306473443	0.0292611067282616	0.369025970752916	-2.52808932374559	2.8971152944985	4.12370172858343	3.74293358715858	6.93815896810578	3.1952253809472	SCAT
ENSG00000251333.3	-0.390676257244039	8.83455965626017	0.0293557905711872	-1.33608414569815	-3.70272335355414	2.36663920785599	0.10352675268418	0.659612409154033	1.37848037203542	1.27495361935124	SCAT
ENSG00000165376.10	-0.36273936800177	8.83415058779418	0.0293557905711872	-0.723595165710176	-3.34127017790782	2.61767501219765	0.259081306005927	0.572535299923509	1.59595444791429	1.33687314190836	SCAT
ENSG00000249035.7	-0.650671964009487	8.82429386460566	0.0294656232349628	2.68438845865547	-0.665623123880692	3.35001158253616	1.91085522377535	0.777961877218822	2.46315194167923	1.68519006446041	SCAT
ENSG00000110651.11	-0.549117237838081	8.82291110812147	0.0294690514083606	0.763903646927472	-0.911858461998401	1.67576210892587	7.26920080574306	7.12631465979909	8.83536788353984	1.70905322374075	SCAT
ENSG00000097096.9	-0.590262177848674	8.81887366560003	0.0294934671384884	1.93706526269785	-1.43045473862734	3.36752000132519	2.79455233120885	1.8808804499647	4.21039863976025	2.32951818979555	SCAT
ENSG00000147676.14	-0.433777543192843	8.81515459696327	0.0295291637463953	-0.397752353781702	-4.75861172135449	4.36085936757279	0.58721349482569	0.961783977191057	3.72818273006855	3.14096923524286	SCAT
ENSG00000217648.1	-0.369111463549056	8.80149832625339	0.0296869791254411	-1.06064982082908	-4.2138423989007	3.15319257807162	0.0444026700518579	0.556937689044152	1.50839342037977	1.46399075032791	SCAT
ENSG00000164011.18	-0.688540093261481	8.79466210134053	0.0297663868698899	1.39920788981262	-1.68814570972835	3.08735359954096	1.86048462681846	1.42835350285376	3.1423997545416	1.71404625168784	SCAT
ENSG00000239665.8	0.0899029284975986	8.78142096829395	0.0299069618298749	-2.44986057627774	-2.60858978323795	0.158729206960218	2.26437684471783	4.4421225638222	4.63142954774164	2.36705270302381	SCAT
ENSG00000137561.5	-0.478572742762654	8.78009647464003	0.0299069618298749	0.726359300885515	-3.59758861372223	4.32394791460774	0.553137064713268	0.444117166656681	2.40584732860535	1.96173016194867	SCAT
ENSG00000111077.17	-0.65502808080142	8.76601798294563	0.0300732745898474	1.15380294532984	-0.571366300862972	1.72516924619281	6.94502258383027	6.34635183249249	8.14944218788879	1.8030903553963	SCAT
ENSG00000110047.18	0.673780449390849	8.76325275118005	0.0300964575859105	-0.97812824956059	0.692922114069068	-1.67105036362966	6.61958915920852	8.20004967990013	6.47363029022585	1.72641938967427	META
ENSG00000123411.15	-0.675575076571189	8.76119755350124	0.0301096436694871	1.75777675740238	-1.32806130968204	3.08583806708441	2.6505141273926	1.90002400870864	4.00978161634647	2.10975760763783	SCAT
ENSG00000215386.13	-0.533515807011818	8.75345838786626	0.0301874250708822	1.90004059774115	-1.34587432964619	3.24591492738734	3.78134669460388	2.44780007416923	5.27814101882925	2.83034094466002	SCAT
ENSG00000233840.1	-0.640989664877637	8.74471399327878	0.0302956747605519	-1.71339339248458	-4.42325279364807	2.70985940116349	0	0.434534053261527	1.56985410169615	1.56985410169615	SCAT
ENSG00000036530.9	-0.523281469110564	8.73865936195429	0.0303297396894801	0.232891163902259	-2.88243981310451	3.11533097700677	1.12103340656091	1.11013174575091	2.66510683331424	1.55497508756333	SCAT
ENSG00000213904.9	-0.587872580381625	8.73785453896426	0.0303297396894801	-0.0306885453579003	-3.30610890542099	3.27542036006309	0.995462918733183	1.31999019329469	3.39095808190985	2.39549516317667	SCAT
ENSG00000167799.10	-0.415981736002474	8.73402142165686	0.0303684950796395	1.28111252658273	-2.13054811034453	3.41166063692726	0.929113188698603	0.53643240454058	2.12734090041629	1.59090849587571	SCAT
ENSG00000145555.15	0.186287352148721	8.7263759767952	0.0304459202750851	1.47703097401945	2.35795452816464	-0.880923554145187	6.97754892601645	6.1990088119497	5.11847118486298	1.85907774115347	EPI
ENSG00000182347.10	-0.13250217869588	8.72320277286102	0.0304754308590947	-2.14203371191507	-3.59620900268518	1.45417529077011	0.0490025263904854	0.694761532557653	0.928095152304844	0.879092625914359	SCAT
ENSG00000260597.1	-0.378895536913921	8.72143554167586	0.0304848271600629	-0.596559611697433	-3.56175087563618	2.96519126393874	0.19466152043632	0.358821383164473	1.56135651504318	1.36669499460686	SCAT
ENSG00000257256.1	-0.60766484140011	8.71794559448995	0.0305189514798197	-1.05709683979407	-4.92111610356923	3.86401926377516	0.379470110370137	0.688473108971685	2.51468312400342	2.13521301363329	SCAT
ENSG00000105246.6	0.595919108085763	8.70527596848543	0.0306374117039209	-0.0163271308524707	3.2422709355417	-3.25859806639417	1.72010792481192	2.04040634366395	0.297647929078237	1.74275841458572	META
ENSG00000107537.14	-0.661940032854231	8.70210538584888	0.0306671872317397	0.715447513472879	-1.37295180296263	2.08839931643551	3.79880313997446	3.42755364852982	5.43612174384982	2.00856809532001	SCAT
ENSG00000128656.14	0.231956098288976	8.69765699971707	0.0307154832175138	2.96773537304847	2.96036141378742	0.00737395926104419	3.7568094949833	1.94056950533993	1.39891187350764	2.35789762147566	EPI
ENSG00000116132.12	-0.563890086583095	8.67431700351991	0.0310006486511641	3.52444971290486	1.13925835710692	2.38519135579794	5.99829054394027	3.24784478678605	5.38144625209653	2.75044575715422	EPI
ENSG00000181856.15	-0.290638835593725	8.67230082548384	0.0310039918038849	-1.93122677915791	-3.10578247855194	1.17455569939403	2.5791308311403	4.55852261694505	5.65900212400259	3.07987129286229	SCAT
ENSG00000109738.11	-0.490775964906711	8.67009965269989	0.0310160802137239	1.44826780037871	-3.02649677871744	4.47476457909615	0.684940122858411	0.437147716399873	2.45729229708137	2.0201445806815	SCAT
ENSG00000171533.11	-0.638220301147256	8.66927368472044	0.0310160802137239	2.25174169124729	-1.10758009173537	3.35932178298266	2.43707971005452	1.4152427673014	3.45948245222066	2.04423968491926	SCAT
ENSG00000267339.7	0.293741897635604	8.66175639637418	0.0311101397816642	-3.25244409704147	-2.73682853702298	-0.515615560018496	0.025332832908878	1.26002463327423	0.745828172754993	1.23469180036535	META
ENSG00000174527.9	-0.646964788364819	8.6466152314193	0.0312684834568888	-0.333368525455951	-3.21598244628571	2.88261392082976	0.543879873085653	0.966770302426379	2.36909516080229	1.82521528771664	SCAT
ENSG00000180767.10	0.379855757102935	8.64185526573653	0.0313161617079431	2.4791704972017	4.11813570848777	-1.63896521128607	1.70477674795672	0.656497871838355	0.0864325335451182	1.6183442144116	EPI
ENSG00000228423.2	0.429230906387706	8.64010746206087	0.0313161617079431	-3.58953108167478	-2.68343201914759	-0.906099062527191	0.0490025263904854	1.53425837953021	0.795763189345612	1.48525585313973	META
ENSG00000203709.12	0.074720956137082	8.63680364975752	0.0313165651204956	-1.86386305172615	-2.47528367701521	0.611420625289066	3.45254256352675	5.81214535478298	6.21788455577399	2.76534199224724	SCAT
ENSG00000129667.12	0.666262036709065	8.63449609802143	0.0313184356935454	-1.4509250324616	1.42374909807881	-2.87467413054041	4.22004656566829	6.37840747758826	3.09950134080877	3.27890613677949	META
ENSG00000227954.7	-0.398406377787967	8.62777324256429	0.0314002834600936	-1.13576301447274	-3.64340153690902	2.50763852243628	0.025332832908878	0.313542799674978	1.16665456153337	1.14132172862449	SCAT
ENSG00000251348.1	-0.297300894429004	8.62498340450868	0.0314110672473472	-0.390792695652168	-4.33895837659625	3.94816568094408	0.724953776977219	0.716298650389573	2.7150095046275	1.99871085423792	SCAT
ENSG00000100505.13	0.531608587498519	8.62156916962033	0.0314356270552426	0.942797443316113	4.35254837441334	-3.40975093109722	1.67658676442797	1.45978563209107	0.0256449716657732	1.65094179276219	EPI
ENSG00000159884.12	-0.486372303920249	8.62007120357077	0.0314356270552426	-0.557691392102394	-2.74731601209082	2.18962461998842	1.53470389776366	2.15114686696019	3.55722981501403	2.02252591725037	SCAT
ENSG00000138759.19	0.351863594143897	8.61836020761995	0.0314412076233538	2.85635819458987	4.86130065997952	-2.00494246538965	2.35566223410836	1.05034873814832	0.155528134582992	2.20013409952537	EPI
ENSG00000153956.16	-0.636693433268373	8.61458745216238	0.0314441649163295	1.825857464675	-2.1450583355988	3.9709158002738	4.10820110228834	2.67719653319237	6.54031303434538	3.86311650115301	SCAT
ENSG00000170775.3	-0.291371729046756	8.61407707702874	0.0314441649163295	2.90100803047543	-0.49040928640417	3.3914173168796	0.987830134348922	0.167273813026435	1.29254699927166	1.12527318624523	SCAT
ENSG00000051620.11	-0.592283398318328	8.60686878126954	0.0315354872766753	0.792379221900712	-1.39338573420391	2.18576495610462	5.6474528800616	5.16160402943228	7.59506702317506	2.43346299374278	SCAT
ENSG00000166165.13	-0.28907987061988	8.60499886078912	0.0315450362414579	2.98922533705306	0.46804420359987	2.5211811334532	4.80202780835858	2.4738359995642	4.24742933078199	2.32819180879438	EPI
ENSG00000049089.15	0.669030913291507	8.6040678494626	0.0315450362414579	-0.979289789261957	3.19767301897508	-4.17696280823704	1.75640320195963	2.57055840553418	0.347819134617726	2.22273927091645	META
ENSG00000223656.1	-0.339455532878099	8.59846445464451	0.0316126977858737	-0.778071646921922	-4.36566284691398	3.58759119999206	0.255754054939456	0.802179855073542	2.50738320672125	2.2516291517818	SCAT
ENSG00000254862.5	-0.425880963398962	8.59094681357836	0.0317092947677256	-0.924827377317639	-3.68198992348412	2.75716254616648	0	0.209337940887042	1.00973426881281	1.00973426881281	SCAT
ENSG00000206567.10	-0.253331999685985	8.58906801980995	0.0317213349294832	-1.30498699361683	-2.78568421108329	1.48069721746647	1.82512876357322	2.89606434158839	3.97597402073678	2.15084525716356	SCAT
ENSG00000285774.2	-0.400003594973895	8.58220310266706	0.0317760575816655	-1.98667478394425	-4.07485170873715	2.08817692479291	0.472898272034769	1.54439434828841	2.57715446218902	2.10425619015425	SCAT
ENSG00000148848.14	-0.502010565829691	8.5796022795586	0.0317990584433242	3.70158499664335	-0.030687682918368	3.73227267956171	5.17998017042417	2.43250368360601	5.67502025005985	3.24251656645384	SCAT
ENSG00000133401.16	-0.533930605429229	8.57778286609063	0.0318102978199903	0.949759659253502	-1.87049185614281	2.82025151539631	6.1519347931032	5.53915462824478	8.57622152786154	3.03706689961676	SCAT
ENSG00000163637.13	-0.672546767774705	8.57274769386588	0.0318214000358787	0.77339598682676	-1.64184449668173	2.41524048350849	4.69681057805717	4.03945417391926	6.75989461086059	2.72044043694133	SCAT
ENSG00000135245.10	-0.535133895369097	8.57266067250981	0.0318214000358787	-0.171870437134165	-2.3825092587303	2.21063882159614	2.58347050376543	3.16830288420002	5.00615917300646	2.42268866924103	SCAT
ENSG00000184156.17	-0.370198297122757	8.57101087296434	0.0318214000358787	0.172342607235268	-3.09000945040922	3.26235205764449	0.840556975139272	1.11791221750606	2.56657481951579	1.72601784437652	SCAT
ENSG00000164398.14	0.575975367265213	8.56954461398206	0.0318214000358787	-3.3139796533193	1.90332030125583	-5.21729995457512	1.23768423051697	4.34249052552029	0.972814687343322	3.36967583817697	META
ENSG00000286892.1	-0.398156259143584	8.5652027076123	0.0318708664838901	-0.39224121219163	-4.3958366118704	4.00359539967877	0.240179666508014	0.470721559361244	2.01710720474301	1.776927538235	SCAT
ENSG00000037965.6	-0.447259976137807	8.56284037844931	0.0318742849495056	1.58716766668124	-1.31921273144359	2.90638039812483	2.40107019482422	1.60166106139006	3.5450373436396	1.94337628224954	SCAT
ENSG00000287676.1	-0.441970780759859	8.55687610113306	0.0319323149339579	0.74666443042521	-2.97314154245553	3.71980597288074	0.17061980592901	0.0444405122149149	1.17875089220534	1.13431037999042	SCAT
ENSG00000104213.12	-0.623132572214733	8.55223712396079	0.031970380632591	3.03589662124936	-0.965306093829625	4.00120271507898	3.0262423618319	1.31604294293117	3.82451483123541	2.50847188830424	SCAT
ENSG00000133106.14	0.598416615696546	8.53918556889095	0.0321367936066985	0.533946751869192	2.37643878776864	-1.84249203589945	5.16626003541112	5.09165938665547	3.45756253926662	1.70869749614451	EPI
ENSG00000159588.15	0.656379957327388	8.53552066087721	0.0321603445905451	-2.89193861916795	-0.857199262269013	-2.03473935689894	1.82867974120526	4.38322032341103	2.27633042205982	2.55454058220577	META
ENSG00000122786.20	-0.139917107481908	8.53233772514784	0.0321844795978593	1.72674738441406	1.50430807877499	0.22243930563907	9.89971874012375	8.67645450295984	8.90630182904141	1.22326423716391	EPI
ENSG00000140092.14	-0.63526624245439	8.53051597086892	0.0321882438515809	1.68953290614055	-0.759702612727805	2.44923551886836	4.77434686060745	3.64541490426765	5.97996679880226	2.33455189453461	SCAT
ENSG00000187105.8	-0.434836007357115	8.5281907002781	0.0322076369084625	-0.261723977304577	-3.5953802197665	3.33365624246192	0.207657541130948	0.422319071397525	1.73586832690098	1.52821078577003	SCAT
ENSG00000260565.7	-0.0134680663011212	8.51960746827441	0.0322545197474214	-1.69368337133856	-2.36337556022875	0.669692188890186	2.49730318890409	4.24435173872241	4.78584564100716	2.28854245210306	SCAT
ENSG00000204311.14	-0.379253717065687	8.51902192961542	0.0322545197474214	-0.601525252589418	-3.3152751926837	2.71374994009428	0.36492129206778	0.678682536930039	1.90018075115752	1.53525945908974	SCAT
ENSG00000185920.15	-0.698590935916995	8.50697077775406	0.0324040637870712	2.31445375581822	-0.736244448810721	3.05069820462894	3.03040078484165	1.81147272891234	4.00116621853193	2.18969348961959	SCAT
ENSG00000102189.17	-0.580613710120551	8.49493852303326	0.0325251293665016	1.24872564183447	-0.317328548651409	1.56605419048588	6.55628396327126	5.91518755433917	7.42894106478899	1.51375351044982	SCAT
ENSG00000103150.7	-0.564215112611666	8.49047406415009	0.0325363283951344	-0.0295752768781268	-1.64131331289048	1.61173803601236	3.72601495884987	4.15598105231865	5.67352754102495	1.94751258217508	SCAT
ENSG00000122861.16	0.676991626594355	8.48937250970569	0.0325363283951344	0.569230316186149	3.1852913629623	-2.61606104677615	3.82356290054493	4.01325116879371	1.775634008821	2.23761715997271	META
ENSG00000181800.6	0.294473787881105	8.48730173215567	0.0325363283951344	-4.04791750076871	-3.35767021417771	-0.690247286590995	0.985647440685585	3.8087126216796	2.965202805832	2.82306518099402	META
ENSG00000108799.13	-0.406275383763284	8.48508202648092	0.0325479843890673	-0.477839118964626	-1.45160224798483	0.973763129020207	4.96651718295771	5.9598722957488	6.88127647012461	1.9147592871669	SCAT
ENSG00000205726.15	-0.445245491352936	8.48041650721757	0.0326042530552736	0.597480144730563	-0.962536510560111	1.56001665529067	7.61294733194003	7.62505648021246	9.18477247706534	1.5718251451253	SCAT
ENSG00000187479.8	0.262526213771537	8.4771242090864	0.0326392485625983	1.36135220697231	3.44774629210756	-2.08639408513525	4.39660320794123	3.43108187403691	1.86279083382977	2.53381237411146	EPI
ENSG00000136859.10	-0.571935380669241	8.469128788973	0.0327307886996958	1.05315575276317	-1.48440293182765	2.53755868459082	5.78252135811584	5.0776836959951	7.82121124722206	2.74352755122697	SCAT
ENSG00000254944.1	-0.324917853079522	8.46397090303924	0.0327795437837361	2.71387630985973	-0.861920336736739	3.57579664659647	0.779882607020148	0.119648136030957	1.27465191795019	1.15500378191924	SCAT
ENSG00000106366.8	0.379620122777412	8.45001426141847	0.0329824908797286	1.53534881204534	3.47308928289661	-1.93774047085127	5.5584793850107	4.13465145965157	2.4786840487189	3.0797953362918	EPI
ENSG00000132561.14	-0.630016490471544	8.43411088676817	0.0332013289830754	1.11931120146565	-2.24652645436125	3.3658376558269	4.72043023021606	3.3809634612697	7.33160910693898	3.95064564566927	SCAT
ENSG00000020577.13	-0.654936317556601	8.42988456617362	0.0332520432522302	0.913093553033703	-0.918476047256902	1.83156960029061	5.89263984369564	5.48674696729883	7.34200399477621	1.85525702747737	SCAT
ENSG00000168386.18	-0.591266127542581	8.42737565521906	0.0332589919519106	1.2133157276631	-0.993450429796001	2.2067661574591	5.88399776325625	4.86441454709594	7.40141773012064	2.53700318302471	SCAT
ENSG00000164402.14	0.442731829483527	8.41871252429683	0.0333476523432137	1.15552548105261	1.51012076287633	-0.354595281823714	5.76557884997151	5.19913544210129	4.76933489005222	0.996243959919292	EPI
ENSG00000164010.15	0.671375187608643	8.40923316421907	0.0334651578204019	-2.23428202962334	-0.432410893374161	-1.80187113624917	3.1380950283694	5.59947108028974	3.79549983148676	2.46137605192034	META
ENSG00000237986.4	-0.319231153870846	8.40296806608388	0.0334652450304978	0.212872697239146	-4.03659978715233	4.24947248439147	0.771114816249503	1.00367403077814	3.21398951009483	2.44287469384533	SCAT
ENSG00000122870.12	0.121932899137643	8.40200434913433	0.0334652450304978	2.11988220864247	2.43496117912356	-0.315078970481096	5.67757131029029	4.19448425131631	3.86787190093145	1.80969940935884	EPI
ENSG00000152749.8	-0.600114268716681	8.40113282812598	0.0334652450304978	2.03092100849197	-1.61195141422135	3.64287242271332	2.72881723724642	1.74826115558253	4.39097006624043	2.64270891065791	SCAT
ENSG00000239794.3	-0.323778097255517	8.4010883820892	0.0334652450304978	-1.14418456624493	-3.61443432157906	2.47024975533413	0	0.220866877030062	0.98367912530464	0.98367912530464	SCAT
ENSG00000184292.7	0.683677769638692	8.40106355285066	0.0334652450304978	-0.998637783701609	3.35581059439466	-4.35444837809627	1.66971960725943	2.67369315383981	0.226861122301063	2.44683203153875	META
ENSG00000155368.16	-0.699401791432132	8.39720168407492	0.0334824660838945	1.13737236849438	-0.348296858849181	1.48566922734356	6.28837717593238	5.66908595093248	7.18041249062652	1.51132653969404	SCAT
ENSG00000095739.11	-0.123675271875901	8.39419749830815	0.0334824660838945	3.37197353735318	2.49656298740241	0.875410549950766	3.64039832366276	1.68308540629747	1.98705947115738	1.95731291736529	EPI
ENSG00000139445.18	-0.555008184677399	8.39312838746021	0.0334824660838945	-0.196613038300218	-3.0845314123124	2.88791837401218	1.46225551226101	2.03580583458981	4.09943514804593	2.63717963578491	SCAT
ENSG00000174099.11	-0.64987047271135	8.39092984151813	0.0334824660838945	1.36255521163388	-0.425955213480955	1.78851042511484	6.07863734624136	5.11125433647644	7.03485463077279	1.92360029429635	SCAT
ENSG00000186818.12	0.603928688145568	8.39064419970628	0.0334824660838945	0.666937252978292	3.84106363485693	-3.17412638187864	3.00622566881265	2.69214073143608	0.941318602295394	2.06490706651726	EPI
ENSG00000112759.18	-0.425418519885929	8.38748073005873	0.0335024735609089	-0.0217268345548832	-1.42614855550434	1.40442172094946	4.78034901298611	5.38864337972184	6.63723814451004	1.85688913152393	SCAT
ENSG00000155755.19	-0.682867394384569	8.38459100171382	0.0335161296381319	1.11913701373678	-1.54408090105942	2.6632179147962	2.98074209316082	2.52216645133691	4.64254173696249	2.12037528562557	SCAT
ENSG00000165801.10	-0.548194431762148	8.37979560851691	0.0335769429108703	1.12949155799317	-0.604757365912714	1.73424892390589	6.19358312105052	5.71219483110207	7.36193489967095	1.64974006856889	SCAT
ENSG00000115459.18	-0.578637561827837	8.37786158086279	0.0335816604819358	0.03608424080469	-2.37412956489262	2.41021380569731	3.66155770455094	3.35591099638246	6.21155295169361	2.85564195531115	SCAT
ENSG00000111676.15	-0.62519720251863	8.3733032929004	0.0336176324622184	1.26833029140968	-0.44753675823777	1.71586704964745	7.25101011236801	6.63933556181279	8.32746758056705	1.68813201875426	SCAT
ENSG00000182985.17	0.110562853678048	8.3725826028335	0.0336176324622184	2.76323299020717	2.61102258287491	0.152210407332261	4.8059598558379	2.66938949902672	2.68769648025868	2.13657035681118	EPI
ENSG00000247982.6	0.582579868195798	8.3721866545639	0.0336176324622184	-2.5113668643984	-0.349120724333869	-2.16224614006453	2.10542803045325	4.55521832007269	2.45384767419897	2.44979028961944	META
ENSG00000132541.11	-0.641062294153735	8.36725381849103	0.0336520196963074	0.0494094985849165	-2.63196141788355	2.68137091646846	2.02914747392903	2.45523164798127	4.29813215417574	2.26898468024671	SCAT
ENSG00000211655.3	0.528395037009755	8.36701355922126	0.0336520196963074	1.74045201483224	3.89004082521863	-2.14958881038638	1.28594916934698	0.742214995107037	0	1.28594916934698	EPI
ENSG00000132321.17	0.252109603170739	8.36421290667392	0.0336809292196586	3.05190263684889	3.49213153805202	-0.440228901203129	1.25257436234235	0.229758601921896	0.0486783999435046	1.20389596239884	EPI
ENSG00000169710.9	-0.494259855419563	8.3613608519414	0.0336858339450936	0.868218736561593	-1.63208459208995	2.50030332865154	7.45373115761577	7.14338436409396	9.69312803893494	2.54974367484098	SCAT
ENSG00000278464.2	-0.371709087557217	8.36087206086371	0.0336858339450936	-1.27407140100959	-4.24315318298633	2.96908178197674	0	0.358862144964857	1.34978570050474	1.34978570050474	SCAT
ENSG00000178222.13	-0.271186500725612	8.35851710370456	0.0337075979380132	3.21025757962065	0.0395422159120562	3.17071536370859	1.66413395373503	0.452341183711147	1.7137938327415	1.26145264903035	SCAT
ENSG00000181722.16	-0.577253597486119	8.34623792344557	0.0338414526000275	1.11295630825255	-0.713924983965389	1.82688129221794	6.58396160147053	5.93615906753997	7.86773335572763	1.93157428818766	SCAT
ENSG00000126561.16	-0.384861546638224	8.34025277423503	0.0339061638006002	-0.0549186505560631	-1.26333691098168	1.20841826042562	5.77808071527897	6.40397833154035	7.56882397705876	1.7907432617798	SCAT
ENSG00000003989.17	0.560696883930057	8.33893002676633	0.0339113209887386	1.00601772612364	1.9585249711342	-0.952507245010558	4.93538637967142	4.4043404487433	3.30073715905027	1.63464922062115	EPI
ENSG00000226312.7	-0.0377969354714118	8.3343002264221	0.0339168848393343	-2.47690731101676	-3.04853824064873	0.571630929631963	1.79173123110813	3.73966976282415	3.97980408529931	2.18807285419118	SCAT
ENSG00000105088.8	-0.519192725473062	8.33257287117497	0.0339168848393343	2.73040291810957	-0.66793225243078	3.39833517054035	2.99158088520514	1.60888099875471	3.82759741925242	2.21871642049771	SCAT
ENSG00000147614.4	0.227764395146423	8.32787833417697	0.0339467396813946	3.10894731891387	4.26988990409632	-1.16094258518245	1.51451138405538	0.356401878356329	0	1.51451138405538	EPI
ENSG00000226469.1	-0.450032821724928	8.32228394200092	0.0340194599634714	-0.328703488177562	-3.26655334972444	2.93784986154688	0	0.0647629190579584	0.816203822950972	0.816203822950972	SCAT
ENSG00000263089.1	-0.0873598427451571	8.32118129146948	0.0340211373849857	-2.03710419181394	-3.60138245283985	1.5642782610259	0.371362484003738	1.25747385342535	2.02317875189083	1.65181626788709	SCAT
ENSG00000115295.20	-0.564591404432618	8.31741543880533	0.0340482676498846	0.841523803626172	-1.84561959373511	2.68714339736128	3.33792967864345	2.80113660829021	5.38519325821138	2.58405664992117	SCAT
ENSG00000231201.1	-0.198601218615245	8.31436733416946	0.0340482676498846	-3.68570093263392	-5.05260282559471	1.36690189296079	0	1.26904546730542	1.8408836340861	1.8408836340861	SCAT
ENSG00000112599.9	0.0995525943386297	8.31398219368145	0.0340482676498846	-3.0040149105909	-3.41134357177524	0.407328661184339	0	0.989322535408644	0.915814883567188	0.989322535408644	META
ENSG00000011243.18	0.664935669025277	8.31308869249015	0.0340482676498846	-1.51546973178205	0.080187051944318	-1.59565678372637	4.36741416540877	6.34339932626434	4.66898636453322	1.97598516085557	META
ENSG00000240207.7	-0.656077337798491	8.31243906534485	0.0340482676498846	0.201615255165818	-3.51861289442239	3.72022814958821	0.503759481214766	0.79922951084168	2.49817540463993	1.99441592342516	SCAT
ENSG00000113742.14	0.640058574445321	8.31054963248629	0.0340482676498846	-1.29856102359467	0.0631118494934304	-1.3616728730881	6.19819851252035	8.0475870090555	6.64684413594092	1.84938849653515	META
ENSG00000203727.4	0.399826665148162	8.30704014413641	0.0340555308837225	1.8904604028028	4.279993975016	-2.38953357221319	2.17414276530996	1.18924935752468	0.274763859243542	1.89937890606642	EPI
ENSG00000173641.17	-0.691476245634889	8.30686385186597	0.0340555308837225	1.23235856894049	-3.15963009232979	4.39198866127028	4.09291422280154	2.5454590086833	7.53150334353577	4.98604433485246	SCAT
ENSG00000196233.13	0.687639213239004	8.30548648767477	0.0340555308837225	-1.25199867993297	0.0733728553225801	-1.32537153525555	5.31064576178395	7.10343788168815	5.70056074375157	1.7927921199042	META
ENSG00000090905.19	-0.442158664836854	8.30513879188998	0.0340555308837225	0.0630602751444338	-1.16026475052969	1.22332502567413	5.84728244534627	6.36834008020954	7.54817707833975	1.70089463299349	SCAT
ENSG00000099250.18	-0.575800686265395	8.29788801275096	0.0341421932791351	1.12453198403774	-0.837061334021135	1.96159331805888	6.96546402892924	6.31756391786392	8.45361116170555	2.13604724384163	SCAT
ENSG00000279026.1	-0.427455865836806	8.293740772003	0.0341779144028872	1.14938820833041	-2.88484422249439	4.0342324308248	0.462891831419388	0.234880970909183	1.75073286340035	1.51585189249117	SCAT
ENSG00000259562.2	-0.30640606859227	8.29083758624678	0.0342095060029179	-0.272828098611708	-3.11042451830255	2.83759641969084	0.672506304637607	0.881420107659319	2.00941828073738	1.33691197609978	SCAT
ENSG00000141497.14	0.653348034937781	8.28067594261994	0.0342912273175159	1.27297040112625	4.32203068966272	-3.04906028853646	2.59020877286801	2.13276740067966	0.48298744912261	2.1072213237454	EPI
ENSG00000197712.12	-0.626943760011528	8.28021133180659	0.0342912273175159	1.88976301867012	0.107553434138481	1.78220958453163	6.00083823641775	4.49621774058036	6.43915008579899	1.94293234521863	SCAT
ENSG00000137642.13	0.54432834824278	8.27902489476647	0.0342912273175159	-1.66615685623951	-0.655964049412879	-1.01019280682663	4.86150106486283	7.0642759942763	5.9535255146074	2.20277492941347	META
ENSG00000179152.20	-0.681828733749907	8.27660166106739	0.0342912273175159	1.13041345398057	-1.68435041497102	2.81476386895158	2.90572619550351	2.42356323517783	4.6855792441362	2.26201600895836	SCAT
ENSG00000143479.17	0.681058494270682	8.27603501311471	0.0342912273175159	-1.90927202131528	0.315562474659396	-2.22483449597467	3.4334236755493	5.59803649038956	3.39406237350662	2.20397411688295	META
ENSG00000232928.2	-0.42266142021772	8.27072612417459	0.0343629992638912	-1.15123522807519	-3.87368506545343	2.72244983737824	0.103815905052146	0.519293045491273	1.38760382469079	1.28378791963865	SCAT
ENSG00000004866.20	-0.280097682867053	8.26617091898375	0.0344060735304258	-1.27981303799998	-2.73744978001791	1.45763674201793	1.76835554798065	2.90410699194239	3.94349306551649	2.17513751753583	SCAT
ENSG00000133317.14	-0.576523924016325	8.25846273110473	0.0345182047333661	1.09851175586933	-2.74998028294789	3.84849203881722	3.07469027539454	2.34833055157314	5.86861368293765	3.52028313136451	SCAT
ENSG00000116133.13	-0.605995157952056	8.25662808078912	0.0345324763453614	1.18984156727451	-1.84420317036312	3.03404473763763	3.74535192682804	2.65786652675646	5.77287562512427	3.11500909836781	SCAT
ENSG00000179241.13	-0.617614586259008	8.2512494069251	0.0345933782704288	2.17418167599809	-1.37370519757399	3.54788687357207	3.46124809797075	2.24267008533884	5.09398650536067	2.85131642002183	SCAT
ENSG00000104368.18	0.168016680149768	8.25102825499641	0.0345933782704288	2.84947708375412	3.6006970792045	-0.751219995450381	5.14000909465307	2.98413059305545	2.34281680094061	2.79719229371246	EPI
ENSG00000235106.10	-0.676778632752108	8.23814140751265	0.0347315845691152	2.4364240839193	-0.385443084378315	2.82186716829761	2.76358433718298	1.59224245460465	3.31403353301763	1.72179107841298	SCAT
ENSG00000129422.14	-0.694856893797361	8.23790812227936	0.0347315845691152	1.73012487131844	-0.832060479753909	2.56218535107235	4.99556348416344	3.63980049188314	6.21386433199389	2.57406384011075	SCAT
ENSG00000069020.18	-0.46245881335282	8.23532758231581	0.0347586047624231	0.72154492565066	-1.1060495577633	1.82759448341396	6.05336944374229	5.83038389605485	7.71634630403772	1.88596240798287	SCAT
ENSG00000152932.8	0.571045193242824	8.22457873777991	0.0348907075840742	1.35091479303243	3.87612130399848	-2.52520651096605	2.06185925843953	1.43459230746887	0.309731318141431	1.7521279402981	EPI
ENSG00000286215.1	-0.190150919310708	8.22240119731548	0.0349110964900579	-1.71728081113185	-3.08925893794415	1.3719781268123	1.07399822909593	2.3323275096464	3.02750059155265	1.95350236245671	SCAT
ENSG00000221963.6	-0.415846942846322	8.22096572925646	0.0349189419397502	0.508339042269391	-1.5450449929061	2.0533840351755	6.50311980983968	6.49243487382747	8.58466185939226	2.09222698556479	SCAT
ENSG00000102996.5	-0.569339542206799	8.21724688560575	0.034965500179186	0.938593453616375	-2.04811180727781	2.98670526089419	2.54913427436114	2.09920585352037	4.54313882308721	2.44393296956684	SCAT
ENSG00000113594.10	-0.693541540870586	8.21551472726672	0.0349784150089904	1.56520392231202	0.0713817827201175	1.4938221395919	6.52977742051857	5.46169264662858	7.01685562912208	1.5551629824935	SCAT
ENSG00000101000.6	-0.654188495081326	8.21172898347397	0.0350060507862607	2.01945746662865	-1.83700849070003	3.85646595732868	1.94198232797625	1.14813538435898	3.40972192101446	2.26158653665547	SCAT
ENSG00000060982.15	0.520302656441519	8.21108253721774	0.0350060507862607	1.20689587408323	2.13436336257465	-0.927467488491426	5.11868329607038	4.28717182520233	3.25331356211103	1.86536973395935	EPI
ENSG00000272711.1	-0.326002349535312	8.21097767898198	0.0350060507862607	0.425159346506138	-3.14489834867646	3.5700576951826	0.664329009894993	0.533536427968177	2.15758107771973	1.62404464975155	SCAT
ENSG00000172380.6	-0.641462399046167	8.19246991672513	0.035222665097943	1.24794941806065	-0.743310499698957	1.99125991775961	5.68249743906447	4.79163178328896	6.95706747039149	2.16543568710253	SCAT
ENSG00000162576.16	-0.502515910360029	8.1858219161762	0.0353035243115047	2.04179946673673	0.726158799626431	1.31564066711029	7.01232341485316	5.56572606415075	6.88326445435954	1.44659735070242	EPI
ENSG00000182578.13	0.530387687234297	8.18445618633881	0.0353104266407611	0.543563441093669	1.80172558524349	-1.25816214414982	6.27958713810122	6.4137071252598	4.98910264742739	1.42460447783241	META
ENSG00000130707.18	-0.673869736433127	8.17389757386901	0.0354423835982356	2.16714425284407	-1.52015149238614	3.68729574523021	4.83824889525919	2.8890144645719	6.85260430046519	3.96358983589329	SCAT
ENSG00000139971.15	-0.163551872755854	8.16869054241637	0.035504022850158	3.34761243298959	1.69712922601257	1.65048320697702	3.61283202158201	1.59214704074401	2.24636039979217	2.020684980838	EPI
ENSG00000127324.9	-0.56093645124926	8.1684042348259	0.035504022850158	0.416912139214021	-2.91653796034745	3.33345009956147	0.253739559602661	0.391578822033855	1.47941725376166	1.225677694159	SCAT
ENSG00000198553.9	0.685363440032917	8.1580069949711	0.0356342049874797	-3.50295007523563	-1.35440660449464	-2.14854347074099	0.504596460063325	2.54905885000764	1.0254320035905	2.04446238994431	META
ENSG00000278318.5	-0.574612587392078	8.14005439172396	0.0358358631933719	1.97613217084573	-1.21648910457737	3.1926212754231	1.49639902639855	0.725848290478075	2.20721641108201	1.48136812060393	SCAT
ENSG00000130396.20	-0.646997306343699	8.13702989488569	0.0358664020778817	1.53625763893684	-0.0289780653637348	1.56523570430057	6.45000294206046	5.45709280265357	7.03814161826944	1.58104881561586	SCAT
ENSG00000129048.7	-0.399846356931877	8.1358895500266	0.0358696786709411	0.021568592833163	-3.03428323699432	3.05585182982749	0.122681603188887	0.0840010678840088	0.921136267653083	0.837135199769074	SCAT
ENSG00000213742.7	-0.490265392014312	8.12853066224365	0.0359819150077975	-1.39767788452033	-3.57573232622399	2.17805444170366	0.644263733652569	1.41401400251068	2.59259809337912	1.94833435972655	SCAT
ENSG00000276517.1	0.463635486322004	8.12395071033124	0.0360456614543392	-4.04787686307803	-2.92332645490457	-1.12455040817346	0.443475592490715	2.31987737463224	1.39135665164861	1.87640178214153	META
ENSG00000105865.11	-0.491386923115635	8.11915168494571	0.0360955278220163	2.0242031478037	-1.51657333739014	3.54077648519384	1.31217032599486	0.71861539755934	2.09438144935192	1.37576605179258	SCAT
ENSG00000234650.6	-0.461452197823383	8.11470547672567	0.0361370032738284	-0.255743942679529	-3.22267851256688	2.96693456988735	0.0784830721432681	0.119648136030957	0.963822737726465	0.885339665583197	SCAT
ENSG00000167157.11	-0.0418604593015975	8.11350269779666	0.0361370032738284	3.69077375361516	2.33974560343892	1.35102815017624	3.09146279754917	1.03884508265364	1.41696441714443	2.05261771489553	EPI
ENSG00000237975.7	-0.367466488584947	8.11212086015916	0.0361370032738284	3.53564641054437	-0.0310772144949421	3.56672362503931	1.65528302111082	0.327821299728574	1.74287499234066	1.41505369261209	SCAT
ENSG00000206181.5	-0.450769132191533	8.10899559599855	0.0361754609813667	-0.615069110732723	-3.34093354782073	2.725864437088	0	0.119648136030957	0.845983580363766	0.845983580363766	SCAT
ENSG00000140030.6	0.637347980359982	8.1019689519785	0.0362663039464013	0.0930842893608994	3.07758741316726	-2.98450312380636	1.40782799542987	1.47179966215668	0.250251547748356	1.22154811440832	META
ENSG00000137992.14	-0.654867960899425	8.09768682002908	0.0363254885649277	0.83609520864374	-1.37350865167103	2.20960386031477	3.7435152858093	3.33814007589871	5.39342258190753	2.05528250600882	SCAT
ENSG00000180881.19	-0.67999558515658	8.09327349287578	0.0363630527287141	0.366392293474374	-2.68699575703436	3.05338805050873	1.07008143371014	1.18731143317582	2.8725959507414	1.80251451703126	SCAT
ENSG00000170412.18	-0.684683912438767	8.0927405082258	0.0363630527287141	2.48875686881861	-0.699086003610537	3.18784287242915	3.04183966730221	1.72805333048681	3.91239622560347	2.18434289511665	SCAT
ENSG00000231367.6	-0.218375823643097	8.08989951567812	0.0363800490475586	-1.75245542540414	-4.36538315102396	2.61292772561983	0.146308147940853	0.943022162433491	1.93021343946294	1.78390529152209	SCAT
ENSG00000212719.13	-0.569019773654261	8.08692456859315	0.0364152184430961	1.5964084895834	-1.25916940614392	2.85557789572732	2.86721759343501	1.96265578452068	4.15302814598967	2.19037236146899	SCAT
ENSG00000119227.8	-0.551260558483016	8.08238653537114	0.0364152184430961	-0.108758208793363	-2.90995029034633	2.80119208155296	1.1791393988955	1.5600343215172	3.29994900761867	2.12080960872317	SCAT
ENSG00000144410.5	-0.51816747416867	8.08184858916695	0.0364152184430961	0.307907242640182	-3.35379989572081	3.661707138361	0.0351065178173417	0	1.11077175150526	1.11077175150526	SCAT
ENSG00000087086.15	0.656295845233898	8.08140914791879	0.0364152184430961	0.447615577641143	1.291882889777	-0.844267312135859	10.7726973012933	10.6689423189225	9.94108475721707	0.831612544076176	EPI
ENSG00000150093.19	-0.446707158203244	8.08040344797429	0.0364152184430961	0.972321290549138	-0.780420365615809	1.75274165616495	8.11835062584207	7.7478575877294	9.5344766571322	1.78661906940281	SCAT
ENSG00000133318.14	-0.283898571752687	8.06710413588856	0.0366362133918555	-0.587696522689926	-1.66708919528605	1.07939267259613	5.31911036210256	6.4445569427634	7.49537413882032	2.17626377671776	SCAT
ENSG00000102962.5	0.609091621523403	8.06249429723083	0.0366845669635217	1.38362757883683	3.52454411165184	-2.14091653281501	1.29787466360402	0.832054517500902	0.0486783999435046	1.24919626366052	EPI
ENSG00000118495.19	-0.265616588511266	8.06160284475302	0.0366845669635217	-0.504194023629656	-2.18465391332521	1.68045988969556	3.00353234989726	3.77492735664036	5.23095376589229	2.22742141599503	SCAT
ENSG00000066629.17	-0.567518088745222	8.05770674538898	0.0366990444101009	2.88153651721097	-0.0565640578182265	2.93810057502919	3.67539316209233	1.87438948365264	4.06368204528967	2.18929256163703	SCAT
ENSG00000172270.19	0.697192554614853	8.05612751899181	0.0366990444101009	-1.27892654114291	0.0852689666648281	-1.36419550780774	6.72613103813355	8.53201343351188	7.22590341076395	1.80588239537833	META
ENSG00000285973.2	-0.255122838081365	8.04895546357851	0.0367946359611363	1.67035249028369	-1.91544446566297	3.58579695594666	1.02869583342548	0.534344856506341	2.10100724159321	1.56666238508687	SCAT
ENSG00000171951.5	0.205830120428667	8.0407572699875	0.0369178045204209	4.40677708222178	4.58623336772037	-0.179456285498588	2.00082059708823	0.209337940887042	0.0720380424038819	1.92878255468435	EPI
ENSG00000248429.5	-0.343460381245836	8.04027851827268	0.0369178045204209	2.2929994146677	-1.57075759879891	3.86375701346661	0.55667049525758	0.0506953441953864	1.35298252547664	1.30228718128125	SCAT
ENSG00000212588.1	0.34284063353361	8.0384709178618	0.0369337025888206	-3.26753191227846	-2.19711903763171	-1.07041287464675	0	1.08262339276112	0.408074339942316	1.08262339276112	META
ENSG00000111058.8	-0.53282711141805	8.03425012375702	0.0369933926044801	0.748837705071124	-1.46037963665992	2.20921734173104	4.77594141351178	4.12418916679766	6.53110441346993	2.40691524667227	SCAT
ENSG00000131969.15	-0.347585580077033	8.03157188240566	0.0370251669774155	1.57675600469615	-2.09993357768802	3.67668958238417	0.954484458801033	0.458790170760517	2.12782209705572	1.6690319262952	SCAT
ENSG00000109576.14	0.0866420821411998	8.0289279376844	0.0370530788380459	3.00870106395143	2.12533994411465	0.883361119836789	2.44730995733192	1.06895317383607	1.25081952575406	1.37835678349586	EPI
ENSG00000148730.7	-0.373339745000454	8.02818085914187	0.0370530788380459	0.190517604039871	-0.961959936559332	1.1524775405992	7.33465672594686	7.78024729774677	8.90962800421264	1.57497127826577	SCAT
ENSG00000123360.12	-0.427353003634112	8.02371582163276	0.0370852715165545	-0.662027206863043	-1.99123621157823	1.32920900471519	3.33578147349455	4.23738635465208	5.51779440712483	2.18201293363029	SCAT
ENSG00000260007.3	0.690256607096729	8.0234690965216	0.0370852715165545	-4.01922119650931	-1.53927359915524	-2.47994759735407	0.288142641728005	2.42548880883412	0.628883451472344	2.13734616710611	META
ENSG00000244486.8	0.176579541087303	8.02270676461473	0.0370852715165545	2.16732539977473	2.48296831650959	-0.315642916734867	3.75866560436383	2.17533659656014	1.83380424380146	1.92486136056236	EPI
ENSG00000172901.20	-0.595641634439106	8.02165281787484	0.0370876189828489	0.413111998182819	-3.02806214511215	3.44117414329497	2.8302339964207	2.66300574402168	5.82065618141518	3.1576504373935	SCAT
ENSG00000277363.5	-0.552854562486386	8.01955307344408	0.0370923338103896	0.533081687101709	-2.56762512680303	3.10070681390474	1.5102245676882	1.51736804376556	3.50037855286277	1.99015398517457	SCAT
ENSG00000185274.12	0.56994699429447	8.01704800270356	0.0371210164467975	-0.804093960245701	2.68543804491117	-3.48953200515687	1.52673120584056	2.34823464911615	0.349106133706593	1.99912851540956	META
ENSG00000090530.10	0.639251874670541	8.00534814703822	0.0372488372347372	0.748289043337381	3.26981297291244	-2.52152392957506	3.7055662987688	3.30387526009771	1.39396598898053	2.31160030978827	EPI
ENSG00000225217.1	-0.50580023885426	8.00028293958725	0.0372928330987455	0.115626765878642	-3.4072590837499	3.52288584962854	1.25150288844249	1.2592090303592	3.46026001628624	2.20875712784375	SCAT
ENSG00000122254.7	0.489467325985184	7.99075899001562	0.037409560569653	0.283307315477585	4.11440933601771	-3.83110202054012	2.98967473300789	2.80414310679493	0.606099526812241	2.38357520619565	EPI
ENSG00000118407.15	-0.209164202205525	7.98804612741979	0.0374334180207385	3.18054556018004	1.18087701834063	1.99966854183942	2.81637991212712	1.21468048041925	1.98730385617689	1.60169943170787	EPI
ENSG00000106771.13	-0.385873022567818	7.98575938180408	0.0374553051955056	-0.35869823451737	-1.46740741069618	1.10870917617881	4.78202175218497	5.57336534648314	6.68236649239472	1.90034474020975	SCAT
ENSG00000121753.12	-0.65721226340905	7.97374209216288	0.0375962641370018	2.05198312659655	-0.999144182655107	3.05112730925166	2.41212386574	1.38910237288914	3.48782493229237	2.09872255940323	SCAT
ENSG00000140527.15	-0.375320264292043	7.96644405799378	0.037714727827061	1.79446155994452	-1.95846154044609	3.75292310039062	0.909490281230882	0.443560706856307	2.01485699522235	1.57129628836605	SCAT
ENSG00000161533.12	-0.446094539494498	7.96477354675117	0.0377202559423627	0.210880282088051	-1.5121509519828	1.72303123407085	4.98142096244702	5.17653866156926	6.92680195862592	1.9453809961789	SCAT
ENSG00000255346.10	-0.447453190882263	7.96390973116544	0.0377202559423627	1.02135811512345	-2.48297410073863	3.50433221586208	0.373887648467226	0.272961238032139	1.65260091205307	1.37963967402093	SCAT
ENSG00000278600.1	0.288582482214625	7.96127127181237	0.0377212721395646	-3.61970703826389	-2.96888442529883	-0.650822612965059	0.877481178234932	3.2494520559242	2.35240688084268	2.37197087768927	META
ENSG00000245105.4	-0.695733461660305	7.96081873450704	0.0377212721395646	2.557354244808	-0.911305860096375	3.46866010490438	2.11049240558765	0.974733006646238	2.91393731713728	1.93920431049104	SCAT
ENSG00000185567.7	-0.497135535302683	7.95991479084962	0.0377212721395646	0.152303392518084	-2.86129018989489	3.01359358241297	3.02974913254789	2.72048224046146	5.14651736008492	2.42603511962347	SCAT
ENSG00000139985.7	-0.327869881783128	7.95971917045978	0.0377212721395646	-1.44542378154006	-3.62640416965605	2.18098038811599	0	0.303673658207041	0.981565959141754	0.981565959141754	SCAT
ENSG00000182983.15	-0.60047463543756	7.95822538374898	0.0377321577347971	1.76556837519946	-1.27764328395057	3.04321165915002	2.38291968519822	1.67406276564265	3.52737821450642	1.85331544886377	SCAT
ENSG00000106948.16	0.688427947886609	7.95370036660574	0.0377995177378197	-1.14742411422827	0.238347096962323	-1.38577121119059	5.81665680814184	7.56236640108576	6.06675763640405	1.74570959294392	META
ENSG00000134668.12	0.257542208931756	7.95142807282957	0.0378080571861785	2.97502567076838	3.37351475946011	-0.398489088691723	1.97487211701569	0.668675144438727	0.367128925058843	1.60774319195685	EPI
ENSG00000119729.12	-0.615975407748901	7.94367374095374	0.0379360151456825	0.593608120766188	-1.39297158774331	1.9865797085095	4.76932069191799	4.35958797681967	6.59284154130892	2.23325356448925	SCAT
ENSG00000104760.17	0.400458479856661	7.94046254205158	0.0379792095339376	2.44037881209839	3.53060397067098	-1.09022515857259	1.11399307445645	0.377019020495597	0	1.11399307445645	EPI
ENSG00000148513.18	-0.522262547121781	7.9385117200311	0.0379988217977162	0.105413476996515	-3.341277121477	3.44669059847352	0.32233549179996	0.220866877030062	1.53589167054512	1.31502479351506	SCAT
ENSG00000100678.18	0.467865382934767	7.93629446809345	0.0380234577626839	1.81224126111426	4.12469407472068	-2.31245281360642	2.99701340398928	2.41618979463532	0.736922026863944	2.26009137712534	EPI
ENSG00000167617.3	0.329125346255421	7.93331447508357	0.0380624568099119	2.55982766498768	3.75473750445217	-1.19490983946448	3.44251199403787	2.14784540674626	1.12223081222307	2.32028118181481	EPI
ENSG00000188803.15	-0.390909707949788	7.92284756331816	0.0381576087907812	1.76500999025379	-2.0168275794532	3.78183756970699	1.48277945623985	0.975718196699783	3.10911841881553	2.13340022211574	SCAT
ENSG00000138316.11	0.492277504554135	7.91899859240914	0.0382020941118873	2.3925534818118	4.3025914643525	-1.9100379825407	1.57873684024943	0.749895594353521	0	1.57873684024943	EPI
ENSG00000280347.1	-0.121940270951747	7.91615718842791	0.0382259594235842	-2.18537519571231	-2.87858908460072	0.693213888888403	1.21858949263434	2.79791351448414	3.11637244646061	1.89778295382627	SCAT
ENSG00000196295.12	-0.0116416215137883	7.91562836823155	0.0382259594235842	-0.972801507788991	-1.63623107688467	0.663429569095679	3.81313919429284	5.25904662521872	5.74514527959151	1.93200608529866	SCAT
ENSG00000265908.1	-0.547757881002852	7.90895092731246	0.038284356619183	-1.54995012205481	-4.28519620188788	2.73524607983307	0.0784830721432681	0.538892140844545	1.78301566595976	1.7045325938165	SCAT
ENSG00000261326.4	0.157338878705404	7.90757646568968	0.0382934108706163	-2.84353420274918	-3.3741464425289	0.53061223977972	0.816931767934625	2.5046731623026	2.43601263675436	1.68774139436798	META
ENSG00000115310.18	-0.414083469548399	7.89709113192498	0.0384414818587345	0.216060687053789	-1.24316260031696	1.45922328737075	7.28527499343522	7.72218970308371	9.11978088282154	1.83450588938632	SCAT
ENSG00000139329.5	-0.135456826772974	7.89186690954454	0.0385093857664775	3.0473536911801	2.63759110718229	0.409762583997817	7.42718365753457	4.90142824581768	5.31473912022126	2.5257554117169	EPI
ENSG00000171385.9	-0.265036722031061	7.89173856112685	0.0385093857664775	0.653474451775304	-2.33239087984944	2.98586533162475	2.01659057806541	1.95106658575284	3.87891324647481	1.92784666072197	SCAT
ENSG00000151789.12	-0.0968561044451722	7.88636461448887	0.0385462600462758	3.41975488062958	2.35638788318445	1.06336699744513	3.31946545707868	1.45588429179751	1.80005910587566	1.86358116528117	EPI
ENSG00000068366.20	-0.561208967668404	7.88498550897278	0.0385462600462758	0.20698912751514	-1.48663831012764	1.69362743764278	4.58430080150894	4.70562170498634	6.45435649729663	1.87005569578769	SCAT
ENSG00000087085.15	0.565597651277173	7.88477507524555	0.0385462600462758	-2.61227125270506	2.53792512371801	-5.15019637642307	1.85270528365255	4.50301942111567	1.20164886464716	3.30137055646851	META
ENSG00000182621.18	-0.638196288851126	7.88329641237156	0.0385513833150284	0.714806226489691	-1.34887743227421	2.0636836587639	4.26397929659069	3.97095599309312	5.91026409957157	1.93930810647845	SCAT
ENSG00000099994.11	0.640762148441147	7.87792403712566	0.038637107083873	0.417723263222291	2.85290937097767	-2.43518610775538	2.65530400293846	2.79664427209944	1.01050543952964	1.78613883256981	META
ENSG00000143819.12	-0.632279430868873	7.87673755888168	0.0386428022100507	0.849929587548898	-0.857634664406912	1.70756425195581	6.44838256254866	6.11325907354386	7.90507013503125	1.79181106148739	SCAT
ENSG00000000003.15	-0.537594043259037	7.87567718242006	0.0386460918476639	2.38450274743769	-1.03128042002058	3.41578316745827	3.37814550130609	2.01208116974492	4.55119068922142	2.5391095194765	SCAT
ENSG00000271971.1	-0.454857144622326	7.87441795792949	0.0386532003529166	0.323648589893558	-3.02834182732192	3.35199041721548	0.126591782393969	0.0722315641736887	1.08334027661134	1.01110871243765	SCAT
ENSG00000259370.2	-0.157106724765613	7.86942684320107	0.038714883778873	-1.71517024643406	-3.74703779597046	2.03186754953639	0.482991039420182	1.18668434975633	2.02730212956433	1.54431109014415	SCAT
ENSG00000128595.17	-0.391651672514053	7.86339772001164	0.0388137501720272	1.4619565390185	0.110033237995286	1.35192330102322	6.74114586647583	5.84217116550749	7.20891915670743	1.36674799119994	SCAT
ENSG00000173926.6	0.444528847428802	7.86042028139143	0.0388412131734092	-2.63149506951767	-1.98520874575354	-0.646286323764137	1.88580147601494	4.1727693434539	3.37168203802895	2.28696786743896	META
ENSG00000160606.11	0.210121879133717	7.85350877307571	0.0389533050619466	-3.48069880318501	-3.22059699068183	-0.260101812503176	0.214058079043808	1.52501800239342	1.13213025693564	1.31095992334961	META
ENSG00000149418.11	0.699467685918734	7.84934658323002	0.0389944291043038	0.20745887345744	3.23781622171658	-3.03035734825914	3.38320296084041	3.70913993265191	1.41458339699778	2.29455653565413	META
ENSG00000267361.1	-0.225418241129414	7.8414590946341	0.0391142912270569	1.10763972307138	-2.48352277562475	3.59116249869613	0.541221421845647	0	1.11609577844763	1.11609577844763	SCAT
ENSG00000234771.3	-0.0457308231452411	7.84051251662775	0.0391142912270569	-2.01648912717095	-2.73031995637609	0.713830829205136	1.62332021609214	3.30282131434246	3.66114778480996	2.03782756871781	SCAT
ENSG00000119681.12	0.299988535359487	7.83286840251046	0.0392341360895426	0.977465893414031	2.02118899164746	-1.04372309823343	7.84388105324885	7.50083970194543	6.42258577763256	1.42129527561629	EPI
ENSG00000176014.13	-0.332332860268717	7.83149970780431	0.0392436612068391	0.00894533336345671	-1.18805636290871	1.19700169627217	5.63594688244661	6.2059226229853	7.35157079636994	1.71562391392333	SCAT
ENSG00000132554.20	-0.660281722056826	7.82761065597978	0.0392613073274781	2.37231808110531	-0.787534091052013	3.15985217215732	3.96107130488593	2.42597682620142	4.97471428059	2.54873745438858	SCAT
ENSG00000103021.9	-0.33712153114045	7.82295673293712	0.0392896726112575	3.37171093539829	-0.790811288818227	4.16252222421651	2.13533242037211	0.697279526169779	2.64943436568283	1.95215483951305	SCAT
ENSG00000143127.13	0.354979465584522	7.8212108727806	0.0392896726112575	2.58834565504492	3.9399750649468	-1.35162940990189	3.77951219796914	2.11802416443793	1.10022812155153	2.67928407641761	EPI
ENSG00000186448.15	-0.68473784039215	7.82007059150771	0.0392896726112575	1.71107368416477	-1.00948773638941	2.72056142055418	3.69441475691278	2.59432074710102	4.76663001928893	2.17230927218791	SCAT
ENSG00000163879.11	-0.260543963766418	7.81948934254841	0.0392896726112575	2.82202450307048	0.748490602705703	2.07353390036478	3.51038776566258	1.75164360503381	2.86352023976357	1.75874416062877	EPI
ENSG00000188488.14	-0.385322433039006	7.81273789311151	0.0393676250216746	3.64785615950841	-0.015669135550715	3.66352529505912	1.16647259981243	0	1.14865238829052	1.16647259981243	EPI
ENSG00000123908.12	0.662797864165012	7.81177595721517	0.0393676250216746	-1.20775939100815	-0.0849139971333204	-1.12284539387483	5.91219524093276	7.68771075240875	6.51836800870827	1.775515511476	META
ENSG00000198794.12	0.605674710154597	7.80639899118327	0.0394263068862216	1.16401738578314	4.05160995111765	-2.8875925653345	2.55056863076962	2.12179661393427	0.54282643541629	2.00774219535333	EPI
ENSG00000185129.7	-0.634164505278684	7.80466808513733	0.0394323477540298	1.13322125484936	-0.233881213866304	1.36710246871567	6.09313423458093	5.51303799964088	6.85365593456477	1.34061793492389	SCAT
ENSG00000044446.12	-0.054760830433861	7.80434857050789	0.0394323477540298	-1.04877684950654	-1.63999489430298	0.591218044796443	3.64577656829499	5.0024268747596	5.48416209062971	1.83838552233473	SCAT
ENSG00000251301.7	0.697766119606396	7.79958202282786	0.0395031521154814	0.402089097128631	4.01010494558223	-3.6080158484536	2.14009503584945	2.26865946954168	0.297214972053711	1.97144449748797	META
ENSG00000136854.21	-0.641387656319286	7.79858641437055	0.0395031521154814	0.944743849993786	-0.970782349238662	1.91552619923245	5.83725740971777	5.29753959169331	7.34651534153681	2.0489757498435	SCAT
ENSG00000279088.1	-0.645028347066502	7.79654531781114	0.0395173489235729	1.48769581242687	-2.05930326122573	3.5469990736526	1.61916691486013	1.0767833057743	3.0435870569643	1.96680375118999	SCAT
ENSG00000141449.14	-0.440078845389175	7.79556870464504	0.0395194723260363	-0.331734680977549	-3.73518063829717	3.40344595731963	0.512513678667795	0.880181034598521	2.87262979967266	2.36011612100486	SCAT
ENSG00000171189.17	0.662863327082267	7.79101730981636	0.0395532020406013	0.690391056191191	3.51770824589935	-2.82731718970816	1.47986334020042	1.43187978289171	0.120343760598507	1.35951957960191	EPI
ENSG00000166432.15	-0.284854422083617	7.79033905231818	0.0395532020406013	-0.603479957580211	-2.04395013549777	1.44047017791756	2.90028415958236	3.67051539688052	4.91687828476296	2.0165941251806	SCAT
ENSG00000124613.8	-0.309310106415379	7.78951944649803	0.0395532020406013	2.54808795958441	-1.55407155374589	4.1021595133303	1.82969742974738	0.906915950372374	2.64496732914019	1.73805137876782	SCAT
ENSG00000188266.14	-0.570994109559163	7.78604356388526	0.0396046897496028	1.32492685672019	-2.04896583198544	3.37389268870562	1.57589785381633	1.14095742561109	2.90707396271812	1.76611653710703	SCAT
ENSG00000133328.4	-0.404159878610049	7.77715896043177	0.0397513140945722	-1.07640285308835	-3.54815238175958	2.47174952867124	0	0.258734058280663	0.96796900531464	0.96796900531464	SCAT
ENSG00000116096.6	-0.566851708755549	7.77474214383792	0.0397724828456708	1.30783924064118	-2.06442207716274	3.37226131780392	2.02230680685297	1.56737095591297	3.65099073685331	2.08361978094034	SCAT
ENSG00000273729.1	-0.425030490754035	7.76446732956835	0.0399298755595982	-1.68323248506208	-3.40973278082843	1.72650029576635	0.198895455507202	1.01318074832264	1.61666760845421	1.41777215294701	SCAT
ENSG00000155744.9	-0.0372536275031179	7.7624268695236	0.0399427130244368	-1.238374145513	-1.73890705531494	0.50053290980194	3.76054494931941	5.28242388159904	5.65129509618844	1.89075014686903	SCAT
ENSG00000226133.6	0.357895035925292	7.76057820463614	0.0399558829007855	1.90031168245094	4.16003268979094	-2.25972100734	1.76322963969175	1.06430668626752	0.132055457296066	1.63117418239568	EPI
ENSG00000140470.14	0.417074788349177	7.75759638009177	0.0399810463372657	1.34863569810965	3.61035799869957	-2.26172230058992	4.18627686354337	3.49951025068604	1.79538641532807	2.3908904482153	EPI
ENSG00000061676.15	-0.52848349861362	7.75188688572841	0.0400780192518833	1.08363149838434	-0.643450053995914	1.72708155238025	5.79728282389061	5.10657813429439	6.96189112942276	1.85531299512837	SCAT
ENSG00000140853.15	0.675645693804651	7.74621645999729	0.040174492549247	-1.26299631817949	0.965567614011789	-2.22856393219128	4.6288707179528	6.35812567079037	3.86251412445927	2.4956115463311	META
ENSG00000123096.11	-0.651448798410646	7.74407655874593	0.0402002321332211	1.74518032833427	-0.926797181417214	2.67197750975148	4.18263271284893	2.77332514951703	5.55789751746738	2.78457236795036	SCAT
ENSG00000229800.1	-0.649626506225962	7.73902091687545	0.0402394006708193	-1.27144735464191	-4.13739514243728	2.86594778779537	0	0.326934109013718	1.43473899373736	1.43473899373736	SCAT
ENSG00000248869.7	-0.373803315174061	7.73869922565678	0.0402394006708193	1.35427466164482	-2.29027759833944	3.64455225998426	0.402047901969644	0.0444405122149149	1.14215042719552	1.0977099149806	SCAT
ENSG00000163820.15	-0.612779523209723	7.73720537261625	0.0402522327436082	0.42937508149707	-0.956988314040183	1.38636339553725	6.11988805977973	6.31897084242158	7.64593846606295	1.52605040628321	SCAT
ENSG00000228782.7	-0.24684403475135	7.73080830629741	0.0403639563306885	-1.49488669129626	-3.22628873769446	1.7314020463982	0.127681388422011	0.69610123948547	1.26163885727039	1.13395746884838	SCAT
ENSG00000130300.9	0.293330235777925	7.72766573118075	0.0403756428982527	1.18076794466699	2.11637881572766	-0.935610871060662	6.10133581290207	5.51407919632858	4.52847863310218	1.57285717979989	EPI
ENSG00000151025.11	-0.487980101271634	7.71779066437267	0.0405319703060657	1.08508404834568	-3.08190887942022	4.1669929277659	0.355419224718299	0.141544737971337	1.69968357551313	1.5581388375418	SCAT
ENSG00000117519.16	-0.501778039594841	7.71738606635399	0.0405319703060657	1.81719490013312	0.271661584486565	1.54553331564655	6.65319311993733	5.22683641857955	6.94174565570539	1.71490923712584	SCAT
ENSG00000237234.7	-0.292354198008555	7.71544425069557	0.0405540932322294	-0.321591736668384	-4.25853347750136	3.93694174083298	0.730625987077674	0.64907126967874	2.70957515637865	2.0605038866999	SCAT
ENSG00000232374.5	-0.288170840056812	7.71420493295077	0.0405619667849765	1.09441156791087	-2.13231953030022	3.22673109821109	0.322464593219174	0	0.905471179538541	0.905471179538541	SCAT
ENSG00000275993.3	0.612627565285035	7.71214172430837	0.0405865967648763	1.34845536755257	3.27094064014855	-1.92248527259598	1.86979126621411	1.40296207976987	0.343596279784805	1.5261949864293	EPI
ENSG00000143951.16	-0.177481935384184	7.71053214800232	0.0406020268512765	0.184101126569959	-2.1966540721635	2.38075519873345	2.77582071170173	3.00701187095507	4.66577653963217	1.88995582793044	SCAT
ENSG00000075826.17	0.0296235879531672	7.70691716852781	0.0406583053855268	-2.83403181857572	-3.05383251052329	0.219800691947564	1.6694118930896	3.82736623947971	3.79203416614973	2.15795434639011	META
ENSG00000145506.14	0.45238155039441	7.70426832841693	0.0406949774320415	2.01587969082445	3.15971777762184	-1.14383808679739	1.98201897617546	1.20205209535204	0.458007532644137	1.52401144353132	EPI
ENSG00000124003.13	-0.463670231784697	7.70067780660917	0.0407509299173768	0.0441651775088732	-2.99273862645507	3.03690380396394	0.213998605940208	0.291793697009008	1.29017438599569	1.07617578005548	SCAT
ENSG00000196715.7	-0.423679519446636	7.69863580784644	0.0407748538458716	-0.114424222810542	-1.81401603365751	1.69959181084697	5.16117853974639	5.68036996799462	7.41264960445891	2.25147106471251	SCAT
ENSG00000164040.18	-0.45791073148545	7.69280792657305	0.0407748538458716	0.130473221717082	-1.31778206804607	1.44825528976316	4.97496821198552	5.32154394167268	6.74869224932004	1.77372403733451	SCAT
ENSG00000086967.10	0.680573121004004	7.69148774016399	0.0407748538458716	-0.941761331331881	2.95148786176579	-3.89324919309768	0.834907735223149	1.64138938501888	0	1.64138938501888	META
ENSG00000165929.13	-0.223617186022172	7.69093521300208	0.0407748538458716	-1.34314108585431	-2.64248284615615	1.29934176030184	2.3527922567252	3.67551159377171	4.83707770546773	2.48428544874253	SCAT
ENSG00000152661.9	-0.0959132801513714	7.68916969692669	0.0407748538458716	2.47825470721849	1.65413962299336	0.824115084225138	6.80174887166025	4.780155385663	5.54720579600213	2.02159348599725	EPI
ENSG00000125354.23	0.689487441152563	7.68548036817382	0.0408022691100834	-0.504541174831314	1.91834631995215	-2.42288749478347	4.95779632442039	5.93300208436287	3.54038053056245	2.39262155380042	META
ENSG00000167785.9	-0.635528544702017	7.68321350617525	0.0408314434941616	0.860739036446114	-1.81973932841098	2.6804783648571	2.3178084378406	2.05106272428879	3.92480878815838	1.8737460638696	SCAT
ENSG00000136830.12	0.563657307336883	7.68023785657305	0.040867244838403	0.454967961833257	2.2846196220721	-1.82965166023884	6.51385803676236	6.75562232418967	4.7372636599845	2.01835866420517	META
ENSG00000125868.16	-0.639901820765453	7.67978372433629	0.040867244838403	1.76436817824565	0.390836910030114	1.37353126821553	7.3196624704253	6.06849533835539	7.53557174389169	1.4670764055363	SCAT
ENSG00000145390.11	-0.527698949494441	7.67450950336023	0.0409521145524283	0.12991741523974	-1.7020150240136	1.83193243925334	4.74832129996313	4.76199160907093	6.86182223305503	2.1135009330919	SCAT
ENSG00000077238.14	0.677023656811984	7.67396985405531	0.0409521145524283	-1.01723443799933	1.87904355219544	-2.89627799019477	4.97117908268437	6.5928844694005	3.33444367173329	3.25844079766722	META
ENSG00000125965.9	-0.528482440366061	7.67017954688238	0.041012835449436	0.207456780176494	-2.96557110632918	3.17302788650568	0.261892133266067	0.247004668567513	1.32025260074103	1.07324793217352	SCAT
ENSG00000280339.1	-0.682355738622183	7.66706543458868	0.0410424196333878	1.3154941159707	-2.18441146713881	3.49990558310951	3.33936153458879	2.58428715061896	6.01633001060374	3.43204285998478	SCAT
ENSG00000230953.2	-0.465258262648354	7.65676385537411	0.0412087375233101	-0.311734316283651	-3.76053638161593	3.44880206533228	0.0179802311149379	0.0722655936064298	1.2743818409097	1.25640160979476	SCAT
ENSG00000262454.4	-0.361424339112877	7.65650378868389	0.0412087375233101	1.54660237645659	-2.15526961957881	3.7018719960354	2.13548902441655	1.43411294432945	3.78364445062022	2.34953150629077	SCAT
ENSG00000088179.9	-0.654561161585171	7.65403699318877	0.0412425171411246	0.523241452895185	-1.10476429801473	1.62800575090991	4.47570470093194	4.37956328357521	5.95033940695122	1.57077612337602	SCAT
ENSG00000226696.6	0.259082555366683	7.65302729261551	0.041246108286522	-2.66020106601183	-2.62983804296655	-0.030363023045281	1.26383802672689	3.19653540717186	2.96931054472269	1.93269738044497	META
ENSG00000076706.17	-0.547037473526632	7.64547925960424	0.0413681929562819	1.101171480125	-1.81502412197232	2.91619560209732	6.80056638113728	6.1271733760789	9.16066201924194	3.03348864316305	SCAT
ENSG00000235530.7	0.203260089336115	7.64339697899311	0.0413941602626767	-3.00040436295054	-3.57430928610914	0.573904923158601	0.0541714141551114	1.19476861161321	1.10870093086995	1.1405971974581	META
ENSG00000176692.8	0.0924233409692905	7.64027656692739	0.0414418008956006	3.46427044191494	5.2313306027385	-1.76706016082356	3.24386524172463	1.36401013135811	0.567311096463797	2.67655414526084	EPI
ENSG00000286699.1	-0.441015187388122	7.63729066939029	0.0414693057532589	-1.53123889861109	-3.65005228245951	2.11881338384842	0.600833736410921	1.49740718361836	2.56066079676183	1.9598270603509	SCAT
ENSG00000184349.13	-0.355077955728775	7.63568224998101	0.0414771042235943	2.75547419789211	-0.822475364000262	3.57794956189238	3.64430888611821	1.92017983623723	4.29413946275832	2.37395962652109	SCAT
ENSG00000132623.16	-0.369041871747639	7.63525118140188	0.0414771042235943	1.69378282208774	-1.96370122153724	3.65748404362498	1.80714210411955	1.05572298689191	3.15793252763352	2.10220954074162	SCAT
ENSG00000135094.11	0.6566714202165	7.63078614683275	0.0415530353735248	0.227639426001815	4.03133475372125	-3.80369532771943	1.95523844613271	2.08254436962607	0.162285503167829	1.92025886645825	META
ENSG00000250995.1	-0.599537989326654	7.62707924925351	0.0415991977111683	-0.904525273415792	-3.99359467628537	3.08906940286958	0.350874061542099	0.602496968627654	2.11500583611373	1.76413177457163	SCAT
ENSG00000113580.15	-0.325437238709633	7.61277053382949	0.0418617805319937	-0.234254164857901	-1.16366827166822	0.929414106810317	6.05665543531402	6.88490927303497	7.78713133009929	1.73047589478527	SCAT
ENSG00000124343.13	-0.473563714026893	7.61031469125835	0.0418786148967676	-1.20182820935505	-4.00722286198775	2.8053946526327	0.644264685431592	1.62706087848824	3.06179617312988	2.41753148769829	SCAT
ENSG00000126878.13	-0.649061652515414	7.60390739868383	0.0419790732326991	2.68683470706916	-0.443832856266841	3.130667563336	3.68119882782548	1.85675018472619	4.40351981006751	2.54676962534132	SCAT
ENSG00000277632.2	0.602786083008025	7.59912943898863	0.0420628237179633	-0.94977618170762	3.14662248331857	-4.09639866502619	2.80009239497192	4.11972146181547	0.840278173294093	3.27944328852138	META
ENSG00000261934.2	-0.649325657396474	7.59356279411978	0.0421459791815826	2.23693162566981	-1.66753963736662	3.90447126303643	1.65614841442373	0.899267605487596	3.00794841461469	2.1086808091271	SCAT
ENSG00000169083.17	-0.471323180102583	7.59222646520058	0.0421474907288824	0.141225540160667	-1.4779065881793	1.61913212833997	4.7291561397782	4.85033731247894	6.5700665701621	1.8409104303839	SCAT
ENSG00000115008.5	0.329218644999523	7.5918402321562	0.0421474907288824	-2.43209826294947	1.67556926400918	-4.10766752695865	0.6257497047846	1.94695284997839	0.049586929593713	1.89736592038467	META
ENSG00000242268.3	-0.488652116274901	7.59088664883121	0.042150223173499	0.410364488656112	-3.35915278737239	3.7695172760285	0.48516488847225	0.545709051529295	2.21816620540196	1.73300131692971	SCAT
ENSG00000168298.6	0.697872880383196	7.58636974050241	0.0421928389889715	0.0328234491676778	1.50458485647466	-1.47176140730698	7.7455112249833	8.25386534388842	6.8866430346168	1.36722230927162	META
ENSG00000093144.19	-0.632553579059006	7.58558879441849	0.0421928389889715	0.933994496207745	-1.16275494927795	2.09674944548569	4.92803986312276	4.16036743194442	6.53837705006425	2.37800961811983	SCAT
ENSG00000158769.18	-0.332728296747388	7.58318445553517	0.0422186371660384	-0.736861165678208	-1.97920605906803	1.24234489338983	3.00620940212719	4.08020192549423	5.07499754895744	2.06878814683025	SCAT
ENSG00000136111.14	-0.51039905010431	7.57851967230938	0.0422559268419683	1.14778056065561	-0.994579888983893	2.1423604496395	5.0314995941821	4.23596117002861	6.4574160658657	2.22145489583709	SCAT
ENSG00000272734.1	-0.578443984029679	7.57320482014623	0.0423520000028846	0.404053766584864	-2.56230955979326	2.96636332637812	1.70826237187614	1.77888576423403	3.76511808425631	2.05685571238017	SCAT
ENSG00000271857.1	0.503746537191896	7.57006453796877	0.0423952216719794	1.90068222608	4.16460069581116	-2.26391846973116	1.79123427326584	1.08837289914371	0.129883162917218	1.66135111034862	EPI
ENSG00000132681.16	-0.583256075319879	7.56954666025906	0.0423952216719794	-1.73594847210669	-3.67579983813665	1.93985136602995	0.389954625263918	1.1370223932652	2.10485615899856	1.71490153373464	SCAT
ENSG00000175161.13	-0.69326700608309	7.56687847669163	0.0424348674601431	1.53142329542968	-2.28526805662481	3.81669135205449	2.13647976588695	1.55311877059432	4.34090634940497	2.78778757881065	SCAT
ENSG00000238099.3	-0.310250812971287	7.56479739627454	0.0424619581728886	-0.0306278062949748	-3.16713301380326	3.13650520750829	0.307636337546176	0.516723378291202	1.92455006668991	1.61691372914374	SCAT
ENSG00000127954.12	0.336330535358932	7.563249880925	0.0424651608883013	1.837919930623	2.23651721237783	-0.398597281754828	5.34057524977065	4.10308241496216	3.42383496383937	1.91674028593127	EPI
ENSG00000080573.7	-0.527222590089903	7.56048006898504	0.0425019843321652	2.06627853589529	-0.350712911872729	2.41699144776802	6.48715137449081	5.12814464365885	7.44611215429322	2.31796751063436	SCAT
ENSG00000129116.19	0.0410192741138914	7.55598127470826	0.0425812230260731	1.76733363658187	1.96647100633416	-0.199137369752286	6.96269131444588	5.7330667250407	5.47820750689275	1.48448380755313	EPI
ENSG00000067704.10	-0.452336180830537	7.55110452853002	0.0426535740036048	-0.0365690227305239	-1.43300288718999	1.39643386445947	4.52684941434635	4.95763200079132	6.3473597716847	1.82051035733834	SCAT
ENSG00000162734.12	-0.591042848192251	7.55012460904166	0.0426535740036048	1.23548393588254	-0.304618825965693	1.54010276184824	6.54268269865822	5.83018465093401	7.41510544264758	1.58492079171358	SCAT
ENSG00000028277.21	0.683695912884204	7.54580908624659	0.0426951368369129	-1.17028947528631	2.079347957311	-3.2496374325973	3.09027275692844	4.62415517286614	1.86905683048841	2.75509834237773	META
ENSG00000271447.6	-0.637592357965662	7.54484838930709	0.042698303828847	1.68157665992884	-1.60754636959778	3.28912302952662	2.98585058789179	2.13965030156106	4.67254260929626	2.5328923077352	SCAT
ENSG00000102802.10	-0.678601646304895	7.54322115516094	0.0427158958565183	3.27592558743603	-0.312037975542179	3.58796356297821	3.37221648264313	1.65104339938758	4.25483822265102	2.60379482326345	SCAT
ENSG00000112562.18	-0.276967843523963	7.53366982671172	0.0428602462704786	3.46075141797452	1.61345239679106	1.84729902118345	3.79084693350876	1.70663827066673	2.71218280532214	2.08420866284203	EPI
ENSG00000258230.2	0.21346526217086	7.53242829106488	0.0428617946203647	-2.77177927213479	-2.81909391947983	0.0473146473450465	0	0.810795139561692	0.608711061265598	0.810795139561692	META
ENSG00000229463.2	0.659395847921581	7.5314494099184	0.0428654381537341	-3.5789688367514	-1.61238403760002	-1.96658479915138	0.084109044207827	1.81746252108148	0.518910786292099	1.73335347687365	META
ENSG00000160179.18	0.6192698013185	7.52419968930224	0.0430055907044968	-0.626523900862554	1.64899875299678	-2.27552265385933	4.43429622610557	5.62562660602202	3.08240570468427	2.54322090133775	META
ENSG00000162493.16	-0.312191390374777	7.52020569637683	0.0430750882737341	3.53562794667555	0.698761483067816	2.83686646360773	1.21698604650829	0.0925539710167322	0.86023031920109	1.12443207549156	EPI
ENSG00000275580.1	-0.486971940755808	7.51650457535237	0.0431210116308925	-0.203791737031909	-3.12174731242466	2.91795557539275	0	0	0.735323938272584	0.735323938272584	SCAT
ENSG00000247400.4	0.441483162687575	7.51189309352831	0.0431838363882729	-3.02484979841651	-3.00204142441138	-0.0228083740051271	0.477367674546677	2.13173333477513	1.54488454970456	1.65436566022845	META
ENSG00000166436.16	-0.24489414843976	7.50993780472777	0.0431838363882729	-1.35787411964589	-2.41441077393047	1.05653665428458	2.2400945363496	3.68647558238294	4.43555380652477	2.19545927017516	SCAT
ENSG00000276070.5	0.471705384566929	7.50877164734795	0.0431838363882729	-1.77057459561876	2.27268983524851	-4.04326443086728	2.67430905151321	3.75545934581359	0.984972472017646	2.77048687379594	META
ENSG00000258818.4	-0.533471880279922	7.50737533158355	0.0431967727260679	0.469981114932949	-3.00240733853293	3.47238845346588	0.116178448293052	0.0647629190579584	1.0899998371878	1.02523691812984	SCAT
ENSG00000196415.10	0.58532572730653	7.50162227421099	0.0432700182072891	-1.52386651936768	4.1842091030175	-5.70807562238519	4.03211241897403	5.81203793467443	1.54997287010945	4.26206506456498	META
ENSG00000224003.1	0.13336078895061	7.49950604390932	0.043298851939382	-3.41690552132585	-3.99234289570369	0.575437374377849	0.575816023761114	2.59721393360652	2.68540870341675	2.10959267965563	SCAT
ENSG00000188153.13	-0.674118499082758	7.47604435321806	0.0437468003653216	1.87753417245374	-2.05052975234886	3.92806392480259	1.40042588975887	0.896421638161979	2.87536501949706	1.97894338133508	SCAT
ENSG00000267737.1	-0.140883398531369	7.46917250087766	0.0438766468414748	-1.60100012356411	-3.92562842042059	2.32462829685648	0.263060605434294	0.973294941551845	1.763660377271	1.5005997718367	SCAT
ENSG00000173546.7	-0.684501256395021	7.46861681757964	0.0438766468414748	1.20221018110347	-2.30804264902618	3.51025283012965	4.90197022811961	3.41576130300233	7.66509073006115	4.24932942705882	SCAT
ENSG00000256630.1	-0.445719319913146	7.46766858516944	0.0438775354551131	-0.464704788377249	-3.33900364199517	2.87429885361792	0.116178448293052	0.350011307497589	1.2645801411856	1.14840169289254	SCAT
ENSG00000162366.8	0.582419829426171	7.46537710461889	0.0438775354551131	-3.21432816474729	0.045248060787817	-3.25957622553511	1.08804738563329	3.83726450835521	1.23097817301203	2.74921712272191	META
ENSG00000164211.13	0.448873809415712	7.46172903759725	0.0439233604513842	1.66173965740143	3.78275497945232	-2.12101532205089	2.05464180891981	1.30977726344052	0.290693693123279	1.76394811579653	EPI
ENSG00000110076.18	0.365962940102722	7.46078325932433	0.0439260602697919	0.815945734008365	3.26553681459016	-2.4495910805818	4.5062926527861	3.87374411465441	2.11200856148516	2.39428409130094	EPI
ENSG00000138674.17	-0.325153295302044	7.46001225648435	0.0439260602697919	1.35890187961034	0.569748092867862	0.789153786742478	6.9972831247363	6.26074946812491	7.00413539440907	0.743385926284158	SCAT
ENSG00000234456.8	-0.650115582805953	7.45802430577781	0.0439526984009567	1.22067867988057	-0.479765595284341	1.70044427516491	5.70871163865031	4.93196971136784	6.71029327651212	1.77832356514428	SCAT
ENSG00000177173.5	0.692803318637489	7.45720451698964	0.0439532073360589	-2.70534316690546	0.0750556564961409	-2.7803988234016	1.96990400743592	4.56611866527237	1.91430566815236	2.65181299712001	META
ENSG00000081818.4	-0.176660854090846	7.4560573546545	0.0439610540284793	3.56052495748589	0.375332989129935	3.18519196835596	2.12484676588246	0.637624439262554	1.95785932909857	1.48722232661991	EPI
ENSG00000145391.13	-0.590444322187401	7.45449868297773	0.0439781288249817	0.824745538617423	-0.923696969792916	1.74844250841034	6.80174863400338	6.40355978027283	8.35785774742666	1.95429796715383	SCAT
ENSG00000198851.9	0.638961421763062	7.44267155491669	0.0441205328030071	-1.02869537812222	2.90174383197739	-3.9304392100996	2.24995702523919	3.31956126794727	0.969757779528243	2.34980348841903	META
ENSG00000157110.16	-0.650188922462878	7.44186652295075	0.0441205328030071	0.788610756805618	-1.41890227798214	2.20751303478775	4.83180899711819	4.24769150896476	6.69692786866262	2.44923635969786	SCAT
ENSG00000204592.9	0.630628241825292	7.44168619930386	0.0441205328030071	-0.482798948639512	0.835507408487456	-1.31830635712697	8.11923842928675	9.15908672230843	7.86897827639733	1.2901084459111	META
ENSG00000246022.3	-0.387434555031585	7.44126653910867	0.0441205328030071	0.0284785229003405	-4.01484150026094	4.04332002316128	0.339540926069198	0.501434549800668	2.14555716363131	1.80601623756211	SCAT
ENSG00000151422.13	-0.650962722544378	7.4411848535695	0.0441205328030071	0.925791464864029	-0.861399374302566	1.7871908391666	4.79646540252463	4.18508768961959	6.06249850268079	1.87741081306121	SCAT
ENSG00000259417.3	-0.203117340468337	7.43700658215136	0.0441749155117962	-2.051741908926	-4.15508631706313	2.10334440813713	0.259502924053475	0.824186833836219	1.70442205504597	1.44491913099249	SCAT
ENSG00000205981.8	-0.670509559175497	7.43334829177108	0.0442189585458571	1.50562467572835	-1.38829974897551	2.89392442470387	2.7043294947073	2.05361350932628	4.11963490309849	2.06602139377221	SCAT
ENSG00000252822.1	-0.412947190205031	7.43214382614245	0.0442189585458571	-1.1529004620028	-3.74283396308095	2.58993350107815	0	0.229758601921896	1.09212957119858	1.09212957119858	SCAT
ENSG00000169760.17	-0.223297394658216	7.43188941485019	0.0442189585458571	3.16666447824958	0.080904226116699	3.08576025213288	3.38147878651066	1.51751594544989	3.29307788957833	1.86396284106077	EPI
ENSG00000156475.18	0.594216947809783	7.43055695807769	0.0442225580547028	0.476575981224332	3.47291209791393	-2.9963361166896	1.18124368753448	1.21855484751255	0.0251598135658084	1.19339503394674	META
ENSG00000183691.5	0.530380027899269	7.42936122551665	0.0442225580547028	0.617908369288256	3.36033852878085	-2.7424301594926	1.02493790718334	0.984201557090453	0	1.02493790718334	EPI
ENSG00000143858.12	-0.440931639838671	7.4268139992905	0.0442353253977066	-0.221680778036168	-2.51379094208524	2.29211016404907	1.32297876578393	1.74103995944206	2.93129471787475	1.60831595209082	SCAT
ENSG00000249751.4	-0.369848123296166	7.41938110883151	0.0443528189053709	2.96064464279456	-0.340515373900144	3.30116001669471	1.27656894869619	0.259518961197072	1.32433792083137	1.06481895963429	SCAT
ENSG00000104435.13	-0.140952259396107	7.41495869732721	0.0443941096751854	6.29936844012042	6.55900003681309	-0.259631596692671	3.88664681855378	0.56100443628554	0.662914226639244	3.32564238226824	EPI
ENSG00000146414.16	-0.387511639576714	7.41439129524489	0.0443941096751854	0.00986422635128862	-1.1537481767117	1.16361240306299	4.93868703547364	5.41582537575477	6.53498213578664	1.596295100313	SCAT
ENSG00000172037.14	-0.55921363378207	7.40716218979184	0.0445266674920977	2.05429411474887	-0.46276714535337	2.51706126010224	6.9332003390357	5.41357566231416	8.04251830256102	2.62894264024685	SCAT
ENSG00000196684.12	0.625045073576958	7.40515187371697	0.0445395452134582	-2.1197453264629	2.2511562415469	-4.3709015680098	1.54555302826329	3.4696322330116	0.798272390511535	2.67135984250007	META
ENSG00000227486.2	-0.536149733809535	7.39977133998439	0.0446233512286812	1.08317766147652	-1.90072800807789	2.98390566955441	1.57996797574389	1.24426492698631	2.84452426918609	1.60025934219978	SCAT
ENSG00000261349.1	0.463452624622554	7.39903913593962	0.0446233512286812	-3.54104627037439	-1.19922102727502	-2.34182524309937	0.0490025263904854	1.57469351824976	0.358360879816758	1.52569099185928	META
ENSG00000141655.17	0.660348626649729	7.395535028409	0.0446643842214467	1.07270434808929	3.62014705003166	-2.54744270194237	2.98040779783874	2.45775302671336	0.965113159233445	2.0152946386053	EPI
ENSG00000147202.18	-0.419723609446356	7.39452822661665	0.0446643842214467	-0.0605692738899444	-1.2123904794576	1.15182120556766	5.01648300198731	5.63303371724689	6.67175744705815	1.65527444507084	SCAT
ENSG00000138829.12	0.51510841718753	7.39420109980111	0.0446643842214467	1.01734757119679	3.96869307388159	-2.9513455026848	2.75296576553942	2.12746688849297	0.56922897730138	2.18373678823804	EPI
ENSG00000086548.9	0.620018843860435	7.39238119518116	0.0446703418447134	-1.00724292048257	4.09193011044086	-5.09917303092343	2.72505159042619	3.79149682104291	0.793917446807079	2.99757937423583	META
ENSG00000165181.16	-0.279377196045097	7.39115049353385	0.0446805970880236	-1.77889888624921	-4.00730169117299	2.22840280492378	0.176581418480671	0.768581309684357	1.74095670367084	1.56437528519017	SCAT
ENSG00000233038.6	0.602803386462845	7.37855125456772	0.0449051161677219	0.679488339262374	3.4617708437877	-2.78228250452533	1.04620362301801	1.05579942851767	0	1.05579942851767	META
ENSG00000187942.12	-0.670208830941258	7.37718178862339	0.0449051161677219	0.15303922548432	-3.13243899343168	3.285478218916	1.06988809628381	1.09512930501604	2.9485795274988	1.87869143121499	SCAT
ENSG00000288007.1	-0.233846030437182	7.37663579249482	0.0449051161677219	-1.63488221978921	-3.53304221442917	1.89815999463996	0.19754161415886	0.536798154779899	1.28586335689745	1.08832174273859	SCAT
ENSG00000138738.10	-0.380451964215728	7.37475615058917	0.0449051161677219	2.27779933737475	0.295642745722811	1.98215659165194	4.13897565285442	2.50131739288997	4.08495026237218	1.63765825996446	EPI
ENSG00000176658.17	0.154017089859555	7.37382306986909	0.0449051161677219	1.36453117147866	2.03027299221222	-0.665741820733561	4.83634839761185	3.99515197337215	3.35247496979571	1.48387342781615	EPI
ENSG00000186335.9	0.0755085055807452	7.36954760710382	0.0449456972746392	3.28644487761261	3.94742716901388	-0.660982291401271	1.42807979927956	0.237336544051746	0.0190230502751276	1.40905674900444	EPI
ENSG00000228224.3	-0.154018837063303	7.36386275271821	0.0450218691801012	3.59163356165749	0.66131899064682	2.93031457101067	2.49352532004601	0.742801592168006	1.80032999634434	1.750723727878	EPI
ENSG00000238123.1	-0.571262594946474	7.36262239755219	0.0450326471584963	1.17765245736713	-2.7187106875354	3.89636314490253	0.802486274921915	0.653349314350276	2.27593595514589	1.62258664079562	SCAT
ENSG00000148737.17	-0.564864936842471	7.35949841897835	0.0450690972289111	0.481318690909427	-0.984888514634924	1.46620720554435	5.16793244801092	5.20342929748846	6.63515674520692	1.467224297196	SCAT
ENSG00000110435.12	-0.575593042938644	7.35865225086519	0.0450708075499315	0.496749356464239	-1.22682954311906	1.7235788995833	4.44077704755993	4.31532866977624	6.06330062475249	1.74797195497625	SCAT
ENSG00000196458.11	-0.694589629357567	7.35756144513488	0.0450781792053298	1.27377605565226	-1.56122064210838	2.83499669776065	3.01497293054076	2.3025042250391	4.70733486008063	2.40483063504153	SCAT
ENSG00000121210.16	0.494560929125276	7.35516364668745	0.045115783788351	-2.6710727198672	-1.60548135051558	-1.06559136935162	3.73942216201385	6.64076959629285	5.30700794990771	2.90134743427899	META
ENSG00000225630.1	-0.475604754810468	7.35284656441224	0.045151566624268	2.21777924978231	0.962927181303621	1.25485206847869	9.36294173200212	7.6158394467412	8.94236668099983	1.74710228526092	EPI
ENSG00000164695.5	0.178814213995314	7.35175190271396	0.0451573387772489	2.94283876722843	4.55411885162947	-1.61128008440104	1.77517953480766	0.5373362127519	0.0251598135658084	1.75001972124185	EPI
ENSG00000099194.6	-0.655960382176992	7.3505195691788	0.0451573387772489	1.50383544724223	-1.44951221747206	2.95334766471429	9.25422824774572	7.85859299066144	11.2528538364893	3.39426084582784	SCAT
ENSG00000140876.11	-0.332011947953936	7.34889077131405	0.0451573387772489	0.0625932102295229	-3.24148203377026	3.30407524399978	0.44352811809001	0.583684736430744	1.92054745997781	1.4770193418878	SCAT
ENSG00000188343.13	-0.5304402547447	7.34860692593159	0.0451573387772489	2.62912029401676	-0.519481336222703	3.14860163023947	3.2768248036413	1.84049713949857	3.93494648464338	2.09444934514481	SCAT
ENSG00000164294.14	-0.081289992709536	7.34797903921755	0.0451573387772489	3.77828958941154	1.65980151859905	2.11848807081249	3.94547632159562	1.6001953481215	2.64592751545149	2.34528097347412	EPI
ENSG00000204860.5	0.656113064857515	7.34450926778353	0.0451835351225519	-3.93175364514956	0.928445196129621	-4.86019884127918	0.307524732276485	2.82040062173861	0	2.82040062173861	META
ENSG00000279159.1	0.478880419531607	7.34446513927998	0.0451835351225519	-2.61696242097219	-1.62459385385951	-0.992368567112685	2.82592581898536	5.59790143869379	4.30996133761764	2.77197561970843	META
ENSG00000180638.17	-0.464957378367643	7.34387878440337	0.0451835351225519	-0.00228632466631055	-3.53279488504393	3.53050856037762	0.130659022995031	0.15208676748183	1.34036906712252	1.20971004412749	SCAT
ENSG00000196141.14	-0.490277788532893	7.34358578642833	0.0451835351225519	1.72140206528807	0.433388045888419	1.28801401939965	5.86865138332127	4.54770713665299	5.95588836694519	1.4081812302922	SCAT
ENSG00000160360.13	0.688076972426221	7.34187522505017	0.0451920628960444	-0.106711168009053	2.95675009779108	-3.06346126580014	4.03084412403418	4.48483285785959	1.96666458707712	2.51816827078247	META
ENSG00000121361.5	-0.680871984639712	7.33561812872242	0.0452894917833094	2.13027750011711	-1.13039831412348	3.26067581424058	1.79895233850723	0.98454204548338	2.71325054283481	1.72870849735143	SCAT
ENSG00000012171.20	-0.551353084659724	7.33488616031141	0.0452894917833094	0.7723521230768	-2.63793106784958	3.41028319092638	2.9755586741907	2.77900183102107	5.66141233413857	2.88241050311749	SCAT
ENSG00000214944.9	-0.618457921452543	7.33391808011768	0.0452894917833094	1.37477754129522	-1.05871193889329	2.43348948018851	4.08387591770424	3.16144451356173	5.47511300346586	2.31366848990413	SCAT
ENSG00000168389.17	0.552245913185644	7.33379069585281	0.0452894917833094	-0.226944944080212	2.7920915306614	-3.01903647474161	3.02017320165971	3.34688108734172	1.21746984063333	2.12941124670839	META
ENSG00000109339.23	-0.583120589626619	7.33308746389148	0.0452894917833094	2.24372755439163	-1.36720108362509	3.61092863801673	4.45370295700125	2.6972254599097	6.17548412749263	3.47825866758293	SCAT
ENSG00000119630.14	0.673932587870448	7.33149473145948	0.0453063366504446	0.691034432234187	3.09799591952143	-2.40696148728725	3.48250750513253	3.33131247469674	1.47541031588854	2.00709718924399	EPI
ENSG00000253305.2	-0.552993387365971	7.33083542533616	0.0453063366504446	2.22294580904289	-1.08043760147012	3.30338341051301	2.33643855897509	1.30953661862677	3.26743910848561	1.95790248985884	SCAT
ENSG00000140990.15	-0.670083141555351	7.3297595399069	0.0453136080285347	1.23150463259997	-0.22406225064775	1.45556688324772	6.05322395655057	5.34422207731347	6.79172866525353	1.44750658794007	SCAT
ENSG00000235782.1	-0.388939095229102	7.32387645853561	0.0454106001756707	0.149759325945787	-3.18249381734475	3.33225314329054	0.355569360245738	0.570852488482474	1.82566123975386	1.47009187950812	SCAT
ENSG00000287762.1	-0.382705093164962	7.32297928604636	0.0454106001756707	-0.156439671365362	-3.04948327250881	2.89304360114345	0.104905511080188	0.205485906996736	1.1098619878807	1.00495647680052	SCAT
ENSG00000156042.18	-0.278821425755077	7.32254763154961	0.0454106001756707	-0.607102710283036	-3.04415098732745	2.43704827704441	1.45600929309556	2.05789132311909	3.49176053355379	2.03575124045823	SCAT
ENSG00000143224.18	0.660332971770191	7.32023295260186	0.0454121908186807	-2.46510588480683	-1.03793692695081	-1.42716895785601	2.02201207235045	4.33765013943527	2.78887256669208	2.31563806708482	META
ENSG00000149201.10	-0.42139378671702	7.3186752919489	0.0454121908186807	-0.711737505051474	-3.38898386969677	2.67724636464529	0	0.142434753498025	0.879267253019754	0.879267253019754	SCAT
ENSG00000137491.15	0.673650023840577	7.31626650651477	0.0454329593672446	0.164434702619556	2.2111674410037	-2.04673273838415	5.03965066857088	5.53267062569809	3.3054308582299	2.22723976746818	META
ENSG00000267882.2	0.185150893302928	7.31153775982833	0.0454997242807186	-3.16443956556255	-2.7603740672954	-0.404065498267141	0.236416969435568	1.86543884962189	1.38817070199601	1.62902188018632	META
ENSG00000135144.7	-0.0361503232324061	7.309298727215	0.045520527667029	-1.59971076831568	-2.26496198537046	0.665251217054776	2.98450149983348	4.64491342664932	5.31898276402776	2.33448126419427	SCAT
ENSG00000278540.5	-0.511034011364832	7.30872993655749	0.045520527667029	0.359920249654862	-1.73450306718364	2.09442331683851	4.85298642161544	4.6758684393215	6.98408807407145	2.30821963474995	SCAT
ENSG00000123094.15	-0.574864880442288	7.30744824990012	0.045532808263058	1.75011915417613	0.367298158879356	1.38282099529677	5.41091805255146	4.10022902643172	5.52846413775873	1.42823511132701	SCAT
ENSG00000179335.18	0.648141084426616	7.30484268380722	0.0455761305859489	-1.52241867030884	-0.081391362163248	-1.44102730814559	5.03431087939066	7.06757205919402	5.5352308290664	2.03326117980336	META
ENSG00000228536.3	-0.304198039484919	7.29360069759605	0.0457871144452099	1.66111805677568	-1.92789542648679	3.58901348326248	0.507834427797478	0.0722315641736887	1.2267296272354	1.15449806306172	SCAT
ENSG00000122729.19	-0.422466993608588	7.29036349796498	0.0458456721162746	0.485769219669749	-1.68512167308438	2.17089089275413	5.70307354111834	5.52095173344197	7.8319317398421	2.31098000640014	SCAT
ENSG00000102181.21	-0.698779159470342	7.28854608840438	0.0458703200740876	1.16305658469624	-0.684434160378665	1.8474907450749	5.44499514083951	4.6692411172979	6.63467549823139	1.96543438093349	SCAT
ENSG00000241935.9	-0.327546718394954	7.28781107593631	0.0458703200740876	0.207292454268162	-2.92219269796549	3.12948515223365	0.513813075496367	0.780797234519913	2.08045385316204	1.56664077766567	SCAT
ENSG00000119711.13	-0.550809118936826	7.28691297143591	0.0458737282981055	0.512038243022074	-1.21181971210937	1.72385795513144	4.57817228748188	4.39351131100155	6.13483332217839	1.74132201117684	SCAT
ENSG00000226055.2	0.0573016339267478	7.28304032967503	0.045947498114748	-2.28229339924974	-3.12894227838825	0.846648879138508	0.0281017873567746	0.768091525550998	0.852276021011183	0.824174233654408	SCAT
ENSG00000221962.5	0.427448664499929	7.27921205065693	0.0460203650472781	-3.29025391994324	-2.33044241666001	-0.959811503283227	1.54352434919226	4.0479368688308	2.96311954855615	2.50441251963853	META
ENSG00000155011.9	-0.534878461992284	7.26988726263008	0.0461795494291863	0.068286020468124	-3.40913105784292	3.47741707831105	0.322938003938968	0.545207506063043	1.90653103432236	1.58359303038339	SCAT
ENSG00000223519.8	-0.474690468282361	7.26904804586457	0.0461795494291863	0.229161578119695	-3.25471130042871	3.48387287854841	0.0921367337857419	0.0277910519587738	1.12686008195913	1.09906903000036	SCAT
ENSG00000163485.17	-0.246577920131363	7.26875521250057	0.0461795494291863	-0.561175604214735	-4.04309218153597	3.48191657732124	0.922223798434136	1.51080780659325	3.64491171154524	2.72268791311111	SCAT
ENSG00000143429.10	-0.0846139687162693	7.26753309127399	0.0461907813433821	3.28027353915991	0.654349403078786	2.62592413608112	0.925802178881571	0	0.661426087305498	0.925802178881571	EPI
ENSG00000186522.15	-0.582259032615784	7.26274838161557	0.0462679166046157	2.019313744294	0.214474782953339	1.80483896134066	5.38726492200588	3.64951791106639	5.65667139265997	2.00715348159358	SCAT
ENSG00000253661.2	-0.327851870392513	7.2611333821612	0.0462691888097509	3.5182136535314	0.483502576263972	3.03471107726743	1.77677890817155	0.430670825382912	1.58798957010622	1.34610808278863	EPI
ENSG00000154556.18	-0.0428249325894208	7.2604978974321	0.0462691888097509	2.5511946746711	2.4526813745276	0.0985133001434977	4.64116527435421	2.9319589406193	2.92403627438218	1.71712899997203	EPI
ENSG00000171812.13	0.13621580637822	7.25739221554491	0.0462984615011968	3.04776681676747	2.29778708877538	0.749979727992088	2.68282598233843	1.24523156484938	1.38670346751575	1.43759441748905	EPI
ENSG00000105926.15	-0.290320353130047	7.25702810737545	0.0462984615011968	1.72189693908704	1.23889794474742	0.482998994339629	6.20822073201856	4.90949227619791	5.496550882284	1.29872845582065	EPI
ENSG00000128536.16	-0.344107320116087	7.25499713027262	0.04632914543368	-0.33357130113644	-2.86202738265043	2.52845608151399	1.45073549130758	2.00028538651596	3.60321293790945	2.15247744660187	SCAT
ENSG00000238018.2	-0.146776977100718	7.253387851257	0.0463497720753144	-2.02197828368692	-4.4519681991329	2.42998991544598	0.421362544128339	1.26629183194519	2.412198014616	1.99083547048766	SCAT
ENSG00000174951.11	0.665772818694912	7.24785901054662	0.0464464619927791	-0.765748899860751	3.19519325929073	-3.96094215915148	2.09280071751467	2.78791099679081	0.221296610605847	2.56661438618496	META
ENSG00000173848.19	-0.583984822188473	7.24549605210553	0.0464494996567145	1.16241638229013	-0.283995828871324	1.44641221116145	7.23308624133163	6.65632077407212	8.14674519691478	1.49042442284266	SCAT
ENSG00000175727.14	0.692615886677857	7.23655074657879	0.0465929570509025	-1.23472152168079	0.262646405799855	-1.49736792748064	5.95588637846758	7.77750335891065	6.17420424063937	1.82161698044307	META
ENSG00000232901.1	-0.463996766012375	7.23263928218551	0.0466514057252859	0.330716081608431	-3.29600551280435	3.62672159441278	0.160491999057645	0.234880970909183	1.51752305332129	1.35703105426364	SCAT
ENSG00000205364.4	-0.477251683124844	7.22390661248802	0.0468265877670226	1.72568293629645	-1.46946465708102	3.19514759337748	2.21944147908393	1.52335595535317	3.45474521578566	1.93138926043249	SCAT
ENSG00000134243.12	-0.42951300253977	7.21964293320135	0.0468940095213379	0.243735118842053	-1.68868546129037	1.93242058013243	5.88286444944648	6.15884522782354	8.12089352262221	2.23802907317573	SCAT
ENSG00000136542.9	0.572571754216072	7.21202698407459	0.0470611637383938	0.535115583073094	4.44039407686265	-3.90527849378955	3.42774346150825	3.00650746820724	0.7879952884732	2.63974817303505	EPI
ENSG00000246922.8	-0.297936942707177	7.20542278711992	0.0472042748735206	-1.33348535260036	-2.58791783273882	1.25443248013846	1.79672868665463	2.96309527009712	3.66896924579181	1.87224055913718	SCAT
ENSG00000237422.2	-0.667154516866669	7.20201802381875	0.0472562456296113	-1.71267913687654	-4.00302201663289	2.29034287975635	0	0.354520720581554	1.30924079621505	1.30924079621505	SCAT
ENSG00000103932.12	-0.525535150481629	7.20181992884938	0.0472562456296113	-0.148991411999795	-1.62052006598049	1.4715286539807	3.30680717591265	3.77883927134727	5.09650995423622	1.78970277832357	SCAT
ENSG00000177340.5	0.618883893342957	7.19969623918128	0.0472720812539922	0.534789880304099	3.87483822787742	-3.34004834757332	1.52802636371352	1.5753504865011	0.0707568310047942	1.50459365549631	META
ENSG00000137693.14	-0.561421981303819	7.19894287851652	0.0472724581276658	1.20340168428809	-1.02747042708339	2.23087211137147	5.86702961483651	4.93411852596333	7.4241321325518	2.49001360658847	SCAT
ENSG00000270661.1	-0.371947894709173	7.19530197718323	0.0473436284006439	-1.12363927222424	-3.80031183471242	2.67667256248818	0.079142420252281	0.668176668371432	1.59987600720671	1.52073358695443	SCAT
ENSG00000165156.15	-0.671787498223711	7.19058928711129	0.0474231707487682	0.83455824705346	-0.707658360641184	1.54221660769464	6.07065469449075	5.73406375078998	7.33240358704088	1.59833983625091	SCAT
ENSG00000265907.2	0.606205723649677	7.18852958273515	0.0474356414470874	-3.75121495350221	-1.15756181930303	-2.59365313419918	0.158760810351806	1.95391875783121	0.366822039046662	1.79515794747941	META
ENSG00000197956.10	-0.542533324944476	7.18802763079421	0.0474356414470874	0.452067729990771	-1.08449094710042	1.53655867709119	6.2047603826073	6.32461605610371	7.87894204191299	1.6741816593057	SCAT
ENSG00000135363.12	0.681153892080065	7.18787392587553	0.0474356414470874	-0.108114433264841	2.03519378842268	-2.14330822168752	4.80712940890002	5.4913470223418	3.29884821033362	2.19249881200818	META
ENSG00000286163.1	-0.450421515879137	7.18300522536109	0.0474831188280453	-0.812427527190004	-3.82532804486492	3.01290051767491	0.110319623992447	0.345386761012635	1.47086413413657	1.36054451014412	SCAT
ENSG00000099256.19	0.605254859582836	7.18035237196833	0.0475304026059889	1.37119491231329	3.18787883236581	-1.81668392005252	2.62105089726889	2.06141413106779	0.857570720695697	1.76348017657319	EPI
ENSG00000172716.16	0.662114333633513	7.17761660935327	0.0475617006319361	0.133669715590954	1.74980904396175	-1.61613932837079	5.20632346618795	5.58282531432055	3.89421802706024	1.68860728726031	META
ENSG00000156574.10	-0.433713669243299	7.17634497280734	0.047574996371411	-0.750841933324813	-3.37669149402938	2.62584956070457	0.0510406328955063	0.282090330410951	1.14885857142773	1.09781793853222	SCAT
ENSG00000155657.26	0.389914812051842	7.17184983217555	0.0476679853638942	-1.66798879380064	-0.707026360562896	-0.960962433237747	5.16704153145633	7.32350835131138	6.32991634199816	2.15646681985504	META
ENSG00000141429.13	0.201714145965855	7.16797595151229	0.0477457936217822	1.45117944908433	1.38266410926208	0.0685153398222497	5.91416356661878	5.03212871418922	5.02291418077518	0.891249385843595	EPI
ENSG00000266265.3	-0.515031335887544	7.16441765091447	0.0477977705541057	-0.838613867556782	-4.1569503432914	3.31833647573461	0.0179802311149379	0.186882126846263	1.2884486788263	1.27046844771136	SCAT
ENSG00000237870.6	-0.411760909432782	7.16268036586786	0.0478227586516294	-0.794432412467942	-3.76170341751982	2.96727100505188	0	0.165925351327643	1.08507383447316	1.08507383447316	SCAT
ENSG00000079150.18	-0.217363274404013	7.15952138738931	0.0478531093970272	2.89069097299254	1.01769386000845	1.8729971129841	3.19646548049786	1.72360253131969	2.53068789227301	1.47286294917816	EPI
ENSG00000178573.7	0.083675541167102	7.15906374780043	0.0478531093970272	1.38902661088936	1.26343737081626	0.125589240073102	6.56579200206646	5.76906009505787	5.82501688168837	0.796731907008598	EPI
ENSG00000198185.11	-0.32139878694186	7.15780946022835	0.0478531093970272	1.63507207946966	-1.06717446891439	2.70224654838406	2.25747832331557	1.43177464700882	2.99736775707014	1.56559311006132	SCAT
ENSG00000113657.13	-0.606504805266108	7.15627812196175	0.0478636059981271	3.03850216480892	0.888226471390159	2.15027569341876	6.39300548726366	3.8215853596519	5.9471665421694	2.57142012761175	EPI
ENSG00000133019.11	0.475624899116008	7.14381973945003	0.0480983494869403	1.43389979842691	4.59435300280428	-3.16045320437737	2.38999485367453	1.66248341333694	0.181749262962042	2.20824559071249	EPI
ENSG00000258986.7	-0.347015022024849	7.14355456138955	0.0480983494869403	-0.255414847445505	-3.10795288989753	2.85253804245203	0.509996776292738	0.810053616838441	2.19939030857991	1.68939353228718	SCAT
ENSG00000270681.1	-0.327141810427877	7.14288090708748	0.0480983494869403	0.683274247937661	-2.57562761984434	3.258901867782	0.322464593219174	0.119648136030957	1.12715092450618	1.00750278847522	SCAT
ENSG00000166278.15	0.601391959189385	7.13925648629698	0.048168568580824	0.734160396450154	3.0135121930201	-2.27935179656995	2.38397083605445	2.03661213667289	0.785976326250284	1.59799450980417	EPI
ENSG00000164171.11	0.278426083450942	7.13862402217786	0.048168568580824	2.4366898782391	2.54289149844556	-0.106201620206452	2.47921438503937	1.38361920291655	1.07535025586886	1.40386412917051	EPI
ENSG00000251257.2	-0.236192435331505	7.13673597937771	0.0481829436277415	-0.97633842096042	-3.5411755205286	2.56483709956818	0.272966579486266	0.867116929278828	1.85371743126335	1.58075085177708	SCAT
ENSG00000158301.18	-0.356442307354734	7.13355435442708	0.0482048040895768	2.14179276577421	-0.670997956133688	2.81279072190789	2.30324241970005	1.26154771744697	2.66168427299771	1.40013655555074	SCAT
ENSG00000152104.12	-0.507140599657299	7.13253351754279	0.0482122534253318	1.63864092095561	-0.203252751499783	1.84189367245539	6.20361866057092	4.95882772772084	6.95384748273971	1.99501975501887	SCAT
ENSG00000258952.2	-0.431592854010162	7.121720341228	0.0484402413177944	0.917204719378183	-2.85447835022085	3.77168306959903	0.332983912709159	0.167273813026435	1.48205015276775	1.31477633974131	SCAT
ENSG00000240891.8	0.509283875861296	7.12070564200852	0.0484402413177944	-2.77798593731347	-2.73692044742308	-0.0410654898903917	0.802205524565027	2.43080840174307	1.74368746114883	1.62860287717804	META
ENSG00000110092.3	-0.311526482049021	7.11985838382609	0.0484402413177944	1.50234515562748	1.0351965328461	0.467148622781379	6.2903333568622	5.23909104494178	5.76513456172688	1.05124231192042	EPI
ENSG00000232742.3	-0.537671349346004	7.11794174555485	0.0484686914448542	1.94680229301496	-1.52985487241502	3.47665716542999	0.592488651025178	0.181847126757006	1.34181178841391	1.15996466165691	SCAT
ENSG00000242732.4	0.600498093394687	7.1172883409254	0.0484686914448542	0.764788602985733	2.31163014257217	-1.54684153958643	5.16698516693894	4.93553342972464	3.1476953293795	2.01928983755944	EPI
ENSG00000230399.1	-0.294420114330388	7.11065556347193	0.0485817445589287	-0.183574700685188	-3.05057464435805	2.86699994367287	0.171684129579372	0.262600020222212	1.17498887893834	1.00330474935897	SCAT
ENSG00000163932.15	-0.0682741172181581	7.10555946130334	0.048692700299891	-0.884168620164457	-1.49388693749233	0.609718317327874	4.71730756250177	6.17266597175923	6.63780365970346	1.92049609720169	SCAT
ENSG00000162735.18	-0.526168697072199	7.0980191311916	0.0488283492230669	0.488831658610515	-1.7461234517386	2.23495511034911	4.38589182604263	4.09332506137459	6.477634390049	2.38430932867441	SCAT
ENSG00000248898.2	-0.367194941905728	7.09711903454434	0.0488283492230669	-0.735140738196057	-3.89922219769122	3.16408145949516	0.193395683270833	0.535066383789198	1.67616044784327	1.48276476457243	SCAT
ENSG00000118292.9	0.35120622284039	7.09333993628531	0.0488703091558098	1.95808972113649	3.20721913836702	-1.24912941723054	3.7296274886536	2.47779230372447	1.52034759485953	2.20927989379407	EPI
ENSG00000149089.13	-0.574885856390044	7.09303507934214	0.0488703091558098	0.687259372989076	-1.88056606010459	2.56782543309367	2.42018003537027	2.3494991448586	4.1941121443809	1.8446129995223	SCAT
ENSG00000153714.6	-0.491399604290874	7.09283447898238	0.0488703091558098	1.2136835018264	-2.66195238863246	3.87563589045886	1.59406924444674	1.41088648848424	3.40395378537832	1.99306729689408	SCAT
ENSG00000129250.12	-0.621870832701832	7.09044132466946	0.0488948094445545	0.93055261006362	-0.474513063408043	1.40506567347166	7.54342822921946	7.20119635996104	8.65287366264457	1.45167730268354	SCAT
ENSG00000270021.1	-0.631899871221445	7.08759814145786	0.0489308521290623	1.18926317116766	-1.9048650366765	3.09412820784415	0.878326395636266	0.56161034065521	1.94916853211388	1.38755819145867	SCAT
ENSG00000237636.2	-0.665281875714074	7.08445321671229	0.0489628600032559	0.842002013502171	-3.55659644054926	4.39859845405143	0.408856353353472	0	1.87186325490892	1.87186325490892	SCAT
ENSG00000133812.15	-0.517060526415304	7.0843907866125	0.0489628600032559	1.15212595610403	-0.396797885275523	1.54892384137955	5.88264600951502	5.23379814073492	6.80469904126952	1.5709009005346	SCAT
ENSG00000008441.16	-0.440515221730691	7.08414084166128	0.0489628600032559	0.240486989606949	-0.892028639754814	1.13251562936176	7.52624452133867	7.91209537367076	9.07174325553987	1.5454987342012	SCAT
ENSG00000272622.2	-0.402837441290715	7.08302503591289	0.0489628600032559	0.67466890598827	-2.41466109264706	3.08932999863533	0.442804618447208	0.347765817361194	1.50419486002562	1.15642904266443	SCAT
ENSG00000106483.12	-0.324256689941901	7.08204375651901	0.0489628600032559	3.08048679733407	1.25840487254591	1.82208192478816	5.8976392794512	3.526058960068	4.82142259390203	2.3715803193832	EPI
ENSG00000117226.12	0.594585112646487	7.08134571970887	0.0489628600032559	1.11749726108191	2.20234161971923	-1.08484435863732	4.49872679607384	3.97115090226147	2.97737257342735	1.52135422264649	EPI
ENSG00000286602.1	0.665707457968111	7.0794831625936	0.0489740303086962	-3.52619629045894	0.431361604284406	-3.95755789474334	0.747501370718152	3.52095473170707	0.664386906436672	2.8565678252704	META
ENSG00000221926.12	-0.577247101348048	7.07028708942699	0.0491550068349687	0.552314245968661	-2.19429700634438	2.74661125231304	1.12499814196983	1.17092395928352	2.47365335690164	1.34865521493181	SCAT
ENSG00000043591.6	-0.39277985450775	7.06945267435226	0.0491581726430243	0.259904200645655	-3.68207821374263	3.94198241438828	1.14210558195938	1.0975643249032	3.54417922467592	2.44661489977272	SCAT
ENSG00000254254.6	-0.314780665896246	7.06590284975583	0.0492128933193047	0.421440782577906	-2.57745233377781	2.99889311635572	0.441368445276793	0.513023033087759	1.54102744558182	1.09965900030502	SCAT
ENSG00000171451.14	-0.481992287295469	7.0609251828739	0.0492862345483051	1.61925430191576	-1.11287999216877	2.73213429408453	3.98261893507778	2.73789216748648	5.19787884263702	2.45998667515054	SCAT
ENSG00000161243.9	-0.499676988390344	7.05877259653472	0.0493234357298841	0.817290159284652	-2.29233763645996	3.10962779574461	1.65373360240493	1.53933795173249	3.49678728847707	1.95744933674458	SCAT
ENSG00000196352.15	0.548142105450905	7.0580645284768	0.0493234357298841	-1.84319105356407	-0.51038685361078	-1.33280419995329	4.42723186798652	6.74023923515705	5.25426405271186	2.31300736717053	META
ENSG00000104738.18	0.679572804598356	7.05444333907989	0.0493949988621251	-1.28281384251595	0.926718872822892	-2.20953271533884	4.57562643986344	6.22553171101154	4.17445061902377	2.05108109198777	META
ENSG00000135253.13	-0.655695422807409	7.05387638140622	0.0493949988621251	1.73465398408595	-2.34554130912773	4.08019529321369	1.03344153665484	0.441716937398131	2.63767482182745	2.19595788442932	SCAT
ENSG00000151208.17	-0.349375088075633	7.05237509427628	0.0493982574373709	1.7860266509984	0.967863941836147	0.818162709162257	6.85188735277515	5.73721140151087	6.48834813343297	1.11467595126428	EPI
ENSG00000270953.1	-0.376555096654768	7.05233506316177	0.0493982574373709	0.0122950476378409	-3.91936895937818	3.93166400701602	0.26612491381458	0.234880970909183	1.71950039004321	1.48461941913402	SCAT
ENSG00000115904.12	-0.39621871876824	7.04434225827197	0.049586984495532	0.414477280636057	-1.07646938777531	1.49094666841137	5.58737572882023	5.6652283942354	7.17235446069391	1.58497873187368	SCAT
ENSG00000233817.1	-0.267966694696881	7.04089575809257	0.0496581747174889	-0.498306762086924	-3.01560418791341	2.51729742582649	0.312363990730555	0.272961238032139	1.14123411228702	0.868272874254884	SCAT
ENSG00000064655.19	-0.417924957967523	7.03855300484418	0.0497007554356515	2.46704819795197	-0.801677665299813	3.26872586325178	3.28819595354111	1.93924969462912	4.0926387229738	2.15338902834468	SCAT
ENSG00000170876.7	-0.559227754378237	7.02546300310191	0.0499873663472581	0.375213798822417	-1.1441488038288	1.51936260265121	4.62579693957995	4.81628885615248	6.16967326869444	1.54387632911449	SCAT
ENSG00000225192.1	-0.503906058195378	7.02368696915862	0.0499956242786835	0.28111810405977	-3.14514523568216	3.42626333974193	0.02642243893692	0	1.02752390838211	1.02752390838211	SCAT
ENSG00000102452.17	0.0339442288357227	7.0234366817709	0.0499956242786835	2.81405962582733	4.42100080343616	-1.60694117760882	2.7078370726928	1.26124460454521	0.64659888392116	2.06123818877164	EPI
