"donor","localization","ensg"
0,0,"ENSG00000225972.1"
2.26438315042065e-12,0.106025539324175,"ENSG00000225630.1"
0,0,"ENSG00000237973.1"
0.233223353303237,0,"ENSG00000229344.1"
0,0,"ENSG00000248527.1"
0,0,"ENSG00000198744.5"
0,0,"ENSG00000228327.3"
5.98932885086578e-17,0.113600569641917,"ENSG00000237491.10"
0,0,"ENSG00000177757.2"
0,0,"ENSG00000228794.9"
0,0,"ENSG00000225880.5"
0,0.109851260822272,"ENSG00000223764.2"
0,0,"ENSG00000187634.12"
2.27722777179823e-07,0.232947864544958,"ENSG00000188976.11"
0,0,"ENSG00000187961.14"
7.20815118880317e-10,0.102212391660575,"ENSG00000187583.11"
0,0,"ENSG00000187642.9"
0,0.329283967595607,"ENSG00000272512.1"
0,0,"ENSG00000188290.10"
0.368433421010115,0,"ENSG00000187608.10"
0.423707902331794,0.0914023596058791,"ENSG00000188157.15"
0,0,"ENSG00000217801.10"
0,0,"ENSG00000131591.17"
0.344919729674182,0,"ENSG00000285812.1"
0.381580431145277,3.07418237420659e-12,"ENSG00000186891.14"
0,0,"ENSG00000186827.11"
0,0,"ENSG00000078808.17"
0,0.139090275982855,"ENSG00000176022.7"
0.592253981489048,0,"ENSG00000184163.3"
0.0295177747894572,6.07966779260207e-15,"ENSG00000260179.1"
0.357243549281445,0.163985562382885,"ENSG00000160087.20"
0.0831850037146268,2.61683376681488e-10,"ENSG00000230415.1"
0.702158580720601,1.49932421814376e-11,"ENSG00000162572.21"
0.39237884247558,0.336320434641162,"ENSG00000131584.19"
0,0.0431905108317951,"ENSG00000169972.12"
0,0,"ENSG00000127054.20"
0.00192701689758498,0.0210115209210689,"ENSG00000240731.1"
0.0119473479155131,1.21310678988053e-06,"ENSG00000224051.7"
0,0,"ENSG00000169962.5"
0,0,"ENSG00000107404.20"
0.495673378131417,0,"ENSG00000162576.16"
0.322601924845127,1.13083168301211e-15,"ENSG00000175756.13"
0,0,"ENSG00000221978.12"
0.109311618844629,0,"ENSG00000224870.7"
0.259031123785638,0,"ENSG00000242485.6"
0.444060998470713,2.98442792457318e-12,"ENSG00000272455.1"
2.81342078131295e-12,0.0208449355691028,"ENSG00000235098.8"
0.140360600569844,4.07653166464003e-08,"ENSG00000225285.1"
0,0,"ENSG00000179403.12"
0,0,"ENSG00000215915.10"
0.0686103698349925,0.0191009801621035,"ENSG00000160072.20"
0.413474543626826,1.14185382052132e-14,"ENSG00000197785.14"
0.0303322049117639,3.61459685659233e-14,"ENSG00000205090.9"
0.876637229827961,0.0475300255775783,"ENSG00000160075.12"
0,0.130485810257075,"ENSG00000215014.5"
0.0981066407787221,0,"ENSG00000228594.4"
0,0,"ENSG00000272106.1"
0.633694122993982,0.0735295680260983,"ENSG00000197530.12"
0.002723678809929,0,"ENSG00000248333.8"
0,0,"ENSG00000189339.12"
0.165608663347206,0,"ENSG00000269737.2"
0.358717253228139,1.08683437632772e-11,"ENSG00000008128.23"
0.354080600470998,1.80127742717979e-12,"ENSG00000268575.1"
0.602245398137252,3.41133517570125e-12,"ENSG00000215790.7"
0.0530670885615822,0,"ENSG00000008130.15"
0.126063957937017,8.05755189493675e-18,"ENSG00000078369.18"
0.00781303274107256,0.0399767381501483,"ENSG00000231050.1"
0.211298136943664,8.69495044588567e-15,"ENSG00000067606.17"
0.185853466158888,0.00868416449537469,"ENSG00000162585.17"
0.342659479389787,0,"ENSG00000157933.10"
0.254966227185566,0.110031513559285,"ENSG00000287356.1"
0.606497260440132,0.283731377246946,"ENSG00000116151.14"
0.418193379267761,0.0880106863961676,"ENSG00000269896.2"
0,0,"ENSG00000157916.20"
0.0799743958788219,0,"ENSG00000157911.10"
0.32453460604863,3.18734721994058e-13,"ENSG00000149527.18"
0.0968279998498744,0,"ENSG00000157881.15"
6.953322178042e-13,0.0344446278853477,"ENSG00000272449.2"
0,0,"ENSG00000238164.6"
0.124467056679626,2.21529929074001e-11,"ENSG00000157873.17"
0,0,"ENSG00000225931.3"
0,0,"ENSG00000157870.16"
0.240886722599064,0,"ENSG00000215912.12"
0,0,"ENSG00000177133.11"
0.297947737200793,1.33845375957912e-24,"ENSG00000142611.17"
0.18517157552224,2.53482467726849e-09,"ENSG00000286518.1"
0,0,"ENSG00000130762.15"
0,0,"ENSG00000162591.16"
0.0886431646341713,2.29096820027158e-12,"ENSG00000158109.15"
0,0,"ENSG00000116213.16"
0,0,"ENSG00000227372.12"
0,0,"ENSG00000235169.8"
0,0,"ENSG00000130764.10"
0,0,"ENSG00000116198.13"
0,0,"ENSG00000169598.15"
0.105816748513984,0.101622539533927,"ENSG00000198912.11"
0,0,"ENSG00000236423.6"
0,0,"ENSG00000131697.18"
0,0.17406969419919,"ENSG00000069424.15"
0.124244946328631,3.83265803177795e-09,"ENSG00000116251.11"
0.3080303508444,3.1524853195506e-14,"ENSG00000158286.13"
0,0,"ENSG00000116237.16"
0.423386808400999,0.0723225489430897,"ENSG00000158292.7"
0,0,"ENSG00000097021.19"
0,0,"ENSG00000187017.17"
0.0232117253365305,2.82563369525601e-23,"ENSG00000215788.10"
0.00393839737039937,0,"ENSG00000171680.22"
0,0,"ENSG00000162408.11"
0.409788349246478,8.02051945386844e-14,"ENSG00000173662.21"
0,0,"ENSG00000204859.13"
0,0,"ENSG00000162413.16"
2.36562538833076e-14,0.0128854732396522,"ENSG00000116273.6"
0,0.00953942285861607,"ENSG00000041988.15"
0.253492500160828,1.08980721880924e-14,"ENSG00000007923.16"
6.74789570992627e-13,0.031516898229712,"ENSG00000237436.1"
0.155084660338935,0,"ENSG00000171735.19"
0.143055559245193,0,"ENSG00000049245.13"
0,0,"ENSG00000049246.14"
0.189877153660312,0,"ENSG00000049249.8"
0.186324297782465,0,"ENSG00000116288.13"
0.325767338072451,0.347340030228077,"ENSG00000284747.1"
0,0,"ENSG00000284716.1"
0,0,"ENSG00000116285.13"
1.39317396174315e-12,0.00408975134755079,"ENSG00000238290.1"
1.10333283892214e-11,0.103391767626587,"ENSG00000162426.14"
0.0435755370264957,0.0308638109842592,"ENSG00000142599.19"
0,0,"ENSG00000232912.6"
0.252424530665958,0.103787854369536,"ENSG00000234619.1"
0,0,"ENSG00000228423.2"
0.407076804930393,0.125010840158746,"ENSG00000074800.16"
0.628596013724267,1.04067675643177e-12,"ENSG00000142583.18"
0.393920831026008,0.2061727636202,"ENSG00000180758.12"
0.342870973641821,0,"ENSG00000228526.7"
3.95470331346316e-19,0.0453358761534111,"ENSG00000234546.4"
0,0,"ENSG00000049239.12"
0,0,"ENSG00000171621.14"
0,0,"ENSG00000284693.1"
0.677826139664693,0.0871201401310643,"ENSG00000171612.7"
0.096853681386043,1.74133012623954e-11,"ENSG00000188807.13"
0.428574924819626,0.0652209691592471,"ENSG00000171608.16"
0.0946157739637558,1.92779978809389e-12,"ENSG00000179840.5"
0,0,"ENSG00000231789.2"
0,0,"ENSG00000171603.17"
0.0513014146760602,2.8264965521785e-11,"ENSG00000178585.15"
0,0,"ENSG00000285701.1"
0,0,"ENSG00000162441.12"
0,0.0550613084978421,"ENSG00000173614.14"
0,0,"ENSG00000283611.2"
0,0,"ENSG00000162444.12"
0,0,"ENSG00000130939.20"
0.0597776556190576,0,"ENSG00000054523.17"
0,0,"ENSG00000284735.1"
0.157193111277127,7.78044151792945e-22,"ENSG00000284642.1"
0.0666134896304923,0,"ENSG00000142657.21"
0,0,"ENSG00000160049.12"
0.16971864961192,6.05171590985234e-13,"ENSG00000142655.13"
0,0,"ENSG00000287727.1"
0,0,"ENSG00000130940.15"
0,0,"ENSG00000272078.1"
0.0203455567909101,3.18872896430281e-10,"ENSG00000120948.17"
0,0.0901683729603937,"ENSG00000009724.17"
0.422141403678901,0.202940551052407,"ENSG00000116649.10"
0.465496193262281,0.0140723503999195,"ENSG00000171824.14"
0,0,"ENSG00000198793.13"
0.117679424563314,5.22270053515841e-11,"ENSG00000171819.5"
0.148848988221302,0.00680836205721731,"ENSG00000120942.13"
0,0,"ENSG00000116661.11"
5.98736105022581e-16,0,"ENSG00000132879.14"
6.45803390968632e-21,0.244036774565085,"ENSG00000116663.11"
0.210725337341045,5.36341063021299e-15,"ENSG00000116670.15"
0.168426975183337,1.73026837871213e-11,"ENSG00000162490.7"
0.071616699030612,0,"ENSG00000177674.16"
0,0,"ENSG00000177000.12"
0.136859290858072,0.102356446493817,"ENSG00000011021.23"
0.720989437095299,9.48774031864727e-21,"ENSG00000285646.2"
0,0,"ENSG00000116685.16"
0,0,"ENSG00000083444.17"
0.0582672013409826,0,"ENSG00000116688.16"
0.0445637475717148,0,"ENSG00000116691.11"
0.355255103921321,9.28711452518209e-13,"ENSG00000120949.15"
0.28993607295603,0,"ENSG00000028137.19"
0,0,"ENSG00000048707.15"
0.315641105327991,0.269746099206106,"ENSG00000162496.9"
0,0,"ENSG00000272482.1"
0,0,"ENSG00000162493.16"
0.182290631785485,0.0356493056531645,"ENSG00000116731.22"
0.286927064413293,0,"ENSG00000189337.17"
0,0,"ENSG00000231606.2"
0,0,"ENSG00000234593.3"
0,0,"ENSG00000287756.1"
0.0582097849796407,0.0810710897135492,"ENSG00000175147.13"
0.422442745186163,9.13698485692754e-13,"ENSG00000171729.14"
0,0.2411016994753,"ENSG00000142621.19"
4.71937820114467e-21,0.00950625379841257,"ENSG00000228140.2"
0.295999687987599,3.60648556828846e-24,"ENSG00000142634.13"
0,0,"ENSG00000162438.12"
0.0432162619096769,2.79954835560688e-10,"ENSG00000132906.18"
0,0,"ENSG00000116138.13"
0,0,"ENSG00000116771.6"
1.41299011498064e-13,0.198284214385743,"ENSG00000197312.12"
7.77335036222434e-12,0.00805446874456237,"ENSG00000116786.13"
0.382387253367529,9.17426086115085e-20,"ENSG00000237938.5"
0,0.0733034300859571,"ENSG00000162461.8"
0,0.341079889223434,"ENSG00000162458.13"
0.301087101419969,2.27432486737383e-09,"ENSG00000233954.6"
0,0,"ENSG00000179743.4"
0.0495642810675841,0,"ENSG00000065526.11"
0,0,"ENSG00000116809.11"
0.671899061992157,0.202474465702953,"ENSG00000173641.17"
0,0,"ENSG00000142627.13"
0,0.00124376301273877,"ENSG00000142632.17"
0.0342458237788049,0,"ENSG00000237276.8"
0.34769501038576,9.00544356259408e-11,"ENSG00000288398.1"
0.232381647143727,9.86565196707953e-13,"ENSG00000132881.12"
2.65089946694481e-11,0.0461599769818217,"ENSG00000037637.11"
0.219178125263515,4.86708173032951e-11,"ENSG00000055070.17"
0.150133533230997,1.28427433424452e-13,"ENSG00000187144.11"
0.327469188407052,1.18862570591303e-11,"ENSG00000157191.20"
0.0359823018841242,8.16190182246162e-11,"ENSG00000226029.1"
0.651290032705722,0.025129380017573,"ENSG00000080947.15"
2.23740039543689e-13,0.502942752842165,"ENSG00000233421.4"
0.642067446080716,0,"ENSG00000219481.10"
0.529746830487407,4.23271526704662e-10,"ENSG00000215908.10"
0.271100525319637,1.53184739178672e-15,"ENSG00000058453.17"
0.279409656055688,8.3892941396728e-10,"ENSG00000117122.14"
0.0376255229728004,1.09165286149426e-23,"ENSG00000159363.18"
0.0696426878692453,3.28473128504691e-12,"ENSG00000117118.9"
0,0,"ENSG00000117115.13"
0,0,"ENSG00000159339.13"
0,0,"ENSG00000179051.14"
0.152902869034086,1.816390518625e-20,"ENSG00000074964.17"
0,0,"ENSG00000117154.12"
0,0,"ENSG00000280222.1"
0.121551709044789,0,"ENSG00000159423.17"
0.0916337039305876,0,"ENSG00000169991.11"
0,0,"ENSG00000272084.1"
0,0,"ENSG00000127481.15"
0,0,"ENSG00000230424.1"
0,0,"ENSG00000127463.15"
0.243152425248283,0.0409028691960064,"ENSG00000053372.5"
0.0533095818631616,0,"ENSG00000053371.12"
0,0.154062311517832,"ENSG00000040487.13"
0.070018948623018,3.83545742003973e-10,"ENSG00000077549.18"
0,0,"ENSG00000240490.3"
6.69459142902745e-11,0.227588567129378,"ENSG00000173436.15"
0,0.170101742785393,"ENSG00000158747.14"
0.0333706535184912,1.52920212742333e-11,"ENSG00000226396.1"
3.5858676570791e-15,0.176941146454106,"ENSG00000158748.4"
2.03966440864825e-12,0.032184566766044,"ENSG00000162542.13"
0.276066583894669,0.0371855914459994,"ENSG00000169914.6"
0,0.188797093450032,"ENSG00000188257.11"
0,0,"ENSG00000127472.11"
0,0,"ENSG00000162543.6"
0.561154966711925,0.346299208577888,"ENSG00000162545.6"
0,0,"ENSG00000090432.7"
0,0.0228256693437151,"ENSG00000158825.6"
0,0.0562646856945217,"ENSG00000158828.8"
0,0,"ENSG00000117242.7"
0,0,"ENSG00000244038.9"
0,0,"ENSG00000117245.12"
0,0,"ENSG00000189410.12"
0.300694933272057,0,"ENSG00000127483.18"
0,0,"ENSG00000075151.20"
4.34537486987166e-13,0.233921456416029,"ENSG00000117298.16"
0,0,"ENSG00000236936.1"
0,0,"ENSG00000231105.2"
0.139887038063153,0.0319627044869611,"ENSG00000142794.18"
0,0,"ENSG00000162551.14"
0.419180599789313,0,"ENSG00000076864.19"
7.71319990914876e-12,0.025731294837573,"ENSG00000090686.16"
0,0,"ENSG00000187942.12"
8.27307340477778e-11,0.0798861623506993,"ENSG00000142798.20"
0.0748304419294165,2.74990911883399e-11,"ENSG00000218510.8"
0.120149685252694,5.61199709379087e-21,"ENSG00000070831.17"
0,0,"ENSG00000230068.2"
0.134162276983064,4.70047809358992e-11,"ENSG00000162552.15"
0,0,"ENSG00000184677.18"
0.167039750376834,9.36666511736889e-19,"ENSG00000173372.17"
0.163505508133056,5.80441958428335e-11,"ENSG00000159189.12"
0.0916710083917304,5.9529208259766e-18,"ENSG00000173369.16"
3.83251642845807e-20,0.130916676526141,"ENSG00000133216.16"
0,0,"ENSG00000004487.16"
0.0734162317709275,2.95094470439833e-11,"ENSG00000169641.13"
0.381300135279781,0.0808748489737496,"ENSG00000229010.1"
0.769091341022875,0,"ENSG00000261326.4"
0.428207820343811,0,"ENSG00000284726.1"
0,0,"ENSG00000125944.20"
0,0.00869201225821598,"ENSG00000125945.15"
0.388025757260409,9.47343473974502e-19,"ENSG00000249087.7"
0,0,"ENSG00000204219.11"
0,0,"ENSG00000088280.19"
0.0341936164071088,0,"ENSG00000007968.7"
5.93833550645346e-17,0,"ENSG00000117318.9"
0.0802840133957357,1.36233124629756e-14,"ENSG00000142676.14"
0.366112571964845,4.01166587528461e-21,"ENSG00000236810.6"
0.0262194096293577,5.67577411097463e-12,"ENSG00000011007.12"
0.149475523991423,4.03918786843986e-21,"ENSG00000057757.10"
3.71041183060851e-14,0.0584115825921467,"ENSG00000011009.11"
0.0738356690296284,0,"ENSG00000117308.15"
0.0951718098379206,2.17938110042113e-21,"ENSG00000117305.15"
0,0,"ENSG00000179163.11"
0.208494489893984,1.62307284364698e-13,"ENSG00000189266.13"
0.143970886864663,5.42629024193886e-15,"ENSG00000188529.15"
0,0.150529706678284,"ENSG00000185436.12"
0,0,"ENSG00000001460.18"
0,0,"ENSG00000001461.17"
0,0,"ENSG00000117602.12"
0,0,"ENSG00000133226.17"
0.0507454678701283,2.16999469722276e-11,"ENSG00000169504.15"
0,0,"ENSG00000020633.18"
0,0,"ENSG00000117614.10"
0.464384035694375,6.24500346100483e-12,"ENSG00000284602.1"
0.0088399230454378,0.294530222236962,"ENSG00000284657.1"
0.271521508775891,0,"ENSG00000117616.18"
0.302092008850465,6.13433737262358e-12,"ENSG00000261349.1"
0.805174128772739,5.26697806452756e-23,"ENSG00000187010.21"
0,0,"ENSG00000183726.11"
8.89079099828826e-15,0.0419131191252992,"ENSG00000188672.18"
0,0,"ENSG00000204178.11"
0,3.08261348901124e-17,"ENSG00000157978.11"
0.125031551060876,0.034142499664245,"ENSG00000117643.14"
0.233882966533189,0.0963248313114325,"ENSG00000233478.1"
0,0,"ENSG00000162430.17"
0,0,"ENSG00000228172.5"
0.0184178908229406,2.05261605348289e-13,"ENSG00000117640.18"
0,0,"ENSG00000127423.10"
0,0,"ENSG00000182749.5"
0,0,"ENSG00000117632.23"
0,0,"ENSG00000158006.14"
0.163924151892839,0,"ENSG00000158008.10"
0.370182148195857,1.20091730337962e-09,"ENSG00000158022.6"
0.174839392639083,0,"ENSG00000175087.10"
8.41104723031177e-17,3.26174652636445e-19,"ENSG00000197245.6"
0,0,"ENSG00000130695.15"
0.0725085516364007,4.34712359947655e-22,"ENSG00000142669.15"
0,0,"ENSG00000158062.20"
0.0604516338937595,6.84238542792218e-08,"ENSG00000169442.9"
0.039689935849015,1.97847124658437e-12,"ENSG00000117682.17"
0,0.0790653260175664,"ENSG00000225891.2"
0,0,"ENSG00000198830.11"
0.268064736810039,3.28880144053529e-15,"ENSG00000117676.14"
0,0,"ENSG00000243905.3"
0.105029009537396,0.304880487811551,"ENSG00000260063.1"
0.139480862730717,1.8505808253534e-18,"ENSG00000117713.20"
0.250887820948963,3.6775758930725e-09,"ENSG00000060642.10"
0.170985202456483,9.318453640716e-15,"ENSG00000204160.12"
0,0,"ENSG00000142751.15"
0,0,"ENSG00000198746.13"
0.0986119996023675,9.44531922465338e-11,"ENSG00000090273.14"
0.28746732710564,0,"ENSG00000253368.4"
0,0,"ENSG00000158246.8"
0,0,"ENSG00000090020.11"
0,0,"ENSG00000142784.16"
0.0214593394947875,0,"ENSG00000186501.14"
0,0,"ENSG00000241547.1"
0.0954246052924014,1.31237068065495e-14,"ENSG00000142765.18"
0.360314405682455,0,"ENSG00000142733.17"
0.885466019529998,1.32354075749065e-13,"ENSG00000181773.7"
0,0,"ENSG00000158195.11"
0,0,"ENSG00000241169.1"
0.101393678100522,1.44677630217208e-21,"ENSG00000126705.14"
0,0,"ENSG00000000938.13"
0,0,"ENSG00000235912.1"
0.227021437501003,4.34880020116047e-13,"ENSG00000126709.15"
0.0821255951268604,0.00579047376695559,"ENSG00000009780.15"
0.00122435823204651,0,"ENSG00000117758.14"
0.309817987117828,0,"ENSG00000269971.1"
0.0342138300997362,9.3547956416718e-13,"ENSG00000117751.18"
0.283147228920731,6.96802202082397e-16,"ENSG00000252947.1"
0.4714497788219,0,"ENSG00000130775.16"
0.0525615525681163,8.57142671638942e-23,"ENSG00000117748.10"
0,0,"ENSG00000158156.7"
0.00763653344758837,0,"ENSG00000158161.16"
8.47567036088373e-18,0.0402664096479331,"ENSG00000169403.12"
0.0912040722539072,3.42590222956366e-20,"ENSG00000126698.11"
0.112271048451527,2.68843242191427e-21,"ENSG00000130770.18"
0.220134401134039,4.64143059068551e-11,"ENSG00000270605.1"
0,0,"ENSG00000130766.5"
0,0,"ENSG00000130772.14"
0,0,"ENSG00000204138.13"
0.0968801413477275,0.0335288417288093,"ENSG00000180198.16"
0.185744738490105,0.158535355803668,"ENSG00000242125.3"
0.273276049979836,0,"ENSG00000200087.1"
0,0,"ENSG00000279443.1"
0,0,"ENSG00000180098.9"
0.318929866845245,7.52935333489119e-20,"ENSG00000197989.14"
0.485046836456173,2.90831702068163e-21,"ENSG00000221539.1"
0.0385085059523478,0,"ENSG00000120656.11"
0,0,"ENSG00000188060.7"
0,0,"ENSG00000229388.1"
0,0,"ENSG00000162419.12"
0,0,"ENSG00000198492.16"
1.48991229910892e-21,0.0734662574868804,"ENSG00000116329.11"
0.0237995926779108,2.13523638105799e-10,"ENSG00000159023.21"
0,0,"ENSG00000277958.1"
0.205126765335296,1.26643920114506e-11,"ENSG00000253304.2"
0,0,"ENSG00000116350.17"
0.299083208157807,0,"ENSG00000116353.16"
0,0.102799060420125,"ENSG00000060656.20"
6.65606749490743e-20,0.218974285818363,"ENSG00000186056.10"
0,0,"ENSG00000287510.1"
0,2.69715864487955e-15,"ENSG00000162511.8"
0.756916733799675,4.10924562337734e-10,"ENSG00000223382.5"
0.348121710005802,4.16580237380385e-12,"ENSG00000162512.16"
0,0,"ENSG00000134644.15"
0,0,"ENSG00000232768.1"
0,0,"ENSG00000060688.13"
0.104634980192246,9.09708197166568e-10,"ENSG00000121766.15"
0.112517329473588,6.61859722583919e-11,"ENSG00000121769.8"
0.0727659119620749,2.97424143565489e-11,"ENSG00000168528.12"
0,0,"ENSG00000284543.1"
0,0,"ENSG00000229167.2"
0.214590651236633,0.331491216622598,"ENSG00000142910.16"
0.549456434382301,0.189447784563884,"ENSG00000121764.11"
0.156637641880682,0,"ENSG00000162517.13"
0,0,"ENSG00000235790.7"
0.205098894612006,0.128531094202262,"ENSG00000084636.18"
0,0,"ENSG00000121753.12"
0,0,"ENSG00000134668.12"
0,0,"ENSG00000269967.1"
0.589285230168826,0,"ENSG00000184007.21"
0.176276585502302,0.084485084165255,"ENSG00000228634.1"
0.0379994486483901,3.61392104818938e-09,"ENSG00000121774.18"
0.137853532633336,6.0941059195721e-14,"ENSG00000203325.3"
0.0772462269598503,2.12950956157595e-09,"ENSG00000121775.18"
3.681236509018e-13,0.0148452361551854,"ENSG00000025800.14"
0,0,"ENSG00000084652.16"
0.452523738888692,7.63483620611974e-14,"ENSG00000160050.14"
0.0907187532404672,3.16822812206193e-11,"ENSG00000160051.11"
0,0,"ENSG00000222046.2"
0,0,"ENSG00000160055.19"
0.305630470913989,8.42637475247513e-22,"ENSG00000084623.11"
0.180023780769697,0.0644439735444143,"ENSG00000220785.7"
0.656494941086768,0,"ENSG00000183615.6"
0,0,"ENSG00000182866.17"
1.03772093101867e-12,0.0315813433596032,"ENSG00000116478.12"
0.646539301208099,1.95779938986205e-12,"ENSG00000175130.7"
0,0.0647391046058157,"ENSG00000162526.7"
0,0.0396795335935873,"ENSG00000225828.1"
0,0,"ENSG00000160058.18"
0,0,"ENSG00000160062.15"
0,0,"ENSG00000176261.15"
0,0,"ENSG00000162521.19"
2.00476845522301e-15,0.051048048039472,"ENSG00000162520.15"
0,0,"ENSG00000162522.11"
0,0,"ENSG00000134684.10"
0.388893097902785,1.73471388366925e-11,"ENSG00000116497.18"
0,0.022653020694253,"ENSG00000160097.18"
0.38244658420583,1.39369028136731e-20,"ENSG00000121900.19"
0,0,"ENSG00000116514.16"
0,0,"ENSG00000236065.2"
0,0,"ENSG00000004455.17"
0.275567630153709,0,"ENSG00000142920.17"
0,0,"ENSG00000116525.14"
0,0,"ENSG00000279179.1"
0,0,"ENSG00000160094.15"
0.0165434225462629,1.68605906839863e-10,"ENSG00000225313.5"
0.020608654758571,1.701031440113e-15,"ENSG00000134686.18"
0,0,"ENSG00000222112.1"
0,0,"ENSG00000121903.14"
0,0,"ENSG00000121904.17"
0.116809596838791,5.15256267668837e-11,"ENSG00000163866.9"
0,0,"ENSG00000187513.9"
0,0,"ENSG00000116544.12"
0.504437014440315,5.59151903523733e-06,"ENSG00000163867.17"
0,0,"ENSG00000197056.11"
0.0282088858960557,2.43341490877739e-11,"ENSG00000116560.11"
0,0,"ENSG00000146463.12"
0.0660780885682885,7.95631348492074e-12,"ENSG00000229994.1"
0.408365892049125,3.19019256577352e-13,"ENSG00000142687.18"
0.0646333709543093,3.81246875545346e-11,"ENSG00000020129.16"
0.122753953847371,4.260837746104e-13,"ENSG00000239636.1"
0,0,"ENSG00000116819.8"
0.0269085291705415,8.92003751346478e-12,"ENSG00000126067.12"
0,0,"ENSG00000142686.8"
0.269306448206328,3.94612200341502e-09,"ENSG00000092853.14"
0.170944278513163,0,"ENSG00000134698.11"
8.3827629092383e-13,0.00138682039072568,"ENSG00000092847.12"
0.404055121633493,5.07501514801566e-12,"ENSG00000126070.20"
0,0,"ENSG00000092850.12"
0.141939915841702,4.06891130500981e-16,"ENSG00000116863.11"
0.0500012482930332,1.39233179815718e-12,"ENSG00000171812.13"
0.144902855327784,2.70187774094994e-11,"ENSG00000054116.12"
0,0,"ENSG00000116871.15"
0,0,"ENSG00000054118.15"
0.0826718414405992,0.115822577695707,"ENSG00000214193.11"
0.142483656086025,3.39624818319446e-10,"ENSG00000286379.1"
0.836834650021953,1.55080880089655e-12,"ENSG00000196182.10"
0.0980219801829879,7.01993528988568e-11,"ENSG00000181817.6"
0,0,"ENSG00000116885.18"
0.735176128583678,0.137916445477392,"ENSG00000116898.12"
0,0,"ENSG00000119535.17"
0.399555436049769,0,"ENSG00000163873.10"
0.483200887329502,2.01190838917975e-10,"ENSG00000233621.2"
0.53546861233807,0,"ENSG00000163874.11"
0,0,"ENSG00000163875.15"
0,0,"ENSG00000163877.11"
0.0566224032306871,1.19470784942107e-10,"ENSG00000163879.11"
0.250146977791395,1.27859184791331e-10,"ENSG00000134697.13"
0.0210022695951954,0.37834647785152,"ENSG00000169218.14"
0,0.0617540394350735,"ENSG00000116922.14"
0.288165592769608,0,"ENSG00000134690.11"
0,0,"ENSG00000185090.14"
0.149600515821479,5.56238170174278e-11,"ENSG00000196449.4"
0.0168331165793194,5.12317719048831e-22,"ENSG00000197982.14"
0,0,"ENSG00000188786.10"
0.589961904703581,0.167959665569484,"ENSG00000204084.13"
0.0907716367126085,6.20393052641807e-13,"ENSG00000183431.12"
0,0,"ENSG00000183386.10"
0.124281896665758,9.4729596239452e-11,"ENSG00000183520.12"
0.201911934291464,0.0272127163528899,"ENSG00000185668.8"
0.0271928533174147,0.0163690366434536,"ENSG00000116954.8"
0.350993761766442,0.380561834874088,"ENSG00000228436.3"
6.15347687924482e-16,0,"ENSG00000214114.9"
0,0,"ENSG00000158315.11"
4.76424263599204e-13,0.0363850995095043,"ENSG00000174574.16"
0.0371646577130793,1.98125873751337e-10,"ENSG00000168653.11"
0,0,"ENSG00000127603.27"
0,0,"ENSG00000287422.1"
0.410801026229512,0.192537029636431,"ENSG00000183682.8"
0,0.0042222156796234,"ENSG00000243970.3"
0.249183970698497,0.0721121521907858,"ENSG00000090621.14"
0,0.138555316401413,"ENSG00000228060.3"
0.000101016724372233,4.43453070587864e-15,"ENSG00000201457.1"
6.54183774428074e-11,0.0159072421668157,"ENSG00000163909.8"
0.663054206945472,0.0232971225129185,"ENSG00000084072.16"
0,0,"ENSG00000116985.12"
0,0,"ENSG00000043514.17"
0.0768347147342856,0.135421191520449,"ENSG00000116990.11"
0.599055283029382,0,"ENSG00000168389.17"
0,0,"ENSG00000228477.1"
0.0444823662177507,1.33234263162186e-15,"ENSG00000131236.17"
0,0,"ENSG00000131238.17"
0.221986755483011,0.106853282729376,"ENSG00000117000.9"
0.051289308200452,0.185406664850261,"ENSG00000259943.1"
0,0,"ENSG00000084073.9"
1.33025662985593e-11,0.0638110243400928,"ENSG00000049089.15"
0.430551760627547,5.61510883405023e-21,"ENSG00000084070.12"
4.16601691040387e-12,0.0665214209341443,"ENSG00000187801.15"
0.0752889208655128,0.0233787805258066,"ENSG00000260920.2"
0,0,"ENSG00000187815.10"
0,0,"ENSG00000238287.1"
0,0,"ENSG00000164002.11"
0.0645632278418348,0,"ENSG00000117010.17"
0,0,"ENSG00000117016.10"
0,0.26985404516098,"ENSG00000272145.1"
0.207003138113029,0,"ENSG00000066136.20"
0,0.210590617541077,"ENSG00000117013.17"
0,0,"ENSG00000179862.7"
0,0,"ENSG00000171793.16"
0.00325913332874783,5.52144217912433e-11,"ENSG00000281207.1"
3.14582266692659e-10,0.0394152552641439,"ENSG00000171790.15"
0,0,"ENSG00000010803.16"
0.36877082499838,9.56877548444068e-16,"ENSG00000204060.7"
0.292346374936011,0,"ENSG00000127124.16"
0,0.0078609167276295,"ENSG00000230638.4"
0.0757907595848259,0.140184358776998,"ENSG00000198815.9"
0,0.187280757895184,"ENSG00000066185.13"
0.0499329534525261,0,"ENSG00000127125.9"
0.333774129113375,0.100522570205143,"ENSG00000186409.17"
0.21629019617202,9.22345314578516e-15,"ENSG00000171960.11"
0,0.272023879539961,"ENSG00000285728.2"
0.11844222847389,0,"ENSG00000065978.19"
0,0,"ENSG00000164007.11"
0,0.111274739517932,"ENSG00000117385.15"
0.0287740529903384,0,"ENSG00000164008.16"
0,0,"ENSG00000177868.12"
0.0261553047225004,1.09424416142697e-10,"ENSG00000164010.15"
0.0923111955571008,0,"ENSG00000228192.8"
0,0,"ENSG00000164011.18"
0.214431161489838,0.14977842991238,"ENSG00000117394.23"
0,0,"ENSG00000284138.1"
0.0771194467697741,6.19611473467475e-14,"ENSG00000227533.6"
0.125248823937457,6.00608665255841e-09,"ENSG00000117395.12"
0.0231356724344321,1.05685745951461e-15,"ENSG00000066056.14"
0,0,"ENSG00000117400.17"
0.309650197623265,1.13398248477621e-13,"ENSG00000234694.1"
0.0100537938553949,0,"ENSG00000117399.14"
0.304328050909741,0.0921189584392637,"ENSG00000066322.15"
0,0,"ENSG00000159479.17"
0,0.0517748868407971,"ENSG00000229431.1"
0.337191583375419,0,"ENSG00000198198.17"
1.69997939538418e-20,0.298831676437896,"ENSG00000142949.17"
0,0,"ENSG00000066135.13"
0.555104824974586,0,"ENSG00000236200.6"
0.0468867991120822,0,"ENSG00000126091.20"
0,0,"ENSG00000224751.2"
0.259066455350684,0.193780641591553,"ENSG00000237950.2"
0.298166511355388,0.0977023406076329,"ENSG00000117408.11"
0.0192970803468378,0,"ENSG00000132768.14"
0.48421242586159,3.98064406769099e-21,"ENSG00000117410.14"
0,0.0197938126007278,"ENSG00000117411.16"
0.287684762846611,0.227724857401819,"ENSG00000159214.13"
0,0,"ENSG00000196517.11"
0.519455895260391,0.0653596262204117,"ENSG00000230615.7"
0.414963421253594,0.053996364781878,"ENSG00000171872.5"
0.404160022302859,0.0740192965019762,"ENSG00000233514.1"
0,0,"ENSG00000178028.14"
0,0,"ENSG00000117419.16"
0,0,"ENSG00000187147.18"
0.0763251149946478,5.72625434787038e-13,"ENSG00000126106.14"
0,0,"ENSG00000198520.12"
0.19105695945629,1.96776655153454e-09,"ENSG00000142945.13"
0.118208773374821,0,"ENSG00000142937.12"
0.494657246672429,0,"ENSG00000200913.1"
0.583441923305789,0,"ENSG00000173846.13"
0.78930089102294,0,"ENSG00000188396.3"
0.170928192802612,0,"ENSG00000222009.8"
2.17442634586771e-13,0.191719859237355,"ENSG00000117425.14"
0.203723463093054,2.3679607068128e-13,"ENSG00000070785.17"
0.143841321361969,5.17634872310583e-10,"ENSG00000126107.15"
0.087206165235641,0,"ENSG00000126088.14"
0,0,"ENSG00000162415.7"
0.394755156618234,0.197559356017186,"ENSG00000132781.18"
0.0482577456259148,1.15468263444848e-11,"ENSG00000132773.12"
0.337450386447599,0.00801851281867231,"ENSG00000070759.17"
0.273563779465204,0.111803588649223,"ENSG00000280670.3"
0,0,"ENSG00000132763.15"
0,0,"ENSG00000117450.14"
0.621657162089455,0.0823122670143882,"ENSG00000117448.13"
0.259711713237469,0,"ENSG00000132780.17"
0.089303495070956,0,"ENSG00000159588.15"
0,0,"ENSG00000159592.11"
0.326151715218234,0,"ENSG00000234329.1"
0.0327063344604276,3.44720926848838e-10,"ENSG00000159596.7"
0.324486461383586,2.54620072897189e-20,"ENSG00000197429.11"
0.00147770764976956,1.4934811077253e-14,"ENSG00000230896.1"
0,0,"ENSG00000086015.21"
0,0,"ENSG00000117461.15"
0.0612213948231463,2.5962174928446e-09,"ENSG00000117472.10"
0.0540662735990692,0,"ENSG00000085998.14"
0.565428094457052,7.59722010618371e-14,"ENSG00000171357.6"
0.419838372359234,0,"ENSG00000085999.13"
0,0,"ENSG00000132128.16"
0.551562347450007,0.101376133292393,"ENSG00000173660.12"
0,0,"ENSG00000117481.10"
0,0,"ENSG00000117480.16"
0.237212039182795,1.28227398082586e-11,"ENSG00000269956.2"
0.0986122649432585,0,"ENSG00000079277.21"
0,0,"ENSG00000142961.14"
0.0706809878836863,0,"ENSG00000123472.12"
0,0,"ENSG00000159658.12"
0,0.135217760477741,"ENSG00000142973.14"
0,0,"ENSG00000154198.14"
0,0,"ENSG00000187048.13"
0.593830593315999,0.0916839099302076,"ENSG00000186377.8"
0.178031664011242,0.0429954557344796,"ENSG00000186160.5"
0.0660971582424273,0,"ENSG00000162366.8"
0.3927011029612,2.12388620108388e-23,"ENSG00000123473.15"
0.082838937601933,1.59431022782197e-17,"ENSG00000162368.13"
0,0,"ENSG00000237424.1"
0.136390142070201,0,"ENSG00000186564.5"
0.247423275477417,0.173324005206155,"ENSG00000269113.4"
0.130284215419389,1.50565244969453e-13,"ENSG00000225028.1"
0,0,"ENSG00000226133.6"
0.211569831953959,0.102700687866153,"ENSG00000117834.12"
0.705835310791718,8.811798871632e-10,"ENSG00000272491.1"
0.130990271849295,0.036023655708619,"ENSG00000132122.12"
0,0,"ENSG00000224986.2"
0,0,"ENSG00000162373.13"
0.11163149336549,1.44881573910251e-12,"ENSG00000185104.20"
0,0,"ENSG00000230585.2"
0.363371073663748,0.518976088457562,"ENSG00000123080.12"
0.100278635057774,5.46502131687441e-21,"ENSG00000123091.5"
0,0,"ENSG00000085831.15"
0,0,"ENSG00000085832.17"
0,0,"ENSG00000117859.19"
0,0,"ENSG00000236973.2"
0.0196282725244566,9.82427483351e-11,"ENSG00000078618.21"
6.94322995147539e-14,0.150359014171457,"ENSG00000266993.3"
0,0,"ENSG00000169213.7"
0.0764476010006355,1.13951092309387e-09,"ENSG00000117862.12"
6.08236221956331e-19,0.142434155307478,"ENSG00000198841.4"
0.0719217602993943,3.05680859003426e-11,"ENSG00000134717.18"
0,0,"ENSG00000157077.14"
0,0,"ENSG00000224255.2"
0.222688364789066,5.16739540466731e-14,"ENSG00000154222.14"
0,0.0783986896433831,"ENSG00000287078.1"
0.599555320997691,0,"ENSG00000085840.13"
0.0488389110815308,1.2501354123278e-10,"ENSG00000134748.13"
0,0,"ENSG00000134744.14"
0,0,"ENSG00000116157.6"
0,0,"ENSG00000182183.15"
0.829449061231512,0.0340873477958886,"ENSG00000162377.6"
0,0,"ENSG00000162378.13"
0.397806193325256,9.47181823170155e-12,"ENSG00000228929.1"
0.455988114302621,0.19066621962562,"ENSG00000121310.17"
1.16949182051622e-13,0.0194821563123076,"ENSG00000230953.2"
0.114092201702216,2.39030285413077e-14,"ENSG00000116171.18"
0.388527487195162,0.0241209061112236,"ENSG00000174348.13"
0.523912030754896,0.194003891856774,"ENSG00000162383.12"
0.186466401652907,1.84688176854698e-17,"ENSG00000157184.7"
0,0,"ENSG00000162384.14"
0.00789884899184859,1.74827971179614e-25,"ENSG00000162385.11"
0,0,"ENSG00000226754.2"
0.105144414252207,5.45566748871397e-33,"ENSG00000157193.18"
0.276038393408708,1.46133876575891e-09,"ENSG00000174332.5"
0.0389478269527359,9.56078540362534e-18,"ENSG00000058804.12"
0,0,"ENSG00000058799.15"
0,0,"ENSG00000211452.10"
0,0,"ENSG00000081870.11"
0,0,"ENSG00000116212.15"
0,0,"ENSG00000116209.12"
0.411751673544448,0.0186724574822562,"ENSG00000280378.1"
0,0,"ENSG00000116205.14"
0.642981177236609,3.95493560004303e-22,"ENSG00000215883.10"
0.545791604666928,0,"ENSG00000116221.15"
0.332303331644147,0.167734534059161,"ENSG00000157216.15"
0,0,"ENSG00000198711.5"
0.359222063374415,7.60916178514492e-10,"ENSG00000162390.17"
0.129134023434747,0,"ENSG00000243725.7"
0,0,"ENSG00000162396.6"
0.332299312110813,0,"ENSG00000116133.13"
0.0852104405874466,0.0408459138162322,"ENSG00000169174.10"
0,0.011789842878341,"ENSG00000162402.14"
0,0,"ENSG00000234810.4"
0.156393512557135,3.32580101819692e-10,"ENSG00000260971.4"
0.0172280734418281,4.36727501637803e-11,"ENSG00000284686.1"
0.319832419439376,0.0346418834807602,"ENSG00000223956.3"
0,0.0681338108464938,"ENSG00000162407.9"
0,0,"ENSG00000236776.1"
0,0,"ENSG00000162409.11"
0.132350348695308,1.40236799734659e-17,"ENSG00000162600.12"
0,0.192487439700015,"ENSG00000184292.7"
0,0,"ENSG00000162601.11"
0.327459978170588,4.42612177469715e-15,"ENSG00000177606.7"
0,0,"ENSG00000234807.7"
0,0,"ENSG00000232453.7"
0,0,"ENSG00000237352.4"
2.01523155104558e-11,0.369979031142443,"ENSG00000224609.8"
0,0,"ENSG00000172456.17"
0,0,"ENSG00000134709.11"
0.0574479504962817,0.331162748854164,"ENSG00000162599.17"
0,0.0494733648239486,"ENSG00000162604.12"
0.163565574636059,0,"ENSG00000132849.20"
0,0,"ENSG00000132854.19"
0.171798679313095,0,"ENSG00000162607.13"
0,0,"ENSG00000116641.18"
0,0.00556146861448127,"ENSG00000132855.5"
0,0,"ENSG00000278967.1"
0,0,"ENSG00000213703.2"
0,0,"ENSG00000235545.1"
0,0,"ENSG00000125703.15"
2.13363339977326e-18,0.0398157594413914,"ENSG00000088035.18"
0.313870683293901,7.14202768831925e-14,"ENSG00000142856.16"
0,0,"ENSG00000203965.13"
0,0,"ENSG00000116652.6"
0,0,"ENSG00000079739.17"
0,0,"ENSG00000244256.3"
0.369571001780312,0.0751317131577316,"ENSG00000185483.12"
0.212635124853555,0,"ENSG00000177452.7"
0,0,"ENSG00000228056.3"
0,0.0948480971048932,"ENSG00000223949.7"
0,0,"ENSG00000158966.16"
3.69560872288119e-11,0.326189078631652,"ENSG00000162437.14"
0.0481810394478469,1.13861134572899e-10,"ENSG00000162434.13"
0,0.321749292304974,"ENSG00000233877.2"
0,0,"ENSG00000226891.9"
0,0.0706371670253007,"ENSG00000185031.6"
0,0,"ENSG00000272506.1"
0.172622216362818,1.54243711566076e-12,"ENSG00000162433.15"
0,0,"ENSG00000116675.16"
0,0.0399358881682468,"ENSG00000213625.9"
0,0.0562548126852114,"ENSG00000116678.19"
0,0.0726771335286627,"ENSG00000224570.1"
0,0,"ENSG00000184588.18"
0,0,"ENSG00000227466.1"
0.0593920552653055,0.228204784437528,"ENSG00000118473.22"
0,0,"ENSG00000152760.10"
0,0.0356090549082741,"ENSG00000152763.17"
0.180150411298139,0.0503271688711166,"ENSG00000198160.14"
0,0,"ENSG00000116704.8"
0,0.239459430350036,"ENSG00000081985.11"
0.0136978760751569,1.83238073117116e-11,"ENSG00000142864.14"
0,0,"ENSG00000116717.13"
0,0,"ENSG00000172380.6"
0.0387572371171623,0.296914291950232,"ENSG00000238778.1"
0,0,"ENSG00000232284.7"
0,0,"ENSG00000162595.7"
0,0,"ENSG00000116729.14"
3.53733866896921e-12,0.0723920434336291,"ENSG00000234383.1"
0.245799749105873,2.23293505811306e-14,"ENSG00000024526.17"
0,0,"ENSG00000066557.6"
0,0,"ENSG00000116754.13"
0,0,"ENSG00000118454.13"
0,0.158011081235886,"ENSG00000197568.14"
0.054832755599731,2.18962356404128e-09,"ENSG00000116761.12"
1.02107018926045e-18,0.301203985645009,"ENSG00000050628.20"
0,0.379676524849581,"ENSG00000235782.1"
0,0,"ENSG00000269933.1"
0,0,"ENSG00000132485.14"
0.0624077024115346,7.29660931397764e-14,"ENSG00000229956.11"
0.233563149539788,5.94466657088867e-13,"ENSG00000172260.15"
0.116564127341612,0.15008185616377,"ENSG00000231985.1"
0,0,"ENSG00000233994.2"
0,0,"ENSG00000286863.1"
0,0,"ENSG00000162620.16"
0,0,"ENSG00000254685.6"
1.34091488258348e-12,0.23247633962899,"ENSG00000259030.7"
0.268118046907661,0.0422064024400393,"ENSG00000116791.14"
0.113011414162839,0,"ENSG00000162623.16"
0.141411053624567,0.100905547102387,"ENSG00000117054.13"
0,0,"ENSG00000181227.3"
0.0143669990796735,1.58956878722052e-21,"ENSG00000137955.16"
0,0,"ENSG00000057468.7"
0,0,"ENSG00000184005.11"
0.667919544991969,0.23208695302827,"ENSG00000226415.1"
0.435659634531812,5.14120355365636e-11,"ENSG00000117069.15"
0,0,"ENSG00000142892.15"
0.187567360714305,0.00137181180153258,"ENSG00000154027.19"
0,0,"ENSG00000036549.13"
0,0.0396574917856597,"ENSG00000077254.14"
0,0,"ENSG00000180488.15"
0,0.132462698770103,"ENSG00000235613.2"
0,0,"ENSG00000235927.4"
0.287088970404188,0.201577121925793,"ENSG00000162614.18"
0,0,"ENSG00000162613.16"
0.100486765586077,0.0500613633696418,"ENSG00000162616.9"
0,0.395668601041027,"ENSG00000137960.6"
0,0,"ENSG00000285928.1"
1.80151874202614e-17,0.122909996889247,"ENSG00000237413.5"
0,0,"ENSG00000122420.10"
0.0298868363404262,0,"ENSG00000137959.16"
0.208969615142109,0,"ENSG00000137965.11"
0,0,"ENSG00000162618.15"
0,0.313565222095521,"ENSG00000285462.1"
0,2.7928387047673e-15,"ENSG00000117114.19"
0,0.00391393480658916,"ENSG00000233008.6"
0,0.0819952588004748,"ENSG00000137941.17"
0,0.181403512652046,"ENSG00000233061.1"
0,0,"ENSG00000142875.19"
0.0167079462994876,1.92888934782966e-13,"ENSG00000117133.11"
0,0,"ENSG00000174021.11"
0.449980138293708,1.02601879376589e-20,"ENSG00000285851.1"
0,0,"ENSG00000122432.17"
0,0,"ENSG00000117151.13"
0.0706460746818595,0,"ENSG00000117155.16"
0.0620860493123741,4.67363386671869e-11,"ENSG00000153898.13"
0,0,"ENSG00000162643.13"
0,0,"ENSG00000055732.13"
0.0975033653951812,0.170168822831665,"ENSG00000280099.1"
0.50585598392194,2.89265738321777e-13,"ENSG00000097096.9"
0,0,"ENSG00000162642.14"
0.0900499850630671,0,"ENSG00000142867.14"
0,0,"ENSG00000223653.6"
0.0554793862871692,0,"ENSG00000153904.20"
0,0,"ENSG00000273264.1"
0,0,"ENSG00000282057.1"
0,0,"ENSG00000142871.17"
0,0,"ENSG00000117174.11"
0,0,"ENSG00000171502.15"
0.304927910815992,0,"ENSG00000285210.1"
0,0,"ENSG00000122417.15"
0,0,"ENSG00000137975.8"
0.135162734925308,3.09647553873735e-21,"ENSG00000153923.10"
0.274202632034046,0.0555893427827954,"ENSG00000261737.1"
0.20010433279528,0,"ENSG00000097033.14"
0,0,"ENSG00000183291.17"
0.391946079228153,1.20191479783922e-18,"ENSG00000153936.17"
0.0182595207109187,0,"ENSG00000267734.1"
0,0.343799063464193,"ENSG00000267272.5"
0.126021477222146,4.93573700164241e-12,"ENSG00000143013.13"
0,0,"ENSG00000237505.8"
0,6.78777014293457e-17,"ENSG00000279778.1"
0,0,"ENSG00000065243.20"
0,0,"ENSG00000207234.1"
0,0,"ENSG00000137947.12"
0,0,"ENSG00000137944.18"
0,0,"ENSG00000213516.10"
0,0,"ENSG00000117226.12"
0.239220655370947,0,"ENSG00000117228.10"
0.369714828695901,0,"ENSG00000234518.2"
0.0177515442891557,5.0259889619085e-14,"ENSG00000162645.13"
0.657385205926782,1.46075404800869e-21,"ENSG00000162654.9"
0.442184272907299,1.61445582234256e-12,"ENSG00000154451.14"
0.251043168500258,3.85875488910937e-12,"ENSG00000225492.6"
0.527169294289551,0,"ENSG00000286548.1"
0.249540015696354,4.27711281467313e-11,"ENSG00000197147.13"
0,0,"ENSG00000231999.7"
7.29547034720271e-13,0.0320396120090404,"ENSG00000171488.15"
0,0.0638176079972023,"ENSG00000171492.14"
0,0,"ENSG00000162664.17"
0,0,"ENSG00000233593.10"
0,0,"ENSG00000122482.21"
0.124876063966922,0.176730504159269,"ENSG00000162669.16"
0.164430590153938,3.27682324066554e-09,"ENSG00000097046.13"
2.53172130858743e-10,0.224410125800662,"ENSG00000069702.11"
9.2200506309016e-12,0.416031942832262,"ENSG00000239794.3"
0,0,"ENSG00000189195.13"
0,0,"ENSG00000233401.1"
0,0,"ENSG00000273487.1"
0.267629778873089,1.54292033431372e-11,"ENSG00000174842.17"
0.153299473469306,3.33314049144784e-11,"ENSG00000122484.9"
0.17694630802556,0.460244126061021,"ENSG00000162676.12"
2.13877959504391e-11,0.0140784407268105,"ENSG00000067208.14"
0,0,"ENSG00000229992.1"
0.0636500045094597,2.73621883945911e-12,"ENSG00000223896.2"
0.031180977685155,6.97190378339526e-13,"ENSG00000122406.14"
0,0,"ENSG00000154511.12"
0.374842046943176,1.62812180475415e-12,"ENSG00000207523.1"
0,0,"ENSG00000229052.2"
0.00899304532418678,0,"ENSG00000143033.18"
0,0,"ENSG00000117500.13"
0,0,"ENSG00000122483.17"
0.569310400672092,4.66617472196550e-11,"ENSG00000223745.8"
0,0,"ENSG00000117505.13"
0.412664328432808,0.162749781668715,"ENSG00000137942.16"
0.313865231233834,7.16634792073487e-14,"ENSG00000137936.18"
0.281005724650801,0.291505563328681,"ENSG00000224093.5"
0.275551667204705,0.464245813205271,"ENSG00000260464.1"
0.0475030364810255,3.12145824857333e-21,"ENSG00000067334.14"
0,0,"ENSG00000023909.10"
0.319087483870151,0,"ENSG00000198691.13"
0.143863937349479,0.41605476772279,"ENSG00000137962.13"
0,0,"ENSG00000117528.14"
0,0.037995879156074,"ENSG00000117525.14"
0,0,"ENSG00000224081.9"
0,0,"ENSG00000143036.17"
0,0,"ENSG00000117519.16"
0.118723898003968,3.71881002181201e-13,"ENSG00000235501.6"
0,0.125567130343419,"ENSG00000172339.10"
0,0,"ENSG00000152078.10"
0.264122186520386,7.71144679525142e-18,"ENSG00000231992.1"
6.46450211469618e-13,0.135241756100722,"ENSG00000226026.6"
2.94470150158163e-12,0.066764473070153,"ENSG00000122481.17"
0,0,"ENSG00000228852.6"
0,0.141576075673979,"ENSG00000228971.3"
0.120936658995399,3.01786156898028e-10,"ENSG00000228502.1"
0.126854295101857,0,"ENSG00000117569.18"
0,0,"ENSG00000188641.13"
0,0.441049480431487,"ENSG00000232878.3"
0.257233176597714,0.072454766371404,"ENSG00000228057.1"
0,0,"ENSG00000225206.10"
0,0,"ENSG00000259946.1"
0,0,"ENSG00000162627.17"
0.342530866861391,0.110967226789406,"ENSG00000117600.12"
0,0,"ENSG00000099260.11"
0,0,"ENSG00000223656.1"
0.204037465714477,0,"ENSG00000156869.13"
0,0,"ENSG00000162688.17"
0.134060013063756,3.27526280125665e-12,"ENSG00000117620.15"
0,0,"ENSG00000283761.1"
0,0.0485740380565727,"ENSG00000156875.14"
0,0,"ENSG00000156876.10"
2.58622221764193e-17,4.72528821361626e-18,"ENSG00000122435.10"
0,0.302753811175499,"ENSG00000122477.12"
0.0956925692744966,0.207167050151649,"ENSG00000137992.14"
0,0,"ENSG00000224616.3"
0.0434200439985131,0,"ENSG00000137996.12"
8.89642318856088e-21,0.0222861165626958,"ENSG00000079335.20"
0,0,"ENSG00000181656.7"
0,0.0548375259312696,"ENSG00000162692.12"
0.044074803061196,0,"ENSG00000162694.14"
0,0,"ENSG00000162695.12"
0.000896108010569722,3.08134333177044e-14,"ENSG00000230946.3"
0.029970107935435,1.78266454149096e-09,"ENSG00000117543.21"
0,0,"ENSG00000233184.7"
0,0,"ENSG00000225938.1"
0,0,"ENSG00000170989.9"
0,0.04797961632716,"ENSG00000060718.22"
0.364460256538002,0,"ENSG00000224613.7"
0.310847350219204,0.269481539085922,"ENSG00000185946.16"
0.167266101725599,0.107043339304677,"ENSG00000240038.6"
0.0530216642873511,0.0994568692021513,"ENSG00000198890.9"
0.483886973709465,0.422273741786805,"ENSG00000162631.18"
0.195499358089549,3.96607715958711e-12,"ENSG00000134215.16"
0,0,"ENSG00000085491.17"
0.0368082251164574,0.119816284541525,"ENSG00000162636.16"
0,0,"ENSG00000162639.16"
0,0,"ENSG00000134186.12"
0,0,"ENSG00000116266.11"
0.477515128290766,0.311475966182244,"ENSG00000121957.14"
0,0,"ENSG00000121940.15"
0,0,"ENSG00000085433.15"
4.41663006509473e-13,0.0581909496139281,"ENSG00000197780.10"
0.0261411603197693,1.01412759386482e-13,"ENSG00000273382.1"
0,0,"ENSG00000215717.6"
0.206753239736149,0.0393028782839848,"ENSG00000116299.17"
0.0054149343650297,0,"ENSG00000031698.13"
8.55130132402778e-19,0.0927958124137167,"ENSG00000143126.8"
0,0,"ENSG00000134222.16"
0.0721494348970745,2.36355963312572e-12,"ENSG00000134243.12"
0.0866113746590346,3.26198089644915e-12,"ENSG00000143106.13"
0.306616833908074,0.261813665260375,"ENSG00000143028.9"
2.12617900834721e-10,0.012911413513198,"ENSG00000162650.16"
0,0,"ENSG00000174151.14"
0,0,"ENSG00000181754.7"
0,0,"ENSG00000156097.12"
0.458530037232881,2.82425648980414e-10,"ENSG00000065135.11"
0,0,"ENSG00000116337.18"
0.489408674299377,0.163581953312791,"ENSG00000168765.17"
2.5057390998372e-10,0.119677189302119,"ENSG00000213366.13"
0.633081975728944,0.0455247169582848,"ENSG00000134184.13"
0.310735248764657,0.0949712688683194,"ENSG00000134201.12"
0,0.0305674120591167,"ENSG00000134202.11"
0.00663728034662883,1.5690139654016e-12,"ENSG00000184371.14"
0,0,"ENSG00000168710.18"
0,0,"ENSG00000143093.15"
0,0,"ENSG00000258634.3"
0.236557706155831,0.204951557657185,"ENSG00000258673.1"
0.563145046364102,0.0748372251739281,"ENSG00000186150.5"
0,0,"ENSG00000116396.14"
0,0,"ENSG00000162775.16"
6.14070061277651e-13,0.202928264808023,"ENSG00000224699.9"
0.0191699567531703,1.34915618109342e-11,"ENSG00000168679.18"
0,0.121450665954339,"ENSG00000273373.1"
0.0997074877512375,0,"ENSG00000134248.13"
0.800087426739168,0.0749273183787348,"ENSG00000177301.15"
0,0,"ENSG00000259834.1"
0.606597631506529,0,"ENSG00000177272.9"
0.66568241401821,4.20620165454013e-12,"ENSG00000143119.14"
1.64117326888585e-14,0.217717771880355,"ENSG00000261654.1"
1.72967209800633e-13,0.274024284004614,"ENSG00000232811.1"
0,0,"ENSG00000121931.16"
0,0,"ENSG00000156171.14"
3.24256984641132e-11,0.045715120334286,"ENSG00000134255.14"
0,0,"ENSG00000162777.17"
0.191112788822907,0,"ENSG00000064886.14"
0,0,"ENSG00000173947.14"
2.21888436904419e-18,0.0823945985765207,"ENSG00000085465.13"
0,0.231517021758815,"ENSG00000260948.1"
0.163758546286459,1.70406079474502e-12,"ENSG00000116455.14"
0.583480776064764,3.05141051775173e-11,"ENSG00000116459.11"
0,0,"ENSG00000143110.11"
0.0337404585363557,2.31289334178818e-12,"ENSG00000116473.14"
0,0,"ENSG00000215867.4"
0.238179301162757,1.1901493922053e-13,"ENSG00000197852.12"
0,0,"ENSG00000064703.12"
0,0,"ENSG00000171385.9"
0,0,"ENSG00000231437.3"
0,0,"ENSG00000231246.2"
0,0,"ENSG00000143079.15"
0,0.398759384682397,"ENSG00000134245.18"
0,0,"ENSG00000007341.19"
0,0,"ENSG00000116489.13"
0,0,"ENSG00000155363.18"
0.336974849535704,3.36755197421049e-11,"ENSG00000155366.16"
0.0591093532169442,1.17710135253466e-16,"ENSG00000155380.11"
0,0.23976301557912,"ENSG00000229020.4"
0,0,"ENSG00000226419.8"
0.0251052308800679,7.93233526354828e-12,"ENSG00000238198.2"
0.476460257203295,0,"ENSG00000198799.12"
2.58149703679636e-07,0.0922650511818544,"ENSG00000081026.19"
0,0.159975189760626,"ENSG00000232499.2"
0.000320833141115695,6.33405154973514e-13,"ENSG00000116793.16"
0.205308902325207,0,"ENSG00000232450.1"
6.83240206022963e-13,0.0343890581162689,"ENSG00000081019.13"
0.0781599200578704,2.75599383832764e-21,"ENSG00000134242.16"
0,0,"ENSG00000188761.13"
0,0,"ENSG00000134262.13"
0.202758796053249,0,"ENSG00000118655.7"
1.30728129253541e-11,0.10384932997617,"ENSG00000235527.7"
0,0,"ENSG00000163349.22"
0,0,"ENSG00000116774.12"
6.87338471473408e-09,0.0998866232157611,"ENSG00000134207.16"
0,0,"ENSG00000197323.12"
0.0162674646834187,0,"ENSG00000116752.6"
0,0,"ENSG00000175984.15"
0,0,"ENSG00000116748.21"
0.10596346898144,2.94403418178483e-13,"ENSG00000213281.5"
0,0,"ENSG00000009307.16"
0,0.0415202501784312,"ENSG00000201900.1"
0,0,"ENSG00000052723.11"
0,0,"ENSG00000134198.10"
0,0,"ENSG00000228035.1"
0.0410892745181775,3.00021168767071e-11,"ENSG00000134259.3"
0,0,"ENSG00000173218.15"
0.733995669059227,0.0290349224628354,"ENSG00000118729.11"
0,0,"ENSG00000163393.13"
0,0,"ENSG00000163399.16"
0,0,"ENSG00000203865.10"
0.342738218719888,0,"ENSG00000224950.2"
0.145790209704219,1.1261734592292e-13,"ENSG00000116815.16"
0.0855643438661132,0,"ENSG00000177173.5"
0.265194227044331,0,"ENSG00000143061.17"
0,0,"ENSG00000134247.10"
0,0,"ENSG00000134256.12"
0,0,"ENSG00000116830.12"
0,0,"ENSG00000134253.10"
0,0,"ENSG00000198162.12"
0,0,"ENSG00000183508.5"
0,0,"ENSG00000196505.11"
0,0,"ENSG00000065183.16"
0,0,"ENSG00000155761.14"
0.501251188375317,1.61143084618208e-10,"ENSG00000092607.15"
0.0489127860149658,1.29990648824606e-13,"ENSG00000116874.11"
0,0,"ENSG00000224238.2"
6.10787005975457e-10,0.0699512354683399,"ENSG00000223575.2"
0.584193212742869,0,"ENSG00000231365.6"
0.381384489738013,5.83592012643677e-16,"ENSG00000227712.2"
0,0.357396506132704,"ENSG00000240244.3"
0.435986941408736,0.107502955200129,"ENSG00000198857.3"
0.380827975149904,0.106556926505187,"ENSG00000143067.5"
0.0417159508312978,1.83752587361173e-11,"ENSG00000092621.12"
0,0,"ENSG00000134250.20"
0,0,"ENSG00000265808.4"
0.47071629239498,0.259155091860911,"ENSG00000274642.1"
0,0,"ENSG00000223804.5"
0,0,"ENSG00000270231.4"
0,0,"ENSG00000270392.2"
0,0,"ENSG00000275131.3"
1.410648009398e-17,1.90687504378228e-17,"ENSG00000273136.7"
0.760646784637839,0.0371403281427654,"ENSG00000287979.1"
0,0,"ENSG00000226067.7"
0,0,"ENSG00000223345.3"
0,0,"ENSG00000188610.12"
0.648399502446962,0,"ENSG00000171943.12"
0.39543800371797,8.80626181666201e-13,"ENSG00000227082.3"
0,0.00530439789907094,"ENSG00000231752.6"
0.488707973875013,9.10279251107564e-14,"ENSG00000207205.1"
0.114236411901139,0,"ENSG00000266338.6"
0.594344251194484,0,"ENSG00000278099.1"
0.417367672304305,0.199981067726362,"ENSG00000277918.1"
0,0,"ENSG00000196369.11"
0,0,"ENSG00000272419.6"
4.04321856632448e-14,0.204797797290337,"ENSG00000162825.16"
0.523245596289786,1.45671962044034e-13,"ENSG00000270722.1"
0.0445081853393546,5.1479036836649e-14,"ENSG00000272150.5"
0.416256379523901,1.31778985694745e-12,"ENSG00000117262.19"
0.196675500818175,0.00232600600894335,"ENSG00000174827.13"
0.358462329555175,7.74320648056096e-11,"ENSG00000117281.16"
0,0,"ENSG00000265491.5"
0.126508375653264,0.0564049932166663,"ENSG00000186141.9"
0,0,"ENSG00000186364.12"
0,0,"ENSG00000131788.16"
1.08569501368853e-13,0.0429007754495459,"ENSG00000198483.13"
0,0,"ENSG00000143127.13"
0,0,"ENSG00000131779.11"
0,0,"ENSG00000265241.6"
0,0,"ENSG00000234222.6"
0.405571621374314,0.171909409134747,"ENSG00000271601.4"
0,0.0403322092650269,"ENSG00000272031.3"
0.253663240353219,0,"ENSG00000121851.13"
0,0,"ENSG00000265972.6"
0.106869471851919,0,"ENSG00000233396.8"
0.0141475791992297,0,"ENSG00000271425.9"
0.326383911149149,0.0759788380511152,"ENSG00000273768.1"
7.0711185312334e-21,0.0565586124311603,"ENSG00000287978.1"
0,0,"ENSG00000276975.3"
0,0,"ENSG00000268043.7"
0,0,"ENSG00000131791.8"
0,0,"ENSG00000180867.11"
0.128617240232357,0,"ENSG00000131781.13"
0,0,"ENSG00000226015.2"
0,0,"ENSG00000131778.19"
0,0,"ENSG00000278811.4"
0,0,"ENSG00000116128.11"
0,0,"ENSG00000162836.12"
0,0,"ENSG00000265107.3"
0.0275384008509853,0,"ENSG00000188092.15"
0.288721773134943,0.0798527551415354,"ENSG00000206585.1"
0,0,"ENSG00000263956.6"
0,0,"ENSG00000274020.4"
0.568857169743423,0.144077684954251,"ENSG00000272824.1"
0.501043659856617,0.0836396699993313,"ENSG00000207340.1"
0,0,"ENSG00000231551.8"
0.175465024845741,1.2362677388146e-14,"ENSG00000225871.2"
0,0,"ENSG00000280649.2"
0.589987692845989,0.022540245776171,"ENSG00000274210.1"
0,0,"ENSG00000270629.6"
0,0,"ENSG00000178104.19"
0,0,"ENSG00000269713.7"
0.00778775626541664,0,"ENSG00000274265.5"
0.0483300155173883,2.90864477059115e-21,"ENSG00000215861.6"
0,0,"ENSG00000286219.1"
0.203704609917379,0.135719451655011,"ENSG00000277147.6"
0.0620572587369694,3.93436870870171e-11,"ENSG00000203814.6"
0,0,"ENSG00000183598.3"
0,0,"ENSG00000220323.4"
9.44806573989185e-13,0.0330840386717477,"ENSG00000261716.2"
0.297451590800284,1.10634443457084e-11,"ENSG00000184678.10"
0.624851512124952,0,"ENSG00000184260.5"
0,0,"ENSG00000184270.5"
0.000373922964358204,2.58836439880257e-14,"ENSG00000178096.9"
0.241300069618296,3.08215782703742e-13,"ENSG00000159164.10"
0.0833297856498785,1.81842088422175e-20,"ENSG00000143368.10"
0,1.47730127331458e-16,"ENSG00000014914.21"
0.380869867490267,0.139245215669579,"ENSG00000264522.6"
0.0961960010122897,2.29460204506207e-11,"ENSG00000285184.3"
0,0,"ENSG00000136631.15"
0,0,"ENSG00000023902.14"
1.30895139039416e-19,0.0659312768454783,"ENSG00000143401.15"
0.365639772805234,4.31482050972882e-20,"ENSG00000118298.12"
0,0,"ENSG00000117362.13"
0,0,"ENSG00000118292.9"
3.23737876427981e-07,0.165694933421005,"ENSG00000159208.16"
0.43049230328349,0.07339607905556,"ENSG00000266472.5"
0.23488640948837,0.0336559743556775,"ENSG00000117360.13"
0,0,"ENSG00000163125.15"
0.0388792094614394,1.53172219563552e-13,"ENSG00000143374.17"
5.64335425251268e-12,0.190548774235983,"ENSG00000143369.15"
0,0,"ENSG00000237781.3"
0.021419457669957,0.3856003337442,"ENSG00000143382.14"
0,0,"ENSG00000203804.4"
1.22230963627167e-12,0.0322564738661339,"ENSG00000277452.1"
0.622998051253164,0.188802169432554,"ENSG00000274963.1"
0.294965880814927,1.02136513673177e-09,"ENSG00000143384.13"
0.0284255858992871,2.16656239312965e-15,"ENSG00000143420.18"
0,0,"ENSG00000143457.11"
0.569297791319188,1.13902313540641e-12,"ENSG00000163131.11"
0.0408231910162081,0,"ENSG00000143387.13"
0,0,"ENSG00000143437.21"
0,0,"ENSG00000143379.12"
0,0,"ENSG00000143418.19"
0.283987960784243,0.281111142020209,"ENSG00000143412.10"
0,0,"ENSG00000143409.15"
0.112386628749989,1.16004618398006e-13,"ENSG00000143363.17"
0.513271516825493,3.20641041572876e-13,"ENSG00000163141.20"
0,0,"ENSG00000143443.10"
0.0366576138599331,1.26550888849813e-10,"ENSG00000197622.13"
0,0,"ENSG00000213190.3"
0.0932188508856642,1.09654433148587e-12,"ENSG00000143458.12"
0,0.101420389615082,"ENSG00000143434.15"
0,0,"ENSG00000163154.6"
1.50740257717637e-19,0.133170838021428,"ENSG00000163156.11"
0,0,"ENSG00000163155.12"
0.0811948237728568,0,"ENSG00000163159.12"
0,0.0799989386474513,"ENSG00000143398.20"
0.260120295048025,2.57441356668839e-20,"ENSG00000159352.15"
0.127577117418613,1.03038024646713e-13,"ENSG00000232671.6"
0.0319415834956522,0,"ENSG00000143373.18"
0,0,"ENSG00000143393.16"
0.322136120859181,0,"ENSG00000143390.17"
0,0,"ENSG00000143416.21"
0.205916109819938,5.0877166617215e-12,"ENSG00000159377.11"
0,0,"ENSG00000143442.22"
0,0,"ENSG00000143367.16"
0,0,"ENSG00000232536.1"
0,0,"ENSG00000223861.1"
0,0.131830010596569,"ENSG00000143376.14"
0,0,"ENSG00000159409.15"
0.0566436496697576,1.82687648843122e-15,"ENSG00000143436.11"
7.51525211851501e-16,0.0238981453351481,"ENSG00000182134.16"
0,0,"ENSG00000143365.19"
0.336633944404491,0.0818567758918399,"ENSG00000225556.1"
0.389689450165857,0.178479959442303,"ENSG00000234614.1"
0,0.0779579369353995,"ENSG00000196407.12"
0.0958362355491199,4.57711819519931e-12,"ENSG00000159445.13"
0,0.0103416838074262,"ENSG00000285651.1"
0,0,"ENSG00000197747.9"
0,0,"ENSG00000163191.6"
0.244278382319612,0.238157278611271,"ENSG00000159450.12"
0.00261713586873071,5.11174867163216e-10,"ENSG00000237975.7"
0,0,"ENSG00000197915.6"
0,0,"ENSG00000143631.10"
0,0,"ENSG00000143520.6"
0.397347250861833,8.75701447448769e-11,"ENSG00000163220.11"
0,0,"ENSG00000263841.2"
0,0.275893983712027,"ENSG00000238279.1"
0,0,"ENSG00000197956.10"
0,0,"ENSG00000196154.12"
0,0,"ENSG00000188015.10"
0.0898397578533195,2.19438639925884e-12,"ENSG00000188643.11"
0.0366499041135575,7.27620097302655e-14,"ENSG00000189171.14"
6.48039334356065e-12,0.015858701880883,"ENSG00000160678.11"
0,0,"ENSG00000160679.13"
0.291846789619716,0,"ENSG00000143553.11"
0.0472880873094164,2.44616128929664e-12,"ENSG00000143621.17"
3.42592505250274e-18,0.266363114067326,"ENSG00000169418.10"
0.81853300585657,0.0239730272651265,"ENSG00000143624.14"
6.98391053706339e-14,0.657211902274563,"ENSG00000143554.14"
0,7.00212621504522e-08,"ENSG00000143614.10"
0,0,"ENSG00000223599.1"
0.0715929692054426,0,"ENSG00000198837.10"
0,0,"ENSG00000160741.17"
0,0.110209140095033,"ENSG00000143570.18"
0,0,"ENSG00000282386.1"
0,0,"ENSG00000143578.16"
0.00771283028593595,5.22624828798815e-10,"ENSG00000143543.15"
0,0,"ENSG00000272654.1"
0.261741520411046,6.51365491357082e-13,"ENSG00000143545.9"
0.0722132638300031,3.08377899556359e-20,"ENSG00000177954.14"
0.543825358902698,7.35597860679863e-11,"ENSG00000143552.9"
0.363006430245531,3.20195038577516e-13,"ENSG00000143549.21"
0,0,"ENSG00000143612.20"
0.0323901157786403,0,"ENSG00000143569.19"
0.227911723648667,1.08203293801298e-20,"ENSG00000143575.14"
0.52067565987837,0.0214640385915256,"ENSG00000143515.18"
1.47570734704291e-11,0.365173460370044,"ENSG00000228013.1"
3.94796230698825e-12,0.0458503177458916,"ENSG00000160712.13"
0.140197953282243,1.74966781096342e-11,"ENSG00000169291.10"
8.28151531073056e-09,0.0454399709778609,"ENSG00000163239.12"
0.370193775062292,0,"ENSG00000160714.10"
0.196411457640385,0,"ENSG00000160716.6"
0,0,"ENSG00000160710.17"
0,0,"ENSG00000143603.19"
0.475086967632614,0,"ENSG00000163344.6"
0,0,"ENSG00000163346.17"
0.0909803149786877,1.2257103619074e-13,"ENSG00000163348.4"
0,0,"ENSG00000160691.18"
9.39741207284034e-13,0.035616350874629,"ENSG00000173207.13"
0.0557086934730558,4.17385789887005e-15,"ENSG00000160688.19"
0.205193139748066,0,"ENSG00000160685.13"
0,4.68879808934816e-16,"ENSG00000163354.15"
0.0134389805884379,0,"ENSG00000143537.13"
0,0,"ENSG00000243364.8"
0,0,"ENSG00000169242.12"
0,0,"ENSG00000169241.19"
0.134778697069816,1.61084086271717e-19,"ENSG00000179085.7"
0.146145683939429,0,"ENSG00000163463.11"
0.157782454907407,0.0192561136696018,"ENSG00000163462.18"
0,0,"ENSG00000185499.16"
0.706985056758772,0.0924988432890812,"ENSG00000231064.7"
0,0,"ENSG00000169231.13"
0,0,"ENSG00000173171.14"
0.373575336222644,7.98598195572913e-12,"ENSG00000160766.14"
0,0,"ENSG00000236675.1"
0,0,"ENSG00000177628.16"
0,0,"ENSG00000160767.21"
0.0134694449695001,1.8541861813925e-15,"ENSG00000116521.11"
0,0,"ENSG00000176444.19"
0,0.104878067359448,"ENSG00000143630.10"
0.506893842089085,3.13688902312417e-13,"ENSG00000143627.19"
0,0,"ENSG00000160752.14"
0,1.6717740065039e-16,"ENSG00000225855.7"
0,0,"ENSG00000160753.16"
0,0,"ENSG00000116539.13"
0,0.191770030128526,"ENSG00000227773.1"
0,0.021504405798563,"ENSG00000235919.4"
0,0,"ENSG00000125459.15"
0,0,"ENSG00000246203.2"
0.0828417718691272,1.33417817498104e-11,"ENSG00000287839.1"
0.209643293081507,1.78538080033584e-21,"ENSG00000163374.19"
0.104720357972158,0,"ENSG00000132676.16"
0.307052543706313,5.83241907492413e-13,"ENSG00000203761.5"
0,0,"ENSG00000116580.18"
0,0,"ENSG00000132718.9"
0,0,"ENSG00000143622.11"
0.292223374410872,0,"ENSG00000132680.11"
0.321879456863409,2.10567866019444e-15,"ENSG00000207475.1"
0.272402847247062,7.49901076457653e-12,"ENSG00000173080.5"
0,0,"ENSG00000116584.19"
0,0,"ENSG00000273002.1"
0.419917206837809,0.0146004520275993,"ENSG00000163479.14"
0.140895814308954,1.31993557764787e-10,"ENSG00000160803.8"
0.131701991598179,9.73153071355113e-18,"ENSG00000116586.11"
0,0,"ENSG00000254726.3"
0.0800841797579313,3.55927819969898e-12,"ENSG00000160789.20"
0,0,"ENSG00000196189.13"
0.584769493530242,0.0730658698363211,"ENSG00000160785.13"
0,0,"ENSG00000160783.19"
2.65473644334401e-12,0.145539616122613,"ENSG00000242252.2"
0,0,"ENSG00000160781.17"
0.0617182047768642,1.26035023916886e-09,"ENSG00000198952.8"
7.80287266545329e-19,0.265394611457388,"ENSG00000163472.19"
0.26480573154959,0.0378447314071263,"ENSG00000198715.13"
0.0795316101025225,0,"ENSG00000163468.15"
0,0.184053660745027,"ENSG00000125462.18"
0.040674867140011,0,"ENSG00000116604.18"
0.0276432337532259,8.47128762393274e-13,"ENSG00000183856.11"
0,0,"ENSG00000187862.12"
0.10118798761579,1.85966135070979e-12,"ENSG00000163382.12"
0.102619342901629,8.38765825864885e-21,"ENSG00000160818.16"
0.217866742339402,8.53878488068396e-13,"ENSG00000132688.11"
0,0.108887592867173,"ENSG00000143320.9"
0,0,"ENSG00000143319.16"
0,0,"ENSG00000143303.12"
0.0608757735706764,4.93335187066977e-15,"ENSG00000143314.12"
0.384367538481778,2.09839754529443e-11,"ENSG00000143321.19"
0.0736169478126393,2.21381720015032e-13,"ENSG00000143294.15"
1.22317377404939e-19,0.243419342848564,"ENSG00000287624.1"
3.50722746737877e-16,0,"ENSG00000027869.11"
0.0694463358234652,0,"ENSG00000027644.5"
0,0.157692293109747,"ENSG00000187800.13"
0.00418589702810587,0,"ENSG00000132694.18"
0.0556454515371739,0,"ENSG00000117036.12"
0,0,"ENSG00000143297.19"
0,0,"ENSG00000132704.16"
0,0,"ENSG00000183853.18"
0,0,"ENSG00000226520.1"
0.0678862085670911,0.0870360626066629,"ENSG00000227295.2"
0.0323494714341342,8.44118128626032e-11,"ENSG00000158473.6"
0,0,"ENSG00000158481.13"
0,0,"ENSG00000198967.4"
0,0,"ENSG00000163554.15"
0,0,"ENSG00000163564.15"
0,0,"ENSG00000163565.18"
0.106958799127118,1.81648264090059e-12,"ENSG00000163568.15"
0.28133712951029,0.0177581620240094,"ENSG00000162706.13"
0.283971718348257,0.085125438890091,"ENSG00000213088.12"
0,0,"ENSG00000158716.9"
0,0,"ENSG00000256029.6"
0.395768944439336,0,"ENSG00000272668.2"
0.0618462578050145,1.21697211621814e-13,"ENSG00000213085.10"
0.0534542585656358,0,"ENSG00000158710.14"
0.0362670012259743,2.71068581290038e-11,"ENSG00000224259.7"
0.080410980197735,1.52137762845868e-08,"ENSG00000143315.8"
0,0,"ENSG00000162729.14"
0.550881958467319,0.0926633917705221,"ENSG00000018625.15"
0,0,"ENSG00000132681.16"
0.471763379607151,0,"ENSG00000143318.13"
0,0,"ENSG00000227741.1"
0.011524664533525,1.61965549365039e-11,"ENSG00000162734.12"
0,0,"ENSG00000132716.18"
0,0,"ENSG00000228606.3"
0,0,"ENSG00000162735.18"
0.0124907142903354,0,"ENSG00000122218.16"
0,0,"ENSG00000162736.17"
0.0666546683212671,1.65091087019213e-09,"ENSG00000162738.6"
0,0.031286465083628,"ENSG00000066294.14"
0.0605927835320393,0.205046269759564,"ENSG00000026751.17"
0,0,"ENSG00000122224.18"
0,0,"ENSG00000158769.18"
0.592688154761987,0.0534342281588534,"ENSG00000215845.11"
0,0,"ENSG00000158773.14"
0,0,"ENSG00000186517.14"
0.543635290737808,0.180205554442064,"ENSG00000162755.14"
0.178165910716774,4.4947538920324e-11,"ENSG00000143256.5"
0,0,"ENSG00000158793.14"
0,0,"ENSG00000158796.17"
0.00410755483406329,3.61683025935981e-13,"ENSG00000143222.12"
0,0,"ENSG00000143258.16"
0.242497705534068,0.1503768882548,"ENSG00000143224.18"
0,0,"ENSG00000158850.15"
0.188427095570647,2.90727968954854e-20,"ENSG00000158859.10"
0.0437319515885409,6.03182484147677e-11,"ENSG00000158864.12"
0.204322973654194,5.39377753585262e-11,"ENSG00000158869.11"
0.310870385207397,1.27508830615409e-13,"ENSG00000158882.15"
0,0,"ENSG00000143257.11"
0,0,"ENSG00000158887.17"
0.0870849336032586,0.213420605430213,"ENSG00000143252.14"
0,0,"ENSG00000283696.1"
0,0,"ENSG00000288093.1"
0,0,"ENSG00000143226.13"
0,3.81167402654515e-16,"ENSG00000173110.8"
0,0,"ENSG00000203747.11"
0,0,"ENSG00000244682.7"
0,0,"ENSG00000225217.1"
0,0,"ENSG00000072694.20"
0.0696347238983586,0,"ENSG00000132185.16"
0.061711881260633,0.219726530407583,"ENSG00000162746.14"
1.24382065362909e-14,0.0448789169999975,"ENSG00000081721.12"
0,0,"ENSG00000118217.6"
0,0,"ENSG00000229808.1"
0,0,"ENSG00000162745.10"
0.0571112900354936,0.511742589629449,"ENSG00000198929.13"
0.139709648872867,0.462017648272094,"ENSG00000239887.6"
0.0707107420669502,3.26277797286635e-20,"ENSG00000152332.16"
0.110426228503606,5.09367926777259e-13,"ENSG00000117143.13"
0,0,"ENSG00000272574.1"
0,0,"ENSG00000162733.19"
0,0,"ENSG00000132196.14"
2.1591084390408e-12,0.0738873724523842,"ENSG00000117152.13"
0,0,"ENSG00000143248.13"
0,0,"ENSG00000232995.7"
0.416766206320235,0,"ENSG00000143228.13"
0,0.127878675517074,"ENSG00000185630.18"
3.50461195386097e-10,0.124311936916824,"ENSG00000269887.1"
0,0.411611477933786,"ENSG00000233693.1"
0.321200374238041,0.312330974900763,"ENSG00000143171.13"
0,0,"ENSG00000143198.13"
0.0501750444626318,1.33854935453583e-16,"ENSG00000143149.12"
0,0,"ENSG00000143183.16"
0,0,"ENSG00000224358.1"
0,0,"ENSG00000143179.16"
0,0,"ENSG00000236364.4"
0,0,"ENSG00000188859.6"
0,0,"ENSG00000143157.11"
0,0,"ENSG00000152382.6"
0.117569099118591,0,"ENSG00000143195.13"
0,0,"ENSG00000198842.10"
0,0,"ENSG00000143190.23"
0,0,"ENSG00000272033.1"
0,0,"ENSG00000198821.10"
0,0,"ENSG00000287218.1"
0,0.0415859254712502,"ENSG00000143162.9"
0,0,"ENSG00000198771.11"
0.104556367666945,1.6222074094121e-20,"ENSG00000197965.12"
0.308589011305955,0.0952950739226131,"ENSG00000143199.18"
0.572206476646465,0.0455318094927591,"ENSG00000143158.11"
0,0,"ENSG00000143164.15"
0,0,"ENSG00000143147.14"
0.0373129238032187,2.61694887143228e-10,"ENSG00000143155.13"
0.154303241176838,0.065250341972024,"ENSG00000213064.10"
0,0,"ENSG00000143178.13"
0.350231255087073,8.69204433210396e-13,"ENSG00000143196.5"
0.0265124200956974,1.13667924779856e-10,"ENSG00000143153.13"
0,0,"ENSG00000143156.14"
0,0,"ENSG00000117475.14"
1.13331131238603e-09,0.273786191496444,"ENSG00000117477.12"
0,0,"ENSG00000117479.15"
0,0,"ENSG00000234604.2"
0,0,"ENSG00000213062.5"
5.77450934699219e-12,0.066965036049112,"ENSG00000198734.11"
0,0.195416895169697,"ENSG00000174175.17"
0,0,"ENSG00000000460.17"
0.0755334434403524,2.79598437927888e-12,"ENSG00000188404.10"
0,0,"ENSG00000007908.16"
0.251961827953838,0.116912551149845,"ENSG00000171806.12"
0,0,"ENSG00000000457.14"
0,0,"ENSG00000075945.13"
0,0.275426439192981,"ENSG00000231407.6"
0,0,"ENSG00000120370.12"
0.123740441497287,0.066595552432761,"ENSG00000116132.12"
3.8691825908498e-18,0.174402430784104,"ENSG00000271811.1"
2.79263642336068e-11,0.164021333337252,"ENSG00000231424.3"
0.0891122044965651,8.66149827837767e-14,"ENSG00000117501.14"
6.22411514386041e-17,0.473378550220773,"ENSG00000007933.13"
0,0.265526369141514,"ENSG00000117507.6"
0,0.148249259165045,"ENSG00000094963.14"
0.0298289364579754,8.84527815595807e-14,"ENSG00000076258.10"
0.215878358271636,5.45004176439312e-23,"ENSG00000285665.1"
0,0,"ENSG00000117523.16"
2.21227103385244e-19,0.0969384823139912,"ENSG00000034971.17"
0,0,"ENSG00000117533.15"
0,0,"ENSG00000010165.20"
0.022230706755696,0.0596683669651726,"ENSG00000197959.14"
0,0,"ENSG00000230630.5"
0,0,"ENSG00000135845.10"
0,0,"ENSG00000094975.14"
4.58844114226007e-22,0.0967153233621305,"ENSG00000117586.11"
0,0.158684189902668,"ENSG00000231615.2"
0,0,"ENSG00000203739.4"
0,0,"ENSG00000117592.9"
0,0,"ENSG00000076321.11"
0,0,"ENSG00000120334.15"
0,0,"ENSG00000117593.12"
0.171634429124522,6.54222185313486e-13,"ENSG00000234741.8"
4.19803312504504e-12,0.0430501075900433,"ENSG00000270084.2"
0.0607207013610381,4.92105422409025e-13,"ENSG00000185278.15"
0,0,"ENSG00000135870.11"
0.019715611858832,3.98848558339943e-22,"ENSG00000236535.1"
0.145160013120744,0,"ENSG00000152061.23"
0,0.118986971403221,"ENSG00000203737.5"
0.251086598753983,2.11896326314574e-08,"ENSG00000287697.1"
0.758858261524452,0.0430926521382678,"ENSG00000116161.18"
0,0,"ENSG00000120333.4"
0.0588349544785902,0.211686072753724,"ENSG00000120332.16"
0.1527233321136,0,"ENSG00000235750.10"
0,0,"ENSG00000143207.21"
0.196807857700361,4.47065445324759e-18,"ENSG00000228686.2"
0,0,"ENSG00000236021.2"
0,0,"ENSG00000116183.11"
0,0,"ENSG00000224968.2"
0,0,"ENSG00000254154.8"
0,0,"ENSG00000242193.11"
0.000302591472794424,8.09115013296736e-11,"ENSG00000224687.2"
0,0,"ENSG00000075391.16"
0.247647736210671,4.31706289204434e-13,"ENSG00000213058.3"
0.191440646140221,4.79679959924305e-13,"ENSG00000213057.5"
0,0,"ENSG00000273062.1"
0,0,"ENSG00000116191.17"
0,0,"ENSG00000116194.13"
0.239453138616055,3.86298138862899e-14,"ENSG00000116199.12"
0,0,"ENSG00000186283.14"
0,0,"ENSG00000143322.21"
0.0093247304794141,0,"ENSG00000225711.1"
0,0,"ENSG00000057252.13"
0,0.0169531601089473,"ENSG00000227141.2"
0.127289903549602,2.39234694620055e-11,"ENSG00000169905.12"
0,0,"ENSG00000272906.1"
0,0,"ENSG00000143337.18"
0,0,"ENSG00000264916.2"
0,0,"ENSG00000135837.16"
0,0,"ENSG00000235145.2"
0.18865188793418,0,"ENSG00000116260.17"
0,0,"ENSG00000121454.6"
0,0,"ENSG00000230124.8"
0,0,"ENSG00000143324.14"
0.173514900473036,0,"ENSG00000135835.12"
0.0130805226860638,7.94899790991799e-10,"ENSG00000135823.14"
0,0,"ENSG00000153029.14"
0.0641227917921235,8.81439556109498e-21,"ENSG00000162783.11"
0.186774766257607,0.0432983518390612,"ENSG00000135821.18"
5.0353555887477e-19,4.59709860946895e-16,"ENSG00000135828.11"
0.0874083498061406,0.0774094673909735,"ENSG00000143333.7"
6.26998966089883e-16,0.036532440519734,"ENSG00000135838.13"
0.0327749118993677,2.24890145502621e-15,"ENSG00000135829.17"
0,0.144352517960549,"ENSG00000135862.6"
0,0,"ENSG00000224468.3"
0.292847225699863,0,"ENSG00000058085.15"
7.59628725009018e-18,0.186763836630325,"ENSG00000157064.11"
0,0.0906054903145654,"ENSG00000232860.8"
0,0,"ENSG00000116698.21"
0.173418109622683,0,"ENSG00000116701.14"
0,0,"ENSG00000162704.16"
0.144198869886911,0.0296561194630502,"ENSG00000143344.15"
0,0,"ENSG00000173627.8"
0.427032106670681,0.14657974579953,"ENSG00000198756.12"
0,0,"ENSG00000198860.12"
0,0.180785335864565,"ENSG00000116667.14"
0,0.012124576336037,"ENSG00000285847.2"
0,0,"ENSG00000116406.19"
0,0,"ENSG00000135842.17"
0.176206923774477,2.8838419841184e-13,"ENSG00000121481.11"
0,0.0388554785833619,"ENSG00000121486.12"
0.027105869578335,0.0585926370440784,"ENSG00000116668.13"
6.93235039702481e-18,0.0601228158815424,"ENSG00000238061.2"
0.143202875244882,3.13273242265876e-11,"ENSG00000279838.1"
0,0,"ENSG00000116679.16"
0,0,"ENSG00000273004.1"
0.0804692900538354,6.69210609091119e-11,"ENSG00000143341.12"
0,0.107839790526519,"ENSG00000116690.12"
0,0,"ENSG00000047410.14"
0,0,"ENSG00000157181.16"
0.0348293043913564,0,"ENSG00000229739.3"
0.640794855494206,1.00074103337643e-22,"ENSG00000073756.12"
0.052398146496063,7.31881633955175e-13,"ENSG00000116711.10"
0,0,"ENSG00000230426.4"
0,0,"ENSG00000230987.2"
0,0,"ENSG00000150681.10"
0,0,"ENSG00000285280.2"
0,0,"ENSG00000090104.12"
0.318557736552675,4.04426270622407e-23,"ENSG00000116741.8"
7.03204703417917e-16,0.0276052738895849,"ENSG00000234473.1"
0,0,"ENSG00000116750.13"
0,0,"ENSG00000116747.12"
0.190447873291855,0,"ENSG00000023572.9"
6.36282055351895e-17,1.07220034371905e-20,"ENSG00000134371.13"
0.130468856559707,0.0868765093241931,"ENSG00000162630.6"
0.111762060366549,0.135071839876822,"ENSG00000276735.1"
0,4.5143171686422e-17,"ENSG00000162687.17"
0,0.0751645493191967,"ENSG00000000971.15"
0,0,"ENSG00000066279.18"
0,0,"ENSG00000177888.7"
0,0,"ENSG00000213047.13"
0,1.03501586393612e-16,"ENSG00000203724.11"
0,0,"ENSG00000143355.16"
0,0,"ENSG00000151414.15"
0.106741667809193,0.396832776911036,"ENSG00000232824.1"
0,0,"ENSG00000081237.20"
0,0,"ENSG00000229989.4"
0,0,"ENSG00000116833.14"
0,0,"ENSG00000203721.7"
0,0,"ENSG00000162702.8"
0.0167424252918608,0,"ENSG00000118193.12"
0,0,"ENSG00000118197.14"
0,0,"ENSG00000118200.14"
0,0,"ENSG00000163362.11"
1.2309909813692e-17,0.133812594695695,"ENSG00000116852.14"
0,0,"ENSG00000116857.17"
0.259672307865215,1.42113829694477e-12,"ENSG00000081277.12"
0.0447560342941285,5.92894576536263e-13,"ENSG00000174307.7"
0,0,"ENSG00000159176.14"
0.392025649579114,1.16501542373523e-11,"ENSG00000223396.4"
0,0.0540935010447734,"ENSG00000134369.15"
0,0.0809180156169105,"ENSG00000236390.1"
0,0,"ENSG00000231871.5"
0,0.13012069714505,"ENSG00000235121.1"
0.0378376077267337,0,"ENSG00000198700.10"
0.250446439255256,3.78658117370093e-14,"ENSG00000198892.6"
0,0,"ENSG00000163431.13"
0,0,"ENSG00000134375.11"
0,0.0869946858655661,"ENSG00000176393.11"
0,0,"ENSG00000234678.2"
0.390860994272449,1.86526600280133e-12,"ENSG00000163435.16"
0.677075055873033,0,"ENSG00000170075.9"
0,0,"ENSG00000143862.8"
0.0117224084625684,0.217505202026175,"ENSG00000143851.15"
0.229524406225527,5.66892430501829e-11,"ENSG00000077152.11"
0.0304351580432959,0,"ENSG00000077157.22"
3.7046571596465e-13,0.559766214225637,"ENSG00000232626.3"
0,0,"ENSG00000143858.12"
0,0,"ENSG00000117139.17"
2.36876569003501e-20,0.0840064826835217,"ENSG00000226148.1"
0.00762051662873052,0.14939493039706,"ENSG00000228288.7"
0.130886882491699,0.0323167811765407,"ENSG00000214796.8"
0.209447874021663,1.09675681542174e-21,"ENSG00000183155.5"
0,0,"ENSG00000117153.16"
0.172787417503254,9.80829767404911e-22,"ENSG00000159346.13"
0,0,"ENSG00000159348.13"
0.590657178114283,0,"ENSG00000163444.12"
0.479724842428242,5.48361362227536e-11,"ENSG00000143847.15"
0,0,"ENSG00000163485.17"
0.402643009699565,6.70288427632532e-12,"ENSG00000133048.13"
0.0536465106089526,1.10597495165488e-09,"ENSG00000133063.16"
0,0.0499069794056506,"ENSG00000231507.2"
0.0558243778031152,0,"ENSG00000159388.6"
0,0,"ENSG00000122176.12"
0.0251076426922501,0.127033638490605,"ENSG00000188783.6"
0,0,"ENSG00000058668.14"
4.80044509890321e-10,0.081017988784135,"ENSG00000122188.13"
0,0,"ENSG00000058673.16"
0,0,"ENSG00000257315.2"
1.20226266688268e-19,0.19971420059496,"ENSG00000227417.3"
0.214718335433815,3.93081556104013e-17,"ENSG00000182004.13"
0,0,"ENSG00000143842.15"
0.325438822349578,0.16667046987897,"ENSG00000143845.15"
0.179564053926222,0.580850405166333,"ENSG00000143850.16"
0,0,"ENSG00000219133.2"
0.19313556369546,1.03736201286907e-19,"ENSG00000158615.9"
1.81606791412928e-15,0.456217632102308,"ENSG00000133056.13"
0,0,"ENSG00000198625.13"
0.538328335346518,1.53237914785502e-11,"ENSG00000236779.1"
0,0,"ENSG00000200408.1"
2.25392512762946e-07,0.272725015861777,"ENSG00000170382.12"
0,0,"ENSG00000163531.15"
0,0,"ENSG00000229657.2"
0.37655143156039,0.248771027535891,"ENSG00000184144.12"
0,0,"ENSG00000174529.7"
0,0,"ENSG00000117222.14"
0.890705847320222,1.14563708811542e-14,"ENSG00000133059.17"
0.430477708963655,2.65880765376203e-13,"ENSG00000133069.17"
0.466397607941647,0.391521648529784,"ENSG00000163545.10"
2.38318507565035e-10,0.460233538647175,"ENSG00000162873.14"
0.01486520537787,3.85208141233927e-13,"ENSG00000117266.15"
0.412567791128034,0.222092438452238,"ENSG00000174514.13"
0.123041874710599,1.71935491944785e-10,"ENSG00000158711.13"
0,0,"ENSG00000158715.6"
0.00950776024532969,6.92555098784729e-16,"ENSG00000069275.13"
0.130772217383306,0,"ENSG00000117280.13"
0,0,"ENSG00000285521.1"
1.67064687263607e-12,0.0333080370222899,"ENSG00000133065.11"
0.839939368715349,0,"ENSG00000286619.1"
6.86730113604498e-21,0.0946460389946955,"ENSG00000162877.13"
0.00633341011910796,0,"ENSG00000276600.5"
0,0,"ENSG00000285417.1"
1.89940350279048e-11,0.0233639801666676,"ENSG00000196550.10"
0,0,"ENSG00000266028.7"
0.296951553991634,0,"ENSG00000263528.8"
0.308431976737816,1.70807301035481e-13,"ENSG00000162888.4"
0.0660977330857479,1.19332019807825e-07,"ENSG00000266094.8"
0.0733395652174859,1.01745051228225e-10,"ENSG00000279946.1"
1.4336495878058e-14,0.0109370929855944,"ENSG00000143486.16"
0,0,"ENSG00000143479.17"
0.0631602653261642,1.94278221104283e-10,"ENSG00000162889.10"
0,0.106842553529265,"ENSG00000224114.1"
0.542306180206489,0.0520556550767642,"ENSG00000162894.12"
0,0,"ENSG00000123836.15"
0.0564139860649493,2.26146376932281e-11,"ENSG00000180667.10"
0,0,"ENSG00000196352.15"
0,0,"ENSG00000203710.11"
0,0,"ENSG00000197721.17"
0,0.00313179014642274,"ENSG00000117335.19"
0.0982590980192689,0,"ENSG00000234219.1"
0,0,"ENSG00000203709.12"
0.0179365940434463,9.03928948924263e-10,"ENSG00000174059.17"
0,0.208931200422017,"ENSG00000284237.1"
0.0494340842879111,0,"ENSG00000076356.7"
0.336100441917383,0,"ENSG00000008118.10"
0.486670141775716,2.68708656074091e-12,"ENSG00000196878.15"
0,0.253183432679163,"ENSG00000227591.5"
0.349783866573733,0.182326024937252,"ENSG00000123689.6"
0,0,"ENSG00000117594.10"
0.0572763010461276,0,"ENSG00000009790.15"
0,0,"ENSG00000162757.4"
0,0,"ENSG00000117597.18"
0.615960328523453,0,"ENSG00000203706.8"
0.595348941213091,0.00727411842077782,"ENSG00000082497.12"
0.234947320202415,2.7715222143895e-13,"ENSG00000054392.13"
0,0,"ENSG00000143473.13"
0,0,"ENSG00000117625.13"
3.69422231446112e-17,0.015970653738389,"ENSG00000082512.15"
0,0.41294504671268,"ENSG00000153363.13"
0,0.070416664354023,"ENSG00000170385.10"
0.0743820569691981,0,"ENSG00000117650.13"
0,0,"ENSG00000123684.13"
0,0,"ENSG00000143493.13"
0.423796875688578,0,"ENSG00000143476.18"
4.03302861486832e-12,0.330108245550265,"ENSG00000066027.12"
5.77484149559084e-09,0.208520160615885,"ENSG00000225338.1"
0,0,"ENSG00000065600.12"
0.0213478359100694,7.96588697665768e-23,"ENSG00000117691.10"
0.0123563216382896,0,"ENSG00000260805.2"
7.67394737824522e-15,0.104330920554549,"ENSG00000288007.1"
0.0435836297469268,2.69710531182177e-10,"ENSG00000162772.17"
0.46089388590561,0.310977793185841,"ENSG00000123685.9"
0,0,"ENSG00000117697.15"
0,0,"ENSG00000203705.11"
0.404591800135798,1.0998546639238e-11,"ENSG00000198468.9"
0.163904885565904,2.29173299720402e-22,"ENSG00000162769.13"
0.206099309512613,0.242925922718881,"ENSG00000143494.15"
0,0,"ENSG00000174606.14"
0,0,"ENSG00000136643.12"
4.69621055468933e-19,0.138615228615613,"ENSG00000117707.16"
0,0,"ENSG00000143499.14"
0,0,"ENSG00000152104.12"
0,0.0146352282535569,"ENSG00000213036.3"
0,0,"ENSG00000117724.13"
0,0,"ENSG00000082482.13"
0,0,"ENSG00000136636.13"
0,0.113284925655302,"ENSG00000042781.13"
0,0,"ENSG00000092978.11"
0,0,"ENSG00000162814.11"
0.0772070714517585,2.17958127696318e-11,"ENSG00000067533.6"
0.267832965185773,4.24579317313035e-15,"ENSG00000092969.12"
0,0,"ENSG00000228063.2"
0,0,"ENSG00000143353.12"
0,0,"ENSG00000225920.2"
0,0,"ENSG00000223842.1"
0,0,"ENSG00000277007.1"
0,0,"ENSG00000287676.1"
0.147988497330214,0.157620862669644,"ENSG00000228536.3"
0,0,"ENSG00000136628.18"
6.62803723867392e-14,0.0191312369066361,"ENSG00000162813.18"
0.0607414468745884,1.494094730501e-11,"ENSG00000067704.10"
0,0,"ENSG00000118873.16"
0,3.63823199926161e-17,"ENSG00000270585.1"
0,0,"ENSG00000218283.2"
0.207916144749642,0.0477999782593019,"ENSG00000116141.15"
0,0,"ENSG00000243872.3"
0,0,"ENSG00000233012.2"
0.143493254903448,1.74815830272745e-10,"ENSG00000162817.7"
0.159081987868033,0.447874194348606,"ENSG00000117791.16"
0.27081013980435,0.260757435156468,"ENSG00000186205.13"
0,0,"ENSG00000238078.1"
0,0.0547039499204349,"ENSG00000136630.13"
0.0385891652678186,0,"ENSG00000143507.18"
0,0,"ENSG00000143512.13"
0,0,"ENSG00000143498.18"
0,0,"ENSG00000154305.18"
0,0,"ENSG00000272750.1"
0.163369711559591,2.4979369339319e-11,"ENSG00000186063.13"
0,0,"ENSG00000162819.12"
0,0,"ENSG00000228106.6"
0,0,"ENSG00000154309.8"
0,0,"ENSG00000187554.14"
0,0,"ENSG00000162909.18"
0.067362445050459,2.12335749936296e-20,"ENSG00000143514.17"
0,0,"ENSG00000272645.3"
0,0,"ENSG00000185495.10"
0.0867210687593844,1.03597196096548e-11,"ENSG00000278467.1"
0,0,"ENSG00000143756.12"
0,0.188479239708758,"ENSG00000143753.13"
0.117213696526472,0,"ENSG00000143748.18"
6.40949951514677e-14,0.0134236006856785,"ENSG00000143771.12"
0,0.0229002169171759,"ENSG00000162923.16"
0.00510517550414306,0,"ENSG00000143786.8"
0,0,"ENSG00000185842.15"
0.0177648524098042,2.83404474471638e-15,"ENSG00000143815.15"
0,0,"ENSG00000154380.17"
0,0.0365690229382904,"ENSG00000227496.3"
0,0,"ENSG00000226349.1"
0,0,"ENSG00000143742.13"
0.01968142532119,2.69690770776286e-11,"ENSG00000143819.12"
0,0.058289799343957,"ENSG00000242861.1"
0,0,"ENSG00000196187.12"
0,0,"ENSG00000143811.19"
0.0427588058843254,0,"ENSG00000143751.10"
0,0,"ENSG00000163041.11"
0.350322924683445,0.151879096359038,"ENSG00000225518.3"
0,0,"ENSG00000182827.9"
0.038872666128466,2.52114374292221e-15,"ENSG00000183814.15"
0.487461910312091,1.53461949886127e-12,"ENSG00000143799.13"
0.506207813235647,0.133514583217649,"ENSG00000203685.10"
0.744160470568699,7.60333034348629e-10,"ENSG00000143772.9"
0.313828085628783,0.168008844631544,"ENSG00000228382.1"
0,0,"ENSG00000143801.17"
0,0,"ENSG00000163050.17"
0,0,"ENSG00000143776.18"
1.35670477484304e-12,0.228352222016606,"ENSG00000228625.1"
2.5290426423545e-12,0.0103026729774482,"ENSG00000287525.1"
0,0,"ENSG00000181450.18"
0.058347767079959,8.80805264305102e-13,"ENSG00000143740.14"
0,0,"ENSG00000081692.12"
0,0.303740805748485,"ENSG00000143816.8"
0,0,"ENSG00000276255.2"
0.101840097881417,1.98362432491657e-12,"ENSG00000143761.16"
0.267571719975949,0.0447319171122901,"ENSG00000143793.13"
0,0,"ENSG00000162910.19"
0.34247380166067,1.38105770673507e-21,"ENSG00000143774.16"
0.0578419373722562,0,"ENSG00000198835.4"
0,0,"ENSG00000181873.13"
0,0,"ENSG00000154358.21"
1.45425934478126e-20,3.4813073093493e-17,"ENSG00000269934.3"
7.26047082932636e-13,0.0625682055317532,"ENSG00000287315.1"
0.354264499631144,0.278699546987924,"ENSG00000154370.16"
1.17270264671476e-18,0.152644563337778,"ENSG00000231563.2"
0.198985800249754,0.0194798956195227,"ENSG00000162931.12"
0.216866677645277,1.1542071166305e-12,"ENSG00000181218.5"
9.7369433412828e-21,0.151451425802069,"ENSG00000196890.4"
0,0.199680424295494,"ENSG00000168159.12"
0,0,"ENSG00000215811.6"
0.585866739412045,0.0309334713425752,"ENSG00000201321.1"
0.680687826290689,0.0817228048814974,"ENSG00000116574.6"
0,0,"ENSG00000177788.6"
0.215029741118614,0.116454657043641,"ENSG00000168118.12"
0,0,"ENSG00000154429.11"
0,0,"ENSG00000069248.12"
0,0,"ENSG00000135776.5"
0.0936230091474807,5.66935377197294e-11,"ENSG00000135801.9"
0,0,"ENSG00000135763.10"
0.371950441616389,0.120833057542097,"ENSG00000143641.10"
1.81080064576662e-19,0.0496767833050561,"ENSG00000227006.2"
0.314001502914711,5.06294618334708e-14,"ENSG00000177614.11"
0,0,"ENSG00000135775.14"
0.288151413262544,0.0895762276542797,"ENSG00000135744.8"
1.14133918206119e-20,0.00632010265431394,"ENSG00000119280.16"
0,0,"ENSG00000143643.13"
0,0,"ENSG00000173409.14"
0.0967051360350092,0,"ENSG00000182118.8"
0,0,"ENSG00000227934.1"
0,0,"ENSG00000143633.13"
0.0200062986725774,3.26985737650383e-14,"ENSG00000116906.13"
0.114091506904558,1.1537332923757e-10,"ENSG00000116903.7"
0.437625128175551,3.83300708125698e-13,"ENSG00000010072.16"
0.372938052787943,0.115906818324671,"ENSG00000135766.9"
0,0,"ENSG00000233461.6"
0,0,"ENSG00000116918.15"
0,0,"ENSG00000162946.22"
0.0181125148201068,4.98757974355202e-14,"ENSG00000286071.1"
0.304204031364824,0,"ENSG00000116991.10"
0.456903401017709,0.189184635245439,"ENSG00000212916.4"
0,0,"ENSG00000135778.12"
1.82061878829968e-20,0.0462743509863826,"ENSG00000135749.19"
0,0.115136276948908,"ENSG00000143674.11"
0.249515713569801,2.45017171116686e-13,"ENSG00000135750.15"
0.231447573806414,9.52580608938383e-11,"ENSG00000168275.15"
0.108175524861605,2.75819057447944e-11,"ENSG00000059588.10"
0,0,"ENSG00000231768.2"
0.110171571846822,1.33194261075726e-11,"ENSG00000168264.10"
0,0,"ENSG00000227630.4"
0.410667943835264,0.0366149847012765,"ENSG00000238005.4"
0.121818987807828,0,"ENSG00000258082.1"
0.123750287379325,0,"ENSG00000280587.1"
0,0,"ENSG00000173726.11"
0.773737989725999,0.0680940994550182,"ENSG00000207181.1"
0.527880269808452,0.0172398432807742,"ENSG00000188739.15"
0.0295244694741832,0,"ENSG00000054267.22"
0.0734390275215544,0,"ENSG00000236863.2"
0,0.0370326490903582,"ENSG00000152904.11"
0.000336109760518799,0,"ENSG00000285053.1"
0,0,"ENSG00000284770.2"
0.310275172144792,0.138695183838851,"ENSG00000162885.13"
0,0,"ENSG00000168243.11"
0,0,"ENSG00000143669.13"
0.0817628440358765,5.5858538288704e-13,"ENSG00000229463.2"
0,0.0248526043730272,"ENSG00000116962.15"
2.75668584589402e-19,0.397442531117853,"ENSG00000252822.1"
0,0,"ENSG00000077585.14"
0,0.0717599827630234,"ENSG00000086619.14"
0,0.209111073267647,"ENSG00000186197.14"
0.0124474422305704,1.76045344288255e-15,"ENSG00000116977.18"
0,0,"ENSG00000273058.2"
0,0,"ENSG00000119285.11"
0.241779142185701,1.30136553062417e-12,"ENSG00000077522.13"
0,0,"ENSG00000116984.13"
0,0,"ENSG00000226498.2"
6.35466274201893e-15,0.14834537413981,"ENSG00000215808.4"
0,0,"ENSG00000133019.11"
4.93655253830396e-12,0.042375236013585,"ENSG00000155816.20"
0.297481274217497,0.104331270649517,"ENSG00000180875.5"
0.0392112055402407,0,"ENSG00000091483.6"
0,0.273554379229063,"ENSG00000117009.12"
0.259457201755935,0.131296696057821,"ENSG00000054277.14"
0.0867013046507892,7.82035643930984e-19,"ENSG00000203668.2"
0.441187883419385,3.11737310996634e-12,"ENSG00000174371.17"
6.45830208407299e-21,0.0862476017838344,"ENSG00000197769.6"
0,0,"ENSG00000143702.16"
0.179455710736046,0.117620080190743,"ENSG00000054282.16"
0.27985001862071,1.2304788251519e-10,"ENSG00000224727.1"
0,0,"ENSG00000117020.18"
0.148565011120234,2.56391625512768e-09,"ENSG00000226766.1"
0,0.37670498018441,"ENSG00000228939.1"
0,0,"ENSG00000179456.10"
0,0,"ENSG00000035687.10"
0,0,"ENSG00000179397.18"
0,0,"ENSG00000121644.19"
0.424822488993886,0.183698550122694,"ENSG00000287601.1"
0.138326658697591,0.176750763812825,"ENSG00000203667.10"
0.100384313911382,9.95963957330092e-20,"ENSG00000153187.20"
0,0,"ENSG00000272195.1"
0.23632117410032,1.59862086287186e-13,"ENSG00000203666.12"
0,0,"ENSG00000162849.16"
0,0,"ENSG00000185420.19"
0,0,"ENSG00000226876.3"
0,0,"ENSG00000162851.8"
0,0,"ENSG00000162852.14"
0.0869881940166204,1.45811072476595e-10,"ENSG00000225300.1"
2.39216432393593e-19,0.299911651862184,"ENSG00000143653.10"
1.60136444736371e-10,0.317699490471014,"ENSG00000223519.8"
5.67172305716156e-19,0.0801388471414065,"ENSG00000260855.1"
0,0,"ENSG00000227953.7"
0,0,"ENSG00000153207.15"
0.0329431243761638,2.26488060402358e-13,"ENSG00000277462.2"
0,0,"ENSG00000188295.14"
0,0,"ENSG00000221953.5"
0.504005990709881,5.07070045257364e-14,"ENSG00000196418.12"
0,0,"ENSG00000259865.1"
0,0,"ENSG00000227671.4"
0.0551693056485536,0,"ENSG00000162714.12"
0.176881527659587,3.57740420708889e-11,"ENSG00000162711.17"
0.389913094134882,0,"ENSG00000177535.8"
0,0,"ENSG00000169224.13"
0,0.140336464120439,"ENSG00000162722.9"
0,0,"ENSG00000175137.11"
0.276119662729247,1.59550637077107e-18,"ENSG00000171161.13"
0,0,"ENSG00000171163.15"
0,0,"ENSG00000185220.12"
0.0760190702281471,2.07248316911164e-22,"ENSG00000184731.6"
0,0,"ENSG00000035115.22"
0.0750339619410945,3.05751395447196e-11,"ENSG00000143727.16"
0,0,"ENSG00000189292.16"
0.060467504511333,2.01335689540067e-22,"ENSG00000151353.15"
0,0,"ENSG00000172554.12"
0.856479467989454,5.92894480084159e-12,"ENSG00000203635.2"
0,0,"ENSG00000130508.11"
0.158997076096159,0,"ENSG00000032389.12"
0,0.0498092956297596,"ENSG00000171853.16"
0.103656898898638,3.0627364985782e-12,"ENSG00000182551.14"
0,0,"ENSG00000171865.10"
0,0,"ENSG00000234171.3"
0,0,"ENSG00000287126.1"
0.278940376126246,5.95068660682932e-22,"ENSG00000171863.15"
0.352494150486601,0.0891924794861938,"ENSG00000118004.17"
0.468223524676884,0.122943538122272,"ENSG00000176887.7"
0.0996114974393473,4.12402507647796e-10,"ENSG00000134326.11"
0.0517158201335203,1.54819582584546e-19,"ENSG00000134321.12"
1.7890220577144e-08,0.0581792452191175,"ENSG00000228203.7"
0.696411926119649,0,"ENSG00000151692.15"
0.365021042185004,1.3412921208318e-12,"ENSG00000236790.6"
0.12167465394442,6.96467531862716e-13,"ENSG00000236008.3"
0,0,"ENSG00000235092.6"
0,0,"ENSG00000115738.10"
0,0,"ENSG00000134313.15"
0,0,"ENSG00000143797.12"
0,0.0820887575531854,"ENSG00000151693.11"
2.29497584563909e-09,0.0983264513228524,"ENSG00000119185.12"
0.0190023804257897,9.88436708940473e-11,"ENSG00000119203.14"
0,0,"ENSG00000134330.19"
0.178754376246557,0,"ENSG00000151694.14"
0,0,"ENSG00000239300.6"
0.0571746695732973,5.42877906133702e-11,"ENSG00000134308.14"
0.336158808974404,0.179370747491368,"ENSG00000115750.17"
0.183381630136814,1.16121614995105e-10,"ENSG00000269973.1"
0.321778613678223,0,"ENSG00000134317.18"
0,0,"ENSG00000188525.4"
0,0,"ENSG00000260077.1"
0.0561126292591397,0.01763290464349,"ENSG00000172059.11"
0.523558471513804,0.240268029928573,"ENSG00000205795.4"
0.612660446349988,0,"ENSG00000171848.15"
0,0,"ENSG00000115756.13"
0,0,"ENSG00000115758.13"
0,0,"ENSG00000257135.7"
0,0,"ENSG00000115761.16"
0,0,"ENSG00000243819.4"
3.88350456203146e-12,0.178704754123552,"ENSG00000143882.12"
0,0,"ENSG00000143870.12"
0.00260001180009347,3.61580161356403e-13,"ENSG00000162976.13"
0.600801431151801,2.53302949087777e-12,"ENSG00000134318.14"
0,0,"ENSG00000230154.1"
0,0,"ENSG00000285569.2"
0.0535204987739053,0.0680394753148951,"ENSG00000169016.17"
0.216840591974639,0.115978795170503,"ENSG00000196208.14"
0,0,"ENSG00000239899.3"
2.87446883800276e-17,0.0145199034239518,"ENSG00000134324.11"
3.2504846577825e-19,0.198705500018647,"ENSG00000071575.11"
0.213237630160953,1.01333035400114e-12,"ENSG00000162981.14"
4.48108257072406e-15,0,"ENSG00000151779.13"
0,0,"ENSG00000079785.15"
0.233818656853331,0.0494026104820005,"ENSG00000197872.11"
0,0,"ENSG00000163032.12"
0.0452007193289574,4.85152169153405e-11,"ENSG00000163029.16"
0.216129992992327,0,"ENSG00000178295.15"
0.637785033498266,6.0124505297103e-21,"ENSG00000170745.12"
0,0,"ENSG00000240857.2"
0.230294638455284,1.09396693219297e-12,"ENSG00000287284.1"
0,0.115403049924254,"ENSG00000236204.6"
0,0,"ENSG00000143867.7"
0.467659854052918,0,"ENSG00000228784.9"
7.41663840060147e-20,0.196623474996383,"ENSG00000183891.6"
0,0,"ENSG00000118965.14"
2.01555101106892e-19,0.0656193879002427,"ENSG00000132031.13"
0,0,"ENSG00000068697.7"
0.475958784561186,0.121387722726183,"ENSG00000115884.11"
0,0,"ENSG00000055917.15"
0.0410446089416632,6.01885960344673e-14,"ENSG00000143878.10"
0.160563284562134,0.103987440798883,"ENSG00000118960.13"
0,0.231038259371312,"ENSG00000143869.7"
0,0,"ENSG00000118961.15"
7.64182108611575e-12,0.072802929250236,"ENSG00000084674.14"
0.0297379075799743,0.0507681522605999,"ENSG00000119771.15"
0,0.142635413354346,"ENSG00000283031.2"
0,0,"ENSG00000119778.15"
0,0,"ENSG00000173960.14"
0.502549830451366,0,"ENSG00000205639.11"
0,0.160959304087924,"ENSG00000163026.12"
0,0,"ENSG00000119782.14"
0.055898336092283,0,"ENSG00000115128.7"
0.469105812859468,0,"ENSG00000219626.9"
0.329474242899499,8.84644275619693e-16,"ENSG00000115129.14"
0,0,"ENSG00000176732.7"
0.0110261464072661,3.05317489105977e-10,"ENSG00000198399.14"
0.161617217335836,3.40180769997897e-10,"ENSG00000242628.6"
0.31584391482651,0.113367465618839,"ENSG00000233747.1"
0,0,"ENSG00000084676.15"
0.28411830718556,0.0439947656452246,"ENSG00000184924.5"
0.0526261516808288,0,"ENSG00000138092.11"
2.5508247642531e-13,0.0662456385798394,"ENSG00000138031.14"
0,0,"ENSG00000271936.1"
0,0.049988075808145,"ENSG00000115137.12"
0.385185407747046,0.240117457430834,"ENSG00000224165.6"
0,0.58867423965452,"ENSG00000084710.14"
2.82399911590614e-19,0.0770998200288755,"ENSG00000115138.11"
0.207409706735343,0,"ENSG00000119772.16"
0,0,"ENSG00000138101.18"
0,0,"ENSG00000143970.17"
0,0,"ENSG00000187536.4"
0.219664243733767,0.187839089355615,"ENSG00000084731.15"
0.145755699128356,0,"ENSG00000084733.11"
0,0.0190867051450002,"ENSG00000235440.1"
0,0,"ENSG00000214465.3"
0,0,"ENSG00000157833.13"
0.0849527995719967,3.25032476466128e-08,"ENSG00000084754.12"
0,0,"ENSG00000138029.14"
0,0.152778501071223,"ENSG00000286707.1"
0,0,"ENSG00000173567.15"
0.137014684893604,5.55922033146242e-12,"ENSG00000138018.18"
0,0,"ENSG00000171303.7"
0,0,"ENSG00000213699.9"
0.25532484519608,0,"ENSG00000115163.15"
0,0,"ENSG00000084764.12"
0,0.0147248437728251,"ENSG00000205500.8"
0.0226267435596996,1.92126102595286e-22,"ENSG00000119777.20"
4.84211899221049e-07,0.0184625759000973,"ENSG00000084693.16"
0,0,"ENSG00000229122.1"
0.0270069075549862,9.16915935293919e-17,"ENSG00000228474.6"
6.58615526682426e-25,0.0586264133661182,"ENSG00000138080.14"
0.0292899709326337,0.69458416507978,"ENSG00000138030.13"
0.446814545307276,8.03203263726342e-13,"ENSG00000138028.16"
0.304687129749097,0,"ENSG00000143994.14"
0,0,"ENSG00000138073.14"
0,0,"ENSG00000138074.15"
0,0,"ENSG00000138085.16"
0,0,"ENSG00000084774.14"
0,0,"ENSG00000115204.15"
0,0,"ENSG00000115207.13"
0,0,"ENSG00000234945.8"
0.185523512421396,0,"ENSG00000234072.1"
0,0,"ENSG00000115211.15"
0,0,"ENSG00000115234.11"
0.116795368668881,0.523330721848826,"ENSG00000163795.14"
0.807242898238431,0.00711281997435344,"ENSG00000115241.11"
1.40059932261782e-14,0.0760888826093571,"ENSG00000213453.3"
0.0462402827705694,0,"ENSG00000115216.14"
0,0,"ENSG00000157992.12"
0,0,"ENSG00000138002.15"
0,0,"ENSG00000115226.10"
0.244551158513429,0,"ENSG00000084734.9"
0.0846568709189426,8.81745219371718e-08,"ENSG00000221843.4"
0,0,"ENSG00000243943.10"
0.262304594741433,0.251411379535897,"ENSG00000176714.9"
0,0,"ENSG00000198522.14"
0,0,"ENSG00000119760.16"
0,0,"ENSG00000163798.13"
0,0,"ENSG00000243147.8"
0,0,"ENSG00000171174.15"
0,0,"ENSG00000158019.20"
0,0,"ENSG00000223522.2"
0.143724926368622,0,"ENSG00000229951.5"
0,0,"ENSG00000075426.12"
0.0237208161447468,3.51514239220995e-11,"ENSG00000163803.13"
0.351141933892442,9.88035046289209e-20,"ENSG00000226833.6"
0.234530118888701,3.24595567790573e-19,"ENSG00000213639.10"
0,0,"ENSG00000163806.16"
3.29745224721634e-15,0,"ENSG00000171103.11"
0.376259722154088,9.26725241550102e-13,"ENSG00000163811.12"
2.08416833049259e-20,0.0387551340100136,"ENSG00000222224.1"
0.162303833723785,7.89104372188652e-22,"ENSG00000189350.12"
0,0.0204781444914328,"ENSG00000115295.20"
0,0,"ENSG00000171094.18"
0,0,"ENSG00000119801.13"
0,0,"ENSG00000213626.13"
0,0.0816266070989995,"ENSG00000172954.13"
0.103381204397956,0,"ENSG00000158089.15"
0,0,"ENSG00000013016.16"
0.0603769664217495,8.3466631884097e-09,"ENSG00000162959.13"
0,0,"ENSG00000162961.14"
0,0,"ENSG00000021574.12"
0,0,"ENSG00000152683.14"
0,0.156046523759235,"ENSG00000229816.1"
0,0,"ENSG00000091106.19"
0.0411960867904418,4.13049931455116e-12,"ENSG00000119820.11"
0.101103868674402,0,"ENSG00000272754.1"
0,0,"ENSG00000115760.14"
8.79768062894132e-14,0.0538292345655264,"ENSG00000276334.1"
1.24062936282947e-12,0.189172565995798,"ENSG00000276517.1"
0,0,"ENSG00000279897.2"
0.147304874385068,0.064689338882757,"ENSG00000279544.1"
0,0,"ENSG00000018699.13"
0,0.137363288209974,"ENSG00000049323.16"
0,0,"ENSG00000285577.1"
0,0,"ENSG00000152689.18"
0.0282819970668363,8.9501163881256e-12,"ENSG00000119812.19"
0,0,"ENSG00000228262.10"
0.343855908486563,0.164887486737421,"ENSG00000260025.1"
0.369484819376454,0.00451102858638075,"ENSG00000150938.10"
0.0447395749145084,0,"ENSG00000171055.15"
0.0315963158608011,2.82724797319253e-11,"ENSG00000205221.12"
0,0,"ENSG00000115808.12"
0,0,"ENSG00000008869.12"
0.246672322825439,0.267900003790228,"ENSG00000152133.14"
0,0,"ENSG00000055332.18"
0,0,"ENSG00000218739.10"
0,0,"ENSG00000115816.15"
0,0,"ENSG00000272054.1"
0,0,"ENSG00000003509.16"
0.00202272952828093,2.7161564737751e-14,"ENSG00000115825.10"
0,0,"ENSG00000115828.17"
0,0,"ENSG00000163171.7"
0,0,"ENSG00000237803.6"
0,0,"ENSG00000115841.20"
0,0.192086143168645,"ENSG00000235848.4"
0,0,"ENSG00000138061.12"
0,0.0519544823772263,"ENSG00000232973.13"
2.8728286139644e-12,0.106633514089096,"ENSG00000280276.1"
0,0.183661688404708,"ENSG00000229160.1"
5.7508175543388e-17,0.113216377510378,"ENSG00000119787.14"
2.73274178093063e-11,0.402009476514292,"ENSG00000231367.6"
0.374011480935325,6.04801604494628e-12,"ENSG00000213553.4"
0,0,"ENSG00000143889.16"
0,0,"ENSG00000143891.17"
0,0,"ENSG00000115875.19"
0,0,"ENSG00000152147.11"
2.82414216907928e-14,0.00157061911676755,"ENSG00000163214.21"
0,0,"ENSG00000188010.14"
0.14269524004701,0.285181233358475,"ENSG00000214694.11"
2.4069299954829e-18,0.0840987319934002,"ENSG00000115904.12"
6.12421712684398e-13,0.209675501550481,"ENSG00000229692.3"
0,0,"ENSG00000225900.1"
0,0,"ENSG00000205111.8"
0.0201008298336845,0.342646785403467,"ENSG00000011566.15"
0.170564834159571,0,"ENSG00000231312.7"
0,0,"ENSG00000152154.11"
0,0,"ENSG00000138050.15"
0.692354981345481,0.157911597464784,"ENSG00000227028.6"
0.544761089100335,0.106231054432152,"ENSG00000183023.18"
0.0244178049527913,0.456651698133588,"ENSG00000287255.1"
0,0.288854082616819,"ENSG00000287145.1"
0,0,"ENSG00000236090.2"
0,0.32723921556634,"ENSG00000214691.9"
0,0.361302243344724,"ENSG00000234362.6"
0,0.189209828514147,"ENSG00000162878.13"
0,0,"ENSG00000143924.19"
0.508316362250155,6.97471871232885e-14,"ENSG00000115944.15"
0,0,"ENSG00000057935.13"
0.13575985528562,0.0928103779452445,"ENSG00000162881.6"
0.185195979841766,8.84715748920731e-10,"ENSG00000162882.15"
0.4860009574026,1.1731737906275e-11,"ENSG00000230587.2"
0,0,"ENSG00000287387.1"
0.0480574256101601,0.0167488031880802,"ENSG00000152518.8"
0.131251555837502,0.204585366533107,"ENSG00000279873.2"
0,0,"ENSG00000115970.18"
0.647545423522308,0.179902712858663,"ENSG00000152527.14"
0,0,"ENSG00000223658.8"
0.0480958632705969,3.40374038155362e-13,"ENSG00000138036.18"
0,0.061147950698472,"ENSG00000143921.9"
0,0,"ENSG00000138095.19"
0.257332981395293,3.20568705680006e-22,"ENSG00000138032.21"
0.465564738398737,0.155206125551709,"ENSG00000138079.14"
0,0,"ENSG00000138078.15"
0,0,"ENSG00000143919.15"
0.0317420401325787,0.0872419314771775,"ENSG00000170577.8"
0.011728091738292,7.93102603634423e-12,"ENSG00000068784.13"
0,0.0195870576907198,"ENSG00000171132.14"
3.7569471718031e-13,0.27794056337293,"ENSG00000228481.1"
3.59658030365021e-13,0.104974178913361,"ENSG00000116016.14"
5.41706953726846e-15,0.189557571873832,"ENSG00000228100.2"
0,0.0820699757650896,"ENSG00000250565.7"
0.0663250465536028,1.78707886688417e-12,"ENSG00000119729.12"
0,0,"ENSG00000250116.2"
0,0,"ENSG00000151665.13"
0.33016689124718,0,"ENSG00000119878.6"
0.18554083770797,0.254790344445119,"ENSG00000222005.9"
0.0662029309926528,1.23683440115755e-12,"ENSG00000171150.9"
0.0277838107903485,0,"ENSG00000239332.6"
0.421482356902713,4.14282151921746e-13,"ENSG00000228925.1"
0,0,"ENSG00000180398.12"
0,0.0373983169537018,"ENSG00000068724.17"
0,0.220101252854488,"ENSG00000233845.1"
0.108707955394433,0.219622250885207,"ENSG00000239605.11"
0,0,"ENSG00000143933.18"
0,0,"ENSG00000119888.10"
0,0,"ENSG00000095002.14"
0,0,"ENSG00000184261.4"
0,0,"ENSG00000116062.15"
0,0,"ENSG00000138081.20"
0,0.361695916972455,"ENSG00000235369.1"
1.13830749156616e-21,0.0704695648574079,"ENSG00000236549.1"
1.13637094819106e-20,2.93445731829613e-16,"ENSG00000233230.1"
0.103831369526437,0.0648795075767347,"ENSG00000170802.16"
0,0,"ENSG00000162869.16"
0.512704750675277,0,"ENSG00000243244.6"
0,0,"ENSG00000138039.15"
0,0,"ENSG00000115239.22"
0.550139727882311,3.39736609104478e-13,"ENSG00000143942.5"
0,0,"ENSG00000068912.14"
0,0.143118137677959,"ENSG00000119737.6"
0.345627409299033,0,"ENSG00000068878.15"
0,0.011109804221113,"ENSG00000170634.13"
0,0,"ENSG00000233266.1"
0,0.295397888847943,"ENSG00000178021.11"
0,0.0190614595959161,"ENSG00000115306.16"
0,0.0323279135380462,"ENSG00000228108.1"
0,0,"ENSG00000237887.1"
0.162894783525986,9.32910689017883e-06,"ENSG00000234943.2"
0.0196095932606018,8.18760667102392e-12,"ENSG00000238018.2"
0.056573534408991,1.24463479580963e-11,"ENSG00000214595.11"
0,0,"ENSG00000115310.18"
0.369642362748434,0,"ENSG00000200086.1"
0.0658974202870337,0,"ENSG00000162994.16"
0,0.055675516168755,"ENSG00000203327.2"
0,0,"ENSG00000227799.1"
0.0438284739070193,1.4982794906549e-10,"ENSG00000143947.13"
0,0,"ENSG00000085760.15"
0,0,"ENSG00000162997.15"
0.00867035864084086,1.31181982021045e-14,"ENSG00000240401.9"
0,0,"ENSG00000115355.17"
0.164562364990666,4.53824181094771e-21,"ENSG00000163001.11"
0,0,"ENSG00000275052.5"
0,0,"ENSG00000138035.15"
0,0.0494996274521647,"ENSG00000115380.20"
0,0,"ENSG00000233251.8"
0.0450905160984051,2.52571616641552e-13,"ENSG00000055813.6"
2.82871297878205e-19,0.395905091522541,"ENSG00000028116.17"
0,0.0237749354868794,"ENSG00000115392.11"
0.140477769832843,8.14728729665829e-12,"ENSG00000233426.3"
0.133608770444055,5.82911070006726e-15,"ENSG00000231043.3"
0.29452875558638,7.21632934391232e-18,"ENSG00000233891.8"
0,0.190237709970364,"ENSG00000119866.22"
0,0,"ENSG00000115421.13"
0,0,"ENSG00000162924.14"
0,0,"ENSG00000237522.1"
0,0,"ENSG00000232713.2"
0,0,"ENSG00000162927.14"
0,0,"ENSG00000162928.9"
3.60516636854923e-12,0.0576372660887435,"ENSG00000162929.14"
0,0,"ENSG00000212978.6"
0,0,"ENSG00000173209.23"
0,0,"ENSG00000115464.15"
0,0,"ENSG00000273302.1"
0,0,"ENSG00000270820.6"
0,0,"ENSG00000082898.17"
0,0,"ENSG00000285857.1"
2.29399640670094e-19,0.440360212383224,"ENSG00000170264.13"
0,0,"ENSG00000277498.1"
0.0414516167080878,2.44049920792645e-09,"ENSG00000115484.15"
0.0279773151330825,2.8249917183469e-13,"ENSG00000173163.10"
0,0,"ENSG00000229839.6"
0.183289184827412,0.151114190126973,"ENSG00000170340.11"
0,0,"ENSG00000241625.3"
0.415387650573335,0.0386956530412124,"ENSG00000186889.10"
0.0693806053023544,0.390826406053722,"ENSG00000115504.14"
0.0674073133945394,0,"ENSG00000286524.1"
1.29427138812056e-12,0.666374432671682,"ENSG00000237162.1"
0.072847971764416,0.0405751708272688,"ENSG00000231609.7"
0,0,"ENSG00000143951.16"
0,0,"ENSG00000279485.1"
0.131624345362174,6.53942301397587e-12,"ENSG00000014641.19"
0.391516810361724,0,"ENSG00000169764.15"
0,0,"ENSG00000143952.20"
2.51200880385436e-17,5.00282928197545e-18,"ENSG00000228079.2"
0.308288048511378,0.0347244363738083,"ENSG00000197329.12"
0.0502590300862636,0.695485500978216,"ENSG00000225889.8"
0.223304590728208,1.97967465096646e-13,"ENSG00000119862.13"
0,0,"ENSG00000119844.15"
0,0,"ENSG00000179833.4"
0.516415518875355,0.207131131690192,"ENSG00000226756.1"
0.0151985776023726,0,"ENSG00000237638.2"
0,0,"ENSG00000115902.11"
0,0,"ENSG00000232613.6"
0,0,"ENSG00000011523.14"
0.0289879369211818,0,"ENSG00000138069.18"
0,0.113952424036708,"ENSG00000273763.2"
0.0875714860105506,2.64142163265518e-15,"ENSG00000138071.13"
0.00547593118068121,0.0466433119416911,"ENSG00000198369.10"
0,0,"ENSG00000204929.13"
0.105135457999116,6.06060510640357e-12,"ENSG00000143995.20"
0,0,"ENSG00000143971.9"
0,0,"ENSG00000197223.11"
0,0,"ENSG00000243667.7"
0,0,"ENSG00000115946.8"
0.143707438652142,0,"ENSG00000221823.11"
0.333853032318802,0.0789895934785876,"ENSG00000273064.1"
0,0,"ENSG00000119865.8"
0,0,"ENSG00000115956.10"
0,0,"ENSG00000204923.4"
0.100779368670098,0,"ENSG00000169621.10"
0,0,"ENSG00000163219.12"
0,0,"ENSG00000169604.19"
0.0191721984476049,0,"ENSG00000198380.12"
0,0,"ENSG00000169599.12"
0,0,"ENSG00000115977.19"
0.167716879233755,0.019490780502711,"ENSG00000196975.16"
0,0,"ENSG00000087338.5"
0.0102735082968329,6.70088670478385e-21,"ENSG00000124380.11"
0,0,"ENSG00000059728.11"
0.647101906261934,0,"ENSG00000244617.2"
0.397788967033188,1.40514967548365e-11,"ENSG00000179818.14"
0.0155117776505698,3.08713805115641e-11,"ENSG00000169564.7"
0.168667472045025,0,"ENSG00000231327.1"
0,0,"ENSG00000115998.7"
0,0,"ENSG00000116001.16"
0,0.174205093200535,"ENSG00000116005.12"
0.169501134443829,3.92106498505086e-21,"ENSG00000143977.14"
0.258850454281977,8.84767529024824e-21,"ENSG00000035141.8"
0.0612987506289341,5.95419085909269e-13,"ENSG00000163235.16"
8.46572440021345e-15,0.00198673239532174,"ENSG00000075340.23"
0.300972254715051,0,"ENSG00000116035.4"
0,0,"ENSG00000258881.6"
0,0.11213877397909,"ENSG00000144031.12"
0,0,"ENSG00000144043.12"
0,0,"ENSG00000124357.13"
0,0,"ENSG00000124370.11"
0,0.00518455826302681,"ENSG00000288065.1"
0,0,"ENSG00000124383.9"
1.00840464519811e-10,0.265099723826719,"ENSG00000124374.9"
0,0,"ENSG00000075292.19"
0,0,"ENSG00000281195.1"
0.249353244873631,1.65426942397922e-15,"ENSG00000135636.14"
6.18563727592721e-16,0,"ENSG00000003137.8"
0.0999178706731538,8.32352040619417e-09,"ENSG00000144036.15"
0,0,"ENSG00000116096.6"
0.210508549785423,0,"ENSG00000135638.14"
0,0,"ENSG00000144040.12"
0,0,"ENSG00000135631.16"
0.240864337974278,0.0432390571393037,"ENSG00000272702.1"
0.218374805159331,0.0914297614075546,"ENSG00000135632.12"
0.263569339064235,1.8349438977853e-19,"ENSG00000135617.4"
0.0976572425439858,2.65986897840828e-20,"ENSG00000135624.16"
0,0,"ENSG00000163013.11"
0,0,"ENSG00000116127.18"
0,0,"ENSG00000230002.3"
0,0,"ENSG00000163016.10"
0.167537230166231,1.92279263720936e-18,"ENSG00000144034.15"
6.17145865828048e-21,0.0790484237905152,"ENSG00000144048.10"
0.12935477419047,1.74116054689295e-12,"ENSG00000124356.16"
0,0,"ENSG00000163017.14"
0.016596114236658,4.82106507834131e-10,"ENSG00000114956.20"
0,0,"ENSG00000237883.2"
0.446470463528754,0.148010806234372,"ENSG00000235499.1"
0.0829822548470551,0.00855009693586932,"ENSG00000187605.15"
0.403755499218023,0.255281504964676,"ENSG00000257800.1"
0.605301825663553,0.012954359151073,"ENSG00000163170.12"
0.350608014447335,9.58199923444125e-13,"ENSG00000225439.3"
0,0,"ENSG00000114978.18"
0,0,"ENSG00000065911.12"
0,0.109551728571265,"ENSG00000188687.17"
0.360420562732334,0.11513113994395,"ENSG00000204843.12"
1.48844710683165e-12,0.0497453916757755,"ENSG00000237737.6"
0.0294644765097895,1.43563414174e-21,"ENSG00000005448.16"
0.0101800114935756,0.0920509462233319,"ENSG00000114993.17"
0,0,"ENSG00000115274.15"
0,0,"ENSG00000239779.7"
0.0360846869699791,0,"ENSG00000115275.13"
0.344687291144083,4.89899899203198e-13,"ENSG00000135637.14"
0,0,"ENSG00000115282.20"
0.100525107000917,0.0234543508549252,"ENSG00000179528.16"
0,0.231016961620278,"ENSG00000257702.3"
0,0,"ENSG00000115289.14"
0.0589388601276921,2.54281017358676e-11,"ENSG00000115307.17"
0,0,"ENSG00000115317.11"
0.0223910180294699,0,"ENSG00000115318.12"
0,0,"ENSG00000115325.13"
0.31126818679453,0.0618905064788862,"ENSG00000159374.17"
0,0,"ENSG00000135622.13"
0.0854057008502971,0.233417969194365,"ENSG00000286739.1"
0.283335030593263,0.0912110620297629,"ENSG00000272711.1"
0,0,"ENSG00000159399.9"
0.0733194266773156,6.1106330989125e-22,"ENSG00000204792.2"
0.775486053040405,0,"ENSG00000236209.1"
0,0,"ENSG00000230836.1"
0.0418435684949202,1.46594445900748e-12,"ENSG00000115350.12"
0.0875137961951891,0.270660392152864,"ENSG00000115353.11"
0,0,"ENSG00000270571.2"
7.86545283789772e-11,0.10206659721123,"ENSG00000115363.14"
2.15861935259572e-22,0.00191196522405172,"ENSG00000231172.2"
0,0,"ENSG00000115364.14"
0.0112259236700924,0.00577079928251877,"ENSG00000005436.14"
0.0740608527859472,1.46197636571025e-10,"ENSG00000163541.12"
0,0,"ENSG00000115423.18"
0.402084835974988,5.95826865319183e-10,"ENSG00000186854.11"
0.185347894491203,0,"ENSG00000034510.6"
0.00495875566485257,1.32017207395726e-14,"ENSG00000287625.1"
0.60469921372078,0,"ENSG00000176407.18"
0.180238461568515,0.078428201165899,"ENSG00000152284.5"
7.31646068143264e-15,0.155596791728461,"ENSG00000231134.1"
0,0.166918074500721,"ENSG00000246575.2"
0,0,"ENSG00000152291.14"
0.0606370215529076,0.0871477923370522,"ENSG00000042445.14"
0.431852753019666,6.05197760018143e-09,"ENSG00000115459.18"
0,0,"ENSG00000042493.16"
0.471236692531509,0.276326900789706,"ENSG00000286532.1"
0,0,"ENSG00000168906.13"
4.75648864312039e-14,0,"ENSG00000115486.12"
0.0182411311457943,0,"ENSG00000118640.11"
0,0,"ENSG00000276281.1"
0.295199661995653,0.149957421510867,"ENSG00000168899.5"
0.11592663090092,2.5791750704016e-12,"ENSG00000168894.10"
0.353679807059568,0.0779858822649679,"ENSG00000168890.14"
0,0,"ENSG00000168883.20"
0,0,"ENSG00000168887.11"
0,0,"ENSG00000115523.16"
0,0,"ENSG00000168874.13"
0.212353604864838,0.266982608255867,"ENSG00000115525.18"
0,0,"ENSG00000068654.16"
0,0,"ENSG00000132300.19"
0.326013710189013,0.0691702536745276,"ENSG00000208772.1"
0.184864046166231,1.15411576024682e-10,"ENSG00000132305.20"
0.0353120610946621,2.63925657167272e-21,"ENSG00000132313.15"
0.435762926379453,0.1659859195916,"ENSG00000068615.18"
0.00252945578722446,4.07630943494425e-12,"ENSG00000115548.17"
0,0,"ENSG00000115561.16"
0,0,"ENSG00000228363.2"
4.53998394319756e-17,0.12006393181807,"ENSG00000239305.7"
0.410841789596209,0.235928454150965,"ENSG00000153561.13"
1.37023575869984e-11,0.0446343731389251,"ENSG00000153563.15"
0,0,"ENSG00000285793.1"
0,0.268046478952485,"ENSG00000204745.4"
0.281691876142531,0.153638796485666,"ENSG00000280721.1"
0,0,"ENSG00000222041.11"
5.98799085885259e-13,0.214434319796847,"ENSG00000273445.1"
0,0,"ENSG00000185304.15"
0,0,"ENSG00000172086.9"
0.535679297889292,1.38334079844716e-12,"ENSG00000144115.16"
0.211852472553446,0.00744792928813278,"ENSG00000172071.14"
0,0.0787472036513379,"ENSG00000234028.3"
0,0,"ENSG00000153574.9"
0,0,"ENSG00000230006.7"
0,0,"ENSG00000211592.8"
0,0,"ENSG00000243466.1"
0,0,"ENSG00000244575.3"
3.45366662152181e-21,0.122382855726599,"ENSG00000283196.2"
0.262178810617459,0.0684523978046135,"ENSG00000143429.10"
0.136515214889413,7.18076769539598e-12,"ENSG00000286156.1"
1.9567727781693e-20,0.409711606349048,"ENSG00000259916.1"
0,0,"ENSG00000172005.11"
0,0,"ENSG00000144029.12"
0.301957220666443,6.26651196148147e-19,"ENSG00000144026.12"
0,0.0209613071318329,"ENSG00000275111.5"
0,0.11989258793061,"ENSG00000233757.6"
0.456397365692586,3.59763249945262e-13,"ENSG00000155066.16"
0.236874802389082,5.83801239804943e-10,"ENSG00000115041.13"
0,0,"ENSG00000115042.10"
0,0,"ENSG00000272913.1"
0,0,"ENSG00000229689.3"
0.0692080596803708,0.211860613033796,"ENSG00000232931.6"
0.0722620348727613,0,"ENSG00000174501.14"
0.391121001943032,0.18220624066071,"ENSG00000231584.8"
0.5234960997939,8.78920888791508e-16,"ENSG00000186281.12"
0.23579080951082,0,"ENSG00000274286.2"
0,0,"ENSG00000188886.3"
0.160775203701861,0,"ENSG00000158050.5"
0.126834266704822,0,"ENSG00000084090.13"
0.202769767122369,2.37472471152025e-11,"ENSG00000204685.7"
0,0,"ENSG00000135956.8"
0,0,"ENSG00000144021.3"
0.0706504856944595,1.75318709928178e-13,"ENSG00000144028.15"
1.16232801103253e-15,0,"ENSG00000198885.9"
0.185849781642233,0,"ENSG00000121152.10"
0,0,"ENSG00000196843.16"
0,0,"ENSG00000114982.19"
0.319014266137794,0.103201248046581,"ENSG00000249715.12"
0.223598197249299,0,"ENSG00000114988.11"
0,0,"ENSG00000158158.12"
0,0,"ENSG00000168763.16"
0,0,"ENSG00000213337.9"
0.505293266816953,0,"ENSG00000168758.11"
0,0,"ENSG00000168754.15"
0,0.0463900186822331,"ENSG00000144199.11"
0.0025987649458573,5.56659211111605e-13,"ENSG00000135976.19"
0.133398059014039,0,"ENSG00000230606.11"
0.282484250841978,0,"ENSG00000196912.12"
0.510880201781101,1.4824984890686e-20,"ENSG00000135940.7"
0.19519420880194,4.38924425830283e-11,"ENSG00000115073.8"
5.20376179265064e-14,0.0610256257649914,"ENSG00000228486.10"
0.167144851262363,0.184504255847378,"ENSG00000115085.13"
0,0,"ENSG00000075568.17"
5.84487264533473e-09,0.066049561268876,"ENSG00000144191.11"
0,0,"ENSG00000040933.15"
0,0.0272387495646422,"ENSG00000183513.9"
0.199592869323718,0.0625356543390753,"ENSG00000115446.11"
2.66552577851316e-11,0.434516401994642,"ENSG00000071073.13"
0.0686701253358882,0,"ENSG00000226791.7"
0,0,"ENSG00000196872.12"
0,0.17684811024276,"ENSG00000135951.15"
0.110164271370685,0,"ENSG00000144182.17"
0,0,"ENSG00000158411.11"
0,0,"ENSG00000185414.20"
0,0,"ENSG00000185674.9"
0.106660985775054,2.91667802556324e-13,"ENSG00000144214.9"
0.0677980654077747,4.72771304392003e-22,"ENSG00000115514.12"
0.136974961112489,2.60409183574848e-11,"ENSG00000158417.11"
0,0,"ENSG00000135945.10"
0.209313425167284,2.16247759341862e-15,"ENSG00000273306.1"
0,0,"ENSG00000144218.19"
0,0,"ENSG00000170500.12"
0.181300535067307,1.07289102139811e-13,"ENSG00000115526.11"
0.15029945434556,3.35263175226788e-21,"ENSG00000115539.14"
0.460726986065082,0,"ENSG00000286737.1"
0.230126099783412,0.0156592240312951,"ENSG00000170485.17"
0.473844908593247,0.124809497851161,"ENSG00000232034.1"
0.0510951265632155,0,"ENSG00000230140.7"
2.3975196759278e-09,0.137798848941552,"ENSG00000223947.1"
0.142067398561216,0,"ENSG00000071082.11"
0,0.0635695962666232,"ENSG00000204634.12"
0.18816421492008,7.26085215017482e-21,"ENSG00000272902.2"
0,0,"ENSG00000158435.8"
0,0,"ENSG00000163162.9"
0.0466327173316495,0,"ENSG00000212283.1"
0,0.306574453131348,"ENSG00000196460.14"
0,0,"ENSG00000071054.16"
0.296465377768078,0.0452771787684128,"ENSG00000281162.2"
0.262842667558265,0,"ENSG00000115590.14"
1.52396130500936e-17,0.0656505085730579,"ENSG00000287771.1"
0,0,"ENSG00000115594.12"
0.153722903095052,0.301316105677203,"ENSG00000115598.10"
0.19251605608,0.144874359373399,"ENSG00000115602.17"
0,0.123928322894967,"ENSG00000115604.10"
0,0,"ENSG00000115607.9"
0.0723424177666181,0.324715838715374,"ENSG00000234389.1"
0,0,"ENSG00000135953.11"
0,0,"ENSG00000170417.16"
0,0,"ENSG00000198914.4"
0.0466621552554195,2.04640438726607e-11,"ENSG00000135972.9"
0,0,"ENSG00000135966.13"
0.160189877953487,0,"ENSG00000272994.1"
0,0,"ENSG00000135974.10"
5.64623958450409e-14,0.0148983640349531,"ENSG00000115641.19"
5.76361956897111e-16,0,"ENSG00000238273.3"
0.0766497279940622,0.0324538166629059,"ENSG00000071051.14"
0.247009427456335,0.0802908522676066,"ENSG00000235522.6"
0,0,"ENSG00000119147.10"
0.111028900970303,2.25881022087306e-22,"ENSG00000115652.14"
0.194754554137223,0,"ENSG00000233339.1"
0.356419052571056,1.30434611082875e-10,"ENSG00000214199.3"
0,0,"ENSG00000144057.15"
0.512243324497569,2.33285346661784e-14,"ENSG00000225328.2"
0,0,"ENSG00000196228.3"
0.0448292368924815,1.48648926247086e-09,"ENSG00000227597.1"
0,0,"ENSG00000198203.10"
0.0673325911989452,0.135256389042945,"ENSG00000198075.10"
0,0,"ENSG00000135968.20"
0.330822688889094,0.10496009744883,"ENSG00000169756.16"
0,0,"ENSG00000153201.16"
0.0065818510265414,6.92954288803245e-10,"ENSG00000163006.12"
0.0752157667117481,0.260878421625798,"ENSG00000259863.1"
0.133097256500039,0.156905202845087,"ENSG00000172985.11"
1.17463329818552e-11,0.0584076770289032,"ENSG00000264934.1"
0,0,"ENSG00000186522.15"
0,0,"ENSG00000198142.5"
1.90964662092175e-17,0,"ENSG00000144063.3"
0,0,"ENSG00000144061.12"
0,0,"ENSG00000175701.10"
0,0,"ENSG00000175772.11"
0,0,"ENSG00000169679.15"
0,0,"ENSG00000153093.18"
1.58386961235842e-12,0.0884486916416143,"ENSG00000172965.16"
0.396891504466281,0.0634828047089039,"ENSG00000153094.23"
4.25169070877777e-10,0.319948421086494,"ENSG00000227992.1"
0.26942536450891,0.0663815767669155,"ENSG00000271590.1"
0,0,"ENSG00000270190.1"
0,0,"ENSG00000226928.1"
0,0,"ENSG00000279191.1"
0.00226030313532222,0.109850802365012,"ENSG00000240350.2"
0.257990114404507,2.46386898838268e-20,"ENSG00000224959.1"
0,0,"ENSG00000153107.13"
0.232501441964745,3.30768276220475e-11,"ENSG00000153208.17"
0.255700075609904,0.0870765692986088,"ENSG00000153214.11"
0,0.144931784013435,"ENSG00000144152.13"
1.27205934071058e-11,0.275310579711192,"ENSG00000278962.1"
0,0,"ENSG00000144161.13"
0.123822559364258,0,"ENSG00000286545.1"
0,0,"ENSG00000188177.14"
0,0,"ENSG00000169629.12"
0.251328344086909,0.0621464383492321,"ENSG00000114999.8"
0,0,"ENSG00000125630.15"
0.140913039760887,7.53208683891813e-12,"ENSG00000125611.15"
0,0,"ENSG00000228251.1"
0,0.0699290871548678,"ENSG00000237753.2"
0.234626872069765,0.0484130300762025,"ENSG00000144136.11"
0.373935665697813,0,"ENSG00000169607.13"
0,0,"ENSG00000115008.5"
0.0987809082594134,0,"ENSG00000125538.12"
0.279296208040437,0,"ENSG00000136689.18"
0.429041806719863,0.140976236318179,"ENSG00000125637.16"
0.248409320780453,1.64059205574807e-12,"ENSG00000189223.15"
0.0640765479945462,0,"ENSG00000125618.17"
0.255442549540723,4.99182940700058e-22,"ENSG00000234997.2"
0.153900273722701,1.91303447017458e-14,"ENSG00000231292.6"
0,0,"ENSG00000136682.15"
0.359990562822159,0.407624392657081,"ENSG00000146556.14"
0,0,"ENSG00000240356.6"
0.0341965064743068,6.10318508096769e-13,"ENSG00000144134.18"
0.107672784305569,2.5096179500622e-20,"ENSG00000115084.14"
0,0.20988779158026,"ENSG00000270019.1"
0.119770158820543,0,"ENSG00000115091.12"
0,0,"ENSG00000279957.1"
0,0,"ENSG00000234199.3"
0,0,"ENSG00000088205.13"
0.227373089121794,0.221416672626937,"ENSG00000236255.2"
0,0,"ENSG00000125633.11"
0.457340967689539,0.125396485713541,"ENSG00000235066.7"
0.226193258438493,0.00285389758417165,"ENSG00000125629.15"
0.826964661094155,0.0784499443592245,"ENSG00000226856.7"
0,0.115623788061087,"ENSG00000163064.6"
0,0.124854163311577,"ENSG00000019169.10"
0,0,"ENSG00000115107.20"
0,0,"ENSG00000229867.2"
0.0678985118856243,0,"ENSG00000186132.15"
0.182541909006472,0,"ENSG00000155368.16"
0,0.0481732846380327,"ENSG00000171227.7"
0,0,"ENSG00000080293.9"
0,0,"ENSG00000231013.2"
0,0,"ENSG00000163075.13"
5.47252967360994e-22,0.00371369436806183,"ENSG00000144120.13"
0,0,"ENSG00000088179.9"
1.97877515835614e-11,0.00650701828145481,"ENSG00000115109.14"
0.359224520357175,0,"ENSG00000234065.2"
0.26069496687509,0,"ENSG00000223549.1"
0,0,"ENSG00000226479.4"
0.0302407465806109,4.412681569365e-20,"ENSG00000144118.14"
0.230653441289594,0.154293710097372,"ENSG00000163083.6"
0.460663170121002,0.137880577238284,"ENSG00000074047.21"
0.899669156778918,0,"ENSG00000115112.8"
0.0151279297421594,9.63027948656894e-15,"ENSG00000074054.18"
0.6623480705026,0.0084571756178046,"ENSG00000264229.1"
0.0246477961359011,0,"ENSG00000236859.7"
0.0323070814800675,3.18149463721443e-11,"ENSG00000155438.12"
0,0,"ENSG00000211460.12"
0.0482341473950856,0.00146021252243197,"ENSG00000136732.16"
4.99151329301006e-21,8.55006054352132e-16,"ENSG00000235128.1"
0,0.00544883436064134,"ENSG00000136717.15"
0,0.179344462731812,"ENSG00000186684.14"
0,0,"ENSG00000163161.13"
0.11439450903409,0,"ENSG00000286145.2"
0,0,"ENSG00000169967.16"
0,0,"ENSG00000236682.2"
0.12169734282318,7.99821742092762e-09,"ENSG00000163166.15"
0.388807413032078,0.141201460260368,"ENSG00000231731.7"
0.0969357015886798,0.0593189256871736,"ENSG00000169994.18"
0.0886993673933427,0.142380533521376,"ENSG00000072163.19"
0,0,"ENSG00000144230.16"
0,0,"ENSG00000136709.12"
0.0157578732497966,0.335819350340095,"ENSG00000274010.1"
0,0,"ENSG00000144231.11"
0.131637450606937,0.0732429157973399,"ENSG00000144233.9"
0.098898428962825,0.274876815940757,"ENSG00000272667.1"
0,0,"ENSG00000286873.1"
0,0,"ENSG00000136715.18"
0.143888062549604,0,"ENSG00000136731.13"
0.100886861309811,0,"ENSG00000136720.7"
0,0,"ENSG00000152076.18"
0,0,"ENSG00000136699.19"
0.00513098570772676,9.70753145336678e-22,"ENSG00000152082.14"
0.19411361563658,0.32044006272016,"ENSG00000213225.7"
0,0,"ENSG00000136710.10"
0.268628353139301,6.25567351973992e-17,"ENSG00000136718.9"
0.0966497327882512,6.81195906206367e-11,"ENSG00000072135.13"
0.225681216115532,6.47850325857642e-09,"ENSG00000136002.19"
0.128939037539158,5.79150563413943e-10,"ENSG00000152102.18"
0.17557755140619,0,"ENSG00000115762.16"
0,0,"ENSG00000232742.3"
0.0978337631780668,0.195118540023915,"ENSG00000173272.16"
0,0,"ENSG00000152117.17"
0.660170322361427,7.34516740490712e-21,"ENSG00000163040.14"
0,0,"ENSG00000287151.1"
0,0,"ENSG00000288031.1"
6.04188089336955e-20,0.235052956169497,"ENSG00000213222.3"
0.152680898380164,0.170544287188887,"ENSG00000183840.7"
0.146438492839261,9.425057414711e-10,"ENSG00000176771.17"
0.0897070437689506,0,"ENSG00000152127.9"
0.0442306350248697,0.436219467791622,"ENSG00000152128.13"
0.329817581009837,5.10126475091401e-17,"ENSG00000224043.8"
0,0,"ENSG00000082258.13"
0,0,"ENSG00000115839.17"
0,0,"ENSG00000121988.18"
0.0348671718816535,0,"ENSG00000235651.1"
0,0,"ENSG00000048991.16"
0,0,"ENSG00000144224.17"
0.0969494687620485,0,"ENSG00000076003.5"
0.0181481710953405,6.51101033214532e-11,"ENSG00000115866.11"
0.239138128016037,5.16065138933697e-13,"ENSG00000231890.8"
1.07756808585552e-20,0.0113846616754455,"ENSG00000121966.6"
0.262714493953824,9.64456494268756e-11,"ENSG00000227347.1"
0,0.175373640394183,"ENSG00000144229.12"
0.162042357759569,0,"ENSG00000150540.14"
0,0,"ENSG00000234645.3"
0,0,"ENSG00000228043.5"
0,0,"ENSG00000144228.9"
0,0,"ENSG00000241772.2"
0.200261573059811,0.129409006856205,"ENSG00000168702.17"
0.25644387319984,3.54918757759275e-12,"ENSG00000115919.15"
0.0778482703526116,0,"ENSG00000075884.14"
0.283934494686771,0,"ENSG00000121964.14"
0.403322349860055,4.18613041339583e-12,"ENSG00000169554.21"
0.108937745644088,1.5318715815786e-11,"ENSG00000283118.1"
0.0172752286496062,1.5419352465897e-13,"ENSG00000279166.1"
0.186241036377712,0,"ENSG00000238057.9"
4.50812251041433e-16,0.0158452866929819,"ENSG00000287115.1"
0,0.0501838772078035,"ENSG00000226674.11"
0,0.030011856245002,"ENSG00000121989.15"
0.121968057043331,9.76718490827607e-22,"ENSG00000115947.13"
0,0,"ENSG00000204406.13"
0.00380624540130265,1.29901176503134e-10,"ENSG00000135999.12"
0.371507576618778,0.133756557655416,"ENSG00000168280.17"
0.0210656228880865,1.52078600278346e-13,"ENSG00000168288.13"
0,0.0200495692352538,"ENSG00000231969.2"
0,0,"ENSG00000115963.13"
2.21617890771413e-11,0.0245899638283314,"ENSG00000184898.7"
0.389284652664774,0,"ENSG00000123609.11"
0.376460262411689,0,"ENSG00000123610.5"
0.111821793777253,7.67490025813248e-11,"ENSG00000242113.3"
0,0,"ENSG00000080345.18"
0.125827385247051,4.58904932783554e-18,"ENSG00000183091.19"
0,0,"ENSG00000162980.17"
0.17575917622946,0,"ENSG00000288066.1"
0.20843934050909,1.91389481716832e-10,"ENSG00000182389.19"
0,0,"ENSG00000115145.10"
0,0,"ENSG00000157827.20"
0,0,"ENSG00000213197.3"
0,0.0744273442733844,"ENSG00000287085.1"
0,0,"ENSG00000286207.1"
0,0,"ENSG00000196504.16"
0,0,"ENSG00000177917.10"
0,0,"ENSG00000144278.15"
0,0,"ENSG00000226383.7"
0,0,"ENSG00000153234.14"
0,0,"ENSG00000115159.16"
0,0,"ENSG00000136542.9"
0,0,"ENSG00000136541.14"
0,0,"ENSG00000115165.10"
0.263546978902037,0.199543598977133,"ENSG00000123612.16"
0,0.117682221602434,"ENSG00000234584.1"
0,0,"ENSG00000115170.14"
0.270385549950706,2.37848991806638e-11,"ENSG00000153237.18"
0,0,"ENSG00000144283.21"
0,0,"ENSG00000204380.4"
0,0,"ENSG00000115183.15"
0.341735660025455,5.77668246888559e-16,"ENSG00000213189.5"
0.0264155743198482,0,"ENSG00000196151.10"
0,0,"ENSG00000123636.18"
0,0,"ENSG00000224152.1"
0,0.0659690310974335,"ENSG00000226266.6"
0,0,"ENSG00000136536.15"
0.0978344827629936,0,"ENSG00000241399.7"
0.254649728303555,0.383017624841512,"ENSG00000287091.1"
7.49252823558017e-12,0.276861857097581,"ENSG00000054219.11"
0,0,"ENSG00000153246.13"
0,0,"ENSG00000285373.2"
0,0.278969612495219,"ENSG00000153250.20"
0,0,"ENSG00000136560.14"
0,0,"ENSG00000235724.10"
0.0708773193424649,1.11380572551953e-10,"ENSG00000115233.12"
0.0229241136928199,7.01227679199542e-15,"ENSG00000232320.6"
0,0,"ENSG00000197635.10"
2.24354448993495e-13,0.0879160637829686,"ENSG00000236841.8"
0,0,"ENSG00000078098.14"
0.169897459114041,0,"ENSG00000115267.8"
0,0,"ENSG00000115271.11"
0.262427345583392,1.09752799294338e-19,"ENSG00000182263.14"
0,0.100813258289733,"ENSG00000115290.10"
0,0,"ENSG00000277998.1"
0.449730703342152,0.16311645516716,"ENSG00000082438.17"
0.111192591218546,0.0951684354709987,"ENSG00000236283.5"
0.388913088231431,2.94210934944357e-09,"ENSG00000153253.18"
0,0,"ENSG00000136531.16"
0,0,"ENSG00000178662.16"
0,0,"ENSG00000115339.14"
0,0,"ENSG00000123607.15"
0,0,"ENSG00000224490.5"
5.51938299940762e-14,0.0265178477291395,"ENSG00000236107.10"
0,0,"ENSG00000169432.16"
0,0,"ENSG00000228222.1"
0.0172819962401101,0,"ENSG00000172318.5"
0.229920102672941,0,"ENSG00000198648.11"
0.411835894559943,0.339680752096739,"ENSG00000238259.1"
0.200176061968403,0.105478423850007,"ENSG00000172292.14"
0,0,"ENSG00000163072.15"
0.370101254288054,0,"ENSG00000152253.9"
0.0033222142569479,3.01812146399905e-13,"ENSG00000073734.10"
2.42504253326413e-13,0.251227459177527,"ENSG00000073737.16"
0,0.171314487739226,"ENSG00000163093.12"
0,0,"ENSG00000138399.18"
0,0,"ENSG00000138398.16"
0,0,"ENSG00000154479.13"
0.0997774530527387,0.163636523962204,"ENSG00000144362.12"
0.192627283787381,0.159710253792597,"ENSG00000213160.10"
0.00450607364813212,7.43732445673402e-10,"ENSG00000138385.16"
0.0727871197248859,0,"ENSG00000138382.15"
0.0383312692651184,0.252801335155528,"ENSG00000144357.16"
0.0514052707835086,8.49866631062286e-13,"ENSG00000071909.18"
0.0368752687577208,1.56057379810751e-11,"ENSG00000128692.8"
0.0316690652291856,0,"ENSG00000239467.6"
0,0,"ENSG00000204334.7"
0.133326127565317,1.36755244309779e-09,"ENSG00000115806.13"
1.51638702055574e-18,0.0938502041294699,"ENSG00000198586.14"
0.493772519806061,0.318745019339778,"ENSG00000123600.19"
0,0,"ENSG00000115827.14"
0.0590784459497328,2.42972985386748e-13,"ENSG00000233762.3"
0.115071748580847,0.176933843241945,"ENSG00000071967.12"
0,0,"ENSG00000077380.15"
0,0,"ENSG00000115840.14"
0.0854725846440205,1.44062920208198e-20,"ENSG00000128708.13"
0.0394157103962311,2.24270101432791e-14,"ENSG00000172878.14"
0,0.0646423513898203,"ENSG00000144355.15"
0.239359965280454,0.111634696111038,"ENSG00000115844.11"
0.400766431779003,0.075332676374633,"ENSG00000091409.15"
0.783722184216438,0,"ENSG00000232788.1"
0.581573598965755,0,"ENSG00000225205.5"
0.355929600519502,1.06424881155054e-22,"ENSG00000152256.13"
0.650551065754585,0.0569384585902085,"ENSG00000228016.1"
0.337189702556493,4.22908243059347e-09,"ENSG00000091428.18"
0,0,"ENSG00000091436.17"
0,1.80187045581707e-16,"ENSG00000238133.6"
0.280682284557623,0,"ENSG00000144354.14"
0.0413442386752349,4.11320248396159e-11,"ENSG00000172845.15"
0,0,"ENSG00000273258.1"
0.0360568664520492,4.47090023020346e-11,"ENSG00000260868.1"
0.0854957954398423,0,"ENSG00000138430.16"
0,0,"ENSG00000138433.16"
0,0,"ENSG00000144306.15"
0.045773892381051,3.63523898086543e-18,"ENSG00000163328.13"
0,0.0514445942527238,"ENSG00000236449.2"
0.147855106621049,0.014384311119585,"ENSG00000115935.17"
0.0709587119040194,1.62183992798312e-11,"ENSG00000128656.14"
0,0,"ENSG00000115966.17"
0.261773754725658,4.72567877771659e-12,"ENSG00000154518.9"
0,0,"ENSG00000144320.14"
0,0.164037709763136,"ENSG00000175879.9"
0.220830746659072,0.347125525901301,"ENSG00000128652.11"
0,0,"ENSG00000170166.6"
0.348689023143703,5.36723896864436e-18,"ENSG00000224189.8"
0.404765073732818,1.18042543160611e-11,"ENSG00000218175.2"
0.792647467306971,1.49240854287472e-12,"ENSG00000128654.14"
0.0598789298300061,0.440517584423937,"ENSG00000163364.10"
0,0.293405748780967,"ENSG00000229337.2"
0,0,"ENSG00000170144.20"
0,0,"ENSG00000116044.16"
0,0,"ENSG00000225808.1"
0,0,"ENSG00000222043.2"
0.00939696509239234,3.53558422614236e-09,"ENSG00000213963.6"
0,0.0333925337092717,"ENSG00000271996.1"
0,0,"ENSG00000280374.1"
0.21258801494228,6.00850448983054e-19,"ENSG00000018510.16"
0,0,"ENSG00000196659.10"
0,0,"ENSG00000197557.7"
0.0190761049619184,2.33716710609996e-12,"ENSG00000128655.18"
0,0.0530195290620033,"ENSG00000155636.15"
0,0,"ENSG00000079156.17"
0.0441352030062201,0.0351577715317105,"ENSG00000223960.7"
0.130602141114185,8.88462845793786e-12,"ENSG00000180228.13"
1.5227797913877e-15,0.247815420487461,"ENSG00000204311.14"
0.0675220807221997,0,"ENSG00000238082.1"
0,0,"ENSG00000079150.18"
4.78713096760756e-21,0.0137994016162019,"ENSG00000116095.11"
0,5.2361948337176e-16,"ENSG00000237298.10"
0,0,"ENSG00000155657.26"
0,0.0781709445038335,"ENSG00000279598.1"
1.31354223463137e-20,0.0976393605764566,"ENSG00000163492.15"
0,0,"ENSG00000187231.14"
0,0,"ENSG00000163510.14"
0.173736049515033,0,"ENSG00000226564.1"
0,0,"ENSG00000170035.16"
2.02274564641226e-12,0.221376111717945,"ENSG00000115232.14"
0.218617346626553,0.0510395797944984,"ENSG00000138434.17"
0.145700956967239,0.321661424691414,"ENSG00000115252.18"
0.0535931363208535,0.357028511609831,"ENSG00000287536.1"
1.69415345784e-14,0.0118514272028216,"ENSG00000077232.18"
0,0,"ENSG00000162998.5"
0.00176072279864999,0.0561091814976577,"ENSG00000061676.15"
0.273736625529348,0,"ENSG00000162999.13"
0.13038462316664,1.02194215687835e-12,"ENSG00000163002.13"
2.12530163348613e-10,0.00240007475353398,"ENSG00000170396.8"
0.219528273965125,1.93703429755767e-12,"ENSG00000188738.15"
0,0,"ENSG00000287129.1"
0,0,"ENSG00000237877.7"
5.01972014087376e-17,3.69733928282664e-19,"ENSG00000065548.18"
0.0738641213282745,3.9255880543173e-11,"ENSG00000138448.12"
0.16300893852678,0,"ENSG00000144369.13"
0.0557178235618873,0.0548617646607162,"ENSG00000224063.6"
0.09037761612341,0.265110354090184,"ENSG00000064989.13"
0,0.0127441685397683,"ENSG00000231739.2"
0,0,"ENSG00000003436.16"
0.261349681497941,0.0750331451035276,"ENSG00000144366.16"
0.0637388954952419,0,"ENSG00000174325.5"
0.0726404630418376,0.309126557110912,"ENSG00000168542.14"
0,0.140030223371831,"ENSG00000204262.14"
0,0,"ENSG00000228073.1"
3.21212967007149e-17,0,"ENSG00000115368.10"
0.67697565518786,0.0493478962014774,"ENSG00000138449.10"
0,0,"ENSG00000138381.10"
0,0,"ENSG00000151687.14"
0.588213493111668,6.03414887639216e-22,"ENSG00000128694.12"
0,0,"ENSG00000128699.14"
0,0,"ENSG00000064933.17"
0.237086757878765,0.164652527653548,"ENSG00000187699.10"
0,0,"ENSG00000204253.4"
0,0,"ENSG00000198130.16"
0.0107994551858309,0.151823554622509,"ENSG00000151689.13"
0,0.029619522219541,"ENSG00000151690.15"
0,0,"ENSG00000189362.12"
0.287976490250686,0,"ENSG00000233654.2"
0,0,"ENSG00000284052.1"
0,0,"ENSG00000138386.17"
0,0,"ENSG00000235852.1"
0,0,"ENSG00000115419.12"
0,0.183360169965555,"ENSG00000115415.18"
2.20217179349142e-18,0.0822246833119509,"ENSG00000229023.1"
0,0,"ENSG00000138378.19"
0.0417373088122468,6.04410703360417e-11,"ENSG00000128641.19"
0.0372502874661117,0,"ENSG00000252130.1"
0.0210572709191421,0,"ENSG00000173559.13"
7.27402033798931e-13,0.0696056678437651,"ENSG00000168497.5"
0.0615337899697099,3.49883544843131e-11,"ENSG00000196950.14"
0.63509009201293,1.81824766310343e-13,"ENSG00000118997.14"
0,0,"ENSG00000203435.2"
0,0,"ENSG00000081320.11"
1.21604777276237e-10,0.0502785070069089,"ENSG00000272211.1"
0.292799309825004,0,"ENSG00000138411.13"
0.180822293977741,4.39660727584999e-12,"ENSG00000229056.2"
0.366255916131666,3.58436425645245e-19,"ENSG00000144395.18"
0,0,"ENSG00000119041.11"
1.26694167259172e-12,0.0258037544347107,"ENSG00000197121.15"
0,0,"ENSG00000065413.20"
0,0,"ENSG00000236977.1"
0,0,"ENSG00000230482.1"
0,0,"ENSG00000115524.16"
0.179288483248547,1.33496726028748e-11,"ENSG00000115520.8"
0.0879242622486806,1.79554413560947e-09,"ENSG00000144381.17"
0,0,"ENSG00000115541.11"
0,0.130632278074575,"ENSG00000115540.15"
0,0.0742152221051076,"ENSG00000162944.11"
0.138334275162081,0,"ENSG00000247626.5"
0.073119934793292,0.0325803249880398,"ENSG00000115896.16"
0.0563365206420242,0.29478601159925,"ENSG00000286020.1"
0,0,"ENSG00000119042.17"
0,0,"ENSG00000257045.1"
0,0,"ENSG00000225953.3"
0,0,"ENSG00000226124.7"
0,0,"ENSG00000232732.11"
0.0699952669038358,3.68275986130262e-11,"ENSG00000178074.6"
0,0,"ENSG00000162971.11"
0.0464697467708176,3.06776775640612e-12,"ENSG00000162972.10"
0,0,"ENSG00000196141.14"
0.0070219295153941,3.4219234096259e-14,"ENSG00000287299.1"
0,0,"ENSG00000155729.13"
0,0,"ENSG00000163535.18"
0,0,"ENSG00000138356.14"
0,0,"ENSG00000082153.18"
0,0,"ENSG00000013441.16"
0,0,"ENSG00000252759.1"
0.196211263862399,0.417065499150921,"ENSG00000240344.9"
0,0,"ENSG00000196290.15"
8.24223909837861e-21,1.03933347955448e-15,"ENSG00000115942.9"
0.437619612150664,0.00405331108263569,"ENSG00000155744.9"
0.0827342725017499,3.98909713522847e-11,"ENSG00000119013.9"
0,0,"ENSG00000232719.1"
0.0649281871053469,0,"ENSG00000003402.20"
0.213786285602914,1.10169547375081e-11,"ENSG00000226312.7"
0,0.178419706718018,"ENSG00000003400.14"
0.0380501320554266,3.02305104880292e-13,"ENSG00000064012.21"
0,0,"ENSG00000155749.12"
0,0,"ENSG00000115993.13"
0,0,"ENSG00000082146.13"
4.99026208412343e-19,0.265820959381869,"ENSG00000213090.2"
0,0,"ENSG00000155754.15"
0,0,"ENSG00000155755.19"
0,0,"ENSG00000082126.18"
0,0,"ENSG00000003393.15"
0.264550897355443,0.170953581269296,"ENSG00000138395.16"
0,0,"ENSG00000155760.2"
0,0,"ENSG00000116030.16"
0,0,"ENSG00000055044.11"
0.124633140113774,2.91791088921367e-13,"ENSG00000286223.1"
0.0263878924270717,0,"ENSG00000264275.1"
0,0,"ENSG00000273456.1"
0,0,"ENSG00000204217.15"
0,0,"ENSG00000236047.1"
0.13436020838606,0.0162499066610848,"ENSG00000138439.12"
0.338613785687845,0,"ENSG00000163596.16"
1.82834951735843e-15,0.0304750866149446,"ENSG00000233579.1"
0.105701584093121,3.02608378481005e-13,"ENSG00000138442.9"
0.379676557903457,0.0628366199551151,"ENSG00000138380.18"
0,0,"ENSG00000144426.18"
0,0.228008745728516,"ENSG00000228513.1"
0,0,"ENSG00000119004.15"
0,0,"ENSG00000138443.16"
0,0,"ENSG00000173166.18"
0,0,"ENSG00000178562.18"
0.23932736476215,0.216437163249178,"ENSG00000116117.18"
0.135550757217715,0.686688267136141,"ENSG00000287524.1"
0.245560124304295,5.50172560204299e-11,"ENSG00000118257.16"
0.302019712831954,0.178240692963644,"ENSG00000225216.6"
0,0,"ENSG00000114933.16"
0.0204866439002412,0,"ENSG00000227946.1"
0,0,"ENSG00000023228.14"
0.0913009187978747,6.96699302119706e-21,"ENSG00000114942.14"
0,0,"ENSG00000183671.12"
0,0,"ENSG00000204186.10"
0,0.00984842588640094,"ENSG00000114948.13"
0,0,"ENSG00000138400.13"
0,0,"ENSG00000118246.14"
0,0,"ENSG00000229321.2"
0,0,"ENSG00000260171.1"
0,0,"ENSG00000144410.5"
0,0,"ENSG00000118263.15"
0,0,"ENSG00000237892.1"
0.0567784196035505,0.540880071038162,"ENSG00000229647.2"
0.024342257005379,5.36577010143588e-10,"ENSG00000277590.1"
0.0798720025183016,0.0251437598903267,"ENSG00000223725.6"
0,0,"ENSG00000118260.15"
0.164759393510824,0,"ENSG00000144401.14"
5.79709681121615e-17,0,"ENSG00000213082.3"
0.303334934117679,0.0974882240992198,"ENSG00000163249.12"
0,0,"ENSG00000163251.4"
0,0,"ENSG00000178385.15"
0.0655274599643414,0.082419683559792,"ENSG00000138413.13"
0,0,"ENSG00000115020.17"
0.684049297896371,0.0402077380698058,"ENSG00000078018.19"
0,0,"ENSG00000197713.15"
0,0,"ENSG00000144445.17"
4.0750803333851e-13,0.217620353026081,"ENSG00000272807.1"
0,0,"ENSG00000229127.2"
6.0560217158146e-11,0.180268327412452,"ENSG00000115361.8"
0,0,"ENSG00000115365.12"
0,0,"ENSG00000021826.16"
0.38777779346589,0.127610926098102,"ENSG00000178568.15"
0,0,"ENSG00000286965.1"
0,0,"ENSG00000030419.16"
0,0,"ENSG00000144451.19"
0.0978542275730756,6.00960768303169e-11,"ENSG00000138376.11"
0.0578611266975697,7.55162069925255e-11,"ENSG00000229267.3"
0,0,"ENSG00000144452.15"
0.043340757509543,0,"ENSG00000138363.15"
0,0,"ENSG00000115414.19"
0,0,"ENSG00000237525.7"
0.5567126575654,0.173276763502562,"ENSG00000235770.6"
0,0,"ENSG00000230838.1"
0,0,"ENSG00000118242.16"
2.51581131244813e-12,0.283866929190533,"ENSG00000115425.14"
0,0,"ENSG00000163449.11"
5.97460853361247e-14,0,"ENSG00000079246.16"
0,0,"ENSG00000236478.2"
1.58694077963844e-11,0.0406221562004032,"ENSG00000279348.1"
0.104801834759801,0.138368479816711,"ENSG00000260804.3"
0,0,"ENSG00000144583.5"
0,0,"ENSG00000138375.12"
0.763092880431966,8.41088729229495e-13,"ENSG00000197756.10"
0,0.114497133458754,"ENSG00000115457.10"
0,0,"ENSG00000115461.5"
0,0.337582407217876,"ENSG00000233143.2"
0,0,"ENSG00000231672.7"
0,0,"ENSG00000224414.1"
0,0,"ENSG00000231035.1"
0,0,"ENSG00000079308.19"
0,0.110134968456444,"ENSG00000275458.1"
0.308187054906234,4.30820570309667e-13,"ENSG00000223923.2"
4.95615581559217e-13,0.285168147867393,"ENSG00000180871.8"
0.398253284532546,0.0544332700111476,"ENSG00000163466.16"
0,0,"ENSG00000261338.2"
0,0,"ENSG00000179921.15"
0.216507957621331,1.07990854600327e-12,"ENSG00000127837.9"
0.199998005328084,8.98608605969155e-10,"ENSG00000127838.14"
0.00694706275026567,3.23575256265897e-07,"ENSG00000135926.15"
0.089235115878038,8.3140370825595e-12,"ENSG00000018280.17"
0,0,"ENSG00000144579.7"
0,0,"ENSG00000135913.11"
0.258582918937152,0,"ENSG00000144580.13"
0.0072315544567682,0,"ENSG00000115556.14"
0,0,"ENSG00000115568.15"
0,0,"ENSG00000074582.14"
0.00445038062726808,5.86633657276475e-12,"ENSG00000163481.8"
0,0,"ENSG00000163482.12"
0.239557223264645,0.0823658364710684,"ENSG00000135912.11"
0,0,"ENSG00000135929.9"
0.255632432997397,7.12479607479386e-11,"ENSG00000213901.10"
0,2.01396663234945e-15,"ENSG00000115649.16"
0,0.0770384176581615,"ENSG00000144567.11"
0,0,"ENSG00000158552.13"
0,0,"ENSG00000115657.14"
0.0356001015419098,0,"ENSG00000198925.12"
0,0,"ENSG00000163516.14"
0.258269495655972,0.132264577988066,"ENSG00000163521.16"
0,0,"ENSG00000115661.14"
0.20269821220161,8.13058727155303e-15,"ENSG00000127824.14"
1.83529259409304e-22,2.25317426471557e-17,"ENSG00000135924.15"
0.313760391927855,5.25848980263584e-14,"ENSG00000123992.19"
0.217489338167344,0,"ENSG00000175084.12"
0.0314887191496391,3.43004870471221e-13,"ENSG00000072195.15"
0,0,"ENSG00000286095.1"
0.0162519832288389,1.38089665329593e-10,"ENSG00000144591.18"
0,0,"ENSG00000123989.14"
0,0,"ENSG00000188760.10"
0.0989159033265804,0,"ENSG00000124006.15"
0,0,"ENSG00000144589.22"
0,0.230515002690158,"ENSG00000114923.17"
5.57116908217925e-22,0.0452194959365156,"ENSG00000116106.12"
0,0,"ENSG00000226666.1"
0.311657364858944,0.0888752720826529,"ENSG00000237732.9"
0.381887798544717,2.5033649821066e-21,"ENSG00000163082.10"
0.0614252880728516,3.32032393625268e-11,"ENSG00000116120.11"
0.391019331741817,0.502853016726988,"ENSG00000124003.13"
0.283653770112744,2.51957935768928e-16,"ENSG00000123983.14"
0.177335595458801,3.33198185850882e-21,"ENSG00000224121.1"
2.43747703766216e-14,0.481946520484427,"ENSG00000152049.6"
0,0,"ENSG00000171951.5"
0,0,"ENSG00000152056.17"
0,0,"ENSG00000085449.15"
0.126355948367671,5.95774337918033e-11,"ENSG00000135900.4"
0.150549061071239,0.0502162021799386,"ENSG00000135919.13"
3.80213562930582e-17,0,"ENSG00000036257.13"
0,0,"ENSG00000228446.2"
0.173516981851163,0,"ENSG00000135905.19"
0.145834407024913,3.63095459590924e-14,"ENSG00000169047.5"
0,0,"ENSG00000272622.2"
0,0,"ENSG00000261379.1"
0,0,"ENSG00000144468.17"
0.322305753279106,0.232706460621832,"ENSG00000081052.12"
0.170339168798713,3.50345503463057e-11,"ENSG00000169031.19"
0.280214582292246,0.183061276262041,"ENSG00000236432.8"
0,0,"ENSG00000168958.19"
0.03464782597685,2.54554171953867e-12,"ENSG00000168955.4"
0,0,"ENSG00000173744.17"
0,0,"ENSG00000135917.15"
0.520965864244797,0,"ENSG00000115009.13"
0.271074653886626,8.12958059524732e-20,"ENSG00000153823.18"
0,0,"ENSG00000187957.8"
0,0,"ENSG00000153827.13"
0.047107496457604,0,"ENSG00000153832.12"
0,0,"ENSG00000163053.11"
0.46408524346927,3.24256641768681e-07,"ENSG00000225963.8"
0,0,"ENSG00000135899.17"
0,0,"ENSG00000079263.19"
0,0,"ENSG00000185404.16"
0,0,"ENSG00000067066.17"
3.82431091815387e-17,7.26208525505356e-21,"ENSG00000243650.3"
0.0570441588907203,1.15275661014156e-13,"ENSG00000135932.11"
0.474911302977303,3.94657620521612e-12,"ENSG00000237758.1"
0,0,"ENSG00000135916.16"
0.390243252481781,4.51254122004062e-21,"ENSG00000173692.13"
0,0,"ENSG00000135914.6"
0.2227748435512,1.97693187306344e-13,"ENSG00000135931.17"
0.37790149091607,0.0362664813922809,"ENSG00000156966.7"
0.234045163596615,2.60831699958173e-12,"ENSG00000115053.16"
0.872848241740739,0,"ENSG00000207280.1"
0.0870258799384339,1.72780002680327e-19,"ENSG00000171596.7"
0,0,"ENSG00000187514.16"
0,0,"ENSG00000156973.14"
2.97018203145507e-20,0.103708874974429,"ENSG00000144524.17"
0,0,"ENSG00000144535.19"
0,0,"ENSG00000196811.13"
0,0,"ENSG00000221944.8"
0.15102117573146,3.22424853459126e-15,"ENSG00000135930.14"
0,0,"ENSG00000237126.8"
0.262937956748518,0.0686007167879569,"ENSG00000115468.12"
0.00465357792414471,2.34318588949026e-10,"ENSG00000204120.14"
0,0,"ENSG00000115474.7"
0,0,"ENSG00000182600.9"
0,0,"ENSG00000066248.15"
0,0,"ENSG00000168918.14"
0,0,"ENSG00000085978.22"
0,0,"ENSG00000252010.1"
0,0,"ENSG00000251791.1"
0,0,"ENSG00000077044.10"
0,0,"ENSG00000085982.13"
2.65960237037167e-17,0.0160846859405132,"ENSG00000271639.1"
0.343966531150361,4.74119062059201e-14,"ENSG00000123485.12"
0,0,"ENSG00000188042.8"
0,0,"ENSG00000130147.16"
0.0735563179831983,0.132200483777646,"ENSG00000157985.19"
0.058126691341321,1.92573485598613e-12,"ENSG00000235529.1"
0.672572098416391,0,"ENSG00000228499.1"
0,0,"ENSG00000132321.17"
0,0,"ENSG00000144476.6"
1.68270257957057e-14,0.190003445600565,"ENSG00000227252.2"
0,0.382807756983805,"ENSG00000124835.2"
0.0366529450179967,6.74801754390549e-21,"ENSG00000198612.11"
0,0.0962652370324294,"ENSG00000163359.15"
0.154082448970991,0,"ENSG00000115648.14"
0.134423861422169,2.36987800026794e-11,"ENSG00000124831.19"
0,0,"ENSG00000286864.1"
0,0,"ENSG00000177483.11"
0.0631572312657206,0,"ENSG00000132329.11"
0,0,"ENSG00000184182.18"
0.42702041104311,0,"ENSG00000132330.18"
0.426955952311005,0,"ENSG00000144488.15"
0,0,"ENSG00000168427.9"
0.0795835087777235,7.73293572173143e-11,"ENSG00000178752.16"
0,0.0499630071921114,"ENSG00000132323.9"
0.399129331316846,8.70657685991724e-12,"ENSG00000186235.11"
0.0730495788626985,1.12060167258313e-17,"ENSG00000225057.2"
0,0,"ENSG00000144485.11"
0,0,"ENSG00000132326.12"
0,0,"ENSG00000283635.1"
0,0,"ENSG00000204104.12"
0,0,"ENSG00000065802.12"
0,0,"ENSG00000233608.4"
0.173599672326207,0,"ENSG00000227744.4"
0,0,"ENSG00000068024.16"
0,0,"ENSG00000286307.1"
0,0.0025526930971081,"ENSG00000287405.1"
0.0985368982388417,0.0350417728968166,"ENSG00000222020.3"
0.0716240321923294,4.77173428745674e-12,"ENSG00000130414.12"
0.480785336803946,3.91104457071469e-07,"ENSG00000172428.11"
0,0,"ENSG00000063660.9"
0,0.244710127015072,"ENSG00000218416.4"
5.66749376282254e-20,0.131525128531324,"ENSG00000144504.15"
0,0,"ENSG00000188542.9"
0.301901263887093,0.0323799810064084,"ENSG00000142327.13"
0.350322474845699,3.10864228616098e-11,"ENSG00000260942.1"
9.52933936668162e-13,0.0358764289097784,"ENSG00000142330.20"
0,0,"ENSG00000178623.12"
0.277187043922502,0,"ENSG00000226321.5"
0.772994009078959,1.00679377425735e-11,"ENSG00000162804.14"
0,0.0354369982655763,"ENSG00000229996.1"
0.655552859672895,0.0267752726721662,"ENSG00000225521.1"
0,0,"ENSG00000122085.17"
0,0,"ENSG00000115687.13"
0.162546139897547,7.94912153867918e-12,"ENSG00000115685.15"
0,0,"ENSG00000146205.13"
0.189748407754999,2.24328554490288e-09,"ENSG00000115677.17"
0.0472570610054502,1.02661810308773e-14,"ENSG00000168385.18"
0.33342318122052,0,"ENSG00000286588.1"
0.0883109087398226,0,"ENSG00000006607.14"
0.137700938388631,3.85311611760386e-19,"ENSG00000115694.15"
2.17264607682015e-14,0.076474267929495,"ENSG00000176720.6"
0.43666537655851,0.121484674691897,"ENSG00000176946.12"
0.241071511478579,2.22362279785109e-09,"ENSG00000168397.17"
1.84867237915319e-20,0.112492970026591,"ENSG00000168393.13"
0.155884756055661,0,"ENSG00000168395.15"
0.520497808263717,0.0767404333807222,"ENSG00000180902.18"
0,0,"ENSG00000204099.11"
0,0,"ENSG00000188389.11"
0.0889226963867764,5.40371147483649e-21,"ENSG00000237940.3"
0.219023177185674,1.56887660981339e-14,"ENSG00000220804.8"
0.00840117255824245,0,"ENSG00000134121.10"
0.627108319859634,0.0825264798243042,"ENSG00000224957.6"
0,0,"ENSG00000144619.15"
0,0,"ENSG00000072756.17"
0,0,"ENSG00000113851.14"
0,0,"ENSG00000271870.1"
0,0.0254504874423062,"ENSG00000144455.14"
0.158525292446541,0,"ENSG00000175928.6"
0.128405120192947,0.0462345226913971,"ENSG00000287720.1"
0,0,"ENSG00000170364.12"
3.31407139934118e-19,0.239505903508619,"ENSG00000150995.19"
6.18496794978497e-15,0.456162328918967,"ENSG00000235947.1"
0,0,"ENSG00000134107.5"
0.00483703421999733,1.02881633031978e-10,"ENSG00000134108.13"
0.15904662878321,0,"ENSG00000233912.1"
0,0,"ENSG00000134109.11"
0,0,"ENSG00000227110.7"
0,0,"ENSG00000071282.12"
0.0456098053105996,2.6622546067853e-12,"ENSG00000180914.10"
0.0633176134387074,4.1962836872122e-11,"ENSG00000070950.10"
2.17678454651394e-10,0.129733599736217,"ENSG00000196220.16"
0.697294936549383,1.06152114606788e-13,"ENSG00000206573.9"
0,0,"ENSG00000134077.16"
0,0,"ENSG00000168137.16"
0,0,"ENSG00000156959.9"
0.0604973423527122,7.34003936254028e-10,"ENSG00000163719.19"
0,0,"ENSG00000287878.1"
0,0,"ENSG00000156983.16"
0.0964769152819072,0.00709210684317508,"ENSG00000114026.21"
0.169971877342418,0.0592530664556817,"ENSG00000134072.11"
0.00328105796653776,6.93713575539581e-11,"ENSG00000171148.13"
0.255210062810598,4.32704275050953e-12,"ENSG00000241553.12"
0.521701661293177,2.49704720475685e-09,"ENSG00000214021.16"
0.050890071704348,0,"ENSG00000156990.14"
0.40204960670984,0.286444183379286,"ENSG00000187288.10"
0.0515426502297265,8.63182587409995e-15,"ENSG00000171135.15"
0,0,"ENSG00000163701.19"
0,0,"ENSG00000163702.20"
0.587349521317628,0,"ENSG00000163703.17"
0.584490078895557,0.217373807917041,"ENSG00000163704.12"
0.0634173584914293,0.257698615962788,"ENSG00000230082.1"
0.0384712013568696,1.4450967795344e-11,"ENSG00000269982.1"
0,0,"ENSG00000125037.12"
0.262943191249815,0.0701880326088242,"ENSG00000180385.8"
0.0457776987933833,0.131252915880983,"ENSG00000232901.1"
0,0.139940718412614,"ENSG00000206567.10"
0.431384129039854,7.6301779554881e-14,"ENSG00000186162.10"
0,0,"ENSG00000144554.10"
0.0741584897497842,3.48580861957102e-12,"ENSG00000254999.4"
6.1673653801196e-19,0.0419236609810753,"ENSG00000134086.7"
7.7197596040132e-16,2.75546931045296e-18,"ENSG00000287086.1"
0.214692493624176,1.17982183919904e-12,"ENSG00000134070.5"
0,0,"ENSG00000157014.11"
0,0.0108183840011181,"ENSG00000231177.4"
0.194881831336616,0,"ENSG00000157017.16"
0.141166431450136,4.41024927444254e-14,"ENSG00000240288.8"
0.0602603984538745,1.46842074242986e-11,"ENSG00000157020.18"
0.138326941070282,0.591234557531249,"ENSG00000157103.12"
0.0963959451970144,8.2670364383535e-21,"ENSG00000196639.6"
0.298223513322851,0,"ENSG00000285906.2"
0,0,"ENSG00000197548.12"
0.094250660745864,1.82983270282897e-12,"ENSG00000144560.15"
0,0,"ENSG00000272483.1"
0.517675389577522,3.00057366471781e-11,"ENSG00000144559.10"
0.605061258800015,0.140162049769441,"ENSG00000157152.17"
0,0,"ENSG00000226642.1"
0.375398018701341,1.25334219716536e-09,"ENSG00000157150.5"
0.227012342349636,0.141156546841001,"ENSG00000132170.21"
0.0804102557195758,0.370747997581835,"ENSG00000225026.1"
0,0,"ENSG00000154743.18"
0,0,"ENSG00000225526.4"
0.0198860483803608,0,"ENSG00000075975.16"
0,0,"ENSG00000132155.11"
0,0,"ENSG00000088726.16"
0.267235267282456,0.107618190004785,"ENSG00000144712.12"
0.134290730694381,2.38668262233455e-10,"ENSG00000144713.13"
0.0881475512645394,9.45134229404992e-12,"ENSG00000144711.16"
0,0,"ENSG00000132182.12"
0,0,"ENSG00000163517.15"
0,0,"ENSG00000163520.14"
0.402428629398293,1.15188653284359e-11,"ENSG00000275340.1"
0,0,"ENSG00000163528.13"
0,0,"ENSG00000170876.7"
0.133070961891411,0,"ENSG00000228242.6"
0,0,"ENSG00000154767.14"
0.14461802651887,9.90409979886437e-19,"ENSG00000170860.4"
0,0,"ENSG00000131389.17"
0.282605868281698,0,"ENSG00000144596.13"
0,0,"ENSG00000154781.16"
0,0,"ENSG00000154783.12"
3.33848858079394e-10,0.0374845648003459,"ENSG00000225733.6"
0,0,"ENSG00000177463.15"
0.186733199340753,0.127949247988689,"ENSG00000131368.8"
0.0667213450207305,2.54608614786629e-13,"ENSG00000131381.12"
5.00414311916915e-16,0,"ENSG00000131375.10"
0,0.00161568548975703,"ENSG00000224660.2"
0,0,"ENSG00000131370.16"
0,0.231309880666093,"ENSG00000206562.11"
0,0,"ENSG00000144597.14"
0,0.151171417775541,"ENSG00000206561.13"
0,0,"ENSG00000131373.15"
0,0.358085677826022,"ENSG00000169814.14"
0,0,"ENSG00000206560.11"
0,0,"ENSG00000279465.1"
0.229834265902674,0,"ENSG00000270409.1"
0,0,"ENSG00000263740.2"
0.173683391572624,1.64095136370162e-21,"ENSG00000224728.1"
0,0,"ENSG00000131386.19"
0.0360337088254685,5.78656207779595e-16,"ENSG00000154813.10"
0.0155346977774671,0,"ENSG00000154814.14"
0.375175481566509,0.120499818027532,"ENSG00000131378.14"
0,0,"ENSG00000271964.1"
0.0438264632273103,0,"ENSG00000272498.1"
0.246798642522196,0.448879550083547,"ENSG00000272529.1"
0,0,"ENSG00000287377.1"
0,0,"ENSG00000288050.1"
0.0159103837118992,2.28852265050026e-12,"ENSG00000092345.13"
1.5898741714944e-12,0.0261134487912394,"ENSG00000154822.18"
0.0409877742382823,5.0883378737076e-13,"ENSG00000285731.1"
0,0,"ENSG00000131374.14"
0,0.134486475126929,"ENSG00000182568.17"
0.157311664276222,1.27162191333669e-18,"ENSG00000163576.18"
0.173002504299323,5.66486898524947e-19,"ENSG00000144566.11"
0.1881760905579,0.252327726668966,"ENSG00000183977.14"
0.0900961835195759,0.17290313000428,"ENSG00000114166.8"
0,0,"ENSG00000129810.15"
0.351715295081345,2.82673915151429e-13,"ENSG00000151789.12"
1.34192691464904e-19,0.289564533328047,"ENSG00000132967.9"
0.251640241861228,0.0218350550401959,"ENSG00000182247.10"
0.109906644711594,2.26767088654961e-35,"ENSG00000170142.12"
0.16690735563042,0.245470432987804,"ENSG00000231395.1"
0.245454856148298,0.125128127669362,"ENSG00000197885.10"
0.106951720421907,5.09790625171501e-09,"ENSG00000174748.21"
0,0,"ENSG00000174738.13"
3.40040558563005e-10,0.0681885745577904,"ENSG00000151090.19"
0,0.166349868860146,"ENSG00000224822.1"
0,0.0545036042194182,"ENSG00000228791.8"
0.428456467359203,7.99459823376276e-14,"ENSG00000077092.19"
0.0318532064900601,7.94152202184432e-16,"ENSG00000077097.15"
0,0,"ENSG00000151092.17"
0.237014478536446,8.64017428174964e-15,"ENSG00000151093.8"
0,0,"ENSG00000163491.16"
0,0,"ENSG00000287348.1"
0,0,"ENSG00000033867.16"
0.245082493446294,2.89279063149093e-12,"ENSG00000271943.2"
0.19302802090104,1.11809850072674e-13,"ENSG00000163508.13"
0,0,"ENSG00000187118.14"
0,0,"ENSG00000163512.14"
0,0,"ENSG00000206559.8"
0,0,"ENSG00000283563.1"
0.0762836867330205,0.10564003441875,"ENSG00000144642.22"
0,0,"ENSG00000235904.3"
0,0,"ENSG00000226216.1"
0.238168477227645,3.27480837506868e-13,"ENSG00000203506.5"
0,0.0901454570546776,"ENSG00000163513.18"
0.36786397661561,0,"ENSG00000224618.1"
5.73208984425759e-19,0.139552948623343,"ENSG00000261468.1"
0,0,"ENSG00000163527.10"
0.0951049253392796,1.86473221917689e-20,"ENSG00000144645.14"
0,0,"ENSG00000232490.6"
0.130086156079185,0.0541754656982177,"ENSG00000197385.6"
0.30394919814498,0.226813957855127,"ENSG00000152642.10"
0.0993911626625673,0,"ENSG00000261572.1"
1.15146890800548e-11,0.110267514826013,"ENSG00000170293.9"
0,0.167944564271618,"ENSG00000234737.1"
0,0,"ENSG00000153551.14"
3.70047737463309e-22,0.0205063006012168,"ENSG00000091317.8"
0.240073167415894,1.04014852534034e-12,"ENSG00000144635.9"
0,0.413144124423764,"ENSG00000182973.18"
0,0,"ENSG00000213842.2"
0,0,"ENSG00000183813.7"
0,0,"ENSG00000170266.16"
3.46452510811583e-12,0.0469346502215676,"ENSG00000188167.9"
0,0,"ENSG00000275090.1"
0.0925256562654408,0,"ENSG00000170275.14"
0,0,"ENSG00000173705.9"
0,0,"ENSG00000153558.16"
0.00560109269056908,0,"ENSG00000153560.12"
0,0,"ENSG00000163539.17"
0,0,"ENSG00000271643.2"
0.0031123291640229,0,"ENSG00000170248.15"
0.15506674327291,0,"ENSG00000144681.10"
0.0248449306483726,0,"ENSG00000201315.1"
0.27599355634986,0,"ENSG00000163673.7"
0,0,"ENSG00000279727.1"
0,0,"ENSG00000281100.1"
0,0,"ENSG00000168016.14"
0,0,"ENSG00000234073.1"
0,0,"ENSG00000178567.8"
0.220393360148934,2.21087260406339e-10,"ENSG00000076242.14"
0.318697733460524,0,"ENSG00000224858.5"
0.184359776228493,0,"ENSG00000093167.18"
0,0,"ENSG00000224080.1"
0.331367517279216,0,"ENSG00000270194.1"
0,0,"ENSG00000144674.16"
0.012453684217306,0,"ENSG00000230409.3"
0,0,"ENSG00000198590.12"
0.3881834897481,0,"ENSG00000144668.12"
0.712374570926065,0.0658822260345208,"ENSG00000235257.9"
0.132813112396961,0.0467002511962534,"ENSG00000144677.15"
0,0,"ENSG00000136059.14"
0.0549510652112077,0,"ENSG00000187091.13"
0,0,"ENSG00000008226.20"
0,0.17632935095978,"ENSG00000060971.18"
0,0,"ENSG00000172936.14"
0.0647030447812911,7.22678207142436e-15,"ENSG00000172939.9"
0.557674841405064,0.138457800767155,"ENSG00000172940.13"
0,0,"ENSG00000093217.11"
0,0,"ENSG00000229589.1"
0.288833771195272,0.0590643704095222,"ENSG00000114739.14"
1.85788306134026e-12,0.033951261141303,"ENSG00000157036.13"
0.139599452582036,0.109113241740002,"ENSG00000232439.1"
0.314307339996227,0.198908648050627,"ENSG00000183873.15"
0,0,"ENSG00000168356.12"
0,0,"ENSG00000114742.14"
0.0422307087586998,0,"ENSG00000114745.13"
0,0,"ENSG00000168026.18"
0,0.00459251179662055,"ENSG00000144655.15"
0,0,"ENSG00000284669.1"
0,0,"ENSG00000283849.1"
0.109237111045933,2.5459018241806e-13,"ENSG00000287620.1"
0.651228733014981,0.169575079692841,"ENSG00000168334.9"
0,0,"ENSG00000144659.13"
0.154640698812373,0,"ENSG00000168028.14"
0,0.131035100948269,"ENSG00000170011.14"
0.228335407902578,0.122027154935145,"ENSG00000280739.3"
0,0,"ENSG00000114784.4"
0.00200018193408601,0,"ENSG00000223797.6"
0.0115815295108233,1.39613529255592e-08,"ENSG00000168032.10"
0.518373898243643,0.0554518320345305,"ENSG00000188846.14"
0,0,"ENSG00000177873.14"
0,0,"ENSG00000177842.12"
0.406793860651892,0.06690044408212,"ENSG00000172888.12"
0,0,"ENSG00000168036.18"
0,0,"ENSG00000168038.11"
0.154142741476355,0.145334883862847,"ENSG00000182606.16"
0,0,"ENSG00000114812.13"
0,0,"ENSG00000093183.14"
0.47494383007733,1.90745652715565e-12,"ENSG00000008324.11"
0,3.11042865270981e-15,"ENSG00000114857.18"
3.35703615383592e-10,0.0795221342223071,"ENSG00000230084.6"
0.292820549395014,0.143665230010555,"ENSG00000114853.14"
0.289301328808024,0,"ENSG00000287629.1"
0.193387920369076,0,"ENSG00000181061.13"
0.0995015305455378,6.52314313748425e-21,"ENSG00000144648.16"
0.0170715053982528,0,"ENSG00000240747.7"
0,0,"ENSG00000182983.15"
0,0,"ENSG00000144649.9"
0.243430531307861,2.11248262557572e-15,"ENSG00000144647.6"
0,0,"ENSG00000163788.14"
0.0737147906948904,2.94106473798713e-12,"ENSG00000234617.2"
0,0,"ENSG00000160746.13"
0.18004425852557,1.87720701806903e-12,"ENSG00000011198.10"
0.164646256964186,0,"ENSG00000280435.1"
0.0158526644643218,1.64110806802145e-21,"ENSG00000261786.1"
0,0,"ENSG00000179152.20"
0.310247239410777,6.29939927539136e-14,"ENSG00000185219.17"
0.0776771532960537,0.148633911668001,"ENSG00000178917.16"
1.95322170027065e-10,0.02405958385269,"ENSG00000196345.13"
0.0168442099901205,3.18917089746886e-16,"ENSG00000144792.9"
0.438985056965574,0.0988856148990114,"ENSG00000214820.3"
0,0,"ENSG00000186448.15"
0.191983207641421,1.04026012124978e-08,"ENSG00000169981.11"
0,0,"ENSG00000272077.1"
0.0492702006584169,0.414566508116647,"ENSG00000196653.12"
0.750050957183097,5.54608779019926e-14,"ENSG00000186446.12"
0.230113014483325,2.48173968049348e-12,"ENSG00000163807.6"
0.222202762877203,3.70936909328354e-14,"ENSG00000163808.17"
0,0,"ENSG00000169964.8"
0.0482445436234943,3.26764143393085e-23,"ENSG00000163810.12"
0.21878632578726,0.0740009967302014,"ENSG00000163812.15"
0,0,"ENSG00000075914.13"
0.100563114404492,0.125907723077824,"ENSG00000163815.6"
0.387466467221775,8.99368310511106e-21,"ENSG00000163814.8"
0.445966682755297,0,"ENSG00000249992.2"
0.0324543410528759,0,"ENSG00000011376.12"
0,0,"ENSG00000144791.10"
0.0543878171140416,0.000944949856278918,"ENSG00000230530.2"
0,0,"ENSG00000211456.12"
0,0,"ENSG00000163818.17"
0,0,"ENSG00000163820.15"
0,0.319303587114071,"ENSG00000172215.6"
0,0.0313444721729187,"ENSG00000163823.4"
0,0.115283910937923,"ENSG00000121797.10"
0,0,"ENSG00000283646.2"
0,0,"ENSG00000012223.13"
0.880715630482143,0,"ENSG00000163827.13"
0.528837818152351,1.34201422838554e-10,"ENSG00000268324.2"
0,0,"ENSG00000178038.17"
0,0.0308032514413682,"ENSG00000178055.13"
0.122780022785719,4.93697486104322e-10,"ENSG00000160808.10"
0.0965993951640573,3.77134781258872e-11,"ENSG00000160801.14"
0,0,"ENSG00000160799.11"
0.0070336581871726,1.63496080695774e-25,"ENSG00000160796.17"
0,0,"ENSG00000236409.2"
0,0,"ENSG00000181555.20"
0.102671231632319,1.22332783548115e-09,"ENSG00000227398.4"
0,0.107092178959157,"ENSG00000088727.12"
0,0,"ENSG00000114648.12"
0.0160821432041794,0,"ENSG00000280173.1"
0.328727748681282,0.386712210150821,"ENSG00000260236.1"
0,0,"ENSG00000076201.15"
0,0.0189746558031363,"ENSG00000114650.20"
0.0176442138087869,7.31791647819857e-13,"ENSG00000163832.16"
0,0.205719756024673,"ENSG00000114646.10"
0.0171279089238391,1.64464709009064e-10,"ENSG00000173473.11"
0.0205819894932797,0,"ENSG00000132153.15"
0.021310021589009,8.83964203503906e-13,"ENSG00000047849.21"
0.263534894548983,0,"ENSG00000224895.1"
0,0,"ENSG00000270285.1"
0,0,"ENSG00000265078.2"
0.32850654552076,0,"ENSG00000164045.12"
0,0,"ENSG00000164047.6"
0,0.107788982127359,"ENSG00000164048.14"
0,0,"ENSG00000172113.9"
0.330616886996524,0,"ENSG00000164050.13"
0,0.0225088501085321,"ENSG00000164051.14"
0,0,"ENSG00000232112.3"
0,0,"ENSG00000164053.21"
0.0602350891234401,1.39133759072805e-07,"ENSG00000164054.15"
0.127282395234103,0,"ENSG00000114268.12"
0.226027428163871,1.0399111400693e-21,"ENSG00000145040.4"
0,0.0758589965854511,"ENSG00000114270.17"
0.120401848651162,2.07477019988996e-13,"ENSG00000010256.11"
9.88674628126842e-22,0.269186445817807,"ENSG00000225697.13"
0,0,"ENSG00000008300.17"
0.168426357792358,3.92748178319916e-12,"ENSG00000213672.8"
0,0,"ENSG00000068745.15"
0.389519048874255,0.0539961990462397,"ENSG00000114302.16"
0.196018776579087,0,"ENSG00000224424.8"
0,0,"ENSG00000178537.10"
0,0.000239349445237546,"ENSG00000221883.3"
0.0619754401086269,0.107874432374573,"ENSG00000177479.19"
0,0,"ENSG00000178467.18"
0.463742787314892,7.81268299075839e-13,"ENSG00000178252.18"
0.342069178717821,0,"ENSG00000178149.17"
0.103488602263557,4.05050468972266e-12,"ENSG00000178057.15"
0.0985555162961889,1.4031249925444e-12,"ENSG00000178035.12"
0.00923541474063917,0.0154475490354075,"ENSG00000198218.11"
0.0754720630416126,7.27722818739584e-19,"ENSG00000172053.18"
0,0,"ENSG00000172046.19"
8.2737156711239e-11,0.0569727554802446,"ENSG00000172037.14"
0,0,"ENSG00000177352.10"
0,0.0736828986402091,"ENSG00000185909.15"
1.04317798101883e-09,0.0373480980437542,"ENSG00000173421.17"
0.370844370717876,0.521508583053514,"ENSG00000225399.4"
0.554635244207084,0.0622437919030329,"ENSG00000188315.8"
2.17277972861438e-11,0.102005815558101,"ENSG00000114316.13"
0,0,"ENSG00000233276.5"
0.0953676924114021,1.277847789867e-10,"ENSG00000067560.12"
0,0,"ENSG00000235908.1"
0.17752282766097,7.94138555869858e-13,"ENSG00000145022.4"
0.0308143999353901,1.36841623174441e-22,"ENSG00000145020.15"
0,0,"ENSG00000173402.11"
5.91307634344004e-11,0.00131965302082456,"ENSG00000164061.5"
0.0862253118538935,7.73934578849147e-12,"ENSG00000164062.13"
0.0639941093634185,0.0302583733730018,"ENSG00000173531.15"
0,0.0164755648169403,"ENSG00000164068.16"
0,0.213759797424025,"ENSG00000173540.12"
0,0,"ENSG00000176095.12"
0,0,"ENSG00000185614.6"
0,0,"ENSG00000182179.13"
0.103934346467333,0,"ENSG00000183763.9"
0,0,"ENSG00000164078.13"
0.39067763813746,0.10448435240916,"ENSG00000164077.14"
0.259357740874034,0,"ENSG00000004534.15"
0,0,"ENSG00000003756.17"
0,0,"ENSG00000281691.1"
0.247150335972747,1.47858287051539e-13,"ENSG00000235016.1"
0,0,"ENSG00000001617.12"
0,0,"ENSG00000188338.15"
0.203011215306426,9.38133684711812e-12,"ENSG00000114353.17"
0.1737808970498,0.585730040453849,"ENSG00000213600.3"
0.136483926167243,0.0238087380606941,"ENSG00000230454.1"
0.23562551641695,0.0379209095794443,"ENSG00000012171.20"
0.522043422454459,0,"ENSG00000214706.10"
0,0,"ENSG00000186792.17"
0.0365434070783579,0,"ENSG00000243477.5"
0,0.154002686117498,"ENSG00000114378.17"
0,0.370729642924332,"ENSG00000068001.14"
0,0,"ENSG00000114383.10"
2.83186954829217e-13,0.135262475105265,"ENSG00000068028.17"
0.246110222182105,3.70099350573548e-13,"ENSG00000004838.14"
0,0,"ENSG00000114388.14"
0.337306820410771,0,"ENSG00000114395.10"
0,0,"ENSG00000126062.4"
0.0989359088532492,1.2059245238262e-12,"ENSG00000007402.11"
0.701533827689122,0.112744815932127,"ENSG00000088543.15"
0.437185850081984,0.125613122205372,"ENSG00000114735.9"
0,0,"ENSG00000114737.15"
0,0,"ENSG00000114738.11"
0.0698152895505861,0,"ENSG00000088538.13"
0.0124897594443252,5.06392748156946e-16,"ENSG00000145050.18"
0.00582835748543477,2.60783337756528e-14,"ENSG00000259956.2"
0.0114235003918072,6.27416285379202e-14,"ENSG00000145041.15"
0,0,"ENSG00000164080.13"
1.67503157890854e-20,0.0758255191080908,"ENSG00000164081.12"
0.333263289433297,0.107162806855943,"ENSG00000164082.15"
0,0,"ENSG00000287707.1"
0.071497061662192,2.29091744051454e-13,"ENSG00000114767.7"
0,0,"ENSG00000041880.14"
0,0,"ENSG00000090097.21"
6.23659815924878e-11,0.021718118433033,"ENSG00000114779.19"
0.413490494619841,0.0241835935045531,"ENSG00000248487.9"
0,0,"ENSG00000243989.9"
0.105750657921247,2.34908335055627e-20,"ENSG00000162244.12"
0,0,"ENSG00000164086.10"
0,0,"ENSG00000164087.8"
0.119630529872133,7.16071848553843e-11,"ENSG00000023330.15"
0.104183864216123,1.48064618469168e-13,"ENSG00000247596.9"
0.0601027791738619,1.5412287936237e-14,"ENSG00000164088.18"
0,0,"ENSG00000164091.12"
0.162327434126579,0.207630104061472,"ENSG00000168237.18"
0.130807020544535,0.153867790657585,"ENSG00000242797.3"
0,0,"ENSG00000114841.17"
0,0.113532382587541,"ENSG00000163930.10"
0,0,"ENSG00000010318.21"
0,0.0939198742478344,"ENSG00000010319.7"
0.190709726456071,0,"ENSG00000010322.16"
0,0,"ENSG00000010327.10"
0.0990675508611925,4.85673463595083e-21,"ENSG00000168268.11"
0.105188599732031,0,"ENSG00000168273.8"
0,0,"ENSG00000163939.18"
0,0,"ENSG00000163938.17"
0.139489725283572,0.00272929906841569,"ENSG00000016864.18"
0,0,"ENSG00000114902.14"
0,0,"ENSG00000114904.13"
0.551441230813553,0.264436332675509,"ENSG00000055957.11"
0,0,"ENSG00000243696.5"
0,0,"ENSG00000213533.12"
0,0,"ENSG00000163935.14"
0,0,"ENSG00000163933.10"
0.0466009231225281,0.0251460204169755,"ENSG00000163932.15"
0,0,"ENSG00000163931.16"
2.2355110555235e-15,0,"ENSG00000272886.6"
0.082212422795783,1.31685212806169e-13,"ENSG00000157388.19"
0.144427838091303,0,"ENSG00000016391.11"
0,0,"ENSG00000056736.10"
0.0463744228669537,7.6546677619349e-09,"ENSG00000271976.1"
0,0,"ENSG00000113812.14"
0.0867491525995494,1.36047609035702e-11,"ENSG00000113811.11"
0.212336125544935,7.99706118112303e-20,"ENSG00000157445.15"
0,0,"ENSG00000114251.14"
0.303111719381053,0.182064800116877,"ENSG00000244586.1"
5.12017382268164e-12,0.0018981441242413,"ENSG00000180376.17"
0,0,"ENSG00000163946.13"
0,0,"ENSG00000163947.11"
0,0,"ENSG00000186451.2"
0.522389903790662,0.345883017919431,"ENSG00000144730.18"
0.0570568383382172,0.105521028310195,"ENSG00000157500.12"
0,0,"ENSG00000239388.9"
0,0.370845657214133,"ENSG00000174844.14"
0,0,"ENSG00000174840.9"
0.0061740956425995,4.42922421614882e-15,"ENSG00000168374.11"
0,0,"ENSG00000174839.13"
0.260677645288719,0.0040964799643666,"ENSG00000163681.15"
0.0504747300193938,1.70833149085402e-12,"ENSG00000136068.14"
0,0,"ENSG00000244161.1"
0,0.0435866307099997,"ENSG00000163687.14"
0,0,"ENSG00000163686.15"
0,0,"ENSG00000163684.11"
0.00900437999679188,5.18228315141577e-12,"ENSG00000168297.16"
0.0784843539563932,2.4122119891594e-13,"ENSG00000168291.13"
0,0,"ENSG00000168301.13"
3.00445718578708e-21,0.0246659854528236,"ENSG00000168306.13"
0,0,"ENSG00000168309.18"
0,0,"ENSG00000163689.20"
0.0933681352919184,0.00996914329080004,"ENSG00000189283.10"
0,0,"ENSG00000144724.20"
0.487281600711882,1.31379592735174e-12,"ENSG00000241472.7"
0.147577160790851,1.17212737295614e-19,"ENSG00000114405.10"
0,0,"ENSG00000153266.13"
0,0,"ENSG00000163632.14"
0.110940610732908,0,"ENSG00000163634.12"
0.139241419643887,2.73728334377291e-11,"ENSG00000240549.2"
0.0686462026173414,2.21424469542366e-11,"ENSG00000285399.2"
0.108186464999298,1.95970858748482e-13,"ENSG00000163635.18"
0.0461241758528572,2.16242196298185e-11,"ENSG00000239653.1"
0,0,"ENSG00000271843.1"
0,0,"ENSG00000163636.10"
0.0716028142953531,0,"ENSG00000241111.1"
0,0.0159673030092995,"ENSG00000163637.13"
0,0,"ENSG00000239926.1"
0.0594150777722679,1.42281934396638e-11,"ENSG00000226017.2"
0.215516348484515,1.09953356863049e-11,"ENSG00000163638.13"
0.198663248691683,0,"ENSG00000241158.7"
0,0,"ENSG00000241684.6"
0.19194345839328,0,"ENSG00000151276.23"
0,0,"ENSG00000223409.1"
0,0,"ENSG00000272610.1"
0,0,"ENSG00000240175.1"
0,0,"ENSG00000144741.17"
0.130430682709403,1.45964420374846e-13,"ENSG00000144749.13"
0.385341542784343,5.72659597456888e-21,"ENSG00000163376.11"
0.0795385811792077,3.11150840520891e-09,"ENSG00000172340.14"
2.55125802686364e-16,0.00325888597501963,"ENSG00000241316.8"
0.106187625892126,1.05236329345576e-19,"ENSG00000241506.1"
0,0,"ENSG00000163378.14"
0,0,"ENSG00000244513.7"
0,0,"ENSG00000144747.17"
0,0,"ENSG00000144744.17"
0,0,"ENSG00000144746.7"
0,0,"ENSG00000114541.15"
0.122238895727215,0.20751167989388,"ENSG00000187098.15"
0,0,"ENSG00000114861.20"
0,0,"ENSG00000244203.2"
0,0,"ENSG00000242094.1"
0,0.164176570321476,"ENSG00000270562.1"
0,0,"ENSG00000163412.13"
0.323931298863741,0.05080488737313,"ENSG00000170837.3"
0,0.102645521664535,"ENSG00000241163.8"
0,0,"ENSG00000163602.10"
0,0.100867025351599,"ENSG00000144736.14"
0.0991271464035869,0.172927274955568,"ENSG00000172986.13"
0.0418319129101428,0,"ENSG00000242960.1"
0.02878353862349,6.50424850402946e-14,"ENSG00000163605.15"
4.33218718108305e-17,0,"ENSG00000255423.1"
0.164180622243772,0,"ENSG00000121440.15"
0.32894236195949,7.94752901934543e-16,"ENSG00000239677.6"
0.607704137954905,0,"ENSG00000278934.1"
0,0.221911373983194,"ENSG00000113805.8"
0.0826365767498075,1.38651478080477e-11,"ENSG00000238278.3"
0.867554649531653,0,"ENSG00000244026.6"
0,0,"ENSG00000272690.6"
0.454175308880364,0.133018493666316,"ENSG00000242516.2"
0,0,"ENSG00000227124.11"
0.294860260929176,0.0477775227377787,"ENSG00000185008.17"
0.277738722624977,0.0443097971275433,"ENSG00000240809.1"
0,0,"ENSG00000169855.20"
0.245741836886441,2.19354161307599e-12,"ENSG00000240964.3"
0.0218234513950678,9.97242497524999e-13,"ENSG00000114480.13"
0.223444992143728,2.12233905303345e-13,"ENSG00000222389.1"
0,0,"ENSG00000241319.1"
0,0,"ENSG00000239440.6"
0.177022665107656,0.31467200990798,"ENSG00000241095.1"
0,0,"ENSG00000175161.13"
1.71008738134247e-18,0.259867741663484,"ENSG00000206538.9"
0,0,"ENSG00000281392.2"
0,0,"ENSG00000083937.9"
0,0,"ENSG00000163320.11"
0,0,"ENSG00000175105.7"
0,0,"ENSG00000241535.1"
0.0152410288960337,1.72287099099794e-15,"ENSG00000179021.10"
0,0,"ENSG00000044524.11"
0,0,"ENSG00000184500.15"
0,0,"ENSG00000169379.16"
0.388294722766946,0,"ENSG00000178750.3"
0.232795328393226,0,"ENSG00000178700.8"
0,0,"ENSG00000178694.10"
0,0,"ENSG00000243547.1"
0,0,"ENSG00000269028.3"
0,0,"ENSG00000113966.10"
0,0,"ENSG00000080200.10"
0,0,"ENSG00000170854.18"
0,0,"ENSG00000080822.17"
0.145700613033779,7.41738216371974e-16,"ENSG00000286602.1"
0,0,"ENSG00000080819.9"
2.59618310468689e-12,0.282907642203986,"ENSG00000239445.6"
0,0.0867366274259072,"ENSG00000064225.12"
0,0,"ENSG00000057019.16"
0,0.175784415331172,"ENSG00000144810.16"
0,0,"ENSG00000273374.1"
0,0,"ENSG00000184220.12"
0.0518436632218387,3.21550476588778e-12,"ENSG00000168386.18"
0,0,"ENSG00000287378.1"
0.0999580506824325,1.3631792469643e-21,"ENSG00000036054.13"
1.21350842206113e-09,0.162466759736954,"ENSG00000114021.12"
0.0927989909696863,1.28073117039833e-08,"ENSG00000154174.8"
0,0,"ENSG00000206535.8"
0,0,"ENSG00000181458.10"
0.03406960403915,1.57254955548511e-14,"ENSG00000114354.14"
0,0,"ENSG00000154175.17"
0,8.00911869817276e-16,"ENSG00000213431.4"
5.62887172221773e-14,0.254768491166389,"ENSG00000081148.12"
0,0,"ENSG00000138468.16"
0.0449266607766924,0,"ENSG00000174173.7"
0.0399798180223595,0,"ENSG00000081154.12"
0,0,"ENSG00000242299.1"
0,0,"ENSG00000066422.5"
0.0779890427923034,0.178219493723192,"ENSG00000256628.3"
0.257619730593269,0,"ENSG00000114391.13"
0.076304521047083,9.02042653028402e-11,"ENSG00000286699.1"
0,0,"ENSG00000182504.11"
0.470599481220452,1.99245573878149e-11,"ENSG00000144815.16"
0.181366638133224,2.15311443369885e-13,"ENSG00000144802.11"
0,0,"ENSG00000170017.12"
0,0,"ENSG00000114423.22"
0,0,"ENSG00000242759.7"
0,0,"ENSG00000243658.1"
1.11526367680114e-18,0.479677723527962,"ENSG00000239455.1"
0.209477823714227,0,"ENSG00000243701.7"
0,0,"ENSG00000239828.7"
0,0,"ENSG00000114439.19"
0,0,"ENSG00000279277.2"
0,0,"ENSG00000196776.16"
0,0.246814655559206,"ENSG00000114446.5"
0,0,"ENSG00000144821.10"
0.0377671319799934,1.63020402696631e-10,"ENSG00000163507.14"
0,0,"ENSG00000198919.13"
0,0,"ENSG00000121570.12"
2.13333327337146e-18,1.2088189256022e-14,"ENSG00000177707.11"
0.0792604030818567,7.28236672031185e-20,"ENSG00000153283.13"
0,0,"ENSG00000240891.8"
0,0,"ENSG00000144824.21"
0.153558771660872,0,"ENSG00000144827.9"
0.173713353434783,0,"ENSG00000114529.12"
0.127230611516568,0.123651149274086,"ENSG00000174500.13"
5.45325144724472e-17,3.90058593706895e-19,"ENSG00000261488.1"
0.0839035700641329,0,"ENSG00000172139.15"
0,0,"ENSG00000091972.18"
1.42017358469278e-10,0.00875971402801977,"ENSG00000186265.10"
0.164524065688367,4.52944125332675e-12,"ENSG00000144848.11"
0,0,"ENSG00000138459.9"
0,0,"ENSG00000091986.15"
0,0,"ENSG00000163606.11"
0.255000820528074,0,"ENSG00000163607.16"
0,0,"ENSG00000163608.15"
0.0973212908158953,1.78298138704304e-11,"ENSG00000240057.6"
0.263099519591116,0.151500311441881,"ENSG00000144857.14"
2.70098660505143e-09,0.277772898908922,"ENSG00000288079.1"
0,0,"ENSG00000206530.11"
0,0.0523960827046092,"ENSG00000285943.1"
0.423242155460267,9.15795540994131e-13,"ENSG00000163611.11"
0.0114303937354843,1.63637327760107e-15,"ENSG00000072858.10"
0,0,"ENSG00000241529.3"
0,0,"ENSG00000176542.10"
0,0,"ENSG00000121579.13"
2.69773170159958e-19,0.0306264529956046,"ENSG00000239280.1"
0,0,"ENSG00000114573.10"
0,0,"ENSG00000178075.20"
0,0.00916423906198233,"ENSG00000184307.15"
0,0,"ENSG00000163617.11"
0,0,"ENSG00000151576.10"
0,0,"ENSG00000181847.12"
0,0,"ENSG00000181722.16"
0,0,"ENSG00000241560.7"
0,0,"ENSG00000242290.2"
0.323235147115962,8.36425348408834e-13,"ENSG00000288074.1"
1.14062688113343e-11,0.396927422378201,"ENSG00000172020.12"
0,0.0228194977043349,"ENSG00000185565.12"
0.10454831454571,0.0939623429538641,"ENSG00000198406.7"
0,0.0242628507274984,"ENSG00000243014.1"
0,0,"ENSG00000239268.3"
0,0,"ENSG00000241213.2"
0,0,"ENSG00000121578.13"
0,0,"ENSG00000031081.11"
0.00700882180391658,7.61386581316612e-11,"ENSG00000241155.1"
0,0,"ENSG00000176142.13"
0,0,"ENSG00000163389.12"
0.00484650867480269,7.53889422845865e-11,"ENSG00000113845.10"
0.398156785401207,0,"ENSG00000121594.12"
0.561167836560248,0,"ENSG00000144843.11"
0.461460471572962,0.264016387341473,"ENSG00000144837.9"
0.13043401495859,7.68271320087766e-20,"ENSG00000121577.13"
0.348866528697715,3.3937011200615e-13,"ENSG00000138495.6"
0.405934580218516,1.06023434189293e-11,"ENSG00000183833.16"
0.0825894360366754,4.31077559926534e-19,"ENSG00000082701.15"
0,0,"ENSG00000239835.1"
0.226439790879873,0,"ENSG00000242622.2"
0.109904031788063,1.56191126729153e-10,"ENSG00000175697.10"
0.554826522014625,0.205815274696644,"ENSG00000163428.4"
0,0,"ENSG00000240661.3"
0,0,"ENSG00000163430.12"
0,0,"ENSG00000286735.1"
0.0716255679272499,3.50259258981758e-16,"ENSG00000065518.8"
0.0536606214041206,8.56422663147174e-12,"ENSG00000144840.9"
0,0.0519584873443135,"ENSG00000153767.10"
0,0,"ENSG00000213371.4"
0.391378149094968,0,"ENSG00000051341.14"
2.37559755753937e-09,0.191219903843335,"ENSG00000180353.11"
0,0,"ENSG00000243544.3"
0,0,"ENSG00000173230.15"
0,0,"ENSG00000173226.17"
0,0,"ENSG00000145088.9"
0,0,"ENSG00000163406.11"
2.57792478342709e-11,0.00040159911811433,"ENSG00000114013.16"
0,0,"ENSG00000121552.4"
0,0,"ENSG00000160124.9"
0.0183465258751567,3.08123101302506e-22,"ENSG00000114023.15"
0,0,"ENSG00000196981.4"
0.0641835114486696,6.7056109057523e-08,"ENSG00000272758.6"
0.180217537073809,0,"ENSG00000114030.13"
0,0,"ENSG00000138496.16"
0,0,"ENSG00000163840.10"
0,0,"ENSG00000173200.13"
0.168546493681164,0,"ENSG00000173193.15"
0,0,"ENSG00000169087.11"
0.411682854781262,0,"ENSG00000138463.9"
6.07613482602949e-15,0.0431354909883717,"ENSG00000273033.2"
5.08268813039094e-19,0.123556073153485,"ENSG00000065485.20"
0,0,"ENSG00000121542.12"
0,0,"ENSG00000273454.1"
0,0,"ENSG00000173175.14"
0,0.0401523966790832,"ENSG00000206527.10"
0,0.0319431234473132,"ENSG00000239523.6"
1.01038359612638e-18,0.0823727199117644,"ENSG00000065534.18"
0,0,"ENSG00000273123.1"
0,0,"ENSG00000175455.15"
0,0,"ENSG00000160145.15"
0.0959687823800516,2.1762569612831e-10,"ENSG00000114491.14"
0,0,"ENSG00000082781.12"
0,0,"ENSG00000280042.1"
0,0,"ENSG00000243986.2"
0,0.135983229264429,"ENSG00000173706.14"
0.0872245680282447,3.3972451711451e-20,"ENSG00000221955.10"
0,0,"ENSG00000163848.19"
0,0,"ENSG00000243508.1"
0.0166675275914867,1.14294532258554e-13,"ENSG00000114520.11"
0.190684774609787,0.154945749530038,"ENSG00000144909.8"
0,0,"ENSG00000284624.1"
0,0,"ENSG00000241288.8"
0,0,"ENSG00000241278.1"
3.74615957013746e-14,0,"ENSG00000248787.2"
0.121032762087234,1.29375375051032e-12,"ENSG00000171084.15"
0,0,"ENSG00000114544.16"
0.403089916900899,0.177658812482666,"ENSG00000144908.13"
0.421284400798113,1.59443212410913e-13,"ENSG00000246022.3"
0.372164795019708,0.450618990260255,"ENSG00000287232.1"
0,0,"ENSG00000250934.2"
1.91021890003589e-08,0.0661814315553026,"ENSG00000163884.4"
0,0,"ENSG00000070476.15"
0,0,"ENSG00000180767.10"
0.0880834794937846,1.12069258511753e-11,"ENSG00000197763.17"
0,0.0728388903381925,"ENSG00000159685.11"
0,0,"ENSG00000114554.11"
0,0,"ENSG00000163870.16"
0.00729071143625709,0,"ENSG00000073111.14"
0,0.157547992498129,"ENSG00000114631.11"
0,0,"ENSG00000114626.18"
0.304434245878735,0.0622127974643437,"ENSG00000074416.14"
0,0,"ENSG00000201210.1"
0,0,"ENSG00000058262.10"
0,0,"ENSG00000175792.12"
0.0982618690675174,4.30631522492795e-12,"ENSG00000132394.11"
0.13010677411129,0.0951137946677504,"ENSG00000179348.11"
0,0.241547750981331,"ENSG00000244300.3"
0.178431739449593,5.45055878758759e-13,"ENSG00000163902.12"
0.123937213848481,0.0403208986875485,"ENSG00000075785.12"
0.124856039259665,0.0286642206722099,"ENSG00000239503.1"
0,0,"ENSG00000242992.3"
2.38560276820631e-16,0,"ENSG00000261159.1"
0,0,"ENSG00000231305.4"
0,0,"ENSG00000287110.1"
0.0910719378878721,0.0786455677173991,"ENSG00000177646.19"
0,0,"ENSG00000114656.12"
0,0,"ENSG00000114654.7"
0,0,"ENSG00000172780.16"
0,0,"ENSG00000240682.9"
0.0110185981123552,0,"ENSG00000169714.16"
0.0360127337638792,7.97379875084539e-14,"ENSG00000181789.14"
0.21849442562853,0.115305283122191,"ENSG00000183624.14"
0.079562609734337,9.61488154816231e-11,"ENSG00000184897.6"
0.33767886924909,4.7815863899823e-15,"ENSG00000206417.8"
2.43380517797799e-09,0.176476867819347,"ENSG00000244932.2"
0.727841811353507,0,"ENSG00000251474.6"
0.645332009941905,0.0717317814460291,"ENSG00000207088.1"
0,0,"ENSG00000172771.12"
0,0,"ENSG00000129071.9"
0,0,"ENSG00000163913.11"
0,0,"ENSG00000004399.12"
0,0,"ENSG00000239437.3"
6.74846778679010e-11,0.00692459072613169,"ENSG00000172765.17"
0.159843789730049,0,"ENSG00000203644.3"
3.76975783913781e-12,0.0574222395188824,"ENSG00000271270.7"
3.12863248654557e-13,0.302290390611459,"ENSG00000170893.4"
0,0,"ENSG00000253540.5"
0,0.317933976841141,"ENSG00000206384.10"
0,0,"ENSG00000196455.8"
0,0,"ENSG00000017260.19"
0,0,"ENSG00000034533.11"
0,0,"ENSG00000114670.14"
0.155039104218956,0.213652094227568,"ENSG00000250608.2"
0.171023233427984,0.0276482532674138,"ENSG00000246082.2"
0.207504723578524,0.066430892354402,"ENSG00000198585.11"
0.0515844099334515,4.04574899412741e-16,"ENSG00000261167.1"
0.0628013043128361,9.29889253508925e-11,"ENSG00000114686.9"
0.378464158818855,0.263171047413743,"ENSG00000249020.1"
0,0,"ENSG00000014257.16"
0,0,"ENSG00000138246.17"
0.307253039372011,0.0963587093168604,"ENSG00000129048.7"
0.399029705871635,8.22067375901793e-12,"ENSG00000081307.12"
0.601505295179336,0.0128428388780916,"ENSG00000113971.20"
7.7926811707231e-19,0.0294290927340486,"ENSG00000144868.13"
0,0,"ENSG00000251011.6"
0.27283382685052,3.26981727164417e-14,"ENSG00000091527.15"
0,0,"ENSG00000163781.14"
0.531459689642093,1.7857307785886e-10,"ENSG00000242337.5"
0.435242516224765,3.70485992759578e-15,"ENSG00000091513.16"
0.126830365395353,0.270959542854506,"ENSG00000244062.1"
2.30028509216357e-15,2.71791278108539e-21,"ENSG00000144867.12"
0.0160276014870751,1.54885980209567e-09,"ENSG00000154917.11"
0.148614024622855,1.39117537174938e-12,"ENSG00000174640.14"
0.0205882278442766,2.18072904298557e-12,"ENSG00000163785.12"
0,0,"ENSG00000231845.3"
0.234904997592142,0.238543263839282,"ENSG00000260633.1"
0,0.0518617677497037,"ENSG00000114019.14"
0,0,"ENSG00000129055.12"
0,0,"ENSG00000182923.17"
0.423359362903993,5.32113766222602e-13,"ENSG00000154928.18"
0.0823367867692496,2.1318058469793e-09,"ENSG00000174611.12"
0,0,"ENSG00000073711.11"
0,0,"ENSG00000174579.4"
0.613720974441176,0,"ENSG00000114054.14"
0,0,"ENSG00000118007.13"
0.191591516185109,0,"ENSG00000240695.1"
0.125713245521888,0.152420106705333,"ENSG00000261758.1"
0.398698686080913,0.0512096335662207,"ENSG00000168917.9"
0.446370332100087,0.00570045334035998,"ENSG00000239213.6"
0,0,"ENSG00000273486.1"
0,0,"ENSG00000158092.7"
1.37063047924769e-12,0.272890890348353,"ENSG00000174564.13"
0,0.0424071157450562,"ENSG00000066405.13"
0,0,"ENSG00000158163.15"
0.0741397575167854,0,"ENSG00000138231.13"
0.570513662804968,0.121222905586733,"ENSG00000114098.18"
0.10304318114974,0,"ENSG00000181322.14"
0.0677565481576321,2.36801702383286e-12,"ENSG00000158186.13"
0.519208294946125,0.131160872108968,"ENSG00000158220.14"
0,0,"ENSG00000280399.1"
0,0,"ENSG00000114107.9"
0.225288229075881,0,"ENSG00000158234.12"
0,0,"ENSG00000051382.8"
0.118665111734972,0,"ENSG00000175110.11"
0.0198933475439251,3.68105375847142e-14,"ENSG00000184432.10"
0,0,"ENSG00000248932.6"
0.272514992273485,0.0442309340050514,"ENSG00000114115.10"
0.100812668911737,0.284093258015592,"ENSG00000163864.17"
0,0,"ENSG00000158258.16"
0,0,"ENSG00000114120.13"
0,0,"ENSG00000175093.5"
0.153462027350617,0.0717514630337973,"ENSG00000155893.13"
0,0,"ENSG00000177311.11"
6.61441857801541e-19,7.84496890124581e-15,"ENSG00000155903.12"
0.0723948159107093,2.43656355013286e-21,"ENSG00000114125.14"
0.046325308307561,0,"ENSG00000069849.11"
0,0,"ENSG00000244124.1"
0,0,"ENSG00000279147.1"
0,0,"ENSG00000114126.17"
0,0.115349879072861,"ENSG00000233597.3"
0,0,"ENSG00000175066.16"
0,0,"ENSG00000114127.10"
0.00781016565476755,8.94770654482855e-12,"ENSG00000175054.16"
0,0,"ENSG00000120756.13"
0.37088562466947,9.02364124739971e-15,"ENSG00000144935.15"
0,0.25733778953688,"ENSG00000163710.9"
5.09299690109185e-15,0.246299681693397,"ENSG00000240950.1"
0,0,"ENSG00000188582.9"
0,0,"ENSG00000163714.18"
0.745742565315706,0.129242341925755,"ENSG00000175040.6"
0,0.00566432792664417,"ENSG00000181804.15"
0.274574017942487,0.0107441852387174,"ENSG00000243759.1"
0.290218248510834,0,"ENSG00000181744.8"
0,0,"ENSG00000261051.1"
3.44983727509186e-22,0.0930450538745959,"ENSG00000243415.2"
0.162239000804542,0.0905083334147739,"ENSG00000240032.1"
0,0,"ENSG00000152952.12"
0,0.0131594859465366,"ENSG00000114698.15"
0,0,"ENSG00000188313.13"
0.179986445078187,0,"ENSG00000174963.17"
0,0,"ENSG00000152977.10"
0.39624709644576,0.0692490495306675,"ENSG00000144891.17"
0,0,"ENSG00000153002.12"
0,0,"ENSG00000244089.1"
0,0,"ENSG00000163751.4"
0.135874941627288,0,"ENSG00000163754.17"
0,0,"ENSG00000071794.16"
0,0,"ENSG00000163755.9"
9.78875809080494e-20,1.43708579293227e-15,"ENSG00000047457.14"
0,0,"ENSG00000163762.7"
0,0.123526874079626,"ENSG00000169908.12"
0.00150404006501345,0,"ENSG00000018408.14"
0,0,"ENSG00000241985.1"
0,0,"ENSG00000114744.9"
0,0,"ENSG00000082996.19"
0,0,"ENSG00000239351.1"
0.17075373411857,0,"ENSG00000070087.14"
0.00998256114626613,0,"ENSG00000196428.12"
0.109126933167103,0,"ENSG00000120742.11"
0.0634368119719267,3.35050866602395e-12,"ENSG00000144895.12"
0,0,"ENSG00000198843.13"
0,0,"ENSG00000240137.6"
0,0.127012054809263,"ENSG00000181788.4"
0.188920106791195,0.334869625223207,"ENSG00000144893.12"
0.539777040564828,0,"ENSG00000199994.1"
5.95318460489753e-12,0.189468635308893,"ENSG00000174944.9"
0,0,"ENSG00000181631.7"
0.0985417307865713,0.559469577341561,"ENSG00000169313.9"
0,0,"ENSG00000152580.8"
0.849163716546759,0.0132670090177222,"ENSG00000198829.6"
0,0,"ENSG00000152601.17"
0.11822989364325,0.0699202173354033,"ENSG00000229619.4"
0.228181106821386,5.78944225396067e-20,"ENSG00000221962.5"
0.341765495888401,0.284409669300784,"ENSG00000169860.7"
0.117636953442279,0.0729898282607308,"ENSG00000181467.5"
0.346667273101002,1.33989889188649e-13,"ENSG00000265813.2"
0.352571302455482,0.110448894902278,"ENSG00000114790.13"
0.0377300185690714,0,"ENSG00000174953.14"
0.0857871730890241,0.0742736621944142,"ENSG00000196549.10"
0.180874836443622,0.430362964998304,"ENSG00000240666.2"
0.120076800069724,6.93424238265073e-20,"ENSG00000114805.17"
0.000566294632138947,0,"ENSG00000169359.16"
0,0,"ENSG00000163655.16"
0.231247132434533,0.360684993882417,"ENSG00000288032.1"
0.410779773749296,5.87095963865351e-09,"ENSG00000240489.1"
0.100712202134579,0.19435312354191,"ENSG00000169282.17"
0,0,"ENSG00000287916.1"
0.291057457614014,2.23287119061578e-19,"ENSG00000272990.1"
0.380841728758278,0.0689312554087762,"ENSG00000114850.6"
0,0,"ENSG00000243926.2"
0.377716707996565,0.197886413503453,"ENSG00000163659.13"
0.351092783869502,1.03978771978778e-13,"ENSG00000174912.7"
0,0,"ENSG00000240875.6"
0,0,"ENSG00000230457.3"
0,0,"ENSG00000197980.13"
1.06790678462258e-11,0.270666615248631,"ENSG00000241135.6"
0.0726104310460688,0,"ENSG00000163660.11"
0,0,"ENSG00000243176.6"
0,0,"ENSG00000197415.12"
0.502281064845823,0.0606759391946607,"ENSG00000163661.4"
9.65181742794198e-16,0.117506121230467,"ENSG00000174899.11"
0,0.138162373649451,"ENSG00000286892.1"
0,0,"ENSG00000168779.19"
0,0,"ENSG00000174891.13"
0.075134387150208,6.64050625675767e-11,"ENSG00000178053.19"
0.259976901417002,2.66932647315413e-11,"ENSG00000168827.14"
0.0528272362827907,2.32163170746282e-10,"ENSG00000079257.8"
0,0.537110282789653,"ENSG00000272087.1"
0,0,"ENSG00000118849.10"
0,0,"ENSG00000118855.20"
0,0,"ENSG00000240207.7"
0,0.115879293587171,"ENSG00000232374.5"
6.80375793034259e-21,0.126324503080968,"ENSG00000283154.2"
0.232370595148391,1.00419295769442e-12,"ENSG00000241211.1"
0,0,"ENSG00000151967.18"
0,0,"ENSG00000244040.7"
0,0,"ENSG00000180044.5"
0,0,"ENSG00000068885.15"
0,0,"ENSG00000113810.16"
0,0.00197840557052778,"ENSG00000213186.8"
0.0123396291013051,2.10009961163168e-11,"ENSG00000186432.9"
0,0,"ENSG00000238741.1"
8.69269245744133e-20,0.270896721445368,"ENSG00000229320.3"
0,0.196788887161173,"ENSG00000260572.1"
2.52932244963473e-11,0.100510401627546,"ENSG00000163590.14"
0,0,"ENSG00000169255.15"
0.179644264130141,7.44546885288777e-13,"ENSG00000169251.12"
0.397300054566596,8.66966073490805e-12,"ENSG00000174776.11"
0.0197827706627565,4.59095173293456e-13,"ENSG00000114209.15"
0,0,"ENSG00000241120.1"
0.052666295964119,8.07090058950038e-12,"ENSG00000163536.12"
0.0307444652091107,0,"ENSG00000173905.9"
0,0,"ENSG00000206120.11"
0,0,"ENSG00000242268.3"
0.436056513575809,0.0399996660343488,"ENSG00000085276.19"
0.67188165542154,0,"ENSG00000242795.2"
0.172236494718349,0.135383153053317,"ENSG00000184378.3"
0,0,"ENSG00000269889.1"
0,0,"ENSG00000085274.15"
0,0,"ENSG00000269984.1"
1.4122337387113e-19,0.212151098927898,"ENSG00000171757.16"
0,0,"ENSG00000239219.2"
0,0,"ENSG00000008952.17"
0.00533088028449184,7.23366998613215e-11,"ENSG00000240373.1"
0,0,"ENSG00000173890.17"
0.158899950112297,2.33988577454591e-21,"ENSG00000173889.16"
0.272739354216393,8.87277368445902e-16,"ENSG00000163558.13"
0,0,"ENSG00000136603.14"
0,0,"ENSG00000013297.11"
1.80963738483823e-13,0.0484655198063289,"ENSG00000285051.2"
0,0,"ENSG00000013293.6"
0.22976340199165,0,"ENSG00000286695.1"
0.446492092616946,0,"ENSG00000163584.18"
1.61520809166123e-11,0.0271055112527438,"ENSG00000163577.8"
0,0,"ENSG00000154310.17"
4.36653310964302e-17,0,"ENSG00000075651.16"
0.110007212006974,5.831534710091e-19,"ENSG00000075420.13"
0.431960886199334,5.22812716063427e-11,"ENSG00000237483.1"
0.368908819577092,0.164637312385816,"ENSG00000243398.3"
0.482809680604537,0.311218514662314,"ENSG00000279862.1"
0.196137874886654,2.25115750163118e-16,"ENSG00000121853.4"
0,0.0435898506279229,"ENSG00000121858.11"
0,0,"ENSG00000144959.10"
0.0010375935033911,0,"ENSG00000114346.13"
0,0.241918194282572,"ENSG00000169760.17"
0,0.172172640457217,"ENSG00000228213.5"
0,0,"ENSG00000177694.16"
0,0,"ENSG00000177565.16"
0,0,"ENSG00000231310.3"
0,0,"ENSG00000201343.1"
0,0.0526989686751032,"ENSG00000228221.6"
0.389761100680205,0,"ENSG00000231574.6"
0.373025578197649,0,"ENSG00000225790.2"
0.281095498562413,2.64977110305314e-10,"ENSG00000270321.2"
0.288431158369239,0,"ENSG00000237978.6"
3.82356372687407e-11,0.0118656662978779,"ENSG00000172667.11"
0.283684880145115,0.0194755676833424,"ENSG00000121879.5"
0.077017608831177,0,"ENSG00000171121.16"
0.0387849962754696,2.22223806656402e-15,"ENSG00000240429.1"
1.32869256966375e-12,0.0322455099145476,"ENSG00000121864.10"
0,0,"ENSG00000171109.19"
0,0,"ENSG00000114450.10"
0.250490013928552,0.0169924120202932,"ENSG00000136518.17"
0.134591088688683,4.73953316336315e-14,"ENSG00000136522.14"
0.304385133126563,0.0467418835245875,"ENSG00000136521.13"
0.139344054465725,4.86615149171325e-14,"ENSG00000058056.9"
0.12222142092144,1.38180984695214e-12,"ENSG00000114757.19"
0.618817721635959,0.0132932484876422,"ENSG00000201822.1"
0,0.0160088673660865,"ENSG00000163728.11"
0,0,"ENSG00000284862.3"
0.134909995556792,0.319289961308497,"ENSG00000285336.1"
1.04938563342795e-19,5.87785587608776e-16,"ENSG00000114416.18"
0,0,"ENSG00000205981.8"
3.54604884888091e-12,0.114199064816306,"ENSG00000058063.16"
0.331207632092366,0.336967021159144,"ENSG00000270554.1"
0,0,"ENSG00000043093.15"
5.95828805190993e-16,1.74333896949084e-17,"ENSG00000244346.1"
2.2800454677967e-14,0.00728973470797672,"ENSG00000078070.13"
0.303577554542157,0,"ENSG00000053524.12"
0.120272772735416,4.09985425386483e-14,"ENSG00000176597.12"
0,0.146449622596217,"ENSG00000240024.5"
8.52594083576358e-13,0.204342394524992,"ENSG00000172578.12"
0,0,"ENSG00000114796.16"
0,0.119820939620103,"ENSG00000163872.16"
0,0,"ENSG00000233885.7"
4.84919431581188e-12,0.0910869360710732,"ENSG00000175193.13"
6.76390475848109e-23,0.0812910329925318,"ENSG00000114770.17"
0.035018785808347,0,"ENSG00000145191.15"
0.0588779293715728,0,"ENSG00000161202.20"
0.0374323853667823,0,"ENSG00000161203.13"
0,0,"ENSG00000161204.11"
0.0443254742267344,4.20116050126178e-11,"ENSG00000214160.10"
0.0859885411009899,6.09446594221008e-11,"ENSG00000175166.17"
0.354921897341597,2.22332397879046e-18,"ENSG00000114867.20"
0,0,"ENSG00000175182.15"
0.328262516549471,3.8675101956622e-14,"ENSG00000114859.16"
0.102586200167029,0.130448441759941,"ENSG00000163882.9"
0.0687246393578828,0.311950842694016,"ENSG00000090534.20"
0,0,"ENSG00000090539.15"
0.0733428211136216,0,"ENSG00000182580.3"
0.364950621993224,0.109010157662949,"ENSG00000177383.5"
0.24633435170219,0,"ENSG00000272970.2"
0,0,"ENSG00000156931.15"
0,0,"ENSG00000187068.3"
0,0,"ENSG00000113790.11"
0.221760148154364,0.00120466819536635,"ENSG00000073803.14"
0.271762605745316,8.24835107087946e-18,"ENSG00000229638.1"
0.420377137889798,0,"ENSG00000163900.11"
3.16228462237336e-15,2.71722370079231e-16,"ENSG00000163904.13"
0,0,"ENSG00000073792.15"
0,0,"ENSG00000163915.7"
0.0117739966911481,1.47929803904977e-16,"ENSG00000136527.18"
0.244181577750309,0.281722345805565,"ENSG00000171658.8"
0.35108764588547,0.214350168138684,"ENSG00000244405.8"
0.0745774388927831,0.105395707454372,"ENSG00000058866.15"
0,0,"ENSG00000213139.8"
0,0,"ENSG00000113838.13"
3.07063600434826e-17,0.121167645114058,"ENSG00000090520.11"
0.299774416187098,0,"ENSG00000263826.1"
0,0,"ENSG00000156976.17"
0.146018531217627,2.82244852707929e-11,"ENSG00000163918.10"
0,0,"ENSG00000231982.1"
0.142326751343183,0.231122642519778,"ENSG00000181092.10"
1.2962114584518e-11,0.373347562406458,"ENSG00000226482.1"
0,0,"ENSG00000073849.15"
0,0,"ENSG00000163923.10"
1.30951304596166e-06,0.0814627643979417,"ENSG00000127241.16"
0.354533095112467,5.77501642483968e-18,"ENSG00000136514.3"
0,0,"ENSG00000228804.5"
0,0,"ENSG00000113916.18"
0.195829700132251,4.63022112125933e-16,"ENSG00000285938.1"
0.199400852007619,1.86195927391031e-13,"ENSG00000270959.1"
0,0.15099300485229,"ENSG00000145012.13"
0,0,"ENSG00000279891.1"
0,0,"ENSG00000234076.1"
4.41195067393225e-22,0.0807080041436747,"ENSG00000188001.10"
0,0,"ENSG00000230115.1"
0.238507462069626,0.035209006529164,"ENSG00000073282.13"
0.311535681149832,0.0840258156507392,"ENSG00000090530.10"
0.477457496945909,0.071917462506598,"ENSG00000163347.6"
0,0,"ENSG00000196083.10"
0,0.175598081700642,"ENSG00000188958.9"
5.91427038407302e-10,0.0492713813152869,"ENSG00000152492.15"
0.18177823429597,0.0880722346894935,"ENSG00000180611.7"
0.013162569901852,5.21549724316062e-15,"ENSG00000198836.10"
0.313328421393123,0.375455449889136,"ENSG00000114315.4"
5.70083416471915e-19,0.00866023459970764,"ENSG00000178772.7"
0,0,"ENSG00000172061.8"
1.36034957655323e-09,0.0698415440206407,"ENSG00000178732.5"
0.36309261461283,1.24925162958192e-12,"ENSG00000133657.15"
0.17699554152441,3.69151457119076e-11,"ENSG00000233058.2"
0,0,"ENSG00000244675.2"
0,0,"ENSG00000231770.6"
0,0.0248472508091279,"ENSG00000145014.17"
0.111802923356081,6.59343278201742e-08,"ENSG00000229334.1"
0,0,"ENSG00000041802.11"
0.536101088995759,0.14658258137924,"ENSG00000185112.6"
0.216972189616091,0.0925875652720525,"ENSG00000173950.16"
0.408129047586556,0,"ENSG00000230266.1"
0.000319690240301822,1.12149948999691e-07,"ENSG00000114331.15"
0,0,"ENSG00000229325.1"
0.684655477261973,0.12546518937119,"ENSG00000184203.8"
1.69225683834802e-21,0.0411751655737695,"ENSG00000189058.9"
0.944845519893544,0,"ENSG00000224769.1"
0.400110772802019,0,"ENSG00000242086.8"
0,0,"ENSG00000207650.1"
0,0,"ENSG00000176945.17"
0.230119903518108,1.09601646880898e-19,"ENSG00000145113.22"
0,0,"ENSG00000061938.19"
0,0,"ENSG00000286004.1"
0,0,"ENSG00000224614.2"
1.9805432890594e-13,0.0208102338107965,"ENSG00000260261.2"
0,0,"ENSG00000185485.14"
0.168453889987515,6.90459436039505e-15,"ENSG00000072274.13"
2.80319890781604e-16,0,"ENSG00000163959.10"
0.182667182950302,0.0586050143339476,"ENSG00000161217.12"
0.577758480483099,3.54090718171548e-23,"ENSG00000213123.11"
4.88810413448448e-20,0.124187247627459,"ENSG00000163960.12"
0.235616052214314,0.0926756591435487,"ENSG00000241868.3"
0,0,"ENSG00000163961.4"
0,0,"ENSG00000185798.8"
0.158309697768563,1.06555369768747e-10,"ENSG00000174013.8"
0.344585603735853,0.279541236664806,"ENSG00000174004.6"
0,0,"ENSG00000163964.15"
0.511839353766213,5.49030462270854e-14,"ENSG00000174007.8"
0,0,"ENSG00000180370.10"
0,0,"ENSG00000119231.11"
0.0764230284431483,1.99178487583399e-10,"ENSG00000230732.4"
0,0,"ENSG00000114503.11"
0.13291091872807,0,"ENSG00000270170.2"
0.0833173619186463,8.16496696805574e-11,"ENSG00000119227.8"
0,0.0939791770565434,"ENSG00000163975.12"
0.0492955749269504,0,"ENSG00000228109.1"
0,0,"ENSG00000075711.21"
0,0,"ENSG00000161267.12"
0,0.146829668343951,"ENSG00000214135.8"
0.0882480506168789,1.9447826046528e-11,"ENSG00000273308.1"
0.601222441711965,0,"ENSG00000145016.16"
0.116485787922007,3.52908835382701e-22,"ENSG00000122068.13"
2.71260735885717e-12,0.102460114147584,"ENSG00000186001.14"
0,0,"ENSG00000114473.14"
0.22757248427924,1.62408768340322e-19,"ENSG00000182899.17"
0,0,"ENSG00000185621.11"
0,0,"ENSG00000236438.7"
0.257247743874679,0.0136692762184109,"ENSG00000272602.6"
0.838286136614267,1.11317462525693e-12,"ENSG00000250312.8"
0,0,"ENSG00000198155.5"
0.25492195731587,1.13656150047957e-11,"ENSG00000131127.14"
0,0,"ENSG00000248564.1"
0,0,"ENSG00000281016.1"
0,0,"ENSG00000251595.7"
0.370344115927474,1.13891075129248e-18,"ENSG00000182903.16"
0,0,"ENSG00000174227.16"
0,0,"ENSG00000133256.12"
0.201342735409483,2.21395255172631e-10,"ENSG00000169020.10"
0,0,"ENSG00000215375.6"
0,0.029730678060458,"ENSG00000169026.12"
0,0,"ENSG00000185619.18"
0,0,"ENSG00000272588.1"
0.0887215630548461,4.90955664187581e-15,"ENSG00000249592.6"
0,0,"ENSG00000233799.1"
0,0,"ENSG00000168993.15"
0,0,"ENSG00000178950.17"
0,0,"ENSG00000127419.17"
0.239310338143257,0.113842152827492,"ENSG00000145214.14"
0,0,"ENSG00000145217.14"
0,0,"ENSG00000127415.13"
0.0937798450834163,0,"ENSG00000127418.15"
0.48421077589359,4.32457184445801e-12,"ENSG00000178222.13"
0.301597401415499,2.08160794581405e-09,"ENSG00000251652.1"
3.43569277972629e-12,0.139136659927539,"ENSG00000215367.10"
1.37680747278147e-13,0.121597356274766,"ENSG00000227189.2"
0.182564693762923,0.0775983892843553,"ENSG00000159674.12"
0.369782336685412,0.390977632937842,"ENSG00000273179.1"
0.549066143799922,1.71784220052013e-20,"ENSG00000280927.1"
0,0,"ENSG00000159692.15"
0,0,"ENSG00000196810.5"
0.59396794095536,6.2735136246668e-09,"ENSG00000090316.16"
0.306649200973933,0.0440802162623996,"ENSG00000163945.17"
0.0694483623468701,4.44504082183724e-16,"ENSG00000288380.1"
0.0125995224398463,0,"ENSG00000244459.2"
0.141826314695946,8.62344977375068e-14,"ENSG00000174137.12"
0.175815983356343,0.0102913143779314,"ENSG00000163950.13"
0.398153083928375,0,"ENSG00000013810.19"
0.201017747179766,0,"ENSG00000168936.11"
0.331282352787707,1.02786567718182e-18,"ENSG00000068078.18"
0.461420564356434,0.088602015245327,"ENSG00000168924.15"
0.145547364343195,0,"ENSG00000109685.18"
0.617077155586187,0.0856771350251921,"ENSG00000249784.1"
0.454846413897729,0.0786147014358433,"ENSG00000185049.16"
0.0617164442581503,0.0498937817776517,"ENSG00000243449.6"
0,0,"ENSG00000185818.7"
0,0,"ENSG00000130997.16"
0,0,"ENSG00000214367.8"
0,0,"ENSG00000123933.17"
0,0,"ENSG00000159733.13"
0,0,"ENSG00000239247.3"
0.120773199570996,0.0170903300204684,"ENSG00000063978.16"
0,0,"ENSG00000125386.15"
0,0,"ENSG00000248155.1"
0.267800858257649,1.9749874151598e-09,"ENSG00000168884.15"
0.142081212084303,0,"ENSG00000087266.17"
0.0601530741808892,0.0398917527145538,"ENSG00000087274.17"
0,0,"ENSG00000109736.15"
1.31807423712126e-11,0.111869262478789,"ENSG00000249673.7"
0.538348536545481,0.0306693840318415,"ENSG00000087269.16"
0.0533800977979949,1.85789119048996e-14,"ENSG00000125388.20"
0,0,"ENSG00000197386.12"
0,0,"ENSG00000188981.11"
0,0,"ENSG00000159788.19"
0,0,"ENSG00000175920.18"
0.432497190510849,8.87962428561089e-17,"ENSG00000163956.13"
0,0,"ENSG00000251669.5"
0,0,"ENSG00000132406.12"
0.0177345222977117,0,"ENSG00000145220.14"
0,0,"ENSG00000168826.16"
1.45089467589144e-23,0.0684909659870824,"ENSG00000168824.14"
0.082624276319568,8.14722443479929e-09,"ENSG00000168818.10"
0,0,"ENSG00000247708.8"
1.22199579934142e-18,0.236813354451519,"ENSG00000163132.8"
0.247147368043224,1.13139917091014e-11,"ENSG00000170891.11"
0.261769542072776,3.23454768114e-11,"ENSG00000152953.13"
5.48142712833634e-13,0.0341013592025316,"ENSG00000082929.8"
7.31357104426437e-14,0.0943716065746398,"ENSG00000173040.13"
0,0.0673026715724761,"ENSG00000072840.13"
0,0.0391897307512193,"ENSG00000072832.15"
1.02763908100434e-10,0.0896441001019972,"ENSG00000109501.13"
0,0.0216677924960764,"ENSG00000013288.9"
0.687163483036429,0.0909208003763388,"ENSG00000179010.14"
0.19963467535809,0,"ENSG00000251580.3"
0.0367825245950678,0,"ENSG00000170846.17"
0.121997426657297,4.6026728273831e-12,"ENSG00000163993.7"
0.106890345860534,1.78196061887987e-10,"ENSG00000178988.11"
0.328620560807091,0.0717303958903665,"ENSG00000186222.5"
0,0,"ENSG00000170871.12"
0,0,"ENSG00000132405.19"
0.0533489326480548,0.50057470665312,"ENSG00000287104.1"
0,0,"ENSG00000173013.6"
0,0,"ENSG00000173011.12"
0.34170320452945,6.20106434345271e-11,"ENSG00000109519.13"
0,0,"ENSG00000245468.4"
0,0,"ENSG00000184985.16"
0,0.0551139314834587,"ENSG00000272620.1"
4.29629942852735e-13,0.038691381799373,"ENSG00000196526.10"
0,0,"ENSG00000287164.1"
1.76090105157287e-21,0.119535783072032,"ENSG00000163995.20"
0,0,"ENSG00000125089.17"
0.139079712272622,0.207839386438383,"ENSG00000170801.10"
0,0,"ENSG00000251615.3"
0,0,"ENSG00000087008.16"
0,0,"ENSG00000155275.19"
0.523940507258043,0,"ENSG00000205959.4"
0.835846110126205,1.35987107571065e-12,"ENSG00000288075.1"
0,0,"ENSG00000109667.12"
0.124266659157963,2.06644143532748e-13,"ENSG00000261490.1"
0.0931909369342469,9.80700712985401e-12,"ENSG00000071127.17"
0.797872712612878,7.07356304931447e-12,"ENSG00000223086.1"
0,0,"ENSG00000178163.8"
0.267608828192455,0.137479951354677,"ENSG00000002587.10"
0.0363990329101015,5.13283468150529e-12,"ENSG00000287778.1"
0,0,"ENSG00000250371.1"
0,0,"ENSG00000205940.8"
0,0,"ENSG00000157869.15"
0,0,"ENSG00000038219.13"
0,0,"ENSG00000250634.6"
0,0,"ENSG00000248698.6"
0.141521662430453,0.0468574791336979,"ENSG00000248360.7"
1.60653761320045e-08,0.141386445642245,"ENSG00000247624.6"
0,0,"ENSG00000137449.16"
0.26550783971347,0.140520416235136,"ENSG00000249252.5"
0.725344496997123,1.27909683196542e-13,"ENSG00000163145.12"
0,0,"ENSG00000048342.16"
0,0,"ENSG00000118564.15"
9.3925366009561e-14,0.054067950694756,"ENSG00000237765.7"
0.570850459454788,0.0889767264576529,"ENSG00000109743.11"
0,0,"ENSG00000004468.13"
0.642397925237793,0.0260180622256428,"ENSG00000137441.8"
0,0,"ENSG00000169762.17"
0.187473901892688,0.145196770687706,"ENSG00000263327.6"
0,0,"ENSG00000286888.1"
0.0120834860311658,0.0623917203005706,"ENSG00000169744.13"
0.196785872945796,0.154037735695677,"ENSG00000151552.12"
0.0732590118876086,4.42811017245223e-11,"ENSG00000002549.12"
0.132001694016251,9.45166065146404e-14,"ENSG00000249502.3"
0.00287876201850905,8.94147196399393e-11,"ENSG00000118579.13"
0.0247691251871391,0,"ENSG00000163257.11"
0.345789654891257,0,"ENSG00000109805.10"
0.00596415266059882,1.10108433760465e-21,"ENSG00000178177.15"
0.378953098185456,7.04468114576507e-15,"ENSG00000235413.3"
0,0,"ENSG00000145147.20"
0,0,"ENSG00000163138.19"
0.319881247224355,1.6878472945249e-13,"ENSG00000185774.16"
0.426793871275542,0,"ENSG00000280650.1"
0.276930958818576,0,"ENSG00000250039.4"
0.174544908257233,0,"ENSG00000152990.14"
0.440578623828461,4.97163945212851e-12,"ENSG00000237350.1"
0,0.0399671533211089,"ENSG00000109819.9"
0.153452992038775,0,"ENSG00000109606.13"
0,0,"ENSG00000109610.6"
0.461894841154029,0.0808886212116652,"ENSG00000181982.18"
0,0,"ENSG00000153012.12"
0.0305032633741332,7.31021208689666e-21,"ENSG00000109618.12"
4.2901878126056e-14,0.44168592730362,"ENSG00000281501.1"
0.375892382716544,0.0431505366581298,"ENSG00000038210.14"
0,0.207557282616716,"ENSG00000168228.15"
0,0,"ENSG00000053900.10"
0.526253392041874,0.00695201675551241,"ENSG00000157765.13"
0,0,"ENSG00000091490.11"
0,0,"ENSG00000250317.8"
0.00422688652479983,8.8596537424206e-14,"ENSG00000168214.20"
0,0,"ENSG00000109680.11"
0,0,"ENSG00000109689.16"
0.581282988123648,0.158015900966917,"ENSG00000169851.15"
0.159309423626868,0,"ENSG00000047365.12"
0,0.000914791071770962,"ENSG00000174145.8"
0,0,"ENSG00000154274.15"
0.754430555016626,0,"ENSG00000181826.10"
0.37713885062493,1.82135447155735e-11,"ENSG00000169299.14"
0.274014113717927,0.0231786855707783,"ENSG00000065882.16"
0.262316194230948,0.0268429796725965,"ENSG00000231160.10"
0.136087120886086,0.0300902453220703,"ENSG00000109787.13"
0,0,"ENSG00000174125.8"
0,0,"ENSG00000174130.12"
0.0233788920389061,9.63743492278328e-10,"ENSG00000197712.12"
0,0,"ENSG00000121895.8"
0,0,"ENSG00000109790.16"
0,0,"ENSG00000249207.2"
0,0,"ENSG00000249685.1"
0,0.126734467149239,"ENSG00000157796.18"
0,0,"ENSG00000035928.16"
0.174963094046295,0.383857930253709,"ENSG00000134962.7"
0.173969193987405,0,"ENSG00000163682.16"
0.208569539632909,2.44090719991848e-21,"ENSG00000121897.15"
0.433689742585283,0.246641802231138,"ENSG00000109814.12"
0.280315028167326,0,"ENSG00000249348.1"
0.307138163460943,3.72987185600768e-15,"ENSG00000287262.1"
0.0735016210677187,0,"ENSG00000163683.12"
4.10469045833134e-20,0.0598608229307757,"ENSG00000286349.1"
0,0.228542614265585,"ENSG00000255458.7"
0.11733643984052,0,"ENSG00000078140.14"
0,0,"ENSG00000180610.10"
0,0,"ENSG00000121892.15"
0.0552399092834011,2.0046868162293e-11,"ENSG00000231707.4"
0,0,"ENSG00000078177.14"
0,0,"ENSG00000260296.1"
0.165501574886843,0.295030251051877,"ENSG00000168421.13"
0.168454459961451,7.33383897633054e-14,"ENSG00000163694.15"
0.316792096840978,0.377244042532327,"ENSG00000179299.17"
0.157630853233447,0.0280235003063463,"ENSG00000163697.17"
0.403697268063455,2.14813331427068e-09,"ENSG00000154277.13"
0,0,"ENSG00000064042.18"
0,0,"ENSG00000239627.3"
0,0,"ENSG00000287762.1"
0,0,"ENSG00000109133.13"
0,0,"ENSG00000182308.7"
0.00189440285105979,9.78725326502598e-12,"ENSG00000014824.14"
0,0,"ENSG00000249212.1"
0.324199397080926,0,"ENSG00000188848.16"
0,0.310929554364711,"ENSG00000124406.16"
0.182522803876322,0,"ENSG00000183783.7"
0.149969826513287,1.47550145375233e-20,"ENSG00000151806.14"
0.0422954544909115,0,"ENSG00000163281.12"
0.000477374989921097,9.75960615533543e-16,"ENSG00000169019.11"
0,0,"ENSG00000145246.14"
0.261994778049682,2.03269399497551e-20,"ENSG00000145244.12"
0,0,"ENSG00000259959.1"
0,0,"ENSG00000170448.12"
0,0,"ENSG00000074966.11"
0,0,"ENSG00000135605.13"
0.227289717929362,0,"ENSG00000109171.15"
0,0,"ENSG00000075539.14"
0,0,"ENSG00000109180.14"
0,0,"ENSG00000145247.12"
0,0,"ENSG00000109184.15"
0,0,"ENSG00000250473.1"
0,0,"ENSG00000188993.3"
0,0,"ENSG00000163069.12"
0.182981034203825,4.76331133910363e-12,"ENSG00000163071.11"
0,0,"ENSG00000109189.13"
0.184162034535154,0.0655884011830319,"ENSG00000248866.1"
0.0587065383439325,0.0352492201886079,"ENSG00000226950.7"
0.324951898715829,0,"ENSG00000212588.1"
0,0,"ENSG00000184178.16"
0,0,"ENSG00000248115.1"
0,0,"ENSG00000145216.16"
1.07973600822899e-22,0.00737332952691885,"ENSG00000072201.14"
0.120730015248648,0,"ENSG00000229585.4"
0.190476023375717,0,"ENSG00000109220.11"
0.444169401769981,0,"ENSG00000269506.2"
0.161819727225196,6.14329113725946e-22,"ENSG00000287534.1"
5.2258838708341e-17,0.038274972206284,"ENSG00000134853.12"
0.242925458373773,2.19879845222203e-16,"ENSG00000157404.15"
0,0,"ENSG00000128052.10"
0.393886813386815,4.22465208975005e-12,"ENSG00000128039.11"
0,0.0851436291864374,"ENSG00000249700.9"
0.25879281601677,0,"ENSG00000134851.13"
0,0,"ENSG00000134852.15"
0,0,"ENSG00000090989.18"
0.0134853891856688,0,"ENSG00000286599.1"
0,0,"ENSG00000174799.11"
0.261351958376067,0.00731847869867893,"ENSG00000109265.14"
0,0,"ENSG00000157426.14"
0,0,"ENSG00000269921.1"
0.178400972105282,0,"ENSG00000128059.8"
0,0.475047577964843,"ENSG00000283156.1"
0.122249515289017,0.126442962487176,"ENSG00000128050.8"
0,0,"ENSG00000174780.17"
0,0,"ENSG00000196503.4"
0.0605165209349832,0.113807125539757,"ENSG00000171476.22"
0,0,"ENSG00000084093.17"
0.0422494044165545,3.40496414712808e-10,"ENSG00000084092.7"
0,0,"ENSG00000047315.16"
0,0,"ENSG00000163453.11"
0,0,"ENSG00000250384.1"
0,0,"ENSG00000150471.16"
0.260680722771938,0.175220712269783,"ENSG00000145242.13"
0,0,"ENSG00000243199.1"
0.423492817642167,0.184687651421791,"ENSG00000145241.11"
0.179451324380702,0,"ENSG00000035720.8"
0,0,"ENSG00000033178.13"
0.105657019644009,4.11809509150026e-22,"ENSG00000248049.7"
0.226436018150632,0,"ENSG00000109163.6"
0.536305531113226,0.120171255855033,"ENSG00000153802.12"
0.35435370645306,0,"ENSG00000187054.15"
7.32859276520008e-14,0.0476314345557134,"ENSG00000083896.12"
0.414931727355014,2.36637260221609e-12,"ENSG00000162840.4"
0,0,"ENSG00000132465.11"
0.168816182848989,0,"ENSG00000132467.4"
0.131373466441013,0.03832662380275,"ENSG00000018189.13"
0.336384054811034,0.0220092895754198,"ENSG00000132463.14"
0.0245131308359084,2.79451029252007e-14,"ENSG00000173542.8"
0.113389783692206,8.96249946529858e-21,"ENSG00000156136.10"
0,4.3523944086223e-17,"ENSG00000080493.17"
0,0,"ENSG00000156140.10"
0,0,"ENSG00000163626.16"
0,0,"ENSG00000132466.19"
0,0.153448104487953,"ENSG00000250220.1"
0,0,"ENSG00000169435.14"
0.432306613395841,2.72307172078329e-11,"ENSG00000169429.11"
0.477218687417873,0,"ENSG00000124875.10"
0.0927735232219948,8.01928286961617e-11,"ENSG00000109272.4"
0.466205081255172,2.5659189351528e-14,"ENSG00000163739.5"
0,0.121398417684573,"ENSG00000163737.4"
0.461550139640345,0,"ENSG00000163735.7"
0,0,"ENSG00000244194.3"
0.365927563084406,1.29239838147291e-11,"ENSG00000163734.4"
0.311072880501202,1.14762821798893e-13,"ENSG00000081041.9"
0,0,"ENSG00000163738.18"
0.26502702530017,4.52840856033396e-11,"ENSG00000182585.10"
0.151856517800598,0,"ENSG00000124882.4"
0.0912153385647241,1.94235623023254e-19,"ENSG00000109321.11"
1.55975894924025e-21,0.116814596960581,"ENSG00000174808.12"
0.46089592340855,1.88780837047502e-12,"ENSG00000169116.11"
0.135781120076488,1.29582302602154e-11,"ENSG00000163743.13"
0,0,"ENSG00000174796.12"
0.0116866934928736,1.06630467707558e-15,"ENSG00000138757.14"
0.0273719051762023,4.42469443022622e-14,"ENSG00000138768.14"
0.612314657760824,0.0601659766105702,"ENSG00000138744.16"
0,0,"ENSG00000198301.12"
0.617419436406708,0,"ENSG00000138755.6"
0.213926618824743,2.75805897648267e-13,"ENSG00000169245.6"
0,0,"ENSG00000138750.15"
0,0,"ENSG00000138760.10"
3.50643208941496e-13,0.224248018979363,"ENSG00000189157.14"
0,0.246118278220138,"ENSG00000118804.8"
0,0,"ENSG00000163749.17"
0.0151897189755843,0,"ENSG00000138771.16"
0,0,"ENSG00000138758.11"
0,0,"ENSG00000234036.4"
0.0701839783700323,7.36629852733721e-15,"ENSG00000118816.10"
0,0,"ENSG00000138764.15"
0,0,"ENSG00000138767.13"
0.254243038996138,0,"ENSG00000169288.18"
0.261547700525843,0.074575753267432,"ENSG00000138759.19"
0.263713208525509,0,"ENSG00000249565.2"
0,0.306274021817935,"ENSG00000138772.13"
0.162160963292295,0,"ENSG00000251442.6"
0.380126079478458,0,"ENSG00000260278.1"
0.267421419097868,0.31292869762606,"ENSG00000138756.17"
0.271556169420256,1.66922014359955e-15,"ENSG00000163291.14"
0.0599518224368261,0,"ENSG00000242175.3"
0.243616850709185,0,"ENSG00000249307.7"
0,0.148477707125979,"ENSG00000163297.17"
0.106836092971294,6.45925576540678e-22,"ENSG00000152784.15"
0.396808356445833,8.71363416499393e-12,"ENSG00000138675.16"
0.0522758370764797,0,"ENSG00000197826.11"
3.22350501716291e-13,0.0210047226212018,"ENSG00000152785.7"
0.197668021685674,1.78442011727928e-13,"ENSG00000138670.17"
0,0,"ENSG00000273156.2"
0.149330006081553,0,"ENSG00000138668.19"
0,0,"ENSG00000152795.17"
0.0653600732058062,4.04837707357268e-11,"ENSG00000145293.16"
0.0649181319313078,1.40913867275236e-12,"ENSG00000249242.8"
0.332172662582268,1.90462903136713e-11,"ENSG00000145284.12"
0.000990215230187765,0,"ENSG00000138674.17"
0.424388899573138,1.06510798205159e-12,"ENSG00000251022.6"
0.0612942374212708,0.34261113428812,"ENSG00000168152.13"
0.116031911002679,0,"ENSG00000189308.11"
0,0,"ENSG00000138663.9"
0,0,"ENSG00000145287.10"
0.101049045056537,5.4190063417838e-13,"ENSG00000173085.14"
0.0853312839950598,1.37951420941714e-07,"ENSG00000173083.15"
0,0.0521021175626904,"ENSG00000163312.11"
0,0,"ENSG00000163319.11"
0.219185178377036,9.25641380485881e-14,"ENSG00000163322.14"
0.304994859559882,0.235284813312248,"ENSG00000138678.11"
0,0,"ENSG00000163624.6"
1.08672418015633e-08,0.0341382222757335,"ENSG00000163625.15"
0,0,"ENSG00000180769.10"
0,0,"ENSG00000201901.1"
0.285163622943586,0.0554916458335253,"ENSG00000138639.18"
0,0,"ENSG00000109339.23"
0.145024573009788,8.08093522528953e-12,"ENSG00000163629.13"
0,0,"ENSG00000145283.8"
0.520327656349645,0.0308244938837689,"ENSG00000251411.1"
0.317210260236306,1.43844518922543e-11,"ENSG00000284968.1"
0,0,"ENSG00000172493.20"
0,0,"ENSG00000145332.14"
8.5591766832647e-12,0.268780879194591,"ENSG00000248180.1"
0,0,"ENSG00000170509.12"
3.47785307624246e-22,0.0210343123746087,"ENSG00000198189.11"
0.00140608155130572,7.99215559567671e-12,"ENSG00000170502.13"
0.112602916870896,0.145291281537061,"ENSG00000152583.12"
0,0,"ENSG00000152592.14"
0,0,"ENSG00000029559.7"
0,0,"ENSG00000152595.16"
0,0,"ENSG00000183199.6"
0.0192037086786828,3.23064111805729e-11,"ENSG00000118785.14"
0.424994357564314,0,"ENSG00000118762.8"
0.106032431019483,0,"ENSG00000118777.12"
0.134420877649297,7.72231285024607e-15,"ENSG00000163644.15"
0.160602412627745,0,"ENSG00000138642.14"
0,0,"ENSG00000138646.9"
0.00635177948881764,1.14119230091756e-09,"ENSG00000145337.5"
0,0.224665267479285,"ENSG00000138641.18"
0.413212473472802,0.183580840656039,"ENSG00000177432.8"
0,0,"ENSG00000248019.3"
0,0,"ENSG00000138640.15"
0,0,"ENSG00000180346.3"
0,0,"ENSG00000185477.5"
0.188426395282759,0.323382392972621,"ENSG00000145335.15"
0.298669136070205,3.9217827116594e-10,"ENSG00000138722.10"
0.0599363534912863,5.34064164053816e-14,"ENSG00000184305.15"
0.372186702197351,0.114502861505409,"ENSG00000187653.11"
0,0,"ENSG00000163104.17"
0,0,"ENSG00000163106.11"
0,0,"ENSG00000163110.15"
0,0.106827889992101,"ENSG00000138696.11"
0,0,"ENSG00000182168.15"
0,0,"ENSG00000271474.1"
0.413884087000283,0.0211840608782677,"ENSG00000242697.2"
0,0,"ENSG00000138698.14"
0.0850045752374075,0.192742141756586,"ENSG00000168785.8"
0.483914949445716,0,"ENSG00000260641.1"
0,0,"ENSG00000151247.12"
0,0,"ENSG00000164024.12"
0,0,"ENSG00000272777.1"
1.23484561014401e-09,0.0103656769322799,"ENSG00000197894.11"
0,0.0649857078218575,"ENSG00000246090.7"
0,0,"ENSG00000198099.8"
0,0.0867125605414087,"ENSG00000172955.17"
1.19091330349642e-14,0.168349254539774,"ENSG00000187758.8"
2.8036326840811e-19,0.141340331345402,"ENSG00000196616.14"
0,0.325019158858642,"ENSG00000248144.6"
0,0,"ENSG00000145331.14"
0.547994778423423,0,"ENSG00000070190.13"
0.0375974207780077,1.42105765248818e-10,"ENSG00000109270.13"
0,0,"ENSG00000164031.17"
0.190748102428562,2.27262219144356e-20,"ENSG00000164032.12"
0.262244362738595,0.0383940886881669,"ENSG00000245322.7"
0.154416728694333,0,"ENSG00000145358.6"
0.0458248202254617,0.138328603951981,"ENSG00000164035.10"
0,0,"ENSG00000138814.17"
0,0,"ENSG00000254531.1"
0,0.509371445010433,"ENSG00000153064.12"
0.066503216916637,0,"ENSG00000138821.13"
0.159106528498737,0.149796020693205,"ENSG00000248161.5"
0.221918057454467,0,"ENSG00000109320.13"
0,0,"ENSG00000109323.11"
0,0.0431331758236206,"ENSG00000230069.3"
0.174653108291483,0,"ENSG00000248971.2"
0,0.446850865505969,"ENSG00000251288.2"
0,0,"ENSG00000109332.20"
0.244500965334327,1.2743146861396e-07,"ENSG00000286242.1"
0.205163355682326,0.0015770917440884,"ENSG00000246560.2"
0,0,"ENSG00000145354.12"
0,0,"ENSG00000164037.17"
0,0,"ENSG00000164038.16"
0,0.0188933417853561,"ENSG00000164039.15"
0,0,"ENSG00000138778.12"
0,0,"ENSG00000168772.11"
0,0,"ENSG00000251259.1"
0,0,"ENSG00000168769.13"
0,0,"ENSG00000251586.1"
0.109264473850136,0,"ENSG00000138777.20"
0.27315322495172,0.0470435451951228,"ENSG00000249264.1"
0.0256234846451654,0,"ENSG00000138785.15"
0.0983763846240771,7.83611665469865e-12,"ENSG00000138780.14"
0,0,"ENSG00000168743.12"
0,0,"ENSG00000145348.16"
0,0,"ENSG00000164022.17"
0,0,"ENSG00000155011.9"
0,0,"ENSG00000138801.9"
0,0,"ENSG00000164023.14"
0,0,"ENSG00000245293.3"
0.0755450115096026,0.0952585881768304,"ENSG00000155016.18"
0,0,"ENSG00000249604.1"
0.260968669021557,0.206288317670393,"ENSG00000138796.16"
0.00627444142378537,0,"ENSG00000138795.10"
7.77278152061073e-19,0.173583327351562,"ENSG00000232021.7"
0.71079128038818,0,"ENSG00000109475.16"
0.0293589843916751,1.94733178000453e-15,"ENSG00000198856.13"
0,0,"ENSG00000188517.16"
0.432319813955392,3.97984736521281e-11,"ENSG00000247950.7"
0,0,"ENSG00000138802.11"
0,0,"ENSG00000005059.16"
0,0,"ENSG00000138794.10"
1.53961960401834e-11,0.262002071401341,"ENSG00000273447.1"
2.75249550644499e-12,0.0617580665126087,"ENSG00000123739.11"
0.136454888984012,2.06872052418061e-16,"ENSG00000109534.17"
0,0,"ENSG00000180245.6"
0,0,"ENSG00000138798.13"
0.582268796450648,0.00215024863734397,"ENSG00000170522.9"
1.12033908122996e-12,0.158652869521838,"ENSG00000138792.10"
0.1634528160781,8.35716985046713e-10,"ENSG00000174749.6"
0,0,"ENSG00000260526.1"
0,0.0533884166804783,"ENSG00000138660.12"
0.259948773435019,3.01244684533548e-24,"ENSG00000145365.11"
0.492923683289832,0.0967227375599927,"ENSG00000073331.18"
0,0,"ENSG00000251441.3"
0.180571929179601,1.07179779253392e-19,"ENSG00000138658.15"
0,0,"ENSG00000174720.16"
0.00879332857528297,1.08433031343635e-10,"ENSG00000145362.19"
0.256423635108565,5.65341756593351e-11,"ENSG00000248152.2"
0.0819546131782405,0.0788906141508339,"ENSG00000145349.17"
0,0.353968520253561,"ENSG00000180801.14"
0.343894458335577,0.351885480556937,"ENSG00000249304.1"
0,0,"ENSG00000174599.5"
0,0,"ENSG00000269893.8"
0.14801317112547,0.128738898289409,"ENSG00000164099.3"
0,0,"ENSG00000260404.3"
0,0,"ENSG00000248213.3"
0.00311921472054738,1.97593192442145e-13,"ENSG00000145388.15"
0,0,"ENSG00000150961.15"
0.0996828971056635,0.111084052482005,"ENSG00000172403.11"
0,0.191764394790877,"ENSG00000178636.8"
1.81058492156582e-21,0.0147099817700433,"ENSG00000145390.11"
0.601643133984483,3.25787319378719e-12,"ENSG00000164096.13"
0.312418633539635,0.13688185484046,"ENSG00000283050.2"
0,0,"ENSG00000245958.6"
0,0,"ENSG00000138735.16"
0.185159250319137,0,"ENSG00000164109.14"
0.509710621064977,4.68090623721709e-14,"ENSG00000250938.6"
0,0,"ENSG00000138738.10"
0,0,"ENSG00000251609.2"
0,0,"ENSG00000173376.14"
0.271554602641775,1.27582543147084e-15,"ENSG00000050730.16"
0.00293936437208347,1.48031061758034e-12,"ENSG00000164111.15"
0,0,"ENSG00000123737.12"
0.03795725919678,5.29148682473095e-10,"ENSG00000145386.10"
0,0,"ENSG00000138686.10"
0,0,"ENSG00000138741.11"
0,0,"ENSG00000138688.15"
0.175751782426315,1.69011148870998e-11,"ENSG00000224786.2"
0,0,"ENSG00000181004.10"
0,0,"ENSG00000138685.15"
0,0,"ENSG00000240775.1"
0.0508189716240627,7.74528852425391e-13,"ENSG00000273007.2"
0,0,"ENSG00000170917.14"
0.163962493781179,0,"ENSG00000145375.8"
0.41323441670708,0.113483871211556,"ENSG00000164056.11"
0.00726761358299489,0,"ENSG00000249464.6"
0.113880418042139,0,"ENSG00000261083.3"
0.222084936581491,0.0951814936904256,"ENSG00000151458.12"
0,0,"ENSG00000196159.11"
0.0424403426143972,0,"ENSG00000250945.1"
0.0624769248025987,7.2905156757886e-08,"ENSG00000248491.6"
0.0656524954036515,0,"ENSG00000287101.1"
0.133802223473566,2.62323368003794e-10,"ENSG00000164066.13"
0,0,"ENSG00000164070.12"
0,0.239642391032109,"ENSG00000261668.1"
0.462907732195361,0,"ENSG00000142731.11"
0.139557553847273,2.46398039684632e-22,"ENSG00000164073.10"
0,0,"ENSG00000164074.15"
0,0,"ENSG00000138709.19"
0,0.350196634413141,"ENSG00000248394.1"
0,0.00546113297825567,"ENSG00000164040.18"
1.35878913448929e-19,0.0557849393740011,"ENSG00000251432.7"
0.584706882124883,0.0924250047257205,"ENSG00000077684.16"
0.269131470929385,3.52097366381851e-09,"ENSG00000151466.12"
0.214346877099806,5.56734588389297e-12,"ENSG00000151470.13"
0,0,"ENSG00000250102.6"
0,0,"ENSG00000184139.8"
0,0,"ENSG00000138650.9"
0.601448665721767,5.28082419735636e-11,"ENSG00000254535.4"
0.282732578393195,4.27734123225243e-12,"ENSG00000241411.1"
0.199048808555459,0.159126816896064,"ENSG00000248869.7"
0,0.171967636136209,"ENSG00000250341.1"
8.0315874602207e-11,0.22890558320873,"ENSG00000250813.1"
0,0,"ENSG00000189184.11"
0,0.00719961177392965,"ENSG00000250033.5"
0,0,"ENSG00000151012.13"
0.537943345411108,0.0591060333411833,"ENSG00000151014.6"
0,0,"ENSG00000109381.19"
0.254571272235304,9.39820075423335e-19,"ENSG00000179967.11"
0,0,"ENSG00000109390.12"
0.0241905114043978,2.66815101356948e-11,"ENSG00000164134.13"
0,0.318328786115329,"ENSG00000273247.5"
3.64069787087025e-19,0.16376389854572,"ENSG00000248863.2"
0,0,"ENSG00000172007.7"
0,0,"ENSG00000145391.13"
0.0686569584416706,1.57090721727013e-11,"ENSG00000272717.1"
0,0.0167514002195692,"ENSG00000085871.9"
0,0.148289423494517,"ENSG00000196782.12"
0,0.0165653257507166,"ENSG00000250698.1"
0.0160344930716031,6.42740185751803e-16,"ENSG00000153130.17"
0,0.394947775092276,"ENSG00000196951.11"
0,0.00245697026058343,"ENSG00000153132.13"
0,0,"ENSG00000179387.10"
0.475897088379578,4.12731027977088e-11,"ENSG00000109436.8"
0.142937946984928,0,"ENSG00000249661.1"
0.469657813909614,0,"ENSG00000273472.1"
0,0,"ENSG00000170153.11"
0.400544890804568,0.0558836483981976,"ENSG00000109445.11"
0,0,"ENSG00000248810.2"
0.370343714221644,2.83156241971737e-10,"ENSG00000164136.17"
0.367006359713238,0.0264604331289544,"ENSG00000109452.12"
0,0,"ENSG00000250326.2"
0.0986944256336302,1.49329568924336e-12,"ENSG00000170185.10"
0.115521376036169,1.51279869054438e-13,"ENSG00000109458.8"
7.06394391611935e-13,0.00571182316020321,"ENSG00000228981.3"
0,0,"ENSG00000286771.1"
0,0,"ENSG00000243175.1"
0.220609911970676,0.10366923999123,"ENSG00000245112.2"
0,0,"ENSG00000153147.6"
0,0,"ENSG00000251600.8"
0.133596187445075,0.303747788660242,"ENSG00000197465.14"
0,0,"ENSG00000249741.2"
0,0,"ENSG00000250361.8"
0.277503518834632,3.47069549415795e-11,"ENSG00000170180.22"
0.774893067369776,1.594528477192e-14,"ENSG00000164161.10"
0,0,"ENSG00000164162.14"
0.183069572053932,0,"ENSG00000222594.1"
0.113004219315743,9.06033163725461e-13,"ENSG00000164163.11"
0.00374324021514825,0,"ENSG00000164164.17"
0.211741547636279,0.319786972944898,"ENSG00000251333.3"
1.05349715245892e-12,0.0193528913462223,"ENSG00000170365.10"
0,0,"ENSG00000250582.1"
0.0936805136798933,7.65937972331141e-18,"ENSG00000151611.16"
0,0,"ENSG00000151612.18"
2.60998206319914e-19,0.275461943573607,"ENSG00000279481.1"
0.279165258270643,0,"ENSG00000164167.12"
0.0369251798713185,7.55115233066309e-11,"ENSG00000120519.14"
0.157996834156968,1.76580301788026e-10,"ENSG00000151617.17"
0.411408969765717,9.82916921760684e-21,"ENSG00000280219.1"
0.254087160139179,0,"ENSG00000251254.1"
0.12999711841421,1.17145108348623e-13,"ENSG00000164168.8"
0,0,"ENSG00000164169.13"
0.213927749241033,0.0988357608907375,"ENSG00000071205.12"
0.0483254672696089,0,"ENSG00000270387.1"
0,0.121738607025829,"ENSG00000151623.15"
0,0.0524178884875246,"ENSG00000170390.16"
0,0,"ENSG00000198589.13"
2.12264477013022e-12,0.0767498993614093,"ENSG00000249690.1"
0,0.170349044019093,"ENSG00000181541.6"
0.494076464922432,7.28607639216201e-12,"ENSG00000145425.10"
1.78952260055248e-10,0.108584069219745,"ENSG00000109686.18"
0.0618143823652088,0.136058157767827,"ENSG00000270681.1"
1.45414032208443e-10,0.107510701718315,"ENSG00000249012.2"
0,0,"ENSG00000189099.11"
0,0,"ENSG00000164142.16"
0.111543214035575,5.56293232094768e-21,"ENSG00000059691.12"
0.0151288938673062,0,"ENSG00000109670.16"
3.03811415728689e-10,0.0460763824002412,"ENSG00000287555.1"
0.70954333412414,0,"ENSG00000268471.6"
0.0125257210584282,0,"ENSG00000170006.12"
0.140604012472414,1.38123006952558e-11,"ENSG00000164144.16"
0,0.0190388634043395,"ENSG00000287642.1"
0,0,"ENSG00000137460.8"
0.294182968664366,0.107095755492026,"ENSG00000109654.15"
0.097699004876558,0,"ENSG00000213406.3"
0.217118610742019,5.1217896715085e-15,"ENSG00000121211.8"
0,0,"ENSG00000121210.16"
0.411164501712416,3.66568387681804e-16,"ENSG00000137462.8"
0,0,"ENSG00000145428.14"
0,0,"ENSG00000145423.5"
0,0,"ENSG00000280241.4"
0,0,"ENSG00000197410.14"
0,0,"ENSG00000280005.1"
1.50678198716117e-05,0,"ENSG00000171566.12"
0.317057908674995,0.119672532406601,"ENSG00000185149.6"
0,0,"ENSG00000164114.19"
0.220285392890117,0.0560128548489794,"ENSG00000164116.16"
5.18777160648261e-12,0.0467915416410215,"ENSG00000260244.1"
0,0.0621112373568283,"ENSG00000061918.13"
0.537644915152159,0.224124288283782,"ENSG00000151790.9"
0,0,"ENSG00000256043.3"
0,0,"ENSG00000145431.11"
5.08800910266365e-17,0,"ENSG00000248629.1"
0,0,"ENSG00000109738.11"
0,0,"ENSG00000164125.15"
0,0,"ENSG00000248429.5"
6.57551992557184e-18,0.0478834667588942,"ENSG00000164124.11"
0.461607769043061,1.36469549685432e-12,"ENSG00000251429.1"
0,0,"ENSG00000171509.16"
0.204376103522335,0.0758919655157986,"ENSG00000205208.5"
0,0,"ENSG00000171503.12"
0,0,"ENSG00000171497.5"
0.105923350687404,4.17605769986441e-12,"ENSG00000052795.13"
0.171018156506687,0,"ENSG00000109756.9"
0,0,"ENSG00000250027.1"
0.0625662368464411,2.47071168073013e-11,"ENSG00000145414.9"
0.795531761683847,1.80012105628117e-12,"ENSG00000164128.7"
0.50204942451133,0.0870442659185535,"ENSG00000164129.12"
0,0,"ENSG00000198498.10"
0,0,"ENSG00000145416.13"
0.275276497126387,2.93032022303684e-14,"ENSG00000273449.1"
0,0,"ENSG00000248546.3"
0.0321843520492314,1.65278346303521e-10,"ENSG00000183439.9"
0,0.0527923857885002,"ENSG00000250486.4"
0,0,"ENSG00000170088.14"
0.19136774322015,0,"ENSG00000109466.14"
0.0686763896249082,4.11683828118017e-12,"ENSG00000052802.13"
0.530987600258061,0.279986664901293,"ENSG00000109472.14"
0.563315085801044,0.361464592390468,"ENSG00000038295.8"
0,0,"ENSG00000137628.17"
0,0,"ENSG00000181381.13"
0.0366722616245697,0,"ENSG00000129116.19"
0,0,"ENSG00000249623.1"
0,0,"ENSG00000214676.4"
0,0,"ENSG00000249609.1"
0,0,"ENSG00000279384.1"
1.56603953055762e-10,0.0734455722469214,"ENSG00000145439.12"
0,0,"ENSG00000154447.15"
0,0,"ENSG00000251171.1"
0,0,"ENSG00000137601.16"
0,0,"ENSG00000286302.1"
0,0,"ENSG00000109572.14"
0.0808199152702771,9.30697092510018e-19,"ENSG00000056050.7"
0.544048307486667,0.0484011948069551,"ENSG00000198948.12"
0.0357404301573446,2.0585854915362e-15,"ENSG00000109576.14"
0.61178826826759,0,"ENSG00000181359.5"
0.408343619233083,1.78612413831054e-11,"ENSG00000245213.7"
0,0.0982701459475724,"ENSG00000109586.12"
0,0,"ENSG00000164104.12"
0,0,"ENSG00000272870.3"
0,0,"ENSG00000164105.4"
0,0,"ENSG00000164106.8"
0,0,"ENSG00000288025.1"
0,0.129719411716664,"ENSG00000242882.1"
0,0.00889314321983468,"ENSG00000261646.1"
0.0628181721999253,2.42131901707044e-11,"ENSG00000286039.1"
3.46950487306419e-14,0.213556568127898,"ENSG00000164107.8"
0,0.289787307141999,"ENSG00000237125.10"
0,0,"ENSG00000164117.13"
0,0,"ENSG00000164118.13"
0,0.0450369888499554,"ENSG00000164120.14"
0,0,"ENSG00000150625.16"
0.392002208198769,0.136438180105323,"ENSG00000150627.15"
1.68497980725601e-10,0.187827640119685,"ENSG00000129128.13"
0.54086582579482,0,"ENSG00000150630.4"
0.556092245398962,0,"ENSG00000109674.4"
4.99308645401955e-15,0.0208154754008995,"ENSG00000038002.9"
0.0234877920337585,4.94583354222726e-16,"ENSG00000250131.2"
0,0,"ENSG00000177822.8"
0,0,"ENSG00000218336.9"
0,0,"ENSG00000129187.14"
0,0,"ENSG00000251359.4"
0,0,"ENSG00000151718.16"
0.0208301761889708,7.34749506637432e-12,"ENSG00000168564.6"
1.2561540880543e-11,0.0357559059277744,"ENSG00000232648.4"
0.345363698504958,0.123550666708202,"ENSG00000168556.7"
0,0,"ENSG00000182552.15"
0,0,"ENSG00000168538.16"
0.00199343907504202,3.9613792713571e-09,"ENSG00000173320.12"
0,0,"ENSG00000249096.7"
0,0,"ENSG00000168310.11"
0,0.172461438606602,"ENSG00000270426.1"
0,0,"ENSG00000271646.1"
0.312579353431043,0,"ENSG00000271538.6"
0,0,"ENSG00000164305.19"
0,0,"ENSG00000164306.11"
0.199069263970544,0,"ENSG00000151725.12"
0.372792607593011,7.12964397287195e-11,"ENSG00000151726.14"
0.376480833214666,0,"ENSG00000249138.1"
0.374780571619197,0,"ENSG00000251139.2"
0,0,"ENSG00000286256.2"
0,0,"ENSG00000251230.6"
0.412238886446898,3.26015001262563e-11,"ENSG00000249173.6"
0.396682304958222,3.44677617591209e-09,"ENSG00000151729.11"
0,0,"ENSG00000164323.14"
1.67536907634811e-08,0.148559836494009,"ENSG00000109762.16"
0.0137678970937108,0.05871368618925,"ENSG00000109771.15"
0,0,"ENSG00000186352.9"
0.0782842260281855,2.07713863162873e-09,"ENSG00000109775.11"
0.0939702525740346,0,"ENSG00000205129.8"
0.000675209200261973,5.42621023980665e-11,"ENSG00000168491.10"
0.00271888182090894,0.0546779085010149,"ENSG00000154553.15"
1.76880550955713e-13,0.103766131131603,"ENSG00000154556.18"
6.7157124351685e-15,0.553896588481039,"ENSG00000233110.1"
0.186838424940747,0.0700757423763938,"ENSG00000235902.1"
0.355089038492873,0.176924156342786,"ENSG00000164342.12"
0.253365780991006,0.263413087132558,"ENSG00000109794.13"
0.130299033952512,0.638693255517932,"ENSG00000250327.1"
0,0,"ENSG00000279943.1"
0.797799652543521,1.11641288402914e-13,"ENSG00000145476.16"
0.17544753667086,7.23991897487671e-11,"ENSG00000164344.16"
0,0,"ENSG00000083857.14"
0,0,"ENSG00000287169.1"
0,0,"ENSG00000250971.3"
0.184662420211101,0.110204182946996,"ENSG00000249378.6"
0.355779093423289,1.07725847938419e-19,"ENSG00000180015.12"
0.303721442441927,0,"ENSG00000245685.7"
0.461665051617638,0.0462637720638526,"ENSG00000109536.12"
0,0,"ENSG00000153404.14"
0,0.217841100471023,"ENSG00000164366.4"
0.170953114936395,4.9033307581426e-23,"ENSG00000260774.1"
0,0,"ENSG00000073578.17"
0,0,"ENSG00000286001.1"
0.211747754607335,0,"ENSG00000249915.8"
0.0608259303201238,9.98394567193629e-12,"ENSG00000286169.1"
3.80688825127099e-16,0,"ENSG00000063438.17"
0,0,"ENSG00000221990.4"
0,0,"ENSG00000180104.16"
0,0,"ENSG00000066230.12"
0.248129429370655,1.9968914371715e-12,"ENSG00000225138.8"
0.0223984823099203,0.222792827716894,"ENSG00000112877.8"
6.37085296617043e-11,0.0501542719408914,"ENSG00000171368.12"
0.422877236826848,0.00115010957783627,"ENSG00000206077.11"
0.136778354056958,3.87821287110768e-20,"ENSG00000188818.12"
0,0,"ENSG00000028310.18"
0.136732442746471,1.97136846608814e-14,"ENSG00000071539.14"
0,0,"ENSG00000145506.14"
0,0,"ENSG00000113504.21"
0,0,"ENSG00000049656.14"
0.0976577863721628,0,"ENSG00000286388.1"
0,0,"ENSG00000153395.10"
0,0.156839898978736,"ENSG00000185986.12"
1.00870181050131e-16,0.0932920426708052,"ENSG00000188002.10"
0.0717903795771914,0.0997052132541203,"ENSG00000232615.4"
0.163585336185399,0.0163242286797152,"ENSG00000171421.13"
0.248989460897127,1.55856428337091e-11,"ENSG00000145494.11"
0.411070183907137,0.102026093272844,"ENSG00000248994.2"
0,0.0135374007878988,"ENSG00000170561.13"
0,0.0415338358800718,"ENSG00000186493.12"
0.154735879887005,0.280764730421274,"ENSG00000170549.4"
0.127705041360313,9.11519737999966e-12,"ENSG00000145536.15"
0,0,"ENSG00000286753.1"
0,0,"ENSG00000164151.12"
0.212954772413403,0,"ENSG00000133398.4"
0.173734125298131,1.23551643497471e-21,"ENSG00000037474.15"
0,0,"ENSG00000145545.12"
0,0,"ENSG00000248677.2"
0,0,"ENSG00000112941.14"
0,0,"ENSG00000078295.17"
0,0,"ENSG00000124275.15"
0,0,"ENSG00000124279.12"
0.339274250897969,0.164563338919137,"ENSG00000247516.8"
0.211736350710748,0.16023957403399,"ENSG00000112902.12"
1.18514956522953e-12,0.0334874117853733,"ENSG00000250786.2"
0,0,"ENSG00000150756.14"
0.11527957031271,6.24062928066481e-21,"ENSG00000150753.12"
0.0453889945694924,0.304494431308847,"ENSG00000164237.9"
0.246862068636748,3.38872211697553e-13,"ENSG00000259802.1"
0,0,"ENSG00000145495.16"
6.45160478512399e-14,0.0451279688416794,"ENSG00000145491.12"
2.20807815756776e-11,0.374153943643405,"ENSG00000164236.12"
0.130197754633332,2.48369158706259e-12,"ENSG00000112977.15"
0.0733078535355365,6.69560722808958e-12,"ENSG00000039139.9"
0.0678650425770449,0.0692608422448132,"ENSG00000038382.20"
2.1169286427901e-13,0.0277056939912721,"ENSG00000287581.1"
0.171426881871096,0.346284677616896,"ENSG00000145569.6"
0.389163519319964,3.5706329934042e-13,"ENSG00000261360.1"
0.00685069070332515,1.31987619495074e-16,"ENSG00000154124.5"
0.267425309909537,0,"ENSG00000154122.14"
0.445181568000362,6.61174612023813e-12,"ENSG00000286970.1"
0.203259708230619,1.69982748321675e-09,"ENSG00000249485.1"
6.86710826741942e-10,0.137001840939235,"ENSG00000183580.10"
9.06190409325194e-23,0.144665634108758,"ENSG00000250250.2"
0,0,"ENSG00000173545.5"
0.140564923649858,1.24582526134182e-12,"ENSG00000154153.13"
0.328853068073489,0.0220357077878245,"ENSG00000246214.2"
0.210049856080128,2.99749013929019e-22,"ENSG00000145555.15"
0,0.0116956458565501,"ENSG00000176788.9"
0,0,"ENSG00000215196.5"
2.23800758538564e-16,0.02331121385387,"ENSG00000183666.17"
0.425134548598783,0,"ENSG00000233974.3"
0.287734118599354,0,"ENSG00000251593.1"
0.0203884119649897,0,"ENSG00000250337.7"
6.1986964194313e-10,0.262360103389082,"ENSG00000113361.13"
0,0,"ENSG00000113360.16"
0,0,"ENSG00000082213.18"
6.13345172552943e-15,0.00446908254751265,"ENSG00000133401.16"
0,0,"ENSG00000250764.1"
0.0215093712107842,1.18340973459855e-11,"ENSG00000113384.14"
0,0,"ENSG00000272086.1"
8.04651542711083e-11,0.318445561375359,"ENSG00000150712.11"
0.0231972903405088,5.10125656530579e-10,"ENSG00000056097.16"
0.159392204334972,9.72442776463716e-19,"ENSG00000113387.12"
0,0,"ENSG00000113389.16"
0,0,"ENSG00000250697.2"
0,0,"ENSG00000113407.13"
0.166494350017731,0.115348898791143,"ENSG00000151388.11"
0.0506437034590769,4.92995948761509e-12,"ENSG00000242110.8"
0,0,"ENSG00000082196.20"
0,0,"ENSG00000215158.9"
0.059850492051118,1.25472784670782e-10,"ENSG00000215156.5"
0.110282825310778,1.81502725368444e-13,"ENSG00000039560.14"
0,0,"ENSG00000113456.19"
0.0711592140834312,0,"ENSG00000113460.13"
0,0,"ENSG00000168724.17"
0.0333759494988265,1.31072332340677e-10,"ENSG00000113494.17"
0.030911893981109,6.80109500953213e-11,"ENSG00000152582.14"
0.679662344630504,7.97233793484301e-15,"ENSG00000168685.15"
0,0,"ENSG00000164187.7"
0.0458197642233797,2.60845696328282e-10,"ENSG00000145604.16"
0.106844611113533,0,"ENSG00000152620.13"
0.108337151384377,2.82620097941666e-14,"ENSG00000164188.8"
0.722709463913264,0,"ENSG00000079215.14"
0,0.230425145935157,"ENSG00000274441.1"
0.154710946865719,0,"ENSG00000250155.2"
0.398677060570793,0,"ENSG00000279400.1"
0.0140116962440507,0,"ENSG00000285967.1"
0,0,"ENSG00000164190.19"
0,0,"ENSG00000249850.1"
0.0541005975831082,0.105746779280964,"ENSG00000244073.1"
0,0,"ENSG00000197603.14"
0,0,"ENSG00000228212.1"
0,0,"ENSG00000286193.2"
0,0,"ENSG00000113569.16"
0,0,"ENSG00000082068.9"
0.0757708543739082,2.85750183613654e-13,"ENSG00000248587.8"
0,0,"ENSG00000168621.15"
0.154198710019596,0.191633445390501,"ENSG00000164318.18"
0.416555088760159,0.284045063583063,"ENSG00000251257.2"
0,0,"ENSG00000113594.10"
0,0,"ENSG00000244968.7"
0,0.0265564467427515,"ENSG00000249740.3"
0,0,"ENSG00000145623.13"
0,0,"ENSG00000164327.13"
2.66409412150621e-21,0.417031781901217,"ENSG00000082074.18"
0.11610798204726,0.016114834905123,"ENSG00000113600.11"
0,0,"ENSG00000153071.15"
0.155355513427323,0.233552280846999,"ENSG00000271334.6"
0.255210619939711,0.143467750139225,"ENSG00000250048.2"
0,0,"ENSG00000113638.14"
0,0,"ENSG00000171522.6"
0,0,"ENSG00000132356.11"
0.511518262166496,0.00015175574735616,"ENSG00000145592.14"
0,0,"ENSG00000132357.14"
0.125743985091909,0.135155861986245,"ENSG00000112936.19"
2.28738513099538e-11,0.0457839734555697,"ENSG00000039537.13"
0.0442539874064199,5.56314837309742e-10,"ENSG00000182836.10"
0.209684757735288,0.0841168009916378,"ENSG00000083720.13"
0.384973184450545,0.222549762880663,"ENSG00000248668.3"
0.0134889635766673,4.16139030998421e-11,"ENSG00000205765.9"
0,0,"ENSG00000151876.13"
7.84899955824577e-20,0.138656891922982,"ENSG00000112964.14"
0,0.0798534816570469,"ENSG00000248873.1"
0,0.132961252595291,"ENSG00000250860.1"
0,0.14446070190832,"ENSG00000198865.10"
5.02256684082366e-12,0.0721846595267595,"ENSG00000250722.6"
0,0,"ENSG00000286271.2"
0,0,"ENSG00000287263.1"
0,0,"ENSG00000286656.1"
0,0,"ENSG00000177738.4"
4.93115393860129e-14,1.31898783588618e-20,"ENSG00000251131.2"
1.59893408620798e-12,0.597176594899762,"ENSG00000272382.1"
3.98097567783032e-16,0,"ENSG00000177721.4"
0.122409756105735,0,"ENSG00000215068.8"
0.274912582247809,1.40394283844611e-12,"ENSG00000272144.1"
0.0214233941958571,4.90610930097721e-06,"ENSG00000172262.11"
0.246363579405073,4.2365075257994e-12,"ENSG00000177453.7"
0.487461068810623,0.0310797965530633,"ENSG00000112972.15"
0,0.16640315649311,"ENSG00000151882.11"
0,0,"ENSG00000151881.14"
0,0,"ENSG00000249492.2"
0,0,"ENSG00000172244.9"
0.109375278639443,2.22128104900133e-23,"ENSG00000249855.1"
0,0,"ENSG00000172239.14"
0.80692852880316,1.65901784380481e-12,"ENSG00000248092.8"
0.532300353928396,0,"ENSG00000112992.18"
0,0,"ENSG00000070193.4"
0.0527741757923494,3.688544943792e-13,"ENSG00000251141.6"
0.00837326505092081,2.30080805950567e-12,"ENSG00000112996.11"
0,0.0284190879810639,"ENSG00000272335.1"
0,0,"ENSG00000164588.7"
0.010453817103705,2.7395826364057e-10,"ENSG00000170571.12"
0.274756268914407,0.0898979212136122,"ENSG00000151883.18"
0,0,"ENSG00000248898.2"
0.0707160092522892,4.74246011874309e-11,"ENSG00000152684.11"
4.26680760080273e-11,0.221167851579899,"ENSG00000213949.10"
0.198758161665915,0.25490932172632,"ENSG00000249899.6"
0,0.0405470319264493,"ENSG00000164171.11"
0.0395846430916092,2.12863156536295e-13,"ENSG00000164172.19"
1.98736374490354e-10,0.0550725977153293,"ENSG00000247796.3"
0,0,"ENSG00000134363.12"
0,0,"ENSG00000164258.12"
0.178955992893665,0.0934592453022949,"ENSG00000185305.11"
0,0,"ENSG00000178996.14"
0.518118030364966,1.27361702615889e-10,"ENSG00000164283.13"
0,0,"ENSG00000113088.6"
0,0,"ENSG00000164294.14"
0,0,"ENSG00000067248.10"
0,0,"ENSG00000039123.16"
0,0,"ENSG00000067113.17"
0,0,"ENSG00000279883.1"
0,0,"ENSG00000265135.1"
0,0.0226617866408453,"ENSG00000250853.1"
1.06983813244046e-15,0.0169865611940877,"ENSG00000177058.12"
0,0,"ENSG00000134352.20"
0.196585664638971,4.9195264640091e-15,"ENSG00000227908.3"
0.136718553073043,0,"ENSG00000164512.18"
0,0,"ENSG00000248727.6"
0.237383178648817,6.55307695148876e-20,"ENSG00000095015.6"
0.384611975489453,7.17154881976957e-13,"ENSG00000237705.1"
0.0858446552604314,1.0863427536855e-20,"ENSG00000155542.12"
0,0,"ENSG00000155545.19"
0.0671827741404839,0.0376482148808979,"ENSG00000271828.1"
0,0,"ENSG00000062194.16"
0,0,"ENSG00000145632.15"
0,0,"ENSG00000175857.8"
0,0,"ENSG00000152932.8"
0,0,"ENSG00000113448.19"
0.124117706708731,4.75822605975223e-13,"ENSG00000214244.4"
4.0686265133375e-18,0.126970209751452,"ENSG00000152931.8"
0,0,"ENSG00000035499.13"
0.0128554935881812,5.23161612026672e-10,"ENSG00000164181.14"
1.13390418226047e-21,0.14451684922711,"ENSG00000272308.1"
0.160334743448351,0,"ENSG00000049167.14"
0.146147795907496,1.52694088425987e-11,"ENSG00000164182.11"
0,0,"ENSG00000279985.1"
0,0,"ENSG00000188725.8"
0,0,"ENSG00000130449.6"
0,0,"ENSG00000251682.1"
0,0,"ENSG00000250461.1"
8.80497066747462e-21,0.24427109138467,"ENSG00000213891.3"
0,0,"ENSG00000068796.16"
0.132980162155854,0.0199263384041351,"ENSG00000086189.10"
0,0,"ENSG00000086200.16"
1.14881081373437e-14,0.0366205907068008,"ENSG00000164197.12"
0.614950154494933,0.00964217015822687,"ENSG00000186479.5"
0.0176527270092722,8.45991554507005e-14,"ENSG00000153006.16"
0,0,"ENSG00000153015.16"
0,0,"ENSG00000049192.15"
0,0,"ENSG00000205644.5"
0.361116879266152,2.51706806554447e-22,"ENSG00000123219.13"
0,0,"ENSG00000113593.12"
0,0,"ENSG00000113595.15"
0,0,"ENSG00000253251.2"
0,0,"ENSG00000113597.18"
0,0,"ENSG00000197860.10"
0,0,"ENSG00000123213.23"
0,0,"ENSG00000112851.14"
0.391197931747722,5.23067780424917e-22,"ENSG00000286314.1"
0,0,"ENSG00000285999.1"
0,0,"ENSG00000153914.16"
0,0,"ENSG00000069020.18"
0,0,"ENSG00000229666.1"
0.158168704273528,0,"ENSG00000134061.5"
2.22083704476594e-19,0.120974479219091,"ENSG00000145675.15"
0,0,"ENSG00000145740.19"
0,0,"ENSG00000134057.15"
0.161389474799758,0,"ENSG00000280187.1"
0.0162561487414593,2.73260643074906e-12,"ENSG00000153044.10"
0.0210510193058756,1.02249141744664e-12,"ENSG00000134056.12"
0,0,"ENSG00000134058.12"
0.109207037844981,1.54424936690599e-11,"ENSG00000183323.13"
0.0878623998092721,7.19518260110242e-11,"ENSG00000085231.14"
0.104939206485958,1.57476583950773e-11,"ENSG00000273841.5"
0,0,"ENSG00000152942.19"
0,0,"ENSG00000152939.17"
0.225140610121531,6.15190901587968e-20,"ENSG00000197822.11"
0.225075972496734,0.271321358061143,"ENSG00000183474.15"
0.161672109015974,6.77872788932919e-11,"ENSG00000250138.4"
0.216737774598066,0.22001546054326,"ENSG00000205571.13"
0.139472451290887,2.23492215551999e-13,"ENSG00000288349.1"
0.224962400765634,0,"ENSG00000172062.16"
0,0,"ENSG00000249437.7"
0,0,"ENSG00000145736.14"
0.475356618823867,0,"ENSG00000215630.6"
0,0,"ENSG00000145734.19"
0.432524473651051,2.99964381754109e-11,"ENSG00000131844.16"
5.02963833493992e-11,0.123565842286959,"ENSG00000285804.2"
0.31934712421314,0.0948052528263315,"ENSG00000131711.15"
0.164611722743153,3.27170505195353e-20,"ENSG00000113048.16"
0.351943190866902,0,"ENSG00000049883.15"
0,0,"ENSG00000178175.12"
0.21140954590048,0,"ENSG00000248371.5"
0,0,"ENSG00000083312.17"
0.0104454890158182,0,"ENSG00000242602.1"
0,0.149694160212113,"ENSG00000157107.14"
0.00519355657577938,0.27012580688652,"ENSG00000251467.1"
0.129833202872929,5.42701932598727e-12,"ENSG00000157111.13"
0,0,"ENSG00000251493.5"
0.07676295810802,1.2494536777201e-20,"ENSG00000145741.15"
0,0.0809565099562309,"ENSG00000164331.10"
0,0,"ENSG00000164338.10"
0,0.010383436228883,"ENSG00000214944.9"
0.241465536993108,0.08570843210546,"ENSG00000171617.14"
0,0,"ENSG00000049860.14"
0,0,"ENSG00000164347.18"
0.0895605949504904,1.65274775725056e-11,"ENSG00000164346.10"
0,0,"ENSG00000198780.12"
0.392085610983481,0.0397428307226505,"ENSG00000176928.6"
5.46537343208108e-19,0.161543095329271,"ENSG00000145700.9"
0.273135190387085,0.0117441187445433,"ENSG00000113161.16"
0,0,"ENSG00000113163.16"
0.143333366232388,3.12713651731046e-19,"ENSG00000122008.15"
0,0.0721092665609309,"ENSG00000272040.1"
0.431101368005998,0.0245733702432648,"ENSG00000189045.14"
0,0,"ENSG00000152359.15"
0.838457990411992,7.91136356417677e-11,"ENSG00000145703.16"
0.250529411559637,8.87466031121609e-11,"ENSG00000164220.7"
0.213108748518122,0.0451201009764156,"ENSG00000181104.7"
0.368621612471255,8.48869494946777e-14,"ENSG00000145708.11"
0,0,"ENSG00000164252.13"
0.210211039655682,0.171261759676344,"ENSG00000132846.6"
0.307270833274045,0.247289388792933,"ENSG00000238961.1"
0.221348307893229,0.56763444790321,"ENSG00000250802.7"
0,0,"ENSG00000113231.13"
0,0,"ENSG00000251400.1"
0,0,"ENSG00000164253.14"
0.0648635682135693,8.96328880612393e-21,"ENSG00000171530.14"
2.20368960381879e-10,0.130821545639304,"ENSG00000213763.4"
0.00232079233211359,0,"ENSG00000132842.13"
4.73831215438888e-10,0.124744654960473,"ENSG00000253558.1"
0.0456568104947808,3.15596738538812e-09,"ENSG00000245556.3"
0,0,"ENSG00000085365.18"
0.100401129572459,0.109648160010642,"ENSG00000145685.14"
0,0.212184748963626,"ENSG00000248909.1"
0,0.271714094970598,"ENSG00000113273.17"
3.56772388120219e-13,0.0155983685592616,"ENSG00000132837.15"
0,0,"ENSG00000132840.10"
0,0,"ENSG00000145692.15"
0,0,"ENSG00000152409.9"
0,0,"ENSG00000152413.15"
0,0,"ENSG00000164329.13"
0.132613693583508,0.139035804743037,"ENSG00000164309.15"
0.0447533324502423,1.375450110441e-11,"ENSG00000177034.16"
0,0,"ENSG00000113296.14"
0,0,"ENSG00000249825.6"
0,0,"ENSG00000164300.17"
0,0,"ENSG00000039319.17"
0,0,"ENSG00000249042.6"
0.0324281164486777,5.3832728464185e-11,"ENSG00000152380.10"
0.400527850956373,0,"ENSG00000228716.7"
0,0,"ENSG00000113318.11"
0,0,"ENSG00000113319.13"
0.794877841717788,3.49417791578208e-12,"ENSG00000247572.8"
0,0.168641900043612,"ENSG00000131730.16"
0.0341824846710506,2.59171907617318e-22,"ENSG00000131732.12"
0.0069955442123631,0.0403910272784022,"ENSG00000286721.1"
0.456062722800421,2.31312234257416e-11,"ENSG00000145687.16"
0,0,"ENSG00000152348.16"
0.0698374233731282,1.14617518611994e-20,"ENSG00000186468.13"
0.174115173629914,0,"ENSG00000205464.12"
0.552541477099535,0,"ENSG00000271862.1"
0,0,"ENSG00000174695.10"
5.18439823854068e-17,0,"ENSG00000152422.15"
0,0,"ENSG00000038427.16"
0.0534168864946849,5.22408870124232e-08,"ENSG00000249835.2"
0,0,"ENSG00000145681.11"
0,0.102080180471458,"ENSG00000164176.13"
0,0.276959238311688,"ENSG00000250320.6"
0.0224440323831499,0,"ENSG00000127184.13"
0.150965124636631,4.21261543490002e-09,"ENSG00000145715.15"
0,0,"ENSG00000134480.15"
0,0,"ENSG00000285190.1"
0,0,"ENSG00000164180.13"
6.12313383860577e-12,0.0669927902893173,"ENSG00000247828.8"
0,0,"ENSG00000245864.3"
0.320061427827849,0,"ENSG00000081189.15"
0.121716898000712,2.73338833525331e-12,"ENSG00000248309.7"
0,0,"ENSG00000153140.8"
0,0,"ENSG00000176055.10"
0,0,"ENSG00000113356.12"
0,0,"ENSG00000176018.13"
0.349776855163013,0.000285100208856769,"ENSG00000164199.18"
0.357943186069418,0,"ENSG00000248323.7"
0,0,"ENSG00000113369.9"
0.230590397062144,5.1589919708069e-13,"ENSG00000281357.3"
0,0,"ENSG00000237187.9"
0.0712342005891324,0,"ENSG00000175745.14"
0,0,"ENSG00000113391.19"
0.0183981068919586,0,"ENSG00000287180.1"
0.488744558570688,6.6458565051168e-11,"ENSG00000249353.2"
0.0952317315642636,2.16075270824841e-10,"ENSG00000248483.7"
0.0440973966738842,0,"ENSG00000287447.1"
0,0,"ENSG00000251023.1"
0,0,"ENSG00000185261.14"
0.0483241314321095,1.58942194122564e-13,"ENSG00000251340.1"
0.215423141294361,9.95460125417465e-12,"ENSG00000133302.13"
0.214869694183006,0.0596508987188274,"ENSG00000175471.19"
0,0,"ENSG00000243806.1"
0,0,"ENSG00000198677.11"
0.565561167145584,5.28793416211602e-13,"ENSG00000164291.17"
0.0219848145663944,0.342749881121047,"ENSG00000178015.5"
0.0708180855169155,0.0611094436403904,"ENSG00000175449.14"
0.143326820236322,0.328890651584034,"ENSG00000145757.16"
0.364808637693091,0.382884786500933,"ENSG00000250240.6"
9.66445404026096e-16,0.0261343767930155,"ENSG00000164292.13"
0,0,"ENSG00000173221.14"
0,0,"ENSG00000251348.1"
0,0,"ENSG00000251000.1"
0,0,"ENSG00000236882.8"
0,0,"ENSG00000272021.1"
0,0,"ENSG00000250362.1"
0,0,"ENSG00000118985.16"
5.06967808578964e-13,0.159223982321861,"ENSG00000251314.2"
0,0,"ENSG00000175426.11"
0,0,"ENSG00000153113.23"
0,0,"ENSG00000164307.13"
0.0520878151260639,0.18607058783261,"ENSG00000248734.2"
0,0,"ENSG00000272109.2"
0,0.142552193684255,"ENSG00000247121.7"
0.859128328427011,0,"ENSG00000164308.16"
0,0,"ENSG00000113441.16"
0.807898908159688,0.0332914958491399,"ENSG00000251513.2"
0,0,"ENSG00000058729.11"
0.233796874998541,0,"ENSG00000286828.1"
0.770388694249317,0,"ENSG00000250331.2"
0.67065631783531,0.0757968238204916,"ENSG00000174136.13"
0.0773910250059782,7.26486390071319e-22,"ENSG00000246763.7"
0,0,"ENSG00000153922.10"
0,0,"ENSG00000248489.2"
0,0,"ENSG00000270307.1"
0,0,"ENSG00000174132.9"
0,0,"ENSG00000113532.13"
0.588308200786172,0.120601292720897,"ENSG00000173930.9"
0,0,"ENSG00000145730.20"
0,0,"ENSG00000145723.17"
0,0,"ENSG00000145725.19"
5.92994350843894e-14,0.178071939871727,"ENSG00000181751.10"
0,0,"ENSG00000112874.10"
0.525173364410227,0.0733647212314194,"ENSG00000184349.13"
0,0,"ENSG00000145743.15"
0,0.631274434385517,"ENSG00000272523.1"
0,0,"ENSG00000151422.13"
0.13874174755547,0.0886217339263425,"ENSG00000250383.1"
2.83129716748257e-16,0.0423654787953332,"ENSG00000176857.5"
0,0,"ENSG00000286882.1"
0.138041654214288,6.29722176408745e-21,"ENSG00000249476.2"
0,0,"ENSG00000198961.10"
0.185490892815984,0,"ENSG00000112893.9"
0,0,"ENSG00000202512.1"
0,0,"ENSG00000186952.15"
0,0,"ENSG00000164209.17"
4.63694619510104e-15,0.099202603944691,"ENSG00000145777.15"
2.15363472738153e-15,0,"ENSG00000134987.11"
0,0.313144838986768,"ENSG00000152495.11"
0.121840421490711,5.80290634711439e-09,"ENSG00000164211.13"
0,0,"ENSG00000246859.3"
0,0,"ENSG00000134986.13"
0,0.0513045857154049,"ENSG00000129595.13"
0.410559745714785,5.27758456446049e-13,"ENSG00000224032.7"
0,0,"ENSG00000278921.2"
0.310869728478379,0.0581225999325173,"ENSG00000248430.1"
0,0,"ENSG00000134982.17"
0,0,"ENSG00000153037.15"
0,0,"ENSG00000129625.13"
0,0,"ENSG00000249947.2"
0,0,"ENSG00000172795.16"
0,0,"ENSG00000171444.18"
0,0.097706582325256,"ENSG00000232633.4"
0,0,"ENSG00000047188.16"
0.484262011098891,1.48230658859777e-14,"ENSG00000152503.9"
0,0,"ENSG00000164219.10"
0,0,"ENSG00000164221.13"
0.135313843001678,0,"ENSG00000250444.1"
0.0112388541984716,0,"ENSG00000145780.8"
0.230007223980851,0.125134796817568,"ENSG00000249249.2"
0,0,"ENSG00000134970.14"
0,0,"ENSG00000129596.5"
0,3.17219507723743e-15,"ENSG00000145782.13"
0,0.024154219208688,"ENSG00000177879.16"
0,0.0550565196290504,"ENSG00000287148.1"
1.85112680141528e-20,0.0674378811583683,"ENSG00000172901.20"
1.02733450248427e-21,0.0721163177080508,"ENSG00000248295.2"
3.42461124251019e-11,0.296435001995191,"ENSG00000271918.1"
0.0591281125573285,5.31253653038671e-13,"ENSG00000145781.9"
0.425681699985184,1.6980999017086e-12,"ENSG00000092421.16"
0,0,"ENSG00000248445.5"
0,0,"ENSG00000169570.10"
0,0,"ENSG00000197744.5"
0,0,"ENSG00000172869.14"
0.429529164463029,0,"ENSG00000145779.8"
0,0,"ENSG00000133835.16"
9.30427694111926e-15,0.00318414627194936,"ENSG00000184838.15"
1.87881034170125e-20,0.114118589793482,"ENSG00000248927.1"
0.153887256025092,0,"ENSG00000151304.6"
0,0,"ENSG00000113083.14"
0,0,"ENSG00000064692.19"
0.0700712403611787,1.46552842711791e-11,"ENSG00000205302.7"
0.0282344813219035,8.08645362717108e-24,"ENSG00000064652.11"
0,0,"ENSG00000263432.2"
0,0,"ENSG00000168938.6"
0,0,"ENSG00000061455.11"
0,0,"ENSG00000168944.15"
2.04308205390856e-10,0.0795916130678949,"ENSG00000250539.1"
0,0,"ENSG00000151292.17"
0.1183245395272,1.52739451597875e-10,"ENSG00000168916.15"
0,0,"ENSG00000249112.1"
0,0,"ENSG00000260192.3"
8.34907958284007e-10,0.173261063444602,"ENSG00000155324.10"
0.0128256604581544,0.454411971385695,"ENSG00000250602.6"
0.0229073478599407,0.0430670990713791,"ENSG00000279118.1"
0.556735928643155,3.73154582550457e-11,"ENSG00000164904.18"
0,0,"ENSG00000164902.14"
0.501385389959792,1.17427366478015e-14,"ENSG00000113368.12"
0.449903081516907,0,"ENSG00000173926.6"
0.196077531130641,7.92933480749897e-17,"ENSG00000164241.13"
0,0,"ENSG00000286615.1"
0,0.0700313695446513,"ENSG00000145794.17"
0,0,"ENSG00000164244.20"
0.324084498944821,1.15388543227354e-20,"ENSG00000230561.4"
0,0,"ENSG00000245937.8"
0.356647407931149,0.0829371213705086,"ENSG00000064651.14"
0.307945783258385,0.296765571777124,"ENSG00000250329.1"
0.426390827679631,0.297014972310015,"ENSG00000138829.12"
0.317697539719283,5.82268152740193e-15,"ENSG00000066583.12"
0,0,"ENSG00000198108.4"
0,0,"ENSG00000248610.1"
0,0,"ENSG00000287390.1"
0.231721399425368,4.45734006402193e-19,"ENSG00000169567.12"
0,0,"ENSG00000186687.16"
0.190940927411112,0,"ENSG00000158985.13"
0,0,"ENSG00000158987.21"
2.3130100939032e-11,0.061435639977322,"ENSG00000217128.12"
0,0,"ENSG00000286676.1"
0,0,"ENSG00000164398.14"
0.294944997403613,0,"ENSG00000164400.6"
0.30772677994795,0.0409506613697887,"ENSG00000072682.18"
0.234149970752654,4.0378833398778e-11,"ENSG00000224431.1"
0.262850862022214,0,"ENSG00000131435.13"
0.39474866243181,5.43331771872696e-12,"ENSG00000197208.6"
0.0573203849414951,5.42057418531625e-12,"ENSG00000233006.8"
0,0,"ENSG00000197375.12"
0,0,"ENSG00000197536.11"
0.463624057567258,5.66280706470614e-25,"ENSG00000238160.1"
0.264772515072426,0.0183127983150561,"ENSG00000234290.2"
0.520557851623716,0.0453602120753011,"ENSG00000125347.14"
0,0,"ENSG00000113522.14"
0,0,"ENSG00000131437.15"
0.16522348182754,8.62906359622617e-11,"ENSG00000164402.14"
0.184303661015737,2.19514434806237e-12,"ENSG00000164403.14"
0.277417941472332,0.125959406695854,"ENSG00000164404.8"
0.0612087206419005,6.14404562855609e-15,"ENSG00000164405.11"
0,0,"ENSG00000164406.8"
0,0,"ENSG00000072364.13"
0,0,"ENSG00000235253.1"
0.0764315645867543,0,"ENSG00000155329.12"
0,0,"ENSG00000170606.15"
0,0,"ENSG00000279691.1"
0,0,"ENSG00000113583.8"
0.0732544161243407,3.68954967134602e-21,"ENSG00000213585.11"
0,0.121213958383186,"ENSG00000081059.20"
0.0764913938991633,0,"ENSG00000113558.18"
0.483457802563113,4.70358520148018e-11,"ENSG00000113575.10"
0,0,"ENSG00000270177.1"
0,0.0686894192801024,"ENSG00000006837.12"
0,0,"ENSG00000119048.8"
0.245919522348769,0,"ENSG00000237190.4"
2.65915743723123e-11,0.0638873646508667,"ENSG00000043143.20"
0.0825765921444243,0.0333224244540298,"ENSG00000152700.14"
0,0,"ENSG00000113615.13"
0.00494686112950652,8.11502878506476e-09,"ENSG00000164615.5"
0.00523520258007186,0,"ENSG00000145833.16"
0.191721474719768,0.11809186794977,"ENSG00000181904.9"
0.233561338370535,1.1717463787176e-14,"ENSG00000113621.14"
0.0608032113644975,0.106308166756174,"ENSG00000132570.14"
0.150823186070224,0,"ENSG00000244921.2"
0.599920063667563,0,"ENSG00000249119.1"
0,0,"ENSG00000248923.1"
0.00993112326142482,4.75491937426813e-16,"ENSG00000247627.2"
9.2194126872102e-09,0.0987895384900458,"ENSG00000069011.16"
0,0,"ENSG00000224186.8"
0,0,"ENSG00000113648.16"
0,0,"ENSG00000270021.1"
0,0.226013183533377,"ENSG00000145824.12"
0,0.0640762716944834,"ENSG00000120708.17"
9.25600659004285e-12,0.0134943961331383,"ENSG00000113658.18"
0,0.0782284028375223,"ENSG00000152377.14"
0,0,"ENSG00000146021.15"
0,0,"ENSG00000177733.7"
0,0,"ENSG00000287067.1"
0.319861809715925,9.231199578829e-15,"ENSG00000226306.6"
0.459214001697163,2.28160247119201e-05,"ENSG00000250159.7"
0,0,"ENSG00000120729.9"
0,0,"ENSG00000078795.16"
0,0,"ENSG00000031003.10"
0,0,"ENSG00000112981.5"
0,0,"ENSG00000112983.17"
0,0,"ENSG00000112984.12"
0.00101478421259853,1.88735143454698e-13,"ENSG00000094880.11"
0.104975871434898,0,"ENSG00000158402.20"
0.211061707901404,9.6509109155851e-19,"ENSG00000120709.11"
0,0,"ENSG00000120733.14"
0.405860946825654,0.0935096931821121,"ENSG00000132563.16"
0.39443312476807,6.18979557627274e-13,"ENSG00000120738.8"
0.252962815586351,4.60616502788975e-19,"ENSG00000241458.1"
0.0921254638576822,7.72491330026571e-21,"ENSG00000120705.13"
0.0826529925388059,3.57589248028329e-22,"ENSG00000113013.15"
0,0,"ENSG00000044115.21"
3.38872443766389e-21,0.0111460783489787,"ENSG00000146006.8"
0,0,"ENSG00000120725.13"
0.589638787191463,0.0957720441212156,"ENSG00000249593.6"
0.265747393251342,0.188905408218125,"ENSG00000281398.4"
0.492020354221924,0,"ENSG00000252213.1"
0.363576411350729,0.0586919719222178,"ENSG00000200959.1"
0.550887095445608,0,"ENSG00000015479.19"
0,0,"ENSG00000199545.1"
0.360219565592851,4.63833560939615e-22,"ENSG00000120727.13"
0,0,"ENSG00000170482.17"
0,0,"ENSG00000170476.16"
0.0947099964353781,0.0185453489337826,"ENSG00000228672.4"
0,0,"ENSG00000170469.10"
0.0524033596756889,0,"ENSG00000170464.10"
0,0,"ENSG00000249751.4"
0,0,"ENSG00000184584.13"
0,0.145562249657243,"ENSG00000131508.16"
0,0,"ENSG00000171604.12"
0,0,"ENSG00000250635.1"
0,0,"ENSG00000249526.1"
0.263774456125209,2.08262281044567e-20,"ENSG00000158458.20"
0.300977700289348,0.0201853068865043,"ENSG00000245146.7"
1.74568283197109e-17,0.0189390668961132,"ENSG00000185129.7"
9.39072759914612e-17,0.00417798931824003,"ENSG00000182700.5"
0,0,"ENSG00000254363.6"
0.237094923820823,1.51928164546181e-12,"ENSG00000120306.11"
0.00716034580932069,1.87326904694615e-11,"ENSG00000250069.1"
0.0663350918204043,2.10775156042493e-16,"ENSG00000113068.10"
0,0,"ENSG00000113070.8"
0,0.0277710677768754,"ENSG00000131503.21"
0,0.0726763576594349,"ENSG00000254996.5"
0.041966501417737,1.1297803259899e-12,"ENSG00000213523.10"
0,0,"ENSG00000243056.2"
0,0,"ENSG00000113108.19"
0.130547522891397,9.42183334967863e-13,"ENSG00000176087.15"
0,0,"ENSG00000170458.14"
0.0908948789465152,8.19201399365282e-21,"ENSG00000131495.8"
0.336939527120756,8.97480456254519e-10,"ENSG00000113119.12"
0,0,"ENSG00000113141.18"
0,0,"ENSG00000120314.18"
0.43648871562815,0.00726540546048829,"ENSG00000170445.15"
0,0,"ENSG00000112855.17"
0.0664329390553525,1.32730620797267e-20,"ENSG00000146007.11"
0.531962024724739,8.48771858865052e-17,"ENSG00000199990.1"
0.267560289850604,0.0361394539777653,"ENSG00000202111.1"
0.0852266694577726,0,"ENSG00000202515.1"
0,0.288081923869395,"ENSG00000204967.12"
0.296176063493972,0,"ENSG00000250120.8"
0,0,"ENSG00000112852.7"
0.293006126616955,7.56993067070056e-22,"ENSG00000113205.5"
0,0,"ENSG00000081818.4"
0,0,"ENSG00000113209.9"
0,0,"ENSG00000113211.5"
0,0.0582145261416836,"ENSG00000113212.7"
0,0,"ENSG00000120322.4"
0.0930009205045977,0,"ENSG00000272674.3"
0,0,"ENSG00000177839.7"
0,0.096500903878299,"ENSG00000120324.9"
0,0,"ENSG00000197479.7"
8.02159612708611e-23,0.0563348669386455,"ENSG00000120328.6"
6.56853644532005e-13,0.0329675041999674,"ENSG00000187372.11"
0,0,"ENSG00000120327.6"
0,0,"ENSG00000146001.5"
0,0,"ENSG00000113248.6"
0,0,"ENSG00000178913.8"
0,0,"ENSG00000272070.1"
0.314132171983623,0,"ENSG00000204956.5"
0,0.261368538825042,"ENSG00000081853.15"
0,0,"ENSG00000254245.2"
0,9.73539398852384e-16,"ENSG00000254221.2"
2.6166561399736e-21,0.113739031804597,"ENSG00000262576.3"
0,0,"ENSG00000253910.2"
0.237388400868558,0.155665698094832,"ENSG00000253485.2"
2.91140566814758e-20,1.7859698610367e-16,"ENSG00000262209.3"
0.313490704185008,0.0011031547088483,"ENSG00000253731.2"
2.71746068205081e-11,0.0763548610306588,"ENSG00000253537.3"
9.21898023604088e-19,0.0919400882874687,"ENSG00000253953.2"
0.173927905761118,0,"ENSG00000253767.2"
0,0,"ENSG00000276547.1"
0,0.283420646547659,"ENSG00000261934.2"
2.08542952803395e-13,0.00168463007431578,"ENSG00000253305.2"
0,1.47096072953033e-16,"ENSG00000253846.2"
7.71583812181018e-23,0.028854384175772,"ENSG00000254122.2"
0,0.0488961721549645,"ENSG00000253873.6"
0.0567901874458578,8.0845861990384e-13,"ENSG00000248449.2"
0,0,"ENSG00000253159.3"
0,0,"ENSG00000276545.1"
0.14823773194759,6.44454599947125e-12,"ENSG00000240184.7"
0,0.0523480613889767,"ENSG00000242419.5"
0.200656294166798,0.0582892203402845,"ENSG00000240764.3"
0.0579329034757524,0,"ENSG00000131504.17"
8.91012849348866e-11,0.0461620340911711,"ENSG00000246422.2"
0,0,"ENSG00000171720.10"
0,0,"ENSG00000164620.9"
0.364152765801757,2.96827847991439e-12,"ENSG00000197948.11"
0,0.25251236849106,"ENSG00000120318.16"
0,0,"ENSG00000287527.1"
0,0,"ENSG00000156453.13"
0,0,"ENSG00000081791.9"
1.2671317449387e-12,0.209234538539618,"ENSG00000113555.5"
0,0,"ENSG00000013561.18"
0.153786861470857,0.151713702334911,"ENSG00000113552.16"
0,0,"ENSG00000131507.11"
0.169141146815308,2.14905984136053e-16,"ENSG00000280047.1"
0.362786270068049,0.0974618642868849,"ENSG00000187678.9"
0.348032290032518,0.378385781294076,"ENSG00000231185.7"
0,0.000668187901599407,"ENSG00000113578.18"
0.393294463351915,9.42563762295089e-12,"ENSG00000236714.3"
0.039681627259179,3.18733440692689e-09,"ENSG00000145819.18"
0,0,"ENSG00000285366.1"
0.117614821777936,0,"ENSG00000113580.15"
0,0,"ENSG00000145817.17"
4.8695083019834e-20,0.0440998419809901,"ENSG00000183775.11"
0,0.0256470092346113,"ENSG00000248125.2"
4.47336634963915e-09,0.0149925797531968,"ENSG00000186314.11"
0.15631633086129,0.0167263386387069,"ENSG00000156463.18"
0,0,"ENSG00000133706.18"
0,0.075949820363677,"ENSG00000239602.1"
0,0,"ENSG00000091009.8"
0,0,"ENSG00000113649.11"
0,0,"ENSG00000156475.18"
0,0,"ENSG00000169302.16"
0,0,"ENSG00000113657.13"
0,0,"ENSG00000176049.16"
5.9721368675776e-11,0.228906532049809,"ENSG00000247199.5"
0,0,"ENSG00000145868.16"
0,0,"ENSG00000169252.5"
0,0.0658068779010755,"ENSG00000169247.12"
0,0,"ENSG00000173210.19"
0,0,"ENSG00000253406.1"
0,0,"ENSG00000157510.14"
0,0,"ENSG00000164284.15"
0,0.0743798583926435,"ENSG00000145882.11"
0,0.159487886122939,"ENSG00000249669.10"
0,0,"ENSG00000113712.18"
0.409609038302636,0.0330177799657955,"ENSG00000230551.4"
0.0884928376703964,2.67409147303843e-11,"ENSG00000241112.1"
0.216255388581654,0.454741169818845,"ENSG00000183111.12"
0.505737129648925,0.225941738866537,"ENSG00000155846.17"
0.43729911265421,5.02460801640781e-13,"ENSG00000155850.7"
0.0234955321725368,3.46883630959564e-20,"ENSG00000164296.7"
0,0,"ENSG00000113716.13"
0.0430153560379916,4.70616230259371e-16,"ENSG00000182578.13"
0.247706579456145,0,"ENSG00000214485.6"
0,0.0747490061712232,"ENSG00000113721.14"
0,0,"ENSG00000183876.9"
0,0,"ENSG00000070814.20"
0,0.0284254445435748,"ENSG00000019582.15"
0.359338649548946,2.0445828438984e-18,"ENSG00000164587.13"
0,0,"ENSG00000070614.15"
0,0,"ENSG00000171992.13"
0,0,"ENSG00000164591.13"
0,0,"ENSG00000086589.12"
0.011730438662915,4.41144448453164e-16,"ENSG00000132912.12"
0.187825366694659,0,"ENSG00000256235.2"
0,0,"ENSG00000145908.12"
0,0,"ENSG00000197083.11"
1.41618466854771e-12,0.0349055587595739,"ENSG00000211445.12"
0.244694956589748,6.62533411029381e-13,"ENSG00000145901.15"
0.166268089205826,2.97085308339429e-16,"ENSG00000197043.14"
0,0,"ENSG00000285420.1"
0,0,"ENSG00000198624.13"
0,0,"ENSG00000196743.9"
0.0538847533803979,0.176618731481532,"ENSG00000186335.9"
0.156317042894775,1.93732839367717e-12,"ENSG00000123643.13"
0.332860785099833,0.00646635045261254,"ENSG00000086570.12"
0.292399475473671,0,"ENSG00000271795.1"
0,0,"ENSG00000113140.11"
0,0,"ENSG00000249035.7"
0.0115023454675949,1.99180482229661e-16,"ENSG00000177556.12"
0.243100755670695,3.13479378458555e-14,"ENSG00000213433.5"
0.123774213407123,2.91358795528310e-11,"ENSG00000275765.5"
0.0243125545064426,9.2541385580462e-11,"ENSG00000145907.15"
0.315558108187185,0.0679112196394764,"ENSG00000155511.18"
0,0,"ENSG00000242976.3"
0,0,"ENSG00000055147.19"
0,0,"ENSG00000037749.12"
0.38282168420743,7.95366187537065e-21,"ENSG00000164574.16"
0.499742275005772,5.78817693101149e-15,"ENSG00000245275.8"
0,0,"ENSG00000164576.12"
0,0,"ENSG00000155506.17"
2.81839027754844e-14,0.230244662291341,"ENSG00000170271.11"
0.104056351669561,0,"ENSG00000155508.13"
3.51643036331376e-17,0,"ENSG00000082516.9"
3.77002899563083e-15,2.45278487956538e-20,"ENSG00000082515.18"
0.0296586002235233,2.99693814088203e-11,"ENSG00000170624.13"
0,0.150640807360785,"ENSG00000145850.9"
0.215403028498937,0.325345615682169,"ENSG00000135077.9"
0,0,"ENSG00000155868.8"
6.1849107143317e-13,0.0774136241828555,"ENSG00000113263.12"
7.06245112959359e-11,0.0567487711647865,"ENSG00000055163.20"
0.174250721645354,0,"ENSG00000135074.15"
0,0,"ENSG00000172548.14"
0,0,"ENSG00000113272.14"
0,0,"ENSG00000155858.6"
0.108752242016714,1.41175578384154e-11,"ENSG00000113282.13"
0.0509273737392452,0.0541080761172673,"ENSG00000276778.1"
3.39522406476026e-12,0.270319327787514,"ENSG00000254135.3"
1.19801925213488e-18,0.00458016561980295,"ENSG00000164330.17"
0,0,"ENSG00000253811.1"
0,1.34374159348142e-15,"ENSG00000253456.1"
0.180307520863647,0,"ENSG00000245812.3"
0.109900950486956,1.73276419803569e-10,"ENSG00000279204.1"
0.190284992108445,0,"ENSG00000145860.11"
0,0,"ENSG00000164332.8"
0.46360765936092,0.147589416380511,"ENSG00000170214.5"
0.0409004799132611,1.84245441046976e-11,"ENSG00000113312.11"
0.108187143378815,2.60396779859776e-18,"ENSG00000170234.13"
0,0,"ENSG00000135083.15"
0.0515910204002211,6.07948238653129e-13,"ENSG00000254373.1"
0,0,"ENSG00000145861.9"
0.184272239353083,0,"ENSG00000221886.4"
0,0,"ENSG00000164609.10"
0.155984487240649,0,"ENSG00000164611.13"
0.562000572970549,0.112767326248841,"ENSG00000253522.6"
0,0,"ENSG00000145864.12"
5.37510969141323e-16,0,"ENSG00000113328.19"
5.70007601617731e-15,0.0112811082654911,"ENSG00000170584.11"
0.0621327335900093,4.13123779897635e-10,"ENSG00000072571.20"
0,0,"ENSG00000038274.17"
0.486752850031844,0.280312081664954,"ENSG00000241956.10"
0,0,"ENSG00000145934.16"
0.529786943910344,0.0626751171630635,"ENSG00000113645.14"
0.093383142300661,2.38375238181999e-21,"ENSG00000113643.9"
0.14317856504267,1.1217812359047e-11,"ENSG00000120137.7"
0.0590538604690619,0.0428109135817948,"ENSG00000184347.14"
0,0,"ENSG00000254042.2"
0,0.156319066657025,"ENSG00000279752.1"
6.92714409630364e-15,0.0468673651647279,"ENSG00000248222.5"
0.0882379998969898,0,"ENSG00000040275.17"
0,0,"ENSG00000134516.17"
0.525800188951941,0.110162424393588,"ENSG00000204767.4"
0.392268930719336,1.65619823785947e-11,"ENSG00000234511.10"
4.26923100687859e-12,0.110654608731602,"ENSG00000043462.12"
0.642523566403336,2.91855349345463e-12,"ENSG00000235172.8"
0.228260441964485,0.204020722151998,"ENSG00000145936.9"
0,0,"ENSG00000204764.14"
0.317142472141475,0.0177954254828809,"ENSG00000181163.13"
0.126490900329491,0.293840325251134,"ENSG00000156427.8"
0,0,"ENSG00000072803.17"
0.566949847338865,1.99127197141939e-12,"ENSG00000072786.13"
0.471349038984085,6.26183704993618e-09,"ENSG00000168246.6"
0.037232427525738,0.0296403498705288,"ENSG00000253218.1"
0.183206668694358,8.96630850916855e-11,"ENSG00000174705.13"
1.53763291649181e-19,0.104422228315645,"ENSG00000214357.9"
7.70880271116792e-17,2.75031126537438e-19,"ENSG00000253295.2"
0.179294912040772,6.80645851604718e-11,"ENSG00000213386.3"
0.685718013352036,1.16215081459676e-14,"ENSG00000120129.6"
0.0948844280120039,6.43416751245296e-13,"ENSG00000113719.16"
0,0,"ENSG00000204758.8"
0.152390476269886,1.17893884334325e-18,"ENSG00000037241.7"
0.0502896618005919,2.84561235133257e-10,"ENSG00000113732.9"
0.524449935541984,2.64459752608845e-10,"ENSG00000212402.1"
0,0,"ENSG00000164463.12"
0.351449804475422,1.7482628725074e-21,"ENSG00000113734.17"
0,0.177390061735682,"ENSG00000113739.10"
6.73345513360794e-16,0,"ENSG00000253955.2"
0.0117147721835444,6.32984517841571e-10,"ENSG00000145919.11"
0.155091565163922,0.291243906270145,"ENSG00000253686.2"
0.152241354039945,0,"ENSG00000254211.6"
0.0708485979503512,2.86143634272995e-21,"ENSG00000113742.14"
3.73583180234925e-12,0.347473136911325,"ENSG00000120149.9"
0,0,"ENSG00000164466.13"
0,0,"ENSG00000113749.7"
0.330978633433356,0.566621554074003,"ENSG00000051596.9"
0.341627952756965,0.0011014246349324,"ENSG00000170085.18"
0.0550836013706929,0.111872789430408,"ENSG00000251667.1"
0,0,"ENSG00000122203.15"
3.31111316400709e-11,0.0154948691893622,"ENSG00000175414.7"
0.456509550184147,0,"ENSG00000048162.20"
0.135624231100754,3.08274075225287e-12,"ENSG00000146066.3"
0,4.79710774193995e-17,"ENSG00000175416.13"
0,0,"ENSG00000113194.13"
0,0,"ENSG00000146083.12"
0.138456256903329,1.11091685251994e-11,"ENSG00000169258.7"
0.367115798446294,1.36189082501752e-20,"ENSG00000048140.18"
0,0,"ENSG00000113763.12"
0.206400839379361,0.196526708984021,"ENSG00000160883.11"
0,0,"ENSG00000087206.17"
0,0,"ENSG00000113761.12"
0,0,"ENSG00000251666.1"
0,0,"ENSG00000165671.20"
0,0,"ENSG00000286634.1"
0,0,"ENSG00000240729.1"
2.28611679299459e-21,0.0802775064850078,"ENSG00000169228.14"
0.243586619055208,1.86672720689121e-14,"ENSG00000213347.10"
0.770657086073868,0.106512041139064,"ENSG00000169230.10"
0,0.00947646372671521,"ENSG00000169223.15"
0.327041783292091,1.13088163966964e-15,"ENSG00000169220.18"
0,0,"ENSG00000198055.11"
0,0,"ENSG00000246334.2"
0,0,"ENSG00000131188.12"
0.313564881954048,0.0663435855951585,"ENSG00000113758.13"
0.0407737373153438,1.97644963974391e-12,"ENSG00000279821.1"
0,0,"ENSG00000196923.14"
0,0,"ENSG00000248996.1"
0.159094123967318,0.350861574287596,"ENSG00000146094.14"
0.224476162113461,1.25693075909836e-12,"ENSG00000183258.12"
0.632065106585475,0.122840936989769,"ENSG00000146067.16"
0.13865210858872,3.50313856190049e-10,"ENSG00000184840.12"
0,0,"ENSG00000027847.14"
0.110514377702745,0.156188110584591,"ENSG00000247679.3"
0,0.160385644923277,"ENSG00000246596.7"
6.17181849032359e-12,0.0332015836985523,"ENSG00000170089.15"
0,0.0167740354228982,"ENSG00000249684.6"
0.125551530850958,0,"ENSG00000249129.1"
0,0,"ENSG00000204677.13"
6.75065995469107e-15,0.0947704555149434,"ENSG00000145911.6"
0,0,"ENSG00000145916.19"
0.0655089551246101,2.59962906988223e-22,"ENSG00000145912.8"
0.398964168792081,0.0651089449281409,"ENSG00000197451.12"
0,0,"ENSG00000175309.15"
0,0.120575825116965,"ENSG00000050767.17"
0,0.00789131212424463,"ENSG00000113240.13"
0,0,"ENSG00000169131.13"
0.541751117965643,0.142882363752777,"ENSG00000178338.11"
0,0,"ENSG00000198939.8"
0.108122963350244,2.60300317466109e-13,"ENSG00000178187.7"
0.038932890994692,0.0681115756468451,"ENSG00000113262.16"
0.0708104975167436,0.245475892503827,"ENSG00000234284.7"
3.34734983395352e-19,0.140363359328827,"ENSG00000177932.7"
2.87839836275636e-18,0.26679101499288,"ENSG00000087116.16"
0.688686514681007,0.0103358349244424,"ENSG00000176783.15"
0,0,"ENSG00000244945.1"
0,0,"ENSG00000169045.17"
0,0,"ENSG00000127022.15"
0,0.0292076164874646,"ENSG00000225051.5"
3.26649373616701e-15,0,"ENSG00000161021.13"
0,0,"ENSG00000213316.10"
0,0,"ENSG00000161013.17"
0,0,"ENSG00000161011.20"
0.13439094558449,6.47825970976848e-12,"ENSG00000161010.15"
8.56822827874739e-12,0.224876601170472,"ENSG00000245317.2"
0,0,"ENSG00000197226.12"
0.0333000816910546,0.024934676930898,"ENSG00000113269.14"
0,0,"ENSG00000285865.1"
0,0,"ENSG00000146090.16"
0.207402365324914,1.26245383384859e-20,"ENSG00000050748.17"
0,0.205708309246646,"ENSG00000248367.1"
0.0945418591182915,1.10185155479741e-10,"ENSG00000131459.13"
0.322335536151644,3.35827610767415e-08,"ENSG00000113300.13"
0.0919413675448568,1.13825191836898e-13,"ENSG00000037280.16"
0,0,"ENSG00000131446.16"
0,0.0622218950709138,"ENSG00000280161.1"
0,0,"ENSG00000278970.2"
0,0.0638417634115168,"ENSG00000245060.8"
0,0,"ENSG00000196670.13"
0.281988401167435,0.124217524868465,"ENSG00000165810.17"
2.75140833095003e-17,0,"ENSG00000250222.2"
0.0286697202621192,7.96047845929317e-12,"ENSG00000146054.18"
0,0,"ENSG00000146063.20"
0.316409144179507,1.22115299006244e-12,"ENSG00000204628.12"
0,0.57251807973799,"ENSG00000233937.7"
0.437852608178946,7.86288673851128e-13,"ENSG00000183718.5"
0,0,"ENSG00000248275.2"
0,0,"ENSG00000287265.1"
0,0,"ENSG00000112679.14"
0,0.140700792283189,"ENSG00000137265.15"
0,0,"ENSG00000286364.1"
0,0,"ENSG00000112685.14"
0.0161228040119841,2.7011871061767e-13,"ENSG00000188996.4"
0,0,"ENSG00000137273.6"
0,0.0375660969959457,"ENSG00000280916.2"
1.56673444341259e-19,0.215391470410353,"ENSG00000054598.9"
4.93746911496843e-19,0.19902718062549,"ENSG00000112699.11"
0,0,"ENSG00000285603.1"
0,0,"ENSG00000250903.9"
0,0,"ENSG00000286512.1"
1.45551250067606e-15,0,"ENSG00000164385.9"
0,0,"ENSG00000145949.11"
0,0,"ENSG00000124535.16"
0,0,"ENSG00000021355.13"
0.383034714482789,5.7726548878664e-11,"ENSG00000230438.7"
0.139606675834664,0.126863169751126,"ENSG00000170542.6"
0.104919884379995,0.0206869423404712,"ENSG00000124570.20"
0.110670034688694,0.231149573079019,"ENSG00000244041.7"
0.4064296864337,0,"ENSG00000124588.20"
0,0,"ENSG00000137275.14"
0,0,"ENSG00000272277.1"
0.200880065150221,0.500056347197699,"ENSG00000137274.13"
0.264086099644872,1.12019769025077e-22,"ENSG00000137267.6"
0,0,"ENSG00000137285.10"
0,0,"ENSG00000180822.11"
0.509193127249903,2.83282403391594e-12,"ENSG00000137266.14"
0.30001582616359,9.56117211481438e-20,"ENSG00000272320.1"
0.313938384650814,0.260235695731944,"ENSG00000228793.2"
0,0,"ENSG00000168994.13"
0.270766424786222,1.85518995111304e-15,"ENSG00000270504.1"
0.161868487371144,0,"ENSG00000145945.7"
0.116072971180746,0.261132386279961,"ENSG00000260604.2"
0,0.103222694005842,"ENSG00000279926.1"
0,0,"ENSG00000112739.17"
0,0,"ENSG00000198721.12"
0,0,"ENSG00000234817.2"
0.192644487342743,1.42502177695936e-19,"ENSG00000201185.1"
0.074224255644787,2.32080730323117e-10,"ENSG00000153046.18"
0,0,"ENSG00000124787.14"
0.265113653300117,0.0594950237097576,"ENSG00000272142.3"
0.644879640295091,0.0143172279346087,"ENSG00000271978.1"
0.0519370738120489,1.51823339195288e-22,"ENSG00000219607.3"
0.310210029707973,0,"ENSG00000214113.10"
0.094327670380418,1.11293319954573e-08,"ENSG00000145982.12"
0,0,"ENSG00000269985.1"
0,2.99639698833894e-17,"ENSG00000270174.1"
0,0,"ENSG00000124785.9"
0.0500757734091374,0,"ENSG00000124491.15"
0,0,"ENSG00000112799.9"
0.0749133647647216,0.361001070845326,"ENSG00000288046.1"
0.133867362835303,0.0915711937072592,"ENSG00000124782.20"
0.00507240422539721,6.29160614197574e-12,"ENSG00000225092.2"
0,0,"ENSG00000124783.14"
0,0,"ENSG00000124784.9"
0.0775079754847756,0.266066806026016,"ENSG00000096696.14"
0.0475037435442417,0.0841002717903617,"ENSG00000168566.13"
0.370162946154755,0.0834673999854397,"ENSG00000153162.9"
0,0,"ENSG00000239264.9"
0,0.257278023793589,"ENSG00000188428.20"
0,0,"ENSG00000124802.12"
0,0,"ENSG00000124786.11"
0.435710461550272,0.158155694189977,"ENSG00000285219.2"
0.0415372994561216,1.40866621911002e-11,"ENSG00000111846.17"
0.0346805062247707,1.82222515462978e-12,"ENSG00000111845.5"
0,0,"ENSG00000111843.14"
0,0.124709842188228,"ENSG00000137210.14"
0,0,"ENSG00000111837.11"
0.406052430553173,0.00496873512638773,"ENSG00000197977.4"
0.266347916450682,0.156520499344258,"ENSG00000224531.6"
0,0,"ENSG00000244476.3"
0,0,"ENSG00000111859.17"
0,0,"ENSG00000287920.1"
6.17101455251881e-12,0.0862910976485263,"ENSG00000205269.6"
0,0,"ENSG00000111863.12"
0.185091881910613,1.44106237771552e-09,"ENSG00000095951.17"
0.576030898185187,0.274538035501152,"ENSG00000078401.7"
0.715109373774892,9.82191681872279e-11,"ENSG00000112137.17"
0.116603247286486,0.22841397662433,"ENSG00000215022.7"
0,0,"ENSG00000145979.18"
0,0,"ENSG00000145990.11"
0,0.194183616636399,"ENSG00000124523.16"
0,0.0226113215707946,"ENSG00000225921.7"
0.0345847923310817,1.51706860020928e-12,"ENSG00000010017.13"
0.00223471795180691,3.62691711950387e-12,"ENSG00000286316.1"
0,0,"ENSG00000050393.11"
0,0,"ENSG00000180537.13"
0,0,"ENSG00000112149.10"
0.108198598653798,0,"ENSG00000234261.4"
3.497870724408e-16,0,"ENSG00000008083.14"
0.598243633312404,5.76145103182233e-11,"ENSG00000235488.1"
0.00580811581165407,2.83070079206781e-14,"ENSG00000047579.19"
0.367404224145738,0.0760719615202334,"ENSG00000007944.15"
0.155810023164494,7.14776417635494e-12,"ENSG00000137198.10"
0,0.499881399991182,"ENSG00000282024.1"
0.176403251788166,0,"ENSG00000124788.18"
0.453305870948826,1.46390121437317e-13,"ENSG00000229931.1"
0.398452618924105,0.0760913975425734,"ENSG00000272341.1"
0.139476725193796,0.126509173008685,"ENSG00000112186.12"
1.53732702990675e-11,0.0871036184147635,"ENSG00000137414.6"
0,0,"ENSG00000124789.11"
0.0604020490807128,0,"ENSG00000272269.1"
0,0,"ENSG00000137177.20"
0.22203987976554,0.0501444492048717,"ENSG00000187566.6"
0,0.0280627713051454,"ENSG00000137364.5"
0.0207208590321598,0,"ENSG00000165097.16"
0,0,"ENSG00000124795.17"
0.220759023138581,0,"ENSG00000137393.9"
0,0,"ENSG00000228412.9"
0,0,"ENSG00000172201.12"
0,0.475162032901064,"ENSG00000172197.11"
0.154160478757593,1.88948123823616e-12,"ENSG00000112242.15"
0,0,"ENSG00000240869.3"
0,0,"ENSG00000145996.11"
0,0,"ENSG00000124766.7"
0.470003803046575,0.111089293409409,"ENSG00000272168.8"
0,0,"ENSG00000124532.14"
0.0599702237385394,1.08471485959087e-09,"ENSG00000112293.15"
0.173772498460169,0.197983768165638,"ENSG00000112294.13"
0,0,"ENSG00000111802.14"
0,0,"ENSG00000112304.11"
0.495563811240548,0.103026224576906,"ENSG00000272345.1"
0.0376916113707558,0,"ENSG00000112308.13"
0.146809811298723,1.13844625927906e-11,"ENSG00000272402.1"
3.79771598891004e-11,0.0725574407638529,"ENSG00000112312.10"
0,0,"ENSG00000111913.19"
0,0,"ENSG00000168405.17"
0,0.158250412074469,"ENSG00000079691.18"
0,0,"ENSG00000112343.11"
2.10600694767695e-12,0.104002389733216,"ENSG00000272462.3"
0,0,"ENSG00000124610.4"
0.456721303088332,4.36178517902232e-12,"ENSG00000275714.1"
0.661312000821483,2.08760371994696e-14,"ENSG00000278637.1"
0.182727210445037,2.03705093771884e-21,"ENSG00000278705.1"
0.510672702795357,7.75449880953955e-15,"ENSG00000286522.1"
0.339871171679696,0,"ENSG00000278463.1"
0.28025668121441,0,"ENSG00000276410.3"
0.514653864908965,0,"ENSG00000287080.1"
0,0,"ENSG00000187837.3"
0.172615291195094,1.47758354002876e-12,"ENSG00000010704.18"
0.372695130093454,0,"ENSG00000197061.4"
0.20641752242898,1.97946560007153e-23,"ENSG00000180596.7"
0,0,"ENSG00000180573.9"
0.266357500316928,4.25144664796287e-11,"ENSG00000168298.6"
0.324073727097285,2.43818708734029e-11,"ENSG00000158373.8"
0.475753559250167,4.0860499186996e-11,"ENSG00000274290.2"
0.554426994891234,1.64575245352473e-09,"ENSG00000277157.1"
0.616706719599747,1.14152847816715e-22,"ENSG00000277224.2"
0.669462100459324,2.0695435327695e-10,"ENSG00000276966.2"
0.764532269842658,0.00355170889583232,"ENSG00000273802.2"
0.614524617322185,0,"ENSG00000277075.2"
0.449952826980154,5.24230640090179e-17,"ENSG00000274750.2"
0.749312430042061,6.27442258774259e-13,"ENSG00000124575.6"
0.418796940479922,0,"ENSG00000274618.1"
0.7730257593562,5.59790276806885e-15,"ENSG00000277775.1"
0.833805299874353,8.14206052449767e-18,"ENSG00000275713.2"
0.480073483387748,7.61632667905244e-11,"ENSG00000273983.1"
0.486589691633618,5.23917933299952e-23,"ENSG00000278588.1"
0.779355087002954,0,"ENSG00000158406.4"
0.345825013688146,0,"ENSG00000186470.14"
0,0,"ENSG00000124508.17"
0,0,"ENSG00000026950.17"
0.256094132156646,0.0192189783830741,"ENSG00000124549.14"
0,0,"ENSG00000111801.16"
0,0,"ENSG00000112763.17"
0.326488253805809,2.95049119490116e-14,"ENSG00000228223.3"
0,0,"ENSG00000182952.5"
0,0,"ENSG00000146109.5"
1.00896354404172e-12,0.100749602376048,"ENSG00000181315.11"
0,0,"ENSG00000241549.8"
0,0,"ENSG00000287966.1"
0.308241701675907,3.3246162025671e-13,"ENSG00000124635.8"
0.367474503779493,0,"ENSG00000196787.3"
0.106951428982961,0,"ENSG00000276180.1"
0.179232600841238,2.59645920258395e-17,"ENSG00000197903.7"
0.463080643483817,0,"ENSG00000274997.1"
0,0,"ENSG00000204789.4"
0,0,"ENSG00000124613.8"
0,0,"ENSG00000096654.15"
0,0,"ENSG00000287252.1"
0.329569481480977,3.94470043415369e-15,"ENSG00000185130.5"
0.579904963783776,2.59276655829096e-22,"ENSG00000196747.4"
0.370215904939672,0,"ENSG00000278828.1"
0.531023187859602,6.58646618466215e-11,"ENSG00000276368.1"
0.491356249536671,4.18702942879118e-14,"ENSG00000273703.1"
0,0,"ENSG00000197238.4"
0.702081344840723,2.31524726172194e-11,"ENSG00000273542.1"
0.153076087418246,1.61353350135338e-20,"ENSG00000233822.4"
0.411842851971092,1.10093488224025e-16,"ENSG00000276903.1"
0.640121589517302,4.12282685684069e-11,"ENSG00000184357.4"
0.373328977391885,2.32700129591208e-13,"ENSG00000275379.1"
0.281402851644406,5.27159775118847e-12,"ENSG00000275126.1"
0.313820525355156,5.75724553745144e-13,"ENSG00000197153.4"
0.208221257304402,0,"ENSG00000278677.1"
0.559729608378921,1.48636447776413e-09,"ENSG00000274641.1"
0.116377597861214,0.145960676167328,"ENSG00000269293.3"
0.0318818772314227,0,"ENSG00000197279.4"
0,0,"ENSG00000219891.2"
0,0,"ENSG00000196812.5"
0,0,"ENSG00000198315.11"
1.15004786123947e-15,0.0187926101719433,"ENSG00000226314.8"
4.60737123192088e-08,0.0870770459562952,"ENSG00000137185.12"
0,0,"ENSG00000187626.9"
0.0771860828672008,8.47473012651006e-10,"ENSG00000189134.4"
0,0,"ENSG00000197062.11"
0.043761065908148,2.51081675975233e-15,"ENSG00000137338.5"
0.281448802778491,0,"ENSG00000235109.7"
0.187160820666468,0.396764244640462,"ENSG00000189298.14"
0.0509471317036906,0.0404659459526049,"ENSG00000158691.14"
0,0.0295333416787762,"ENSG00000187987.9"
0,0,"ENSG00000204713.11"
0,0,"ENSG00000263426.2"
0,0,"ENSG00000197935.6"
0,0,"ENSG00000204681.11"
0,0,"ENSG00000204657.4"
0.269245017211214,1.77074216540238e-09,"ENSG00000204642.14"
0.273002464347896,9.04509166907527e-12,"ENSG00000214922.9"
0,0.17623743924678,"ENSG00000273340.1"
0.841520493765137,0.0474532701655626,"ENSG00000204632.11"
0,0,"ENSG00000285799.1"
0.752990541884558,0.0916439310891229,"ENSG00000230521.1"
0.796343766598047,0.0620901791560448,"ENSG00000206341.7"
0.736126756142847,0.000814014100454804,"ENSG00000230795.3"
0.948791090857977,0,"ENSG00000228078.1"
0.331698745482964,3.26329828520822e-11,"ENSG00000206503.13"
0.032454016142651,0,"ENSG00000235290.1"
0,0.0545593172938817,"ENSG00000229390.1"
0,0,"ENSG00000204623.9"
0,0,"ENSG00000066379.15"
0.0335589193628532,7.2274851886646e-11,"ENSG00000204619.8"
8.09249865842798e-09,0.0370800335280049,"ENSG00000204618.8"
0,0,"ENSG00000204613.11"
0,0,"ENSG00000234127.9"
0,0,"ENSG00000233892.1"
0.0125600907391388,2.07140119945955e-21,"ENSG00000243753.5"
0,0,"ENSG00000280128.1"
0,0,"ENSG00000231074.9"
0,0,"ENSG00000204599.14"
0.0440691380068574,0,"ENSG00000204592.9"
0,0,"ENSG00000204590.12"
0.254540760630701,7.29536965509267e-11,"ENSG00000204576.11"
0.456241046746068,0.0448512625452363,"ENSG00000204574.13"
0,0,"ENSG00000204569.10"
0.196013826585708,0.025771976043475,"ENSG00000204568.12"
0,0,"ENSG00000137343.18"
0,0,"ENSG00000228415.3"
0,0,"ENSG00000204564.12"
0,0,"ENSG00000204560.10"
0,0,"ENSG00000146112.12"
0.115243161431805,3.95418709835925e-23,"ENSG00000137404.14"
0,0,"ENSG00000137337.15"
0.125119950685579,2.87068180467782e-11,"ENSG00000196230.13"
0.133668093694305,0.358509627969708,"ENSG00000272540.1"
0,0,"ENSG00000137312.15"
0.233480297915846,1.1923250193297e-14,"ENSG00000272273.1"
0.468594583255536,0.0740755386766321,"ENSG00000137331.12"
1.12227957988585e-12,0.0422918584427653,"ENSG00000204580.13"
0.117853097160968,5.68555086383928e-13,"ENSG00000204540.11"
0.0397075559585542,0,"ENSG00000204536.14"
0.431780112620697,8.6787824046764e-11,"ENSG00000137310.12"
0.454541640921004,1.27532998920249e-08,"ENSG00000204531.18"
0,0,"ENSG00000272501.1"
0,0,"ENSG00000206344.7"
0,0,"ENSG00000204525.16"
0.290412154848413,1.10453542145448e-20,"ENSG00000234745.11"
0.274957524579327,2.50189072137445e-12,"ENSG00000272221.1"
0.817651342607765,0.0690773162974853,"ENSG00000204520.13"
0.0938233583467818,3.64292049240349e-12,"ENSG00000206337.11"
0.169608777858727,2.37916232603205e-10,"ENSG00000286940.1"
0.227244216085989,0.108720630769223,"ENSG00000204516.10"
0,0,"ENSG00000198563.14"
0.322387353350954,4.72236520210685e-20,"ENSG00000204498.11"
0,0,"ENSG00000232810.4"
0,0.105541039103009,"ENSG00000227507.2"
0,0.239171369317093,"ENSG00000204482.10"
0,0,"ENSG00000204472.13"
0.00258279158424173,9.37179554150018e-10,"ENSG00000204469.13"
0.0323088375067532,1.23205657570325e-12,"ENSG00000200816.1"
0,0,"ENSG00000204463.12"
0,0,"ENSG00000204444.11"
0.332109225562054,1.7833782721214e-22,"ENSG00000204439.4"
0.292994497439317,0,"ENSG00000204438.11"
0.0212079951420754,5.00710303167722e-11,"ENSG00000204435.13"
0.685000654664948,7.04248317959545e-22,"ENSG00000240053.8"
0.259392801150649,2.72047011165152e-15,"ENSG00000204428.12"
0,0,"ENSG00000204427.12"
0.396290626990664,2.66952264706289e-09,"ENSG00000204420.10"
0,0,"ENSG00000213722.9"
0.387245539298982,5.65411353792534e-22,"ENSG00000213719.8"
0.22927912664798,0.258172924531232,"ENSG00000204410.15"
0.0791680648591066,6.37825425248771e-19,"ENSG00000204394.13"
0.0440728980858595,0,"ENSG00000204392.11"
0.252194304450369,4.54857945791188e-12,"ENSG00000204390.10"
3.49499749701977e-20,2.43067902334172e-16,"ENSG00000204389.10"
0,0,"ENSG00000204388.7"
0.0457263852149125,0.007778943764964,"ENSG00000204387.14"
0,0,"ENSG00000204386.11"
0,0,"ENSG00000204385.12"
0,0,"ENSG00000204371.11"
0.554421207486874,0.0688689561318298,"ENSG00000166278.15"
0,0,"ENSG00000204366.4"
0.215364472645574,0,"ENSG00000243649.8"
0.0547129104873733,1.67476547744522e-10,"ENSG00000204356.14"
0,0,"ENSG00000204351.12"
0,0,"ENSG00000204348.10"
0,0,"ENSG00000204344.14"
0,0.0638058938112399,"ENSG00000244731.8"
0,0,"ENSG00000224389.9"
0,0,"ENSG00000168477.19"
0,0,"ENSG00000286974.1"
0.263726661651692,0.0798593401723887,"ENSG00000213676.13"
0,0,"ENSG00000204315.4"
3.76775265248576e-11,0.244928855274356,"ENSG00000221988.13"
0.0850518410150931,0,"ENSG00000241404.7"
0,0,"ENSG00000204310.13"
0.232510684965378,5.56189365797503e-19,"ENSG00000204308.8"
9.106118245556e-13,0.204710125069844,"ENSG00000204305.14"
0,0,"ENSG00000204304.12"
0,0.131253289081163,"ENSG00000213654.10"
0,0,"ENSG00000204301.6"
0.312233991008308,0.0745168572089735,"ENSG00000225914.3"
0,0.0697913764508266,"ENSG00000204287.14"
0.302421924363257,7.93620738030879e-23,"ENSG00000198502.6"
0,0.157498118374764,"ENSG00000229391.7"
0,0,"ENSG00000196126.11"
0,0,"ENSG00000196735.12"
0.535421634322349,0,"ENSG00000179344.16"
0,0,"ENSG00000237541.4"
0.0377645026704701,0,"ENSG00000204267.15"
0.160582748270424,0,"ENSG00000204264.11"
0.366350910251104,0.106524497382063,"ENSG00000204261.9"
0.328507229965818,4.11190966768204e-15,"ENSG00000240065.8"
0.465971492773587,9.51618919377231e-16,"ENSG00000168394.11"
0,0,"ENSG00000242574.9"
0,0,"ENSG00000204257.15"
0,0,"ENSG00000204256.13"
0,0.101630652074834,"ENSG00000204252.14"
0,0,"ENSG00000231389.7"
0,0,"ENSG00000223865.11"
0,0,"ENSG00000204248.10"
0,0,"ENSG00000204231.10"
0.293649634642819,0.350545401931239,"ENSG00000112473.18"
0,0,"ENSG00000204228.4"
9.72142333480421e-13,0.0333924086695194,"ENSG00000204227.5"
0.163801441647345,1.38937618399391e-21,"ENSG00000232940.6"
0,0,"ENSG00000223501.9"
0.124826508248662,1.2623549124929e-20,"ENSG00000231500.7"
0,0,"ENSG00000235863.4"
0.0763951105760674,0,"ENSG00000227057.10"
0.0498165831004773,2.34597762963362e-11,"ENSG00000204220.11"
0,0,"ENSG00000237441.10"
0.575460760781202,2.24511498078401e-08,"ENSG00000231925.11"
0.120451388814791,1.74855311182356e-12,"ENSG00000236104.3"
0.381156295326593,0,"ENSG00000204209.13"
0.274711921582616,6.24071429823819e-15,"ENSG00000237649.8"
0,0,"ENSG00000112511.17"
0.122080178640709,0,"ENSG00000112514.16"
0,0,"ENSG00000197283.17"
0.169748174309868,1.62492781737219e-15,"ENSG00000213588.6"
0.075121481242928,5.62746094222869e-13,"ENSG00000030110.13"
0,0,"ENSG00000096433.11"
0.11389502778119,0,"ENSG00000137288.10"
0.339333264583691,0.0433357840881413,"ENSG00000161896.12"
0.206561627599429,3.10765996552368e-21,"ENSG00000161904.12"
0.510870004063734,0.0113520115080453,"ENSG00000137309.19"
0.305711281415901,5.62081566683928e-19,"ENSG00000186577.14"
0,0,"ENSG00000225339.4"
0,0,"ENSG00000272325.2"
0.131824242227152,0,"ENSG00000124614.16"
0.450194374728525,2.18986579099936e-11,"ENSG00000124507.11"
0,0,"ENSG00000196821.10"
0,0,"ENSG00000265123.2"
0.270109506940189,0.092797073677367,"ENSG00000272288.6"
0.0616284569064412,6.3036575331586e-19,"ENSG00000124562.10"
0.194337098059624,0,"ENSG00000065060.17"
0,0,"ENSG00000064995.18"
0,0,"ENSG00000064999.15"
0,0.158636672617496,"ENSG00000286550.1"
0.571799344139499,1.63185306904598e-18,"ENSG00000146197.9"
0.126772847484254,0,"ENSG00000272374.1"
0,0,"ENSG00000065029.15"
3.07032863885741e-13,0.250249732982194,"ENSG00000023892.11"
0.227275533019842,0,"ENSG00000112033.14"
4.35212894499376e-20,0.388033390863174,"ENSG00000112039.4"
0.169235098249011,1.05164602421642e-11,"ENSG00000198755.11"
0.117462608365399,0.0903841267019758,"ENSG00000007866.21"
0,0,"ENSG00000112041.13"
0.281385497589393,0.178186652998723,"ENSG00000228559.2"
0.587512888044616,0.0970216611286683,"ENSG00000096060.14"
0.581792741745395,0.15625269466804,"ENSG00000287458.1"
0,0,"ENSG00000265527.1"
0.0984057190789557,0,"ENSG00000157343.8"
0,1.61386858247999e-16,"ENSG00000197753.11"
0.0286701504898055,9.2789746583787e-15,"ENSG00000096063.16"
0,0,"ENSG00000112053.14"
0,0,"ENSG00000112062.10"
4.6844179561006e-10,0.0825139099898308,"ENSG00000237719.1"
0,0.109547223721041,"ENSG00000156711.17"
0.470723848618063,7.2223346681733e-11,"ENSG00000246982.7"
0.0268752880786243,3.84932054256864e-14,"ENSG00000096070.19"
0.225748584957917,2.18596723217157e-15,"ENSG00000010030.14"
0.525028748587341,2.82118797400687e-11,"ENSG00000112078.14"
0,0,"ENSG00000112079.9"
3.67703996344832e-17,1.46984419322159e-15,"ENSG00000112081.17"
0.325597788944191,0,"ENSG00000124762.13"
0,0,"ENSG00000255587.9"
0,0,"ENSG00000124772.12"
0.0672626681009443,9.31746618089212e-12,"ENSG00000137168.8"
0,0,"ENSG00000198663.16"
0,0,"ENSG00000164530.15"
0.094139108077228,0.0166451013377542,"ENSG00000137409.19"
0,0,"ENSG00000146192.15"
0.0996276499984147,3.24126596578545e-12,"ENSG00000137193.14"
0.272532934167599,0,"ENSG00000172738.12"
0.028954444901131,2.5847725087757e-12,"ENSG00000065491.8"
0,0,"ENSG00000286672.1"
0,0,"ENSG00000112130.17"
0,0,"ENSG00000137200.13"
0,0.157562368298452,"ENSG00000198937.9"
0.501995074318956,5.42688391319239e-15,"ENSG00000112139.16"
0,0,"ENSG00000156639.12"
0,0,"ENSG00000218521.1"
0,0,"ENSG00000183826.18"
0,0,"ENSG00000226533.1"
0.00955753154057561,1.30240726922464e-20,"ENSG00000124767.7"
0.102880251659789,0,"ENSG00000112167.10"
0.175529233853329,0.0402425635115107,"ENSG00000217165.1"
0,0.0320759145646183,"ENSG00000164626.9"
0,0,"ENSG00000124780.14"
0,0,"ENSG00000164627.18"
4.41939327559061e-12,0.0203646715255442,"ENSG00000146122.17"
0.145733587599606,0.0798413319028437,"ENSG00000281969.1"
0,0,"ENSG00000235033.7"
7.31412126544249e-13,0.126269101839248,"ENSG00000124615.20"
0,0.0124928631675198,"ENSG00000124596.17"
0.100409647479786,0.471041987272923,"ENSG00000112212.12"
0,0,"ENSG00000001167.14"
0.190286867984563,0.113425684172096,"ENSG00000287678.1"
0,0,"ENSG00000161912.18"
0,0,"ENSG00000161911.11"
0,0,"ENSG00000124731.13"
0,0,"ENSG00000234753.5"
0.0952457358122894,0.250592218387543,"ENSG00000137166.15"
0,0,"ENSG00000112559.14"
0,0,"ENSG00000112561.18"
0,0,"ENSG00000137218.10"
0.230381926100633,0.366913849573656,"ENSG00000124593.16"
0.0743232499146221,6.42726691577772e-11,"ENSG00000164663.14"
0.0963929249393329,7.18986309080291e-21,"ENSG00000124641.16"
0.0550605005231369,0,"ENSG00000112578.10"
0.279654078905828,0,"ENSG00000112576.12"
0,0,"ENSG00000137413.16"
0.127091169689586,4.45291247876079e-12,"ENSG00000261068.2"
0.0717738927407673,2.73486787343633e-11,"ENSG00000188112.9"
0,0,"ENSG00000112599.9"
0,0,"ENSG00000048544.6"
1.64354237392579e-20,0.00105977020936103,"ENSG00000124496.12"
0,0,"ENSG00000024048.10"
0,0,"ENSG00000112619.8"
0,0,"ENSG00000124659.7"
0,0,"ENSG00000112624.12"
0,0,"ENSG00000146223.15"
0,0,"ENSG00000221821.4"
0,0,"ENSG00000137161.17"
0.257710068930758,0.239775494099959,"ENSG00000231113.2"
0,0,"ENSG00000124587.14"
0.0957853324561758,2.4937670391036e-12,"ENSG00000112640.15"
0,0,"ENSG00000124733.5"
0.480358333529945,8.72325163582301e-11,"ENSG00000124702.18"
0.354220624950871,0.0198970289397838,"ENSG00000124541.7"
0,0,"ENSG00000044090.8"
0.199839630638109,0,"ENSG00000137171.15"
0.000636226152806014,7.11116512885998e-12,"ENSG00000112651.12"
0,2.7158136913395e-15,"ENSG00000112655.16"
0,0.164296041157546,"ENSG00000112658.8"
0,0,"ENSG00000112659.14"
0,0,"ENSG00000112667.12"
0,0,"ENSG00000171467.16"
0,0,"ENSG00000124574.15"
0.046268288952654,0,"ENSG00000171462.15"
0,0,"ENSG00000137221.14"
0,0,"ENSG00000204052.4"
1.64423272703793e-13,0.198839807097296,"ENSG00000171453.20"
0,0,"ENSG00000137207.12"
0.0180045975390931,1.50010357400143e-15,"ENSG00000124571.18"
0.529768718793871,0.191148775719041,"ENSG00000170734.11"
0.227037116429676,3.70622474787286e-14,"ENSG00000203362.2"
0.139287636123951,0.0993277347868376,"ENSG00000172432.19"
0,0,"ENSG00000124688.13"
0,0,"ENSG00000172426.16"
0.150242018408805,4.56353977093005e-10,"ENSG00000096080.11"
0.496795710286947,0.255127998501076,"ENSG00000112715.22"
0.300868173194277,0.26165570747032,"ENSG00000231881.2"
0.117990937588024,3.99572469772502e-10,"ENSG00000287562.1"
0.132588324774785,2.78898857717744e-11,"ENSG00000180992.7"
0.0926523429824203,5.57432370761756e-12,"ENSG00000137216.19"
0,0,"ENSG00000137225.13"
0.649756046948263,0.071637404709358,"ENSG00000112759.18"
0.0277670607117944,2.13414888676443e-15,"ENSG00000096384.20"
4.62693485869357e-20,0.177948692499748,"ENSG00000157593.19"
0.186849617547887,3.87990666726844e-24,"ENSG00000146232.16"
5.11046683832972e-14,0.189807816620436,"ENSG00000178233.18"
0,0,"ENSG00000146221.10"
0.263935132369558,0.0487073745527363,"ENSG00000124608.5"
0,0,"ENSG00000096401.8"
0,0,"ENSG00000196284.16"
0,0,"ENSG00000124813.23"
0,0,"ENSG00000271857.1"
0,0,"ENSG00000261080.1"
0.48841681669043,0,"ENSG00000112782.18"
0,0,"ENSG00000001561.7"
0.0940847023490935,4.32571373156766e-13,"ENSG00000112796.10"
0.0481609706305065,9.93351294197902e-11,"ENSG00000172348.14"
0,0.0483421398176657,"ENSG00000146233.8"
0.0101809263415224,1.24432516080309e-14,"ENSG00000153291.16"
0,0,"ENSG00000180113.16"
0,0,"ENSG00000146070.17"
1.16440703586537e-13,8.30043748614306e-21,"ENSG00000069122.19"
0.035018528324929,0,"ENSG00000146072.6"
2.16467308895637e-13,0.0763669551179032,"ENSG00000198087.7"
0,0,"ENSG00000244694.7"
0,0.104457948723556,"ENSG00000286811.1"
0.007359190288663,0,"ENSG00000146085.8"
0,0,"ENSG00000031691.7"
0.402348688134094,5.52218995217678e-12,"ENSG00000232702.3"
0.45355570359377,0.0647842460768193,"ENSG00000112118.20"
0,0.0088101787922253,"ENSG00000170915.9"
0,4.74679212897038e-14,"ENSG00000096093.16"
0.12211107423872,1.76981415913305e-11,"ENSG00000065308.5"
0.424800259068641,1.2283735763298e-14,"ENSG00000225791.7"
0.248982493723315,2.71859943302342e-15,"ENSG00000216775.3"
0,0,"ENSG00000096092.6"
0,0,"ENSG00000170899.11"
0.0637089369816383,5.08202929093706e-20,"ENSG00000112144.15"
0,0,"ENSG00000112146.16"
0,0,"ENSG00000218713.1"
0.273501026376729,1.32592436644171e-12,"ENSG00000206908.1"
0.0747357076450662,2.45892624269978e-20,"ENSG00000219163.2"
0.160681696008093,0.0255005512423535,"ENSG00000012660.14"
0.198622466667843,0.34754805307753,"ENSG00000217527.1"
0,0,"ENSG00000001084.13"
0.0617841194861256,2.42584943045048e-09,"ENSG00000249379.2"
0,0.228927984984544,"ENSG00000124743.6"
0.0851876575939909,0,"ENSG00000137269.15"
0,0.236146788437242,"ENSG00000146147.15"
0.0408746290853584,3.86903375757868e-15,"ENSG00000137252.9"
0,0.138207414482491,"ENSG00000146151.13"
0,0,"ENSG00000112175.8"
0.0758316124789336,2.83761894659675e-09,"ENSG00000124749.17"
0,0,"ENSG00000151914.20"
6.94910792351373e-11,0.030222177649554,"ENSG00000231441.2"
0,0,"ENSG00000151917.18"
0,0,"ENSG00000218980.2"
0,0,"ENSG00000168116.14"
0,0,"ENSG00000112200.17"
0,0,"ENSG00000226803.9"
0,0,"ENSG00000112208.11"
0,0,"ENSG00000112210.12"
0.138735588489971,1.87631494762565e-15,"ENSG00000146143.19"
4.42774820971175e-12,0.0405486741002867,"ENSG00000272316.1"
0.310438473409959,0.127329415313584,"ENSG00000215190.9"
0,0,"ENSG00000112232.9"
0.361343652919786,0,"ENSG00000285976.2"
3.77517447695004e-19,2.02247356655029e-15,"ENSG00000118482.11"
0,0.1055522461873,"ENSG00000188107.15"
0,0,"ENSG00000135298.14"
0,0.0921363642780238,"ENSG00000168216.13"
0,0,"ENSG00000219085.1"
0.0756683075606786,0,"ENSG00000082293.13"
0.103374847123125,0.232567697955153,"ENSG00000082269.16"
0.167805341578153,0.279982594248107,"ENSG00000154079.6"
0.0667339579297609,3.73354440912846e-09,"ENSG00000112305.15"
0,0,"ENSG00000262803.1"
0,0,"ENSG00000232295.7"
0,0,"ENSG00000119900.9"
0.122728872232292,0.180835651966533,"ENSG00000233237.8"
0,0,"ENSG00000279289.1"
0.085347353692264,3.76002928164966e-12,"ENSG00000079841.18"
0,0,"ENSG00000185760.15"
0,0,"ENSG00000135314.12"
0,0,"ENSG00000229852.3"
0.0377851414051858,8.44659728518819e-10,"ENSG00000234882.1"
0,0,"ENSG00000080007.8"
0,0,"ENSG00000164430.16"
0,0,"ENSG00000135297.15"
0.0443086359984822,0,"ENSG00000156508.18"
0.421710767881371,0.158519969280966,"ENSG00000119899.13"
0.0421094467302735,0,"ENSG00000231652.2"
1.99702526886605e-12,0.0328367635585256,"ENSG00000156535.15"
0,0,"ENSG00000111799.21"
0.164061618715713,2.16770585456989e-21,"ENSG00000112695.11"
0,0,"ENSG00000112697.16"
0,0,"ENSG00000225793.3"
0.238617224013628,7.72461943065802e-12,"ENSG00000118407.15"
0,0,"ENSG00000112701.18"
0.0944305084082199,6.99543157146352e-12,"ENSG00000217488.2"
0.308727578729459,0.163098112344867,"ENSG00000200091.1"
0.0716116923551895,0,"ENSG00000196586.16"
0.712644662632646,0.0406150071766612,"ENSG00000271945.2"
0,0,"ENSG00000146243.14"
0,0,"ENSG00000146247.14"
0,0,"ENSG00000217512.1"
0.035075295278899,0.00301679865452798,"ENSG00000118418.14"
0,0,"ENSG00000270362.1"
0.238404949085464,6.10555489786763e-13,"ENSG00000231533.2"
0,0,"ENSG00000135338.14"
0,0,"ENSG00000287811.1"
0,0.10716058772108,"ENSG00000279659.1"
0.116527595511043,0.18717316603028,"ENSG00000198478.8"
0.412713140993943,0.103250213615473,"ENSG00000118402.6"
0,0,"ENSG00000112742.10"
0,0,"ENSG00000218418.2"
0.399491294875312,0.28168902787038,"ENSG00000083123.15"
0.0709223960505213,0.256283326715636,"ENSG00000272129.1"
0,0,"ENSG00000233967.7"
0,0,"ENSG00000260645.2"
0,0,"ENSG00000112773.16"
6.75985306057977e-15,0,"ENSG00000005700.15"
0.068450189216483,0.0205981385073994,"ENSG00000146242.8"
0.100155910643853,0,"ENSG00000118420.17"
0,0,"ENSG00000083097.14"
0.0821113465612286,1.31868589291549e-22,"ENSG00000013375.16"
0.0197224717648514,1.95453014502388e-12,"ENSG00000013392.8"
0.163023913526358,3.96669759902699e-11,"ENSG00000065833.9"
0.117113426593651,2.75222670038111e-11,"ENSG00000219951.4"
0,0,"ENSG00000146250.7"
0.374502114596394,1.96530767436949e-13,"ENSG00000065615.14"
0.37234416497786,0,"ENSG00000135324.6"
0,0,"ENSG00000135315.12"
0.19607240800267,3.39652805928241e-10,"ENSG00000112837.17"
0,0,"ENSG00000228290.7"
0.504009591719571,3.11319425006146e-22,"ENSG00000214460.3"
0,0,"ENSG00000135318.12"
0,0,"ENSG00000135317.13"
0.00156797393690123,1.77931004990921e-19,"ENSG00000135316.18"
0.486906449258827,1.09677861698086e-13,"ENSG00000203875.12"
0.0404570720357201,1.37164495938269e-11,"ENSG00000220563.1"
0.206900385177604,0,"ENSG00000272008.1"
0,0,"ENSG00000188994.13"
0,0,"ENSG00000218313.1"
0.0866127386425264,4.04514361901045e-13,"ENSG00000164411.12"
0.455134186028964,0.0462373115910312,"ENSG00000111850.11"
0.182261734029729,0.40912889182777,"ENSG00000203872.7"
0.197052436854055,0.441943108899761,"ENSG00000279616.1"
0,0.472515934676353,"ENSG00000213204.8"
1.03358758962971e-11,0.0124230950342923,"ENSG00000164414.18"
0.0897031327978394,2.71431144041235e-09,"ENSG00000146282.18"
6.95534632886114e-21,0.0185717216692465,"ENSG00000135336.14"
0.0893280037272772,2.01139894301168e-09,"ENSG00000135334.9"
0.369743600197793,0.207506952492786,"ENSG00000118432.12"
0.17609607652828,2.36933568754055e-19,"ENSG00000111880.16"
0.00341300908005017,0,"ENSG00000146278.11"
0,0,"ENSG00000154548.9"
0,0,"ENSG00000146281.6"
0.408467565410701,0,"ENSG00000111886.11"
0.0615971669921503,2.21218854086858e-15,"ENSG00000198833.7"
0.238038960886796,0.232272516537208,"ENSG00000025039.15"
0.338134799782421,0,"ENSG00000135299.17"
0,0,"ENSG00000083099.11"
2.36998601678682e-08,0.0345590246464283,"ENSG00000112159.12"
0,0,"ENSG00000118412.12"
0,0,"ENSG00000112182.15"
0,7.95912760382774e-15,"ENSG00000287789.1"
0,0,"ENSG00000218730.1"
0,0,"ENSG00000260271.3"
0.0995088406417843,5.93966213791203e-13,"ENSG00000135341.18"
0,0.159251938772634,"ENSG00000135333.14"
1.72536753790557e-13,0.0765659441863144,"ENSG00000261366.1"
0,0,"ENSG00000172469.16"
0,0,"ENSG00000014123.10"
0,0,"ENSG00000112214.10"
0.0185086278774115,4.55530363744587e-11,"ENSG00000123545.6"
0,0,"ENSG00000146263.11"
0,0,"ENSG00000184486.10"
0,0,"ENSG00000112234.9"
0.259209966275977,7.55403746634616e-22,"ENSG00000132423.12"
0,0,"ENSG00000132424.16"
0,0.174553594290352,"ENSG00000228506.2"
0,3.09593486356493e-05,"ENSG00000123552.17"
0.686564998333009,0,"ENSG00000279170.2"
0.315052237852299,0.305508701333016,"ENSG00000112237.13"
0,0.0633309807253565,"ENSG00000112246.9"
3.0941029679713e-16,0,"ENSG00000112249.14"
0.0505572951747634,2.50895395889263e-21,"ENSG00000260000.2"
0.285698107681069,0.0450579715682476,"ENSG00000164418.20"
0.184443749463481,0,"ENSG00000085382.12"
3.29625342109162e-15,0.634972209501835,"ENSG00000112276.14"
4.63289897869084e-20,0.046628393589732,"ENSG00000203808.12"
4.24625902415523e-14,0.11314049570656,"ENSG00000132429.10"
0.131871312126352,1.42468345361493e-10,"ENSG00000085377.14"
0.349720156045842,0.203926352887448,"ENSG00000057657.17"
0.0115786490468332,2.27440294537597e-13,"ENSG00000057663.16"
0,0,"ENSG00000112297.15"
0,0,"ENSG00000200314.1"
0.0235983731379694,4.19291168278154e-12,"ENSG00000130347.13"
0.0565749801117607,0,"ENSG00000130348.11"
0,0,"ENSG00000272398.6"
0.283178612524417,0.146002812290684,"ENSG00000130349.10"
0.0245494777723351,1.73829493120436e-11,"ENSG00000178409.13"
0.55681212933457,0.00965245920245357,"ENSG00000164494.12"
0.205241964539646,0.17041066431577,"ENSG00000112320.12"
0.0039650354437738,2.50630088185894e-11,"ENSG00000234206.5"
0,0,"ENSG00000146285.14"
0,0,"ENSG00000025796.14"
9.22702444915194e-20,0.330276968191152,"ENSG00000272476.1"
0,0,"ENSG00000081087.15"
0.0820547581015027,2.38046688656204e-10,"ENSG00000112335.15"
0.417797220502053,0.0687431916572371,"ENSG00000135537.17"
0,0,"ENSG00000287044.1"
0.312376407700514,7.02062495505257e-14,"ENSG00000118689.15"
0.027715332708991,7.76146774179335e-24,"ENSG00000228976.1"
0.165945439027579,0.244791844964664,"ENSG00000203801.8"
0,0,"ENSG00000219565.2"
0,0,"ENSG00000286511.1"
0,0,"ENSG00000118690.13"
0,0,"ENSG00000080546.13"
0.434081388510735,1.32610217224664e-13,"ENSG00000183137.14"
0,0,"ENSG00000203799.13"
0.0180758938613303,1.39817539104375e-09,"ENSG00000135535.17"
1.4799154441325e-14,0,"ENSG00000185250.15"
0.364629536845606,1.93577440100133e-11,"ENSG00000135587.9"
0.291443733974914,2.61712716196141e-11,"ENSG00000135596.18"
0,0,"ENSG00000112365.4"
0,0,"ENSG00000155085.15"
0,0,"ENSG00000112367.10"
0,0,"ENSG00000112290.13"
0,0,"ENSG00000168438.15"
0.150019480476567,0.260293550950282,"ENSG00000203797.10"
0,0,"ENSG00000004809.14"
0,0,"ENSG00000241162.3"
0.180767398050518,0,"ENSG00000155111.15"
0.858471670156917,0.109947112000462,"ENSG00000123505.17"
0.133160572951774,0.0191586099220116,"ENSG00000219329.1"
0.230281967563827,1.02029984186858e-10,"ENSG00000155115.7"
0.0442044389968399,2.06131943226898e-12,"ENSG00000197498.13"
0,0.0470916799481785,"ENSG00000112394.17"
0.147091861325203,1.28430080589566e-19,"ENSG00000173214.6"
0,0,"ENSG00000271789.1"
0,0,"ENSG00000009413.15"
0.0817108311031888,0,"ENSG00000272356.1"
0,0,"ENSG00000220392.1"
0.276128573113164,0.0608333084594598,"ENSG00000229276.1"
0,0,"ENSG00000218676.1"
2.10786172857191e-14,0.0663046226554395,"ENSG00000231889.7"
0,0,"ENSG00000220506.2"
0.163186257809664,0.146358218180669,"ENSG00000286616.1"
0.451301955238127,0,"ENSG00000056972.20"
0.122222209152384,3.81743907326127e-11,"ENSG00000255389.1"
0,0,"ENSG00000010810.17"
0,0.112761982578623,"ENSG00000112761.20"
0,0,"ENSG00000074935.14"
0,0,"ENSG00000203778.8"
1.54154145190253e-20,0.113509705848899,"ENSG00000112769.20"
0,0.512372521599819,"ENSG00000237234.7"
0,0.207530323049368,"ENSG00000207044.1"
3.72946721913428e-12,0.145513342860576,"ENSG00000270661.1"
4.85778717042427e-10,0.081160563994039,"ENSG00000271208.1"
1.31316052710756e-16,0.0698676835853503,"ENSG00000226440.7"
0,0,"ENSG00000230943.3"
0,0,"ENSG00000277443.3"
0,0,"ENSG00000227502.3"
0.0187212300601504,1.64002117955177e-11,"ENSG00000196591.12"
0.100374370281408,6.81016047108107e-12,"ENSG00000228624.7"
0.315564299790789,0.12367154342661,"ENSG00000111816.8"
0.0629866869373341,1.89484708970812e-15,"ENSG00000287933.1"
0,0,"ENSG00000178425.14"
0,0,"ENSG00000123500.10"
0,0,"ENSG00000187189.11"
0.339061379637094,0.00493242491894167,"ENSG00000111817.17"
0.0776549418506256,6.06008517000138e-21,"ENSG00000189241.7"
0,0,"ENSG00000217241.1"
0.297327156390743,0.0558607936085344,"ENSG00000188820.13"
0,0,"ENSG00000178033.6"
0.0269623931857564,4.30377777082684e-14,"ENSG00000111832.13"
0,0.0144969729538665,"ENSG00000111834.13"
0,0,"ENSG00000153975.10"
0,0,"ENSG00000196911.11"
0,0,"ENSG00000183807.8"
0,0,"ENSG00000047936.10"
0.428957370808886,0.186479826399335,"ENSG00000164465.18"
0,0.295951675581809,"ENSG00000047932.14"
0,0,"ENSG00000153989.8"
0,0,"ENSG00000216809.1"
0,0,"ENSG00000111860.14"
0,0.241337466146084,"ENSG00000169075.7"
0.144380810886473,0.140223428845478,"ENSG00000198523.6"
0.284928223043671,0,"ENSG00000286339.1"
1.01977749163036e-10,0.043564793411391,"ENSG00000111877.17"
0,0,"ENSG00000111875.8"
0.448262112500749,0,"ENSG00000253194.2"
3.47380426038464e-11,0.0460611982798692,"ENSG00000111879.20"
0.439297466703203,1.54874446951143e-12,"ENSG00000111885.7"
0.557058242021644,0,"ENSG00000216316.1"
0.0422976651834328,0.0544471480613928,"ENSG00000287100.1"
0.135791790852409,0.0618192163974707,"ENSG00000146350.14"
0,0,"ENSG00000152661.9"
0,0,"ENSG00000025156.13"
1.17990665960372e-12,0.0639002201695698,"ENSG00000279453.1"
6.09650415062697e-20,7.27717485911872e-16,"ENSG00000111897.7"
0,0,"ENSG00000240606.3"
0.114070684242824,0.12595626941882,"ENSG00000172594.13"
0,0,"ENSG00000236548.2"
0.272043268976753,0.152010856197279,"ENSG00000146373.16"
0,0,"ENSG00000111907.21"
0,0,"ENSG00000111906.18"
0,0,"ENSG00000226409.3"
0,0,"ENSG00000135547.9"
0,0,"ENSG00000111912.20"
0,0.202716684041235,"ENSG00000232131.1"
0,0,"ENSG00000111911.7"
0,0,"ENSG00000066651.20"
0,0,"ENSG00000286215.1"
0.394769168379525,3.62741952601479e-12,"ENSG00000203760.8"
0,0,"ENSG00000146374.14"
0.120535236481029,0.312220354512325,"ENSG00000118518.15"
0.0116900653105048,0.0654335854532827,"ENSG00000093144.19"
0,0,"ENSG00000213131.3"
0,0,"ENSG00000220744.1"
1.46264271199275e-12,0.2345311188859,"ENSG00000189367.15"
1.62233483348818e-11,0.0461080187604386,"ENSG00000172673.10"
0,0,"ENSG00000152894.14"
4.09570299171628e-10,0.167926413472559,"ENSG00000196569.12"
0.0435058279112718,0.22644762455172,"ENSG00000220884.2"
0.822646712261775,0.121043455791698,"ENSG00000219642.2"
0.237124068048288,0.376842363794837,"ENSG00000226149.6"
0.0668059553741369,2.9868416494604e-09,"ENSG00000146376.11"
1.66150449073002e-19,0.137913037017945,"ENSG00000198945.7"
0.268882457334881,0.336860996576093,"ENSG00000164483.17"
0.422477815203863,0.0601579575898313,"ENSG00000164484.11"
0,0,"ENSG00000256162.2"
0,0,"ENSG00000079819.19"
0.257973979815286,0.0478181381168094,"ENSG00000118507.17"
0.537564022011678,0.105107290165999,"ENSG00000118520.15"
0.00397822145703114,1.69714397042319e-11,"ENSG00000112282.18"
0.0794873438475592,1.90872443523311e-08,"ENSG00000197594.13"
0,0,"ENSG00000237115.2"
0,0,"ENSG00000118523.6"
0.482932101187611,2.15692132423692e-11,"ENSG00000227220.1"
0,0,"ENSG00000228495.2"
0.137450753756573,1.12277195325324e-10,"ENSG00000079931.15"
0,0,"ENSG00000079950.14"
0.308646519730204,1.2984586611578e-13,"ENSG00000112299.8"
0.220196622728468,9.48731335105312e-16,"ENSG00000093134.14"
0.0222520385927775,4.76199317729848e-12,"ENSG00000112303.14"
0.302818249490506,0,"ENSG00000146409.12"
0.106048688376226,4.56448607474688e-13,"ENSG00000112306.8"
0,0,"ENSG00000206754.1"
0,0,"ENSG00000112319.19"
0,0,"ENSG00000227954.7"
0,0.158626751700208,"ENSG00000028839.10"
0.365643336800735,5.44247630636336e-09,"ENSG00000146411.6"
0,0,"ENSG00000266875.2"
0.295358435006122,0.242309063243434,"ENSG00000118515.11"
0,0,"ENSG00000118514.14"
4.5033270239702e-17,0,"ENSG00000112339.15"
0.404741065583177,0,"ENSG00000118513.19"
0,0,"ENSG00000135541.21"
0,0,"ENSG00000234084.1"
0.20403197263366,0,"ENSG00000231028.9"
0,0,"ENSG00000171408.14"
0,0,"ENSG00000286313.1"
0,0,"ENSG00000288054.1"
0,0,"ENSG00000237596.7"
0.416151451033652,0.00324896936018679,"ENSG00000146410.12"
0,0,"ENSG00000029363.17"
0.200260406738821,0,"ENSG00000135525.18"
0.383454118385345,0.0247437981478254,"ENSG00000197442.10"
0.124643484018665,1.14122492885304e-10,"ENSG00000234263.2"
0,0,"ENSG00000286646.1"
2.81904185965155e-12,0.199894680640689,"ENSG00000112357.13"
0,0,"ENSG00000182747.5"
0,0,"ENSG00000027697.14"
0.157091719844232,3.83769529182758e-23,"ENSG00000237499.7"
0.393848144745869,5.28713235461427e-22,"ENSG00000118503.15"
0,0.158516431567933,"ENSG00000112378.12"
0.0364884661549599,5.92531728699745e-10,"ENSG00000112379.9"
4.98917145186828e-19,0.0828392291699412,"ENSG00000051620.11"
0.0850413808931432,0.14297557431787,"ENSG00000135540.11"
0.0145238917482654,8.55619848744471e-12,"ENSG00000225177.6"
0,0,"ENSG00000024862.17"
0.146574407944502,0.0868020875712316,"ENSG00000203734.11"
0,0,"ENSG00000135597.18"
0.209698741922649,1.00816883332811e-20,"ENSG00000146386.8"
0.151810062740194,0.0748191122520797,"ENSG00000112406.5"
2.42859113740807e-13,0.101031354299011,"ENSG00000231329.8"
0.212549770488416,0,"ENSG00000164440.15"
0.304670151341395,0.15530653721299,"ENSG00000218565.2"
0,0,"ENSG00000164442.10"
0.0630752455033314,0,"ENSG00000238099.3"
0.0152564815811793,2.95767061777704e-11,"ENSG00000009844.16"
0.146673092116363,0.171991290339279,"ENSG00000112414.15"
0.00784840970795215,0,"ENSG00000010818.10"
0,0.0721050476970975,"ENSG00000232618.2"
0,0,"ENSG00000229017.7"
0.0441225497158375,4.79637931606621e-12,"ENSG00000146416.19"
0,0,"ENSG00000217648.1"
0.224793159629949,2.78424205100429e-11,"ENSG00000189007.16"
1.15154593872038e-13,3.67956302394323e-20,"ENSG00000034693.15"
0,0.146170016184799,"ENSG00000278206.1"
1.00813680912682e-20,0.0814958143100089,"ENSG00000229036.7"
0,0,"ENSG00000001036.14"
0,0,"ENSG00000112419.14"
2.58356528938042e-17,3.4541841328328e-19,"ENSG00000135521.9"
0,0.155968384614938,"ENSG00000270890.1"
0,0,"ENSG00000118495.19"
4.32033466687896e-10,0.627079889342027,"ENSG00000283122.1"
0.358614848951499,2.49387675543406e-10,"ENSG00000169976.7"
0.502220920754312,0.098574786913661,"ENSG00000135604.10"
0.585285560303959,1.48283719389546e-11,"ENSG00000217027.1"
0.404678625667633,0.039776192833508,"ENSG00000152818.18"
0.136414904645627,2.07582916153088e-13,"ENSG00000112425.15"
0.457712190997364,0,"ENSG00000235652.8"
0,0.0437421304135968,"ENSG00000280184.2"
0,0,"ENSG00000118496.5"
0,0,"ENSG00000146414.16"
0.0682228867117504,6.7784701112328e-13,"ENSG00000118508.5"
0.26746555689574,0.141888164442293,"ENSG00000233452.7"
0,0,"ENSG00000164506.14"
0,0,"ENSG00000220494.4"
0,0,"ENSG00000203727.4"
1.47018050851987e-12,0.0321854641081772,"ENSG00000111961.18"
0,0,"ENSG00000215223.3"
0.25075866394586,6.66958250093072e-11,"ENSG00000111962.8"
0,0,"ENSG00000055208.19"
0,0,"ENSG00000177688.7"
0.0199249827123171,1.30229944967349e-16,"ENSG00000178199.14"
0,0,"ENSG00000131013.4"
0,0,"ENSG00000055211.14"
0,0,"ENSG00000281021.1"
0.473079948853322,0.100744943418175,"ENSG00000220848.5"
0,0.003301682456147,"ENSG00000186625.14"
0,0,"ENSG00000131023.13"
0,0,"ENSG00000120253.14"
0.173418941988697,1.34596995749075e-14,"ENSG00000120265.17"
0,0,"ENSG00000285991.1"
0.379237531728865,0.16224027709796,"ENSG00000120256.11"
0.040163715749164,0,"ENSG00000164520.11"
0.603800821626155,0.0518732784809807,"ENSG00000216906.2"
0.649096573632538,0.0812105955505815,"ENSG00000203722.8"
0,0,"ENSG00000131015.5"
0.283244894200784,1.80611814564327e-20,"ENSG00000111981.5"
0.114894224293109,3.07527063998314e-12,"ENSG00000131019.11"
0.480826079416441,2.2718962935343e-10,"ENSG00000198729.5"
0,0.262466224594772,"ENSG00000120278.16"
0,0.047282313349265,"ENSG00000213089.4"
0,0,"ENSG00000120254.15"
0.476959107280586,4.75896279400147e-11,"ENSG00000219747.1"
4.57285198318217e-13,0.0965390248490693,"ENSG00000131016.17"
0.160253567689853,0.0411859671853393,"ENSG00000181472.5"
0.39516732093542,0.146222576336306,"ENSG00000155906.19"
0.0222732309718423,1.90887417975197e-08,"ENSG00000219395.2"
0.0540500200057035,2.87994616660881e-11,"ENSG00000146476.11"
0.121160019908164,2.72931252433492e-12,"ENSG00000120262.10"
0,0,"ENSG00000091831.23"
0,0,"ENSG00000131018.24"
0,0,"ENSG00000120279.6"
0,0,"ENSG00000112029.10"
0,0,"ENSG00000227627.3"
0.0118121349264008,0,"ENSG00000112031.16"
0,0.157102161565818,"ENSG00000091844.8"
5.89234120257308e-16,0,"ENSG00000218426.5"
0,0,"ENSG00000074706.13"
0,0,"ENSG00000153721.19"
0.440562396405633,0.0306803968613985,"ENSG00000286553.1"
0,0,"ENSG00000213079.9"
0.338579794481787,3.39659293022718e-11,"ENSG00000146426.18"
0,0.194761322355107,"ENSG00000218757.1"
0,0,"ENSG00000235381.1"
0.177890215586305,0,"ENSG00000029639.11"
0.011670779309268,5.72925132919316e-11,"ENSG00000171217.5"
0,0,"ENSG00000049618.23"
9.02725827635279e-12,0.129795423257697,"ENSG00000218596.2"
0.0761810848730687,0.134627155546024,"ENSG00000215712.10"
0,0.315052269350155,"ENSG00000286482.1"
0.0409865666727086,0,"ENSG00000175048.17"
0.150499207425022,0.185645875813205,"ENSG00000130340.16"
0.00733769921599464,0,"ENSG00000234361.1"
1.58873273891558e-20,0.210566186298043,"ENSG00000229502.5"
0.0839631062643786,5.36896923812614e-11,"ENSG00000220867.1"
0.0090726520085006,0.269991065189801,"ENSG00000252658.1"
0.150817322714212,0.390304361514284,"ENSG00000078269.15"
0,0,"ENSG00000122335.17"
0.260256831279469,0.157859371127968,"ENSG00000272047.2"
0.00346691900444679,2.86777929391363e-10,"ENSG00000130338.13"
0.231202688916662,0.152081753634496,"ENSG00000188451.8"
0,0,"ENSG00000287591.1"
0,0,"ENSG00000146433.8"
0,0,"ENSG00000218226.1"
0.555106277110301,2.17831332258717e-13,"ENSG00000146425.11"
0,0,"ENSG00000164674.15"
0,0,"ENSG00000092820.18"
0,0,"ENSG00000203711.14"
0.549532856086321,8.38458659922586e-14,"ENSG00000130363.11"
0,0,"ENSG00000271913.7"
0.176466926030673,0.150630017589507,"ENSG00000164691.17"
0,0,"ENSG00000233682.3"
0,0.0275748010004503,"ENSG00000164694.17"
0.231440471924057,9.58433697937122e-13,"ENSG00000286533.1"
0.238451174098407,0,"ENSG00000237927.1"
0.250108879402375,3.62581040562478e-12,"ENSG00000112096.18"
0.590843025140554,2.10639279609625e-12,"ENSG00000285441.1"
0,0,"ENSG00000220305.1"
0.515302515125894,0,"ENSG00000146457.16"
0.268635989637616,0,"ENSG00000285427.1"
0.282574045548992,7.81816088464187e-12,"ENSG00000120437.9"
0.0621735779089146,4.96031807587922e-12,"ENSG00000120438.12"
0.249865283437398,4.47908517104729e-11,"ENSG00000207392.1"
0,0,"ENSG00000112110.10"
0.0394958410768641,0.164916843970472,"ENSG00000146453.13"
0.00335041067820316,1.54192297404765e-14,"ENSG00000130368.5"
0,0,"ENSG00000197081.14"
0,0,"ENSG00000268257.2"
0.0612375672497573,1.05756593451063e-08,"ENSG00000213073.4"
0.040069964994629,9.82742672105327e-14,"ENSG00000175003.15"
0.133650897030452,5.14377070483155e-14,"ENSG00000146477.6"
0,0,"ENSG00000213071.11"
0,0,"ENSG00000085511.20"
0,0,"ENSG00000026652.15"
0.265716015037237,0.365441749959186,"ENSG00000185345.21"
0.131424997167683,0,"ENSG00000286805.1"
0.049275026241732,3.27245509035991e-12,"ENSG00000270419.1"
0,0.104994043128283,"ENSG00000112531.17"
0,0,"ENSG00000228692.2"
0.330174867880621,4.95940183301733e-10,"ENSG00000112541.15"
0,0,"ENSG00000198818.10"
0,0.332271729091019,"ENSG00000233231.1"
0,0.326536590288586,"ENSG00000286760.1"
0.0940938092879243,0.0405671765919423,"ENSG00000060762.19"
0.169820830384316,4.80089650001551e-19,"ENSG00000261420.1"
0.145471130044309,0.176302984459568,"ENSG00000071242.12"
0,0,"ENSG00000235272.2"
0.183510081512517,0,"ENSG00000026297.15"
0.505609002973906,8.09719998776545e-07,"ENSG00000213066.13"
0,0,"ENSG00000130396.20"
0,0,"ENSG00000153303.17"
0,0,"ENSG00000164488.12"
0.288587647624759,9.67234394829619e-09,"ENSG00000112562.18"
0,0,"ENSG00000225879.2"
0,0,"ENSG00000223485.4"
0,0,"ENSG00000261039.3"
0,0,"ENSG00000226445.2"
0,0,"ENSG00000186340.15"
0.447799814992667,5.04322009131165e-12,"ENSG00000285887.1"
0,0,"ENSG00000272848.2"
0.150448864790032,0,"ENSG00000184465.16"
0.210215619229667,3.41624303083882e-15,"ENSG00000185127.6"
0.427364237245132,3.96024340709052e-10,"ENSG00000130024.15"
0.512074879317125,0,"ENSG00000184786.6"
0,0,"ENSG00000130023.16"
0,0,"ENSG00000198719.9"
0,0,"ENSG00000112584.13"
0.116566001580007,0,"ENSG00000261003.1"
0.0328077005778792,1.46650315346643e-12,"ENSG00000008018.9"
0.0453710968541772,3.35960825184547e-14,"ENSG00000112592.14"
0.228842551237667,0,"ENSG00000071994.11"
0.136733498712342,0.3464145047677,"ENSG00000282572.2"
0,0,"ENSG00000242474.3"
0.0800290012160255,0.00764329363482528,"ENSG00000240859.3"
0,0,"ENSG00000240093.1"
0.481690308150106,1.39038771385664e-20,"ENSG00000177706.9"
0,0,"ENSG00000249852.1"
0,0,"ENSG00000197461.13"
0.428610007981901,0.0158790499553522,"ENSG00000223855.2"
0.310808517000024,0.0216707427477994,"ENSG00000188191.15"
0,0,"ENSG00000237181.1"
0,0,"ENSG00000164818.16"
9.1155058277523e-19,0.0370419731632895,"ENSG00000164828.18"
0,0,"ENSG00000239857.7"
0.11890901850703,3.05242879613658e-10,"ENSG00000273151.1"
0,0,"ENSG00000105963.15"
0,0,"ENSG00000240230.6"
0.420345113129925,4.57662839234398e-13,"ENSG00000146540.15"
0.317774294627436,0.24554135687714,"ENSG00000164849.10"
6.08437617672044e-20,0.146118286438002,"ENSG00000164850.15"
6.57634741280027e-16,0,"ENSG00000178381.11"
0.500641587635263,0.0533849000503807,"ENSG00000229043.3"
0.0590700351892614,7.96713842250329e-12,"ENSG00000164877.19"
0.292225980498771,0,"ENSG00000273230.1"
0.217516927900468,9.01634207827183e-15,"ENSG00000164880.16"
0.382881871653601,0.305837092363027,"ENSG00000198517.10"
0.0143199165638743,2.52562506721976e-12,"ENSG00000164855.16"
0,0,"ENSG00000157778.9"
0.151887108556108,2.03476379486134e-10,"ENSG00000230487.8"
0.174081776640492,0,"ENSG00000225968.7"
0.329582621590809,0.0398065084476284,"ENSG00000002822.15"
0,0,"ENSG00000176349.11"
0.286112798344854,1.10733170831197e-22,"ENSG00000106268.15"
0.236312565179167,0.0814184683904154,"ENSG00000106266.11"
0,0.0741659087792013,"ENSG00000106263.18"
0.417550729768185,1.85894756967925e-11,"ENSG00000136213.10"
0,0,"ENSG00000106003.13"
0.27245361740996,0.0616784576316821,"ENSG00000106009.16"
0,0,"ENSG00000106012.18"
0.67030151206151,0.170283225742831,"ENSG00000136295.15"
9.94772088656235e-12,0.274923483979602,"ENSG00000174945.13"
0.0883169178817868,2.78160642795382e-14,"ENSG00000146535.14"
0,0,"ENSG00000198286.9"
0.259818955844234,0.0587939314892215,"ENSG00000146555.19"
0.0343567328115303,1.30315689311109e-09,"ENSG00000224593.1"
0,0,"ENSG00000164916.11"
0.310355938126643,0.252547791988933,"ENSG00000287665.1"
0.557681695457305,0.149181731300801,"ENSG00000242802.9"
0.207678069900188,3.48293770216115e-19,"ENSG00000157927.17"
0,0,"ENSG00000196204.11"
0,0,"ENSG00000275328.1"
0,0,"ENSG00000146587.18"
3.21498690114933e-21,0.00642044773604252,"ENSG00000157954.15"
0.138803424047701,0,"ENSG00000164638.10"
0,0,"ENSG00000182095.14"
0.115328668342316,1.61852690069586e-09,"ENSG00000241269.1"
1.4316162098863e-19,0.277606511139388,"ENSG00000188365.3"
0.0207693497799482,9.43873196879546e-12,"ENSG00000272953.1"
1.94151935559917e-19,0.0888258950591967,"ENSG00000234432.4"
0,0,"ENSG00000273084.1"
0,6.00921970575996e-15,"ENSG00000155034.19"
0,0,"ENSG00000075624.16"
0,0,"ENSG00000075618.18"
3.9321783700516e-16,0.0209050003546592,"ENSG00000011275.18"
0.646926320899275,0.0788546922689539,"ENSG00000235944.8"
0.622110280675487,5.97519665912459e-15,"ENSG00000122674.12"
0,0,"ENSG00000122512.16"
0,0,"ENSG00000106305.10"
0,0,"ENSG00000086232.13"
0.16986788989187,0.129299556048919,"ENSG00000157999.6"
0,0,"ENSG00000106346.11"
0.427992570686843,0.20868512407873,"ENSG00000008256.16"
0.0376225483862502,0,"ENSG00000136238.18"
0.734625720076829,0.162123499593611,"ENSG00000164535.15"
0,0,"ENSG00000136240.10"
0.0531703934634861,9.59386641037711e-14,"ENSG00000136247.14"
0,0,"ENSG00000146576.13"
0.548110394028826,7.5479801270187e-12,"ENSG00000236609.4"
0.158297898395549,7.68475492186422e-12,"ENSG00000205903.7"
0,0,"ENSG00000228010.6"
3.93500017749944e-14,0.256257769847642,"ENSG00000164631.19"
0.0390859998756008,0,"ENSG00000187953.10"
0.14758400958296,2.03052207543417e-14,"ENSG00000146574.15"
0.340541616601838,0,"ENSG00000106392.10"
0,0,"ENSG00000230825.2"
0,0,"ENSG00000215018.10"
3.06727879995853e-11,0.0713205253768788,"ENSG00000272894.5"
0.123663304603006,6.49999677483329e-12,"ENSG00000164654.16"
0,0,"ENSG00000106399.11"
0,0,"ENSG00000219545.11"
0,0,"ENSG00000234718.7"
0,0,"ENSG00000106415.13"
0,0,"ENSG00000233264.2"
0.00445854405215924,8.41230286180549e-11,"ENSG00000003147.19"
0.121519504838364,2.7807334101158e-20,"ENSG00000189043.10"
0.172939408432554,0,"ENSG00000106443.16"
0,7.18816199643676e-16,"ENSG00000230333.6"
0,0,"ENSG00000226827.1"
0,0,"ENSG00000005108.16"
0,0,"ENSG00000230435.1"
0,0,"ENSG00000106460.19"
0.610036265563095,3.05572016400675e-15,"ENSG00000006747.15"
0.40847871792554,0,"ENSG00000122644.13"
0.00780450802078683,3.67702144901293e-08,"ENSG00000006468.14"
0,0.117092914601024,"ENSG00000187546.14"
0.176780169827637,0.0651012578104051,"ENSG00000106511.6"
0.0466289863300768,6.93984624715384e-14,"ENSG00000237070.1"
0.413842136775119,2.53612514018097e-12,"ENSG00000214960.10"
0,0,"ENSG00000106524.9"
0.108260681901165,5.78089239429767e-22,"ENSG00000136261.15"
0,0,"ENSG00000235837.1"
0.210941969598079,5.46949861071348e-21,"ENSG00000106537.8"
0,0,"ENSG00000106546.14"
0.410960343968185,0.136547595914706,"ENSG00000237773.7"
0,0,"ENSG00000236039.3"
0,0,"ENSG00000071189.21"
0.155289994265557,0.246541511812393,"ENSG00000279048.1"
0.00500598091393092,0,"ENSG00000048052.21"
0.207164274208262,1.77185485448125e-10,"ENSG00000122691.13"
0,0,"ENSG00000232821.1"
0.153454781299984,1.43615146178261e-11,"ENSG00000105849.6"
0.163421199545146,0.147903896671851,"ENSG00000183742.13"
0.560532415180511,0,"ENSG00000105855.10"
0.632500343007653,0.0266284450998648,"ENSG00000004846.16"
0,0,"ENSG00000105866.15"
0.199495236534974,0.111665047086555,"ENSG00000105877.18"
0.553549066849282,0.10060131245645,"ENSG00000164649.20"
0.0322429778102085,3.38848053064755e-10,"ENSG00000136237.19"
0,0,"ENSG00000105889.15"
0.357278087075084,4.03525183589534e-20,"ENSG00000233476.3"
0.0041122915849469,0,"ENSG00000232759.1"
0.333874035213681,0.0861353745583238,"ENSG00000232949.2"
0.487956480287432,0.0556249762074392,"ENSG00000136244.12"
0.0979116668311316,1.91467569961695e-08,"ENSG00000196683.10"
0.455438511095985,0.221569557020086,"ENSG00000228649.9"
0.0150650940572829,1.76324056740477e-13,"ENSG00000226329.2"
0.194770689176887,2.09058164454047e-21,"ENSG00000122591.12"
0.135219733380856,0.161931239229835,"ENSG00000122550.18"
0.263509777570763,2.33736023808601e-21,"ENSG00000136243.17"
0.394772759238161,1.74174096032897e-20,"ENSG00000226816.3"
0,0,"ENSG00000136235.16"
0,0,"ENSG00000156928.5"
0.300843170071562,7.79906183393166e-21,"ENSG00000136231.14"
0,0,"ENSG00000232818.2"
0,0,"ENSG00000164548.11"
0,0.134235162834529,"ENSG00000169193.12"
0,0.154451467513772,"ENSG00000188732.11"
0,0,"ENSG00000105926.15"
0,0,"ENSG00000105928.16"
0,0,"ENSG00000070882.13"
0.856970189309117,4.76163556223204e-12,"ENSG00000172115.8"
0.303185831725578,0.0414871758617639,"ENSG00000153790.12"
0.00849343826075106,7.86600377782781e-15,"ENSG00000050344.9"
0.0497454582554219,4.61599145383971e-12,"ENSG00000122566.21"
0.0107158620444949,2.93087490021961e-10,"ENSG00000122565.19"
0,0.094555020458047,"ENSG00000086300.15"
3.27073173020799e-12,0.190093787115709,"ENSG00000214870.9"
0,0,"ENSG00000005020.13"
0,0,"ENSG00000105991.9"
0.118050992489242,1.11605841142578e-12,"ENSG00000233429.9"
9.34427379827131e-12,0.062263376308902,"ENSG00000105996.7"
0,0,"ENSG00000105997.22"
0,0,"ENSG00000253552.8"
0,0,"ENSG00000197576.14"
0.151199633651912,0,"ENSG00000254369.6"
0,0.0433659187902863,"ENSG00000106004.5"
0,0,"ENSG00000106006.6"
0,0,"ENSG00000122592.8"
0,0,"ENSG00000078399.18"
0,0,"ENSG00000253187.2"
0,0.117625131924717,"ENSG00000253293.5"
0,0.0563024481251826,"ENSG00000005073.5"
0,0,"ENSG00000240990.10"
0,0,"ENSG00000106031.9"
0.0335153026469238,0.0105525229071446,"ENSG00000233830.2"
0.0200757844908167,0,"ENSG00000106049.9"
0,0.311951435481968,"ENSG00000286478.1"
0,0,"ENSG00000106052.13"
0,0,"ENSG00000153814.13"
0.368452327721233,2.75777904106106e-19,"ENSG00000146592.17"
0.542600952155341,0.0278596470634139,"ENSG00000255690.3"
0.163505942467974,0.489117155205992,"ENSG00000106066.15"
0.0280192070278128,0.152037841212867,"ENSG00000106069.22"
0.752383543994985,0.142281944973926,"ENSG00000176532.4"
0.0735461753456507,4.64322317456435e-11,"ENSG00000227855.3"
0.0324933653121011,0,"ENSG00000122574.10"
1.05801600783963e-19,0.0894505464559151,"ENSG00000136193.17"
0,0.159849856901027,"ENSG00000227014.6"
1.338867437343e-12,0.234761997181408,"ENSG00000106080.10"
0.00647804653686261,1.25966521455107e-10,"ENSG00000106086.20"
0,0,"ENSG00000180354.16"
0.494002943128284,0,"ENSG00000230751.1"
0,0.0596950141473502,"ENSG00000225907.1"
0,0,"ENSG00000227017.1"
0.446684721867839,4.73626050269419e-10,"ENSG00000180233.11"
0,0,"ENSG00000235859.5"
1.79785474391892e-16,0,"ENSG00000281404.2"
0,0,"ENSG00000106100.11"
0.380045806569683,3.02409937471145e-12,"ENSG00000006625.18"
0.582207164494372,0,"ENSG00000196295.12"
0,0,"ENSG00000244480.1"
0,0,"ENSG00000106105.14"
0,0,"ENSG00000106113.19"
0.465349480522486,0.0995363166940511,"ENSG00000241644.2"
6.04330644918777e-17,0,"ENSG00000106125.14"
0.118411632047711,0,"ENSG00000240583.12"
0.0176796171341297,0.132038687460808,"ENSG00000078549.14"
0,0,"ENSG00000180347.13"
0,0,"ENSG00000154678.18"
0,0,"ENSG00000106355.10"
0.230775420700291,4.86869809638426e-13,"ENSG00000105778.19"
0.508744572188453,2.34222774518814e-14,"ENSG00000229358.3"
0.122139063743349,7.09173247801988e-11,"ENSG00000237004.4"
0,0,"ENSG00000281332.1"
0,0.356008315398862,"ENSG00000231952.3"
0,0,"ENSG00000170852.11"
0.614433547746233,1.10642530763305e-10,"ENSG00000205763.13"
0.14424221720429,0,"ENSG00000122642.11"
0.00318922442577395,4.47559691726499e-12,"ENSG00000122643.21"
5.1575541449169e-17,4.40899442945551e-19,"ENSG00000164610.9"
0,0,"ENSG00000122507.21"
0,0,"ENSG00000173862.3"
0,0,"ENSG00000236494.2"
0.182877139241129,0.217269292833098,"ENSG00000164619.10"
0.0989035597316719,0.202089922603101,"ENSG00000286300.1"
0,0,"ENSG00000173852.14"
0,0,"ENSG00000287032.1"
0.317381668531112,0.0762074842100699,"ENSG00000122557.10"
0.00785834171946044,1.72227174234195e-24,"ENSG00000271122.1"
0,0,"ENSG00000228878.8"
0.350230602299143,0.100183783214408,"ENSG00000122545.20"
0,0.150606530300041,"ENSG00000122547.11"
0,0,"ENSG00000164542.12"
0.0565880102693239,0,"ENSG00000011426.11"
0,0,"ENSG00000136250.12"
0.579941847998777,0.309334351397112,"ENSG00000155849.15"
0,0,"ENSG00000086289.12"
0.32281806142012,0.285501328371127,"ENSG00000106483.12"
0.0592533518704804,2.83869802361123e-12,"ENSG00000010270.13"
0,0,"ENSG00000227191.8"
0.107798050575607,1.62005492422978e-15,"ENSG00000078053.17"
0.298207972591879,0,"ENSG00000006715.16"
0,0,"ENSG00000106536.19"
0,0,"ENSG00000241127.8"
0,0.165860150014948,"ENSG00000287584.1"
0.13771800104279,0,"ENSG00000006451.8"
0.0113282654630628,2.16306024311975e-14,"ENSG00000188185.12"
0,0,"ENSG00000242855.3"
1.63214218276176e-19,0.0549896035021277,"ENSG00000259826.1"
0.098831315686657,6.79904041381545e-21,"ENSG00000065883.16"
0.0145823490044396,0,"ENSG00000168303.9"
0,0,"ENSG00000175600.15"
0.0329434603163021,4.24357122396162e-13,"ENSG00000203446.2"
0,0,"ENSG00000122641.11"
0,0.0189220431336057,"ENSG00000224116.7"
0.00578262990307427,5.67407483880569e-11,"ENSG00000106571.14"
0,0,"ENSG00000136197.12"
0.200914787817406,9.75315434704369e-13,"ENSG00000106588.11"
0.0693411421236994,7.97331899596123e-13,"ENSG00000106591.4"
0,0.115788202037612,"ENSG00000002746.15"
0,0,"ENSG00000164543.7"
0,0.128414346613089,"ENSG00000106603.18"
0,0,"ENSG00000106605.11"
0.660781983571972,0.147282126377313,"ENSG00000062582.14"
0.674355918890577,1.50795319277722e-12,"ENSG00000106608.16"
0,0,"ENSG00000237972.1"
0.330130539384529,1.77672108759645e-14,"ENSG00000078967.13"
0.284939646670657,0.141767982672465,"ENSG00000214783.9"
0,0,"ENSG00000136206.4"
0.0232565668358252,2.91316835884957e-12,"ENSG00000228434.1"
0.19166240220172,0.0538955484559326,"ENSG00000285596.1"
0.00473506534141849,1.98499684323168e-13,"ENSG00000272655.2"
0.116819289327244,6.15593305802264e-11,"ENSG00000235314.1"
0,0,"ENSG00000136279.20"
0,0,"ENSG00000122678.17"
0.505605973712873,0,"ENSG00000106624.11"
0.24212637032235,2.1447342852487e-12,"ENSG00000106628.10"
0.276751360202302,1.7596370654083e-10,"ENSG00000106636.8"
0.00741338000178996,1.73975434730145e-13,"ENSG00000015676.18"
0.316815700445971,0,"ENSG00000146677.7"
0,0,"ENSG00000136271.10"
0,0,"ENSG00000158604.15"
0.292558777938957,0.146668282591203,"ENSG00000105953.15"
0,0,"ENSG00000122515.15"
0.373650308768768,1.41060916524585e-10,"ENSG00000196262.14"
0.131129622996571,0.0216670533480418,"ENSG00000105968.18"
0.259278721486071,0,"ENSG00000146676.10"
0.120856430534377,0.484899633046699,"ENSG00000272768.1"
0.13290127850112,0.0223937842048131,"ENSG00000260997.1"
0.494574671584765,0,"ENSG00000136286.16"
0,0,"ENSG00000232956.9"
0.297228498612186,0,"ENSG00000136280.16"
0,0,"ENSG00000136274.9"
0,0,"ENSG00000136270.14"
0.246144612968598,0.224306660167638,"ENSG00000206838.1"
0.0716399938891415,0.418387844394573,"ENSG00000201772.1"
0.377984760109861,0,"ENSG00000164742.16"
0,0,"ENSG00000214765.8"
0.105396573079162,2.2355774631503e-15,"ENSG00000272556.2"
0,0.359440301366033,"ENSG00000146674.15"
0,0.291120575707547,"ENSG00000237471.2"
0,0,"ENSG00000286315.1"
0,0.438701591724152,"ENSG00000136205.17"
1.55939761118122e-12,0.088445859356096,"ENSG00000158683.8"
2.90414927642973e-16,0,"ENSG00000136273.13"
0.0191012872179356,0.301332472821499,"ENSG00000183696.14"
0,0.0285844430517326,"ENSG00000179869.15"
0,0,"ENSG00000185811.19"
0.030649784829408,1.09136824696906e-21,"ENSG00000132436.11"
0.027224436887546,1.16251766284063e-13,"ENSG00000106070.19"
0.442028385287882,0.0839586757365439,"ENSG00000106078.19"
0.408791351303228,1.54149041522143e-11,"ENSG00000132432.14"
0,0,"ENSG00000146648.18"
0,0,"ENSG00000224057.1"
0,0,"ENSG00000132434.9"
0,0,"ENSG00000154978.13"
0,0,"ENSG00000176826.15"
0,0,"ENSG00000178665.16"
0.18518578666741,9.25606485701855e-09,"ENSG00000146729.10"
0.639370414087263,2.1079899807183e-14,"ENSG00000239789.6"
0,0,"ENSG00000146733.14"
0.0922066177984255,2.09524750731005e-21,"ENSG00000146731.11"
0,0,"ENSG00000129103.18"
0.138815572532162,0.00190550883134178,"ENSG00000164776.9"
0.12621497730181,2.62682694537545e-20,"ENSG00000106153.13"
0.390010507861008,0.101094045061587,"ENSG00000237268.2"
0.334858482000295,0,"ENSG00000260653.6"
0.504478003995874,1.87235558202239e-11,"ENSG00000214652.6"
0,0.0803067298640238,"ENSG00000234444.10"
0,0.0949145547339195,"ENSG00000228653.2"
0,0,"ENSG00000173041.12"
0.0923676623020559,1.04669462788492e-20,"ENSG00000196247.11"
0,0,"ENSG00000197008.9"
0,0,"ENSG00000234338.1"
0.213969770934576,0.106965439696895,"ENSG00000198039.11"
2.88570462973133e-12,0.0548347499055844,"ENSG00000286342.1"
2.69737251637232e-11,0.17284423624346,"ENSG00000152926.15"
0,0.31248523193948,"ENSG00000213462.5"
0,0.0204509845161084,"ENSG00000234585.6"
0.370700597210476,0.0235314584539631,"ENSG00000207344.1"
0,0,"ENSG00000226002.1"
0.0919325642237679,7.92236328347624e-20,"ENSG00000146757.13"
0,0,"ENSG00000228409.6"
0.67005699767808,0,"ENSG00000206634.1"
0,0.0652685488803406,"ENSG00000196715.7"
0,0,"ENSG00000169919.17"
0.624184825821414,0.0383586838171228,"ENSG00000126522.17"
0,0,"ENSG00000241258.7"
0,0,"ENSG00000169902.15"
0.359652626296493,0.0255040030456005,"ENSG00000179406.8"
0,0,"ENSG00000236928.3"
0,0.0049333952618972,"ENSG00000237310.2"
0.38916177101752,0.0499978791559249,"ENSG00000179342.4"
0,0,"ENSG00000234500.1"
0.175440065282072,9.36291939309398e-12,"ENSG00000229180.7"
0.936466063136317,2.03157205462805e-13,"ENSG00000225573.4"
0.0963430709245626,0.132016806101249,"ENSG00000243335.9"
0.655353524997738,0.019439025278092,"ENSG00000226824.7"
0.00136655562705511,0.200713642673782,"ENSG00000154710.17"
0,0,"ENSG00000271064.1"
0.639007250487383,0,"ENSG00000232546.1"
0,0,"ENSG00000273142.1"
0.0883714103071087,0.0684768513457295,"ENSG00000106609.16"
1.19435249594131e-11,0.067716103230843,"ENSG00000275878.1"
0,0,"ENSG00000126524.10"
0,0,"ENSG00000198874.13"
0,0,"ENSG00000230358.4"
0,0,"ENSG00000067601.8"
0,0,"ENSG00000106610.15"
0.32245265740373,9.92803130157207e-13,"ENSG00000158321.18"
0.872738377211444,0.00237610712449908,"ENSG00000185274.12"
0,0,"ENSG00000183166.11"
0.166132580374893,0,"ENSG00000277149.5"
0,0,"ENSG00000225648.5"
0.261574925295267,2.46223835821976e-12,"ENSG00000196313.11"
0.341319355767781,0.136063580068086,"ENSG00000272843.1"
0.0437955025215197,0.0867609045000327,"ENSG00000233369.7"
0,0,"ENSG00000182487.12"
0.766088577314988,4.12932134548078e-15,"ENSG00000205578.6"
0,0,"ENSG00000130305.17"
0.0518439310043653,0.191681684468536,"ENSG00000188763.5"
0,0,"ENSG00000009954.11"
0.266494719596095,2.4326206186278e-12,"ENSG00000106635.8"
0,0.0408447285682758,"ENSG00000106638.17"
0.026633600057005,0.22043264122463,"ENSG00000009950.16"
6.37539927083413e-14,0.0390850633303476,"ENSG00000274080.1"
0.0595121077662121,0.0704659801589561,"ENSG00000176428.6"
0.254853603909968,0.106078171284546,"ENSG00000176410.8"
0.122974305146219,1.4673933965532e-07,"ENSG00000071462.11"
0,0,"ENSG00000106089.12"
0.00770356725003158,0,"ENSG00000106077.18"
0.418429226334624,6.41598956187975e-13,"ENSG00000189143.9"
0.178292854647953,4.1804288433217e-12,"ENSG00000165171.11"
2.41983303133761e-12,0.161941034380134,"ENSG00000049540.17"
4.01273125191619e-17,0.0970883648778069,"ENSG00000106683.15"
0.358973569492712,1.12218186689576e-20,"ENSG00000106682.14"
0.237854821787426,1.30762410117663e-16,"ENSG00000086730.17"
0.375103853191783,6.35365777556518e-13,"ENSG00000049541.11"
0.500772305117179,0.0525660516229775,"ENSG00000106665.15"
0.0818330462137438,1.51379101575566e-12,"ENSG00000006704.10"
0,0,"ENSG00000263001.6"
0,0,"ENSG00000232729.8"
0.398347145401496,0,"ENSG00000158517.15"
0.122371286039194,8.50117170969388e-09,"ENSG00000196275.14"
0.470370809159428,0,"ENSG00000277072.5"
0,0,"ENSG00000274070.2"
0.0976387124697254,7.12242647229895e-10,"ENSG00000274523.5"
0,0,"ENSG00000174428.18"
0.375542694592025,4.81985300247586e-13,"ENSG00000165178.9"
0,0,"ENSG00000223705.9"
0,0,"ENSG00000272391.6"
0,0,"ENSG00000170092.14"
0,0,"ENSG00000127957.18"
0,0,"ENSG00000127946.17"
0,0,"ENSG00000005486.17"
0,0,"ENSG00000127948.16"
1.80028395558582e-14,0.214044290561244,"ENSG00000235090.1"
0.403870493704167,0.149079805804805,"ENSG00000201643.1"
0.0551378818859049,1.22138773290439e-12,"ENSG00000189077.11"
0.164470496658316,0,"ENSG00000127952.17"
0,0.0215240651402134,"ENSG00000280388.1"
0.298197320351758,0.00965839140203213,"ENSG00000146701.12"
0.382169754830065,0.324971962082494,"ENSG00000177679.16"
0.258953537985794,0.0347201960560582,"ENSG00000106211.9"
0.0186411747442809,3.33486927633583e-15,"ENSG00000170027.7"
1.89547844426878e-09,0.0348627771911309,"ENSG00000146700.9"
0,0,"ENSG00000188372.15"
0.2947987896694,0,"ENSG00000091073.19"
0.504163829354723,0.0920393820951717,"ENSG00000205485.13"
0.774453130676745,4.18721190769502e-11,"ENSG00000146707.14"
0.059179018258055,2.72510359507506e-09,"ENSG00000214439.4"
0,0,"ENSG00000135205.15"
0.0512822165667066,0.298908370529764,"ENSG00000127951.7"
0.489167460496184,0.155312579481751,"ENSG00000186088.16"
8.25168549638833e-14,0,"ENSG00000127947.16"
0,0,"ENSG00000214293.9"
0.282820874344476,0,"ENSG00000187257.16"
0,0,"ENSG00000135211.6"
0,0,"ENSG00000006576.16"
0.281806894212121,0.215724837579019,"ENSG00000187391.21"
0,0,"ENSG00000286855.1"
0,0,"ENSG00000222024.2"
3.65135558738648e-21,0.0687219331992453,"ENSG00000234456.8"
0,0.0136770820656765,"ENSG00000127955.17"
0.509612264945989,0.183010822042773,"ENSG00000135218.19"
0.178579679287225,0.514535120839926,"ENSG00000229436.1"
0,0,"ENSG00000075223.14"
0.131963675073335,1.24136182243177e-10,"ENSG00000019991.18"
6.32571170661472e-14,0.000401153042550428,"ENSG00000153956.16"
0,0,"ENSG00000223770.5"
6.61567949189507e-13,0.0477879397357926,"ENSG00000186472.20"
0,0,"ENSG00000170381.14"
0,0.0852406217909506,"ENSG00000075213.11"
0.37042222106009,0.221369745569168,"ENSG00000153993.13"
0.423737664500236,0.327659758945399,"ENSG00000164659.15"
0.582419849565024,7.20462540580735e-15,"ENSG00000224046.2"
7.5840329368348e-16,0.0247346048685858,"ENSG00000135164.18"
0,0.0417208405254321,"ENSG00000135185.12"
0,0.163176279040557,"ENSG00000182165.18"
0.425069760730048,1.41795214496094e-11,"ENSG00000005469.11"
0.519941204256,2.01943439486402e-07,"ENSG00000005471.17"
0.122319100214545,2.2229614691872e-16,"ENSG00000085563.14"
0.254209300072151,0.0414419709818614,"ENSG00000105784.15"
0,0,"ENSG00000075303.13"
0.24012028737479,2.65360492077371e-13,"ENSG00000006634.8"
0.525514249925448,6.28721785413674e-11,"ENSG00000008277.14"
0.0231673568708334,1.15781861477693e-08,"ENSG00000075142.13"
0.0348896632815966,4.20647376288859e-21,"ENSG00000228113.7"
0.466506464546323,1.45370013429629e-10,"ENSG00000127954.12"
0,0,"ENSG00000164647.9"
0.524625270175229,0,"ENSG00000157214.14"
0.234489221527608,1.18182455624333e-12,"ENSG00000105792.19"
0,0,"ENSG00000234459.1"
0,0,"ENSG00000225498.1"
0.414739909667757,9.41948176228941e-15,"ENSG00000283267.1"
0,0,"ENSG00000105793.15"
0,0,"ENSG00000157224.16"
0,0,"ENSG00000058091.17"
0,0,"ENSG00000223969.6"
0,0.129817920069429,"ENSG00000223584.1"
0.00128137745246429,0,"ENSG00000286411.1"
0,0,"ENSG00000157240.4"
0,0,"ENSG00000243144.7"
0,0,"ENSG00000127989.14"
0.220090442575464,7.78061485856746e-12,"ENSG00000287672.1"
0,0,"ENSG00000127914.16"
0,0.0123132213807081,"ENSG00000001630.17"
0.109436908551029,1.0633713817648e-15,"ENSG00000001631.15"
0,0.0284751365915351,"ENSG00000243107.1"
0,0,"ENSG00000001629.10"
2.1269868238203e-15,1.96369568746474e-21,"ENSG00000157259.8"
0.206958579921994,0.543758559152516,"ENSG00000244055.2"
0.0967213214645867,0.282485566942338,"ENSG00000242950.7"
0,0,"ENSG00000127980.16"
0,0,"ENSG00000127993.16"
0.123382762234617,4.31266045229469e-19,"ENSG00000234545.8"
0.175180480632869,1.04095066222819e-10,"ENSG00000105810.9"
0,0,"ENSG00000287932.1"
0,0,"ENSG00000286742.1"
0,0,"ENSG00000266794.2"
0,0,"ENSG00000205413.8"
0,0,"ENSG00000177409.12"
0.769242487721195,0.0113356452019998,"ENSG00000004766.17"
0,0,"ENSG00000105825.14"
3.51306424287913e-17,0.115153582271134,"ENSG00000127920.6"
0,0,"ENSG00000105829.13"
0,0,"ENSG00000285090.1"
4.29997257298536e-21,0.00442788637650162,"ENSG00000285964.1"
0,0,"ENSG00000164692.17"
0,0,"ENSG00000127995.17"
0,0,"ENSG00000127990.19"
0.227018109062399,0.12369789366361,"ENSG00000242265.5"
0.0338708495914239,0.320479090208877,"ENSG00000158528.12"
0,0,"ENSG00000105852.11"
0,0,"ENSG00000105854.13"
0,0.0771605107210582,"ENSG00000231170.7"
1.21155162626948e-19,0.145585575740184,"ENSG00000004799.8"
0.127613882684535,4.96818366728145e-14,"ENSG00000158560.14"
0.185785137046618,3.0467525490265e-15,"ENSG00000004864.13"
0.146465191314275,4.12369626657351e-19,"ENSG00000127922.9"
0,0,"ENSG00000231764.10"
0,0,"ENSG00000006377.11"
0,0,"ENSG00000105880.7"
0.0764726757161081,5.85946373609778e-21,"ENSG00000196636.7"
0,0,"ENSG00000070669.17"
0.244462233534051,0,"ENSG00000284707.2"
0.0896282714252527,1.62882554088965e-10,"ENSG00000285725.1"
0,0,"ENSG00000164715.6"
0.386010776646145,0.20950751805624,"ENSG00000205356.10"
0.0901243715114398,1.95854712482202e-11,"ENSG00000164713.10"
0.0445687769102053,0,"ENSG00000006453.14"
9.96889962569211e-22,0.00811329284917291,"ENSG00000106236.4"
0,0.160066908480779,"ENSG00000166448.14"
0,0,"ENSG00000196367.13"
0,0,"ENSG00000266019.1"
0.142845817972177,6.21429475784229e-11,"ENSG00000286305.1"
0.0212139997619529,0,"ENSG00000198742.9"
0.36285446192944,1.12059518095706e-15,"ENSG00000185467.7"
0.375974761057117,0.0247791438208375,"ENSG00000241685.10"
6.21794614632301e-15,0,"ENSG00000130429.15"
0.0399021584144978,8.23344225169804e-16,"ENSG00000106244.13"
0.167170909163529,0,"ENSG00000106245.11"
0,0,"ENSG00000106246.17"
4.42838823287824e-17,0,"ENSG00000160917.15"
0.257459103033063,0,"ENSG00000228335.1"
0.0429943025095117,5.98000977772191e-14,"ENSG00000241468.7"
0.152569132699909,2.72756090920168e-14,"ENSG00000198556.14"
0,0,"ENSG00000160908.15"
0,0,"ENSG00000196652.11"
0,0,"ENSG00000221909.3"
0,0.0298984705633546,"ENSG00000197343.11"
1.12443023151145e-16,0.00661872922763628,"ENSG00000197037.11"
0,0,"ENSG00000106258.15"
0.154602354887385,0,"ENSG00000160868.15"
0,0,"ENSG00000146833.15"
0.213904549423175,1.24785897195126e-13,"ENSG00000160862.13"
0.28637374594418,0,"ENSG00000106261.17"
0.0448451107287952,0,"ENSG00000166529.15"
0.487387287272447,1.67847459937716e-12,"ENSG00000166526.17"
0.0109478219950943,1.65551384156235e-15,"ENSG00000168090.10"
0,0,"ENSG00000166508.17"
0,0,"ENSG00000221838.10"
0,0,"ENSG00000106290.15"
0.0631965258281451,6.82385384956418e-10,"ENSG00000166997.8"
0,0,"ENSG00000214309.5"
0,0,"ENSG00000188186.10"
0.21257453212461,0,"ENSG00000146826.17"
0,1.75791822170386e-17,"ENSG00000197093.11"
0,0,"ENSG00000213420.8"
0,0.302110319867829,"ENSG00000066923.17"
0,0,"ENSG00000239521.8"
0,0.14017340785503,"ENSG00000214300.7"
0,8.814920604009e-16,"ENSG00000078319.9"
0.495606765111522,0.0179681707817686,"ENSG00000242294.6"
0.252338747001483,5.62111819639006e-19,"ENSG00000121716.20"
0,0,"ENSG00000085514.16"
0.084965787961682,0.0481154031096991,"ENSG00000078487.17"
0,0,"ENSG00000146834.14"
0,0,"ENSG00000160813.7"
0,0,"ENSG00000185955.5"
0.164312255260759,2.48951157470171e-11,"ENSG00000166925.9"
0,0,"ENSG00000166924.9"
0.420218716813064,0,"ENSG00000106351.13"
9.41671750731506e-22,0.280339969023467,"ENSG00000077454.16"
0,0.153298405380927,"ENSG00000106336.13"
0,0,"ENSG00000106333.13"
0.2196179897508,0.234269550829209,"ENSG00000106330.12"
0,0,"ENSG00000106327.13"
0.172747446362162,3.96334637042286e-22,"ENSG00000172354.10"
0,0,"ENSG00000146830.10"
3.89241854267731e-09,0.289939174504192,"ENSG00000172336.5"
0,0,"ENSG00000196411.10"
0.0359031749015532,0,"ENSG00000146828.18"
0,0,"ENSG00000087077.14"
0.120385301026287,0,"ENSG00000087087.20"
0.142533775636209,4.88396454906566e-11,"ENSG00000176125.6"
0.0561794664555351,0.35823987486117,"ENSG00000087085.15"
0,0,"ENSG00000169894.18"
0.154476533956743,0,"ENSG00000169871.13"
0,0,"ENSG00000106366.8"
0.0585529759846092,8.20131253088326e-16,"ENSG00000106367.15"
0,0,"ENSG00000106397.12"
0,0,"ENSG00000106400.12"
0.0516447069235114,2.75678665869621e-11,"ENSG00000106404.13"
0.345650866257131,0,"ENSG00000214253.9"
0,0,"ENSG00000128581.17"
0,0,"ENSG00000257923.11"
0.295085222589749,0.257629899503502,"ENSG00000259294.1"
6.12958589905124e-12,0.0115325452626923,"ENSG00000272219.1"
0,0,"ENSG00000261535.1"
0.22130644403011,1.24742832035129e-14,"ENSG00000160999.10"
0.0522333403132245,0,"ENSG00000170409.7"
0,0.0746691352299222,"ENSG00000260097.3"
0,0,"ENSG00000128563.13"
0.522022098202107,0.0828326265015791,"ENSG00000239486.1"
0,0.0962983388500932,"ENSG00000160991.16"
0.0118598339520508,0,"ENSG00000160993.4"
0.10731298853338,0.318933705907334,"ENSG00000161036.13"
0.0671257645878792,7.60897717228579e-21,"ENSG00000005075.15"
0.495020008061514,8.81599479488254e-12,"ENSG00000170667.14"
0,0,"ENSG00000285437.1"
0.448116796750134,0.0449505597117513,"ENSG00000105808.17"
0.0596989291911225,1.71261218856411e-12,"ENSG00000228049.7"
0.221751734142093,0,"ENSG00000222011.9"
0,0,"ENSG00000161040.16"
0.0715446856143489,1.10029578890966e-14,"ENSG00000128606.13"
0,0,"ENSG00000170632.14"
0,0,"ENSG00000161048.11"
0,0.350420792676419,"ENSG00000224415.1"
0,0,"ENSG00000170629.14"
0,0,"ENSG00000105819.14"
0,0,"ENSG00000105821.15"
0.170313608074804,5.86113205722627e-11,"ENSG00000161057.12"
0.29432127047293,0.067212785268821,"ENSG00000189056.14"
0,0,"ENSG00000164815.11"
0,0,"ENSG00000197258.5"
8.26418554169522e-14,0.0880354147452202,"ENSG00000237513.2"
0,0.138911842054787,"ENSG00000228393.4"
0,0.155236522861327,"ENSG00000239569.3"
0.0168824157884663,2.94287679431179e-10,"ENSG00000005483.21"
0.112616135330138,6.63807026289474e-10,"ENSG00000272918.1"
0,0,"ENSG00000135250.17"
0,0,"ENSG00000242154.1"
0.231913648953019,9.96691017215608e-09,"ENSG00000091127.14"
0,0.0503226119306844,"ENSG00000135249.8"
0.180035599462924,4.37192748941578e-11,"ENSG00000272604.1"
0,0,"ENSG00000146776.14"
0.260071544260463,0.363052892133386,"ENSG00000128536.16"
0,0,"ENSG00000008282.8"
0.0229782891698976,5.63404203075971e-18,"ENSG00000105835.12"
0.00938812419969518,0,"ENSG00000243797.6"
0,0.0277163832456865,"ENSG00000253276.3"
0,0,"ENSG00000105851.11"
0.178978933387098,0.187053036834747,"ENSG00000005249.13"
0,0,"ENSG00000243193.4"
0,0,"ENSG00000105856.14"
0.38894663428345,0.0594033707354645,"ENSG00000272072.1"
0,0,"ENSG00000164597.13"
0,0.202789837664114,"ENSG00000172209.6"
0,0,"ENSG00000105865.11"
0,0,"ENSG00000075790.10"
0.269356296102373,3.12726148920411e-15,"ENSG00000091137.14"
0,0,"ENSG00000241764.4"
0,0,"ENSG00000105879.12"
0.0442943956882914,1.41837801604123e-08,"ENSG00000091140.14"
0.182818140834098,0.0756116197102614,"ENSG00000091136.14"
0,0,"ENSG00000273055.1"
0,0,"ENSG00000091129.20"
0.0517669289166502,1.90124077983376e-12,"ENSG00000135241.17"
0.179884691550532,4.24012534229205e-11,"ENSG00000177683.14"
0,0,"ENSG00000128590.5"
0,0,"ENSG00000184903.9"
0.192372011325003,0.0343247138633618,"ENSG00000173114.13"
0,0,"ENSG00000227948.4"
0.0564890819606979,1.7201445367792e-10,"ENSG00000128512.22"
0.185275253943363,0,"ENSG00000287011.1"
0.0437273559763024,4.21773121665841e-10,"ENSG00000225572.1"
5.71612849037906e-12,0.0423814026970081,"ENSG00000234358.1"
0.00950114317720425,0,"ENSG00000198839.10"
0,0,"ENSG00000006652.14"
0,0.0953497189798649,"ENSG00000181016.9"
0,0,"ENSG00000146802.13"
0,0,"ENSG00000164603.12"
0,0.0610837915813919,"ENSG00000234520.6"
0,0,"ENSG00000164604.12"
0.00246254462110854,3.25913601200061e-11,"ENSG00000214194.9"
0.398524961986029,0.0985280486031176,"ENSG00000128573.25"
0.455921865035764,1.02139352032661e-13,"ENSG00000135272.10"
0,0,"ENSG00000105967.16"
0.721015025810962,4.70223192755737e-15,"ENSG00000279086.1"
0.391480997015144,0.119399324502364,"ENSG00000135269.18"
0.239919640368725,2.20443452684226e-13,"ENSG00000243243.5"
0.0297100338829228,7.64613513893212e-10,"ENSG00000237813.4"
0.356696742222796,0.408825479848547,"ENSG00000237870.6"
0.385774375983704,0.0593141194328475,"ENSG00000105971.15"
0.0895234323110689,0,"ENSG00000105974.12"
0,0,"ENSG00000235427.1"
0,0,"ENSG00000105976.15"
0.2692973986556,8.81053257395264e-10,"ENSG00000198898.14"
6.64851743363964e-17,0,"ENSG00000235945.1"
0,0,"ENSG00000004866.20"
0,0,"ENSG00000214188.9"
0.0448085986247,0,"ENSG00000228368.1"
0,0,"ENSG00000226367.6"
0,0,"ENSG00000287829.1"
0.289454993409468,0,"ENSG00000105989.10"
0.79446654479837,0.000843726916236427,"ENSG00000077063.11"
0,0,"ENSG00000128534.8"
0,0,"ENSG00000184408.10"
0.581533687018914,1.52062235411731e-14,"ENSG00000106025.9"
0.0210518678257113,4.33126836155739e-13,"ENSG00000071243.16"
0,0,"ENSG00000106034.18"
0,0,"ENSG00000196937.11"
0.417143739880243,1.52752573487329e-11,"ENSG00000106278.12"
8.31457639140842e-13,0.0477791507218305,"ENSG00000008311.15"
0,0,"ENSG00000081803.16"
0.19174690013015,0,"ENSG00000240499.7"
0,0.125099097369503,"ENSG00000235631.2"
0,0,"ENSG00000164675.11"
0,0,"ENSG00000128609.15"
0.246904231479211,9.43431502505897e-13,"ENSG00000170807.12"
0,0,"ENSG00000106299.8"
0,0.0308435831781741,"ENSG00000272686.1"
0.113518559716966,0,"ENSG00000170775.3"
1.83297481028291e-18,0.0791788511255563,"ENSG00000128513.16"
0,0.180659627932401,"ENSG00000224897.8"
0,0,"ENSG00000048405.10"
0,0.054369339841004,"ENSG00000224138.1"
0,0,"ENSG00000280347.1"
0,0,"ENSG00000179562.3"
0.0186342089757486,0,"ENSG00000004059.11"
0.0244623637899407,0,"ENSG00000197157.11"
0.0563446789410804,0,"ENSG00000279078.1"
0,0,"ENSG00000128594.8"
0,0,"ENSG00000174697.5"
0,0,"ENSG00000106344.8"
0.0860528391594679,0.338603964309452,"ENSG00000224940.8"
0.161327792963758,1.21604643996852e-12,"ENSG00000106348.18"
0,0,"ENSG00000135245.10"
0,0,"ENSG00000165055.15"
0,0,"ENSG00000273270.1"
0,0,"ENSG00000280828.1"
0,0,"ENSG00000242588.6"
0,0,"ENSG00000243302.3"
0.150762212734192,0,"ENSG00000230715.3"
0.101632385011663,4.99227877732151e-10,"ENSG00000229413.2"
0,0,"ENSG00000243679.1"
0,0,"ENSG00000281490.1"
0,0,"ENSG00000271553.1"
0,0,"ENSG00000205085.11"
0,0.0890210629157662,"ENSG00000271344.1"
0,0,"ENSG00000135248.15"
0,0,"ENSG00000128595.17"
0.0107565076020927,0,"ENSG00000244218.3"
0,0,"ENSG00000128617.2"
0.404764413189145,0.244610107698184,"ENSG00000128596.17"
0.609371866837901,0.176300190295987,"ENSG00000128591.15"
0.0922912630077128,0,"ENSG00000135253.13"
0.384014980484635,0.0195412553960045,"ENSG00000128524.5"
0.0478468685427923,0,"ENSG00000272899.4"
0.365412008511531,1.40956194868492e-11,"ENSG00000128604.20"
0.00984648010453116,1.99721849249512e-17,"ENSG00000064419.13"
0,0.0886263198116753,"ENSG00000244556.1"
0.189769503004395,0.0271387660829155,"ENSG00000230359.5"
0.0559245624773246,0.0311651742177312,"ENSG00000158457.6"
0.145592933381495,0,"ENSG00000128602.11"
0,0,"ENSG00000158467.16"
1.87852302139165e-13,0.439863825506929,"ENSG00000286722.1"
0,0,"ENSG00000128578.10"
0.24303911343224,5.04951767756762e-12,"ENSG00000273329.1"
0,0,"ENSG00000106459.15"
0,0,"ENSG00000186591.13"
5.67546163276009e-16,0,"ENSG00000091732.16"
0,0,"ENSG00000128607.14"
0.182339793089145,1.1582277477098e-18,"ENSG00000146842.17"
0.165029943738596,1.46249558817092e-22,"ENSG00000128510.12"
0,0.0556242287631036,"ENSG00000091704.10"
0,0,"ENSG00000106477.19"
0,0.0113648432415379,"ENSG00000272701.3"
0.585888713345702,0.117015647771643,"ENSG00000106484.16"
0.649502478342266,0.152514953009072,"ENSG00000270823.1"
0,0,"ENSG00000158623.14"
0,0,"ENSG00000270953.1"
0.455878142505751,0.143604063263503,"ENSG00000286214.1"
0,0,"ENSG00000266265.3"
0.0610170216463473,1.31927132018565e-08,"ENSG00000285106.2"
0.394082783399137,3.98538950214716e-17,"ENSG00000232716.2"
0,0,"ENSG00000233559.2"
0,0,"ENSG00000226380.9"
0,0,"ENSG00000271204.1"
0,0,"ENSG00000273319.1"
0,0,"ENSG00000231721.7"
0,0.128221966475363,"ENSG00000199627.1"
0,0,"ENSG00000128585.18"
0.196712772297167,0,"ENSG00000236753.7"
1.62834566819104e-13,0.0547599303866277,"ENSG00000273489.1"
0,0.0181245413706238,"ENSG00000128567.17"
0,0.0570842636173995,"ENSG00000221866.9"
0.130401123496045,0,"ENSG00000106554.13"
0.355831756377224,0,"ENSG00000283041.1"
0,0,"ENSG00000131558.15"
0,0,"ENSG00000226205.1"
0,0,"ENSG00000155530.3"
0,0,"ENSG00000205060.11"
0,0.0463320560901795,"ENSG00000273297.2"
0.191628911338968,0,"ENSG00000085662.14"
0,0,"ENSG00000198074.10"
0,0,"ENSG00000227471.9"
0,0,"ENSG00000172331.12"
0,0.0194649342992575,"ENSG00000122786.20"
0,0,"ENSG00000286458.1"
0,0.303951412844174,"ENSG00000146856.14"
0,0.147931328443182,"ENSG00000122783.16"
0,0,"ENSG00000146859.6"
0,0.0236795633936799,"ENSG00000272941.1"
0,0.147751129273619,"ENSG00000287733.1"
0.00924879930382608,4.46961493072114e-11,"ENSG00000105875.14"
0,0,"ENSG00000080802.18"
0.0123835805292133,1.01506846458854e-11,"ENSG00000155561.15"
0.631142863347261,3.9312444123445e-13,"ENSG00000243317.8"
0,0,"ENSG00000164707.15"
0.185277171402476,0.104691587646279,"ENSG00000189320.9"
0,0,"ENSG00000105887.11"
0,0,"ENSG00000105894.12"
0.348954842946254,0.205944114921622,"ENSG00000157680.15"
0.360913449443799,0.203652510850473,"ENSG00000230383.1"
0,0,"ENSG00000182158.15"
7.36055201165792e-20,0.182723900850823,"ENSG00000237243.1"
0,0,"ENSG00000213237.4"
0.220585576219241,5.6334432831791e-22,"ENSG00000122779.18"
0,0,"ENSG00000122778.9"
0,0,"ENSG00000146858.8"
0.00181739370099625,2.45812813878358e-15,"ENSG00000105939.13"
0,0,"ENSG00000105948.13"
0.0307272389747385,0.0405829137074975,"ENSG00000157741.15"
0,2.17429772720321e-14,"ENSG00000164898.13"
0.760150045683501,0.103672262746157,"ENSG00000146963.18"
0,0,"ENSG00000273391.1"
0.260646486296641,0.025145311167364,"ENSG00000064393.16"
0.0156266877929763,2.53213104913513e-15,"ENSG00000059377.17"
0.37293654384514,0,"ENSG00000059378.12"
0.092905848745704,7.05311020981167e-13,"ENSG00000006459.11"
0.0737962300209492,4.15398216047625e-12,"ENSG00000260231.2"
0,0,"ENSG00000157800.18"
0,0,"ENSG00000133606.11"
0,0,"ENSG00000146966.13"
0.145881919693266,0,"ENSG00000133597.11"
0,0.00325719974754702,"ENSG00000090266.13"
0,0,"ENSG00000157764.13"
0,0,"ENSG00000090263.16"
0.0114559713677124,0.243404731263504,"ENSG00000261115.6"
8.02248716082928e-16,0,"ENSG00000006530.18"
0,0,"ENSG00000257093.7"
0.248357568328128,0.095676645817253,"ENSG00000270157.1"
0.374859528198122,0.1076429803602,"ENSG00000228775.8"
0.16861293008985,2.63229397983259e-19,"ENSG00000106028.11"
0,0.0113327587845735,"ENSG00000127362.2"
0.0538609364906077,7.86607461072097e-10,"ENSG00000127364.3"
1.41376755643697e-10,0.0654053771952702,"ENSG00000257335.8"
0,0,"ENSG00000258227.7"
0,0,"ENSG00000270672.1"
0.199624935063535,0.354128679576994,"ENSG00000211772.11"
0.344866859937413,0,"ENSG00000106123.12"
0.138499429260255,4.59424366676586e-13,"ENSG00000165125.20"
0,0,"ENSG00000197993.9"
2.26504716894712e-21,0.0115488545008774,"ENSG00000197448.14"
0,0,"ENSG00000106144.20"
0.0636493456086542,0.0961936097707005,"ENSG00000240322.3"
0.237054356480452,0,"ENSG00000159784.17"
0,0,"ENSG00000232533.1"
0.0983521579784651,0,"ENSG00000159840.16"
0.431262935363511,2.45383254414029e-15,"ENSG00000146904.9"
0,0,"ENSG00000223459.6"
0.559521564753026,0.288569360592904,"ENSG00000170379.20"
0,0,"ENSG00000198420.10"
0,0,"ENSG00000221813.4"
0.755630864107648,0.0128809928123223,"ENSG00000221836.3"
0.00268867166019828,8.7173355021758e-10,"ENSG00000221858.3"
0.369263450454991,2.27340737112827e-13,"ENSG00000273234.1"
0.326666718505195,0.180006707233709,"ENSG00000183122.5"
0.042406989431305,3.3623838321604e-12,"ENSG00000244198.7"
0,0,"ENSG00000212807.2"
0.289372262866325,4.56323739466321e-10,"ENSG00000204959.4"
0.304744902704277,0.0242067889202905,"ENSG00000244479.7"
0,0,"ENSG00000221970.2"
0,0,"ENSG00000050327.15"
0.091762213555619,2.34339511913907e-21,"ENSG00000196511.14"
0,0.0700586221740472,"ENSG00000174469.23"
0,0,"ENSG00000055130.17"
0.0686184531846117,5.48067679198762e-13,"ENSG00000106462.10"
0.454407320001664,1.53796617515715e-10,"ENSG00000252316.1"
0.663515224340154,2.73467160748206e-14,"ENSG00000202354.1"
0.513653674714402,1.80173295479998e-11,"ENSG00000201098.1"
0,0.125739399143279,"ENSG00000155660.11"
2.2610255038992e-19,1.29040653960247e-15,"ENSG00000197362.15"
0.077895704774284,0.133219599285509,"ENSG00000204947.9"
0,0,"ENSG00000240877.3"
0,0,"ENSG00000197024.9"
0.0700477479275874,2.26701742851255e-20,"ENSG00000170265.12"
0,0,"ENSG00000170260.9"
0.568771719062472,9.25590920555431e-11,"ENSG00000204946.10"
1.81341619698073e-12,0.0243024525336622,"ENSG00000271664.1"
0.600783665728233,2.66642275607732e-13,"ENSG00000244560.7"
0.0421102164606741,0,"ENSG00000196453.8"
0,0.0378613504650735,"ENSG00000181220.17"
0.351929104416152,0,"ENSG00000133624.13"
0.219055589274411,0,"ENSG00000133619.17"
0.219672333095015,2.6485029002384e-12,"ENSG00000181444.13"
0,0,"ENSG00000197558.12"
0,0.0730884263994978,"ENSG00000106479.11"
0,0.0638663386801695,"ENSG00000204934.10"
0,0,"ENSG00000171130.18"
0,0,"ENSG00000106526.10"
0,0,"ENSG00000188707.6"
0.0752926681049758,3.34676550862369e-21,"ENSG00000127399.15"
0.147309072194352,5.3367377996916e-10,"ENSG00000106538.10"
0.514070127677804,0,"ENSG00000214022.11"
0.214499779316854,0.00584105111218994,"ENSG00000196456.13"
0.205222041371295,0.178291681509323,"ENSG00000284691.1"
0,0,"ENSG00000171115.4"
5.62199293656663e-11,0.192547528261893,"ENSG00000133561.15"
0,0.183526375015039,"ENSG00000106560.11"
3.70576027191492e-12,0.0529125295048552,"ENSG00000213203.3"
0,0,"ENSG00000196329.11"
0.0840432252515489,4.46148692973297e-12,"ENSG00000106565.18"
0.0336213533447749,5.18920126831649e-15,"ENSG00000002933.9"
0.0846988133951428,0,"ENSG00000055118.15"
0.480426919401665,0.226705017219215,"ENSG00000164867.11"
0.294606399297281,0.451291261479613,"ENSG00000181652.19"
0,0,"ENSG00000197150.12"
0,0,"ENSG00000213199.8"
0,0,"ENSG00000164885.13"
0.366946595932891,7.9756060019545e-15,"ENSG00000164889.14"
0.43020778861983,0.468470156050976,"ENSG00000164896.20"
0,0,"ENSG00000164897.14"
0,0.145083770297392,"ENSG00000133612.19"
0.0702083358998866,0.343811726717569,"ENSG00000033050.9"
0,0,"ENSG00000033100.16"
0,0,"ENSG00000082014.16"
0.0304404944997339,4.47009764187123e-12,"ENSG00000013374.16"
0.765207041044012,0.0218450362650632,"ENSG00000187260.15"
0.0981966124045877,3.10537536554613e-11,"ENSG00000243836.5"
0.0296942689286941,8.14096956404615e-11,"ENSG00000106615.10"
0,0,"ENSG00000240132.1"
0,0,"ENSG00000106617.14"
0,0,"ENSG00000242048.3"
0,0,"ENSG00000239911.2"
0.160827896787897,0.0896817767452477,"ENSG00000178234.13"
0,0,"ENSG00000213188.3"
0,0,"ENSG00000055609.18"
0.051071658629711,0.355381655523322,"ENSG00000241007.1"
0.654946890489931,0,"ENSG00000241735.2"
0,0,"ENSG00000261455.1"
0.104466566151539,0.109993727015046,"ENSG00000196584.3"
0.291006510671347,0,"ENSG00000133627.18"
0,0,"ENSG00000214106.9"
0,0,"ENSG00000157212.19"
0.0168068272294597,0,"ENSG00000273344.1"
0.429693937216197,0.0020723089712171,"ENSG00000273117.1"
0.201370585582895,6.41492030291592e-10,"ENSG00000186480.13"
0.276733991150584,1.07264473044867e-13,"ENSG00000216895.9"
0.104798374095384,6.02577894735447e-12,"ENSG00000184863.11"
0.334540469163441,0.0415280729947073,"ENSG00000182648.13"
0.154250881194373,1.66114156843122e-18,"ENSG00000105982.16"
0,0,"ENSG00000224903.2"
0,0,"ENSG00000105983.22"
0.0511422524273547,0,"ENSG00000146909.8"
0,0,"ENSG00000009335.18"
0,0,"ENSG00000225224.1"
0.0756920150538606,0.0786255903519928,"ENSG00000105993.15"
0.356438130356425,1.03804167442578e-20,"ENSG00000155093.19"
0.0571906036543538,4.28780531260777e-11,"ENSG00000146918.20"
0.787579251670419,8.9653405454101e-13,"ENSG00000117868.17"
0,0,"ENSG00000126870.16"
0.116464614315157,3.94254913151306e-12,"ENSG00000223508.5"
0,0,"ENSG00000172748.14"
0,0,"ENSG00000272812.1"
0,0,"ENSG00000147364.16"
0.0200847766996032,0,"ENSG00000279852.1"
0,0,"ENSG00000180190.11"
0.37396889774648,0.176008054105033,"ENSG00000104714.14"
0.244901975085132,1.08651984536695e-10,"ENSG00000198010.12"
0.0663608001983208,6.13945325971848e-10,"ENSG00000182372.9"
0.639262518525967,0.0612097925036462,"ENSG00000253982.2"
0,0,"ENSG00000104728.16"
0.350767940854877,0.149040607452316,"ENSG00000176595.4"
0.654677007612452,0.08891561657931,"ENSG00000036448.10"
0,0,"ENSG00000254319.6"
0,0,"ENSG00000253853.2"
0,0,"ENSG00000183117.19"
0.111321252216284,0.0696030229772875,"ENSG00000246089.3"
0.0664870321285537,2.49878460527995e-14,"ENSG00000147316.13"
0,0,"ENSG00000091879.13"
0,0,"ENSG00000288076.1"
0,0,"ENSG00000271743.1"
0,0,"ENSG00000249898.8"
0.0961919715668641,2.19052420254022e-11,"ENSG00000155189.12"
0.0588463509087206,3.29958398447202e-15,"ENSG00000215374.6"
0.417757376777452,0.35442522554007,"ENSG00000173295.7"
0,0.041745683093149,"ENSG00000275342.5"
7.25778171775249e-15,0.114145626440285,"ENSG00000253958.2"
0,0.0381600326518453,"ENSG00000147324.11"
0.0137445234152199,7.76825552582956e-12,"ENSG00000104626.14"
0.37512297594446,0.107305246910236,"ENSG00000173281.5"
0,0,"ENSG00000173273.16"
0.519831846007573,0,"ENSG00000175806.15"
0,0,"ENSG00000285675.1"
0.472023971810937,1.60053377587868e-11,"ENSG00000261451.1"
0,0.109011348169511,"ENSG00000253641.6"
0.15328802634719,0,"ENSG00000253649.5"
0.146476739747187,0,"ENSG00000272505.1"
0,0.00361970436079255,"ENSG00000171056.8"
0.069367395519604,6.65737809250874e-13,"ENSG00000248896.3"
0,0,"ENSG00000254093.9"
0.0467050632704306,8.13478317474998e-16,"ENSG00000171044.11"
0,0,"ENSG00000255310.2"
0.0655659726871939,0.0847637860224277,"ENSG00000254936.4"
0,0,"ENSG00000280273.2"
0.100041348187176,0,"ENSG00000104643.10"
0,0,"ENSG00000246477.3"
0,0,"ENSG00000154319.16"
0.319196881166027,0,"ENSG00000136573.14"
0,0,"ENSG00000154328.16"
0.126112423634186,6.88130101752084e-13,"ENSG00000079459.13"
0.510153479352576,0.0210594773732916,"ENSG00000164733.21"
0.217630835780798,1.38023817715043e-12,"ENSG00000255052.5"
0.143982462238879,0,"ENSG00000226430.6"
0.00956700285031406,2.37609040903634e-11,"ENSG00000186523.14"
0.871076095584272,0,"ENSG00000255495.1"
0,0,"ENSG00000283674.3"
0.369014988022681,0.00961215488401444,"ENSG00000154359.13"
0.0722028659316182,1.12403719826004e-10,"ENSG00000250305.9"
6.24253560102727e-09,0.075233312809226,"ENSG00000164741.15"
0,0.295718607735452,"ENSG00000287134.1"
0,0.242992997035043,"ENSG00000253932.1"
0.0998705738225473,0,"ENSG00000164743.5"
0,0,"ENSG00000104723.21"
0.00261453787505088,0.0310092499054575,"ENSG00000038945.15"
0.119131493353193,0.319347280196686,"ENSG00000253496.3"
2.47966410593166e-11,0.0489449549453293,"ENSG00000155970.12"
0,0.576773388144965,"ENSG00000249258.2"
0.0174564873803352,8.12017528970051e-16,"ENSG00000104219.13"
5.30904549559149e-14,0,"ENSG00000198791.12"
0.0253912386003785,1.49250198165155e-11,"ENSG00000155975.10"
0.0864831317365362,0,"ENSG00000003987.14"
0.412990606462445,3.77514226651764e-12,"ENSG00000003989.17"
0,0,"ENSG00000104213.12"
0.289582155443772,0.0776171031606323,"ENSG00000129422.14"
0.198527842677486,0.0631122148079463,"ENSG00000104760.17"
0,0,"ENSG00000078674.17"
5.03417133438478e-08,0.0363840211834187,"ENSG00000104763.19"
0.175662403674712,2.19131473952227e-10,"ENSG00000245281.8"
0,0,"ENSG00000171428.14"
0,0,"ENSG00000156011.17"
0,0,"ENSG00000187229.3"
0,0,"ENSG00000244018.1"
3.63795407024368e-20,0.0611120601679163,"ENSG00000283402.1"
0,0,"ENSG00000278886.1"
6.66729075286833e-12,0.0425091529950086,"ENSG00000253335.1"
0,0,"ENSG00000270255.1"
0,0,"ENSG00000104611.12"
0,0,"ENSG00000147408.14"
0,0,"ENSG00000104613.12"
0.416190513240647,0.0504774509325474,"ENSG00000175445.17"
0.231249802129568,4.20078922406518e-11,"ENSG00000147416.11"
0,0,"ENSG00000061337.15"
0.133265299448886,2.51181472459042e-10,"ENSG00000168546.11"
0,0,"ENSG00000147443.13"
8.01628078565623e-15,0,"ENSG00000130227.17"
0,0,"ENSG00000158806.14"
0,0,"ENSG00000158856.18"
0,0,"ENSG00000158863.22"
0,0,"ENSG00000275074.2"
0.256896884786178,4.9404508183103e-12,"ENSG00000168453.15"
0,0,"ENSG00000168476.12"
0.0212526692491862,6.03731603252295e-11,"ENSG00000168487.19"
0.0357809690047551,1.70938548480906e-32,"ENSG00000177725.5"
0.343117595382612,0.266949330494134,"ENSG00000285881.1"
0,0,"ENSG00000168490.14"
0.270547875757087,2.85697293750346e-10,"ENSG00000168495.13"
0.543197331821642,1.60100905344175e-11,"ENSG00000197181.12"
0.266836675106272,0,"ENSG00000104635.14"
0.374896974389051,1.19727161852494e-13,"ENSG00000241026.1"
0.249295155432739,0,"ENSG00000120910.14"
0,0,"ENSG00000251034.2"
2.77821312484159e-11,0.0479833762382499,"ENSG00000120896.13"
0,0,"ENSG00000287467.1"
0.166944371287333,2.26611097098026e-21,"ENSG00000120913.23"
0,0,"ENSG00000241852.10"
0.063420593581089,9.57866269091039e-12,"ENSG00000158941.16"
0.0720183861145147,0,"ENSG00000253200.1"
0,0,"ENSG00000147439.13"
0.214512826632352,0,"ENSG00000261026.1"
0,0,"ENSG00000179388.9"
0,0.0549683258450003,"ENSG00000245025.3"
0.105327235508135,0,"ENSG00000008853.16"
0.0687483880813721,1.83661895281691e-12,"ENSG00000120889.13"
0,0.186791131461853,"ENSG00000173535.14"
0,0,"ENSG00000173530.6"
0.712582212784951,2.14905768278704e-11,"ENSG00000104689.10"
0,0,"ENSG00000147457.14"
0.192882407125299,1.71522995432267e-20,"ENSG00000104679.11"
0.0104651880716102,0,"ENSG00000134013.16"
0.361774720991026,0,"ENSG00000253837.1"
0.0362741415235296,0.187099603504555,"ENSG00000197217.13"
0.471981100530529,0.314287385137495,"ENSG00000147454.14"
0.0425517627834658,0.118590867232073,"ENSG00000167034.10"
0.0311051623670709,1.70112920754966e-11,"ENSG00000159167.12"
1.40617795350135e-09,0.0166923582288991,"ENSG00000253891.2"
0.0776372164714384,0.103848939028198,"ENSG00000042980.13"
0.350239870839896,0.241292233266054,"ENSG00000253535.5"
0,0.268641378476125,"ENSG00000134028.14"
0,0,"ENSG00000104722.14"
2.77243542755305e-12,0.0469514865284959,"ENSG00000277586.2"
0,0,"ENSG00000287185.1"
0.00144739824582654,0,"ENSG00000147459.18"
0,0.413590061051768,"ENSG00000147437.10"
2.62318667723418e-11,0.0163417887633162,"ENSG00000104756.16"
0.0654469686685402,1.19941541578268e-22,"ENSG00000184661.14"
6.16600037135538e-13,0.0882352654527404,"ENSG00000221818.9"
0,0,"ENSG00000221914.11"
0,0,"ENSG00000228451.4"
0.00264548067076101,0,"ENSG00000104765.16"
0,0,"ENSG00000253430.1"
0.159724366399147,7.86959465089123e-22,"ENSG00000254362.1"
0,0.0493657369081264,"ENSG00000240694.9"
0,0,"ENSG00000092964.18"
0,0,"ENSG00000120907.18"
0,0,"ENSG00000104228.13"
0.11938912699689,0.117679007820599,"ENSG00000120899.18"
3.91811287003739e-13,0.0499243782112235,"ENSG00000120903.13"
0,0.351718360025634,"ENSG00000120915.14"
0,0,"ENSG00000120885.22"
0,0,"ENSG00000168077.14"
0,0,"ENSG00000279302.3"
0.032407993677639,1.29434780883256e-09,"ENSG00000253875.2"
0.010246728685971,5.32499193181427e-10,"ENSG00000147419.18"
0.482808558182865,7.61948690368197e-11,"ENSG00000171320.15"
0,0,"ENSG00000168078.10"
0.103869322057128,9.61977266922655e-11,"ENSG00000168079.17"
1.52356184389585e-17,0.118004918269565,"ENSG00000189233.12"
0,0,"ENSG00000134014.17"
0.295114308780387,0,"ENSG00000186918.14"
0,0,"ENSG00000104290.11"
0.26194326325613,8.29843661169869e-21,"ENSG00000012232.9"
0,0.15675091454573,"ENSG00000246339.6"
0.0789907299214299,2.65685726856104e-11,"ENSG00000104299.15"
0.012858772932712,5.52692263372789e-15,"ENSG00000254034.2"
0,0,"ENSG00000147421.18"
0,0,"ENSG00000259366.1"
0,0,"ENSG00000197892.13"
0.401964955167205,0.169589784222509,"ENSG00000120875.9"
0,0,"ENSG00000133872.14"
0,0,"ENSG00000272256.1"
0,0,"ENSG00000104660.19"
0.0554470744750654,5.22852325714876e-11,"ENSG00000271869.1"
0,0,"ENSG00000104671.8"
0,0,"ENSG00000285669.1"
0,0,"ENSG00000127589.4"
1.00662600813329e-11,0.285593238381165,"ENSG00000254109.6"
2.15091555808977e-13,0.0195964904798097,"ENSG00000157110.16"
5.72558687248748e-13,0.0224214730500688,"ENSG00000279041.1"
0.436659716874671,0.032131882388287,"ENSG00000197265.9"
0.227481596984689,8.32297933236785e-13,"ENSG00000253112.1"
0,0.296667996830505,"ENSG00000253457.3"
0.250830836584075,4.14657727945259e-11,"ENSG00000104687.14"
0.029056529569759,0,"ENSG00000104691.15"
0.171335905791444,0.139662566991367,"ENSG00000104695.13"
0.513478842928254,0.0830985954675677,"ENSG00000172733.11"
0,0,"ENSG00000165392.10"
0,0,"ENSG00000157168.20"
0,0,"ENSG00000247134.7"
6.09079459622711e-13,0.034524937520876,"ENSG00000172728.16"
0,0,"ENSG00000129696.12"
0.0299022669189001,0,"ENSG00000198042.11"
0,0,"ENSG00000133874.2"
0,0,"ENSG00000253746.1"
0,0,"ENSG00000253161.5"
0,0,"ENSG00000183779.7"
0.179525182869389,0.491523854077592,"ENSG00000183154.1"
0,0,"ENSG00000147475.17"
0,0,"ENSG00000233170.4"
0.119573415934972,3.43103178311178e-12,"ENSG00000147471.12"
0,0,"ENSG00000020181.18"
0,0,"ENSG00000104221.13"
0,0.265072370452736,"ENSG00000156675.16"
0.0938919285290251,3.57162749367892e-12,"ENSG00000187840.5"
0.013203990772558,1.86325171480018e-09,"ENSG00000260949.1"
0,0,"ENSG00000286677.1"
0.0184215014411122,1.22930061119757e-13,"ENSG00000129691.16"
0.301587183812024,0.087584544988995,"ENSG00000147465.12"
0,0,"ENSG00000175324.10"
0.0366084299982009,3.21248617960444e-10,"ENSG00000156735.11"
0,0,"ENSG00000285632.1"
0.17001039852384,0.141731051436572,"ENSG00000085788.14"
0.0756970808175209,1.60178251394336e-22,"ENSG00000147535.17"
0,0,"ENSG00000147548.17"
0.491148008779562,1.95738523875301e-11,"ENSG00000272092.1"
0,0,"ENSG00000165046.12"
0,0,"ENSG00000077782.20"
0,0,"ENSG00000255201.1"
0.0451917902904498,8.4577134075311e-10,"ENSG00000239218.2"
0.409469609524951,0.090903557903058,"ENSG00000147526.20"
0,0,"ENSG00000169499.15"
0.190905263495483,0,"ENSG00000169495.5"
0.0390687024977477,0,"ENSG00000169490.17"
0,0,"ENSG00000168615.12"
0,0,"ENSG00000197140.15"
0.521456346558333,3.08616365637097e-21,"ENSG00000131203.13"
0,0,"ENSG00000176907.5"
0,0,"ENSG00000104332.12"
0.129638733530422,6.24420206708262e-16,"ENSG00000147533.17"
0,0,"ENSG00000147536.12"
0.188818030418588,0,"ENSG00000158669.11"
0,0,"ENSG00000029534.20"
0.00463502993171761,0.135024840004593,"ENSG00000260588.1"
0,0,"ENSG00000083168.11"
0,0,"ENSG00000070718.12"
0.161348478231779,2.33430144317981e-20,"ENSG00000104368.18"
0,0,"ENSG00000104365.15"
0,0,"ENSG00000070501.12"
0,0,"ENSG00000078668.14"
0.425021240770175,0,"ENSG00000168575.10"
0,0,"ENSG00000254165.1"
0,0,"ENSG00000176209.11"
0,0,"ENSG00000131931.8"
1.14426188834983e-20,0.0030826250866033,"ENSG00000120925.16"
0,0,"ENSG00000168172.9"
0.341886620765275,0.212344010898996,"ENSG00000168522.13"
0,3.00138504628264e-15,"ENSG00000185900.10"
0,0,"ENSG00000254198.1"
0.218925997208401,0,"ENSG00000165102.15"
0,0,"ENSG00000164808.17"
0.268436225759279,3.55997072786651e-19,"ENSG00000253330.1"
4.20502319547621e-11,0.221062397199012,"ENSG00000269924.1"
0,0,"ENSG00000221869.5"
0.018936521573782,3.46372601373994e-11,"ENSG00000253729.7"
0,0,"ENSG00000287959.1"
0.107973684724735,0,"ENSG00000104738.18"
0.142193847351827,0,"ENSG00000169139.12"
0,0,"ENSG00000224594.2"
0,0,"ENSG00000279881.1"
0,0,"ENSG00000233858.4"
0.00486162929658742,0.0834138758555174,"ENSG00000034239.11"
0,0,"ENSG00000019549.13"
0.283218181007773,0,"ENSG00000147485.13"
0,0,"ENSG00000168300.14"
0.21607276744326,0.0701937769960692,"ENSG00000228801.6"
0,0,"ENSG00000023287.13"
0,0,"ENSG00000237807.4"
0,0,"ENSG00000047249.18"
0,0.109802393112671,"ENSG00000147509.14"
7.8758443053739e-16,0,"ENSG00000187735.14"
0.0747588335744221,1.51435760895074e-11,"ENSG00000253667.2"
0.171545571534468,2.14353106576298e-20,"ENSG00000120992.18"
0,0,"ENSG00000137547.9"
0.0657678462329957,0,"ENSG00000164736.6"
0.215327697985868,0.0401967761857147,"ENSG00000104237.11"
0.280501037606359,1.94008428380565e-19,"ENSG00000167904.15"
0.0306258028174684,1.24164613939993e-16,"ENSG00000137574.11"
0.595183317978637,0,"ENSG00000254087.8"
0.164226596228406,0,"ENSG00000008988.9"
1.22524661850807e-18,0.0824754344602093,"ENSG00000181690.8"
8.16957961457307e-11,0.0596556144357688,"ENSG00000170791.18"
0.73569888897719,0,"ENSG00000181195.11"
0,0.254554137367126,"ENSG00000254254.6"
3.44995231401107e-24,0.130170819222662,"ENSG00000246430.7"
0,0.246181510622199,"ENSG00000253139.1"
0,0,"ENSG00000104331.9"
2.39702427472884e-22,0.0134831704933891,"ENSG00000169122.11"
0.455006486293156,3.10248292381383e-13,"ENSG00000253116.1"
0.0219809369970488,1.40028099785271e-12,"ENSG00000215114.9"
0,0,"ENSG00000250031.1"
0.00199843589870908,9.62604254454682e-15,"ENSG00000137575.12"
0,0,"ENSG00000035681.9"
0,0.000344594520824653,"ENSG00000198846.6"
0,0,"ENSG00000178538.10"
0.109082350425161,9.75057745318782e-23,"ENSG00000251396.7"
0,0,"ENSG00000104388.15"
0.309584540185225,0.0469358006237296,"ENSG00000255321.1"
6.51280962184684e-17,0,"ENSG00000228862.4"
0,0.022294659740461,"ENSG00000171316.12"
6.60633787589593e-17,0,"ENSG00000254777.5"
1.16948519939264e-13,0.0277809073490623,"ENSG00000198363.18"
1.47714658571909e-11,0.370365163821119,"ENSG00000254285.3"
0,0.197012160292819,"ENSG00000222898.1"
0.102558282933748,0,"ENSG00000137563.12"
0,0.16912718572156,"ENSG00000137561.5"
0,0,"ENSG00000270673.1"
0.033999708827309,0,"ENSG00000185728.17"
0,0.123961256891968,"ENSG00000261542.1"
0.54990013962055,2.11073133580622e-14,"ENSG00000254102.2"
0.491447525866156,5.41133310564328e-14,"ENSG00000180828.3"
0.51854965121429,1.32876885143621e-09,"ENSG00000172817.4"
0.58907688833556,0,"ENSG00000254330.1"
0.341142455247305,4.45595118574296e-14,"ENSG00000287998.1"
0,0,"ENSG00000254006.5"
0,0,"ENSG00000104442.10"
7.34169203749815e-16,0,"ENSG00000066855.16"
0,0,"ENSG00000205268.10"
0.145667414003084,4.34943903636294e-14,"ENSG00000253190.4"
0.0861258697222843,1.0934040039712e-12,"ENSG00000147573.17"
0,0,"ENSG00000246145.1"
0.0360321340741748,4.21397280387431e-11,"ENSG00000179041.4"
0,0,"ENSG00000285791.1"
2.3088647932115e-19,0.250035078770714,"ENSG00000147576.17"
0.0762439077991154,1.44699012271572e-10,"ENSG00000185697.16"
0.00696994526444163,0,"ENSG00000175073.8"
0.572778198956909,1.73982380839618e-15,"ENSG00000104205.15"
3.68584854491159e-13,0.0191588535146933,"ENSG00000178460.18"
0.00700705833982773,1.28950159205825e-11,"ENSG00000245910.8"
1.93202899644818e-17,1.39762936075753e-22,"ENSG00000121022.14"
0,0,"ENSG00000104218.14"
0.00155731983758005,0.542186368462593,"ENSG00000250869.2"
0,0,"ENSG00000066777.9"
0,0,"ENSG00000287214.1"
0.0806902992910086,1.53864146227852e-13,"ENSG00000046889.19"
0.343887078810222,0.161038036112253,"ENSG00000165084.16"
0.126917490398262,1.11470755144694e-10,"ENSG00000254332.1"
0,0,"ENSG00000137573.14"
0.65391664942726,0.151663552928784,"ENSG00000137571.11"
0,0,"ENSG00000140396.13"
2.36203095975909e-12,0.0330777057247545,"ENSG00000213003.3"
0,0,"ENSG00000067167.8"
0.0167982635884254,8.99001627272446e-12,"ENSG00000246366.6"
0.21373799310485,0.0869616547197165,"ENSG00000147592.9"
0,8.01286881789967e-16,"ENSG00000104313.20"
0,0,"ENSG00000235531.10"
0.0389980687742695,0,"ENSG00000178860.8"
0.284159056370824,0,"ENSG00000241942.2"
0.163661659752663,0,"ENSG00000104321.11"
1.03000077114472e-10,0.241930628887892,"ENSG00000253317.1"
0,0,"ENSG00000250979.1"
0,0.0237723380550661,"ENSG00000147601.14"
0,0,"ENSG00000253636.1"
0.338604221841478,2.66840855919378e-13,"ENSG00000164764.11"
0.0971985635168432,4.68128111874718e-15,"ENSG00000147604.14"
3.63331577944931e-09,0.0874379277937373,"ENSG00000121039.10"
0,0.0239150368624538,"ENSG00000250295.6"
0,0,"ENSG00000253302.1"
1.29714499043187e-11,0.0437062711694629,"ENSG00000040341.18"
0,0,"ENSG00000254538.1"
0,0,"ENSG00000104343.21"
0.0301169288259004,1.46589874367433e-10,"ENSG00000286113.1"
0.41912423266421,5.62374681113606e-10,"ENSG00000154582.16"
0.523644200973881,0.132761940614411,"ENSG00000175606.11"
0,0,"ENSG00000154589.7"
0.137309761179698,6.13412243095237e-12,"ENSG00000104369.5"
0.0424781122668046,6.41638196081331e-11,"ENSG00000104381.13"
0.0745145859086939,2.35561218504088e-11,"ENSG00000253341.1"
0,0,"ENSG00000121005.9"
1.31160432972361e-14,0.018000618472315,"ENSG00000254300.1"
0.0882027972637309,0,"ENSG00000253661.2"
0,0,"ENSG00000091656.19"
0,0,"ENSG00000164751.15"
0,0,"ENSG00000254366.7"
1.79277959657887e-14,0.0027529064277424,"ENSG00000254266.6"
0,0,"ENSG00000171033.13"
0.500060443987833,0.0191427464742729,"ENSG00000260398.1"
0.155186465481069,0.0171070174809756,"ENSG00000104427.12"
0.257171882920389,1.98324383929733e-11,"ENSG00000104432.14"
0.168707058174541,0,"ENSG00000253919.1"
0.629008783814425,0.0264942190248908,"ENSG00000285744.1"
0.635367504797607,0.0840069265410626,"ENSG00000261618.2"
0,0,"ENSG00000104435.13"
0.124343919406686,0,"ENSG00000164683.17"
0,0.161075850469193,"ENSG00000285758.2"
0,0,"ENSG00000147586.10"
0.0511411639238909,0,"ENSG00000272518.1"
0.10035633317708,0.0299602871481433,"ENSG00000076554.15"
0.227698774374893,0,"ENSG00000205189.12"
1.52884006613493e-20,0.0275113031178027,"ENSG00000254162.1"
0.0204511167942097,5.75593648975639e-14,"ENSG00000260317.1"
0,0,"ENSG00000243424.2"
0.497938690091738,0.098270514066818,"ENSG00000164684.13"
0.449909723319934,0.157047210695592,"ENSG00000253516.1"
0.00432871958545301,0.240320142643665,"ENSG00000076641.4"
0.405614603921946,1.60012270655042e-16,"ENSG00000164687.11"
0.284441290813696,0.0244713111541422,"ENSG00000170323.9"
0,0,"ENSG00000133731.10"
0.173360263769512,0,"ENSG00000280193.1"
0,0,"ENSG00000104231.11"
0.326155674838985,0.0161241648038804,"ENSG00000164695.5"
0,0,"ENSG00000104497.14"
0.379465479394318,4.89357602276248e-14,"ENSG00000206228.4"
0,0,"ENSG00000133739.16"
0.216446167059037,2.8901269519257e-15,"ENSG00000133740.11"
0,0,"ENSG00000176731.12"
0,0,"ENSG00000185015.8"
1.39632496411372e-11,0.0571718154417838,"ENSG00000133742.13"
0,0,"ENSG00000164879.7"
0.00563844883046084,0,"ENSG00000253549.6"
6.41757770796721e-22,0.0129019620757148,"ENSG00000104267.10"
0,0,"ENSG00000147614.4"
0.171366351705642,3.50190123454394e-11,"ENSG00000123124.14"
0.0826727501851147,0,"ENSG00000176623.12"
0,0.174447752297472,"ENSG00000250569.1"
0,0.077071184937128,"ENSG00000254088.1"
0,0,"ENSG00000085719.13"
0,0,"ENSG00000156103.16"
0.173984096008416,0,"ENSG00000251136.9"
0.316805548528745,4.4822503320123e-16,"ENSG00000104312.8"
0,0,"ENSG00000164823.11"
0.00211525689686031,0,"ENSG00000104320.13"
0,0,"ENSG00000104325.7"
1.43420880346761e-09,0.166403495787835,"ENSG00000104327.7"
0.239438309137165,0.278370452940992,"ENSG00000254180.2"
0.266655148959578,0.334044642893667,"ENSG00000253394.6"
0.0219738180641674,9.96842567217249e-13,"ENSG00000180694.14"
0.411975605210385,0.112304834344846,"ENSG00000246792.3"
0,0,"ENSG00000123119.12"
0,0,"ENSG00000254251.1"
0.0145794212324716,9.87900316323709e-15,"ENSG00000253250.3"
9.01694693503706e-22,0.0088269980636825,"ENSG00000155099.8"
0,0,"ENSG00000253738.2"
0,0,"ENSG00000155100.11"
5.69365392965965e-12,0.1790022999649,"ENSG00000214954.8"
0,0,"ENSG00000253525.1"
0,0,"ENSG00000147606.9"
0,0,"ENSG00000079102.16"
0,0,"ENSG00000248858.7"
0,0,"ENSG00000205133.12"
0,4.86397840296824e-16,"ENSG00000188343.13"
0.481704985169534,0.00130807318539157,"ENSG00000271971.1"
0.0476380944151347,8.27376251968101e-15,"ENSG00000253854.1"
0,0,"ENSG00000183808.11"
0,0,"ENSG00000279331.1"
0.52723494486866,4.34087558947081e-12,"ENSG00000164953.15"
4.45729833173366e-11,0.0717277576983414,"ENSG00000254387.1"
0.509852348401419,6.80850632911359e-10,"ENSG00000164951.16"
0.239419405543368,0.153925558928701,"ENSG00000164949.8"
0,0,"ENSG00000265817.3"
0.0369913562651882,0,"ENSG00000164944.12"
0,0,"ENSG00000253704.2"
0,0,"ENSG00000156162.16"
0.0347633295834949,3.29568965946294e-16,"ENSG00000164941.14"
0.482513404306237,0.0686310798542238,"ENSG00000175305.17"
0,0.207854337669039,"ENSG00000156170.13"
0,0,"ENSG00000164938.14"
0,0.048423394934387,"ENSG00000253878.5"
0.318068452535196,1.0359600545272e-14,"ENSG00000175895.4"
0.00250028208191131,0,"ENSG00000156172.6"
0,0,"ENSG00000156466.10"
0.123038898218198,1.1850033562427e-11,"ENSG00000156467.9"
0,0,"ENSG00000156469.9"
0.0598976788115374,3.20033914203991e-11,"ENSG00000156471.13"
0.138532756461307,7.07501939684761e-13,"ENSG00000169439.12"
0,0,"ENSG00000104324.16"
6.68895153118637e-25,0.0587130864919758,"ENSG00000180543.5"
0,0,"ENSG00000147649.10"
0,0,"ENSG00000104341.17"
2.11118216759525e-11,0.0634171250909112,"ENSG00000132561.14"
0.0260848595980984,2.086049049957e-10,"ENSG00000156482.11"
0,0,"ENSG00000245970.2"
0.17655855969847,2.88660442405268e-12,"ENSG00000132541.11"
0.295525052733272,0.0961298787778739,"ENSG00000104356.11"
0.133353902692587,0.111356351813436,"ENSG00000104361.10"
0,0,"ENSG00000104375.17"
0,0,"ENSG00000156486.8"
0,0.00365007192919054,"ENSG00000272321.1"
0.396549588348435,0.144586659313548,"ENSG00000164920.9"
0.27768310527137,0.20823021767672,"ENSG00000253948.2"
1.0127146156452e-11,0.00464765424469202,"ENSG00000132549.18"
0.488307725237043,0.253679906853674,"ENSG00000236583.1"
0.383322842591975,1.76537202708072e-12,"ENSG00000237704.1"
0,0,"ENSG00000225017.1"
0.176398407505254,0,"ENSG00000235683.1"
0.0497973553356771,4.81538059730047e-12,"ENSG00000253539.1"
0.0562495940870414,1.23683294688443e-07,"ENSG00000164919.11"
0,0,"ENSG00000132554.20"
0.0838340055912278,9.07689979994855e-21,"ENSG00000147669.11"
0.366427503437428,0,"ENSG00000104450.12"
0.0228570604876538,5.1384796272207e-21,"ENSG00000034677.13"
0,0,"ENSG00000186106.11"
0.0272488096396393,2.31928538648395e-21,"ENSG00000070756.16"
0,0,"ENSG00000260368.1"
0.533317247065845,1.16505378368166e-12,"ENSG00000164924.18"
0.0167684829182447,0.190725698326994,"ENSG00000261087.1"
0,0,"ENSG00000120963.12"
0.243737431055735,1.55232537463506e-13,"ENSG00000228224.3"
0.316541836074145,0,"ENSG00000104490.18"
0,0,"ENSG00000048392.11"
0,0,"ENSG00000246263.3"
0,3.10947990807046e-17,"ENSG00000104517.13"
0,0,"ENSG00000272037.1"
0.046236325424808,0,"ENSG00000155090.15"
0.513308674822674,1.7253663604036e-16,"ENSG00000253669.4"
0,0,"ENSG00000155096.14"
0,0,"ENSG00000253320.7"
0,0.219387475428686,"ENSG00000254236.1"
0.00907702218776385,1.77453263042821e-10,"ENSG00000155097.12"
0.054519507142251,4.05304943131225e-10,"ENSG00000164929.17"
0.161247592252951,2.7478861168751e-21,"ENSG00000247081.8"
2.91841559164844e-20,0.0651507809305072,"ENSG00000164930.12"
0.00531386566708782,1.35341467653242e-12,"ENSG00000286337.1"
0,0,"ENSG00000164932.13"
0.245180864387905,0.0268404688003886,"ENSG00000164934.14"
0,0,"ENSG00000164935.6"
0.00822204876864962,1.26166828267177e-11,"ENSG00000279138.1"
0,0,"ENSG00000147650.11"
0.157224976335062,0.258602133922621,"ENSG00000169946.14"
0.263574214606921,1.42613810068934e-20,"ENSG00000251003.9"
0,0,"ENSG00000254615.3"
1.41539746696441e-15,0,"ENSG00000164830.18"
0,0,"ENSG00000253676.1"
0,0,"ENSG00000154188.10"
0.027322230612591,5.25761526634899e-22,"ENSG00000104408.10"
0,0,"ENSG00000104412.8"
0.0424913325333266,0,"ENSG00000120526.11"
0.0941632223159873,7.50562587156867e-12,"ENSG00000120533.13"
0,0.135111171065218,"ENSG00000205038.12"
0,0,"ENSG00000147654.15"
0,0,"ENSG00000147642.17"
0,0,"ENSG00000253434.8"
0.0079038408132104,0,"ENSG00000104447.12"
0,0,"ENSG00000227170.1"
0.0783309962807844,0,"ENSG00000147677.11"
0,0,"ENSG00000147679.12"
0,0,"ENSG00000164754.14"
5.34283528875301e-13,0.0332158561042073,"ENSG00000164758.7"
0.0592409258922237,7.90451924693625e-11,"ENSG00000182197.11"
0,0.00652648868564346,"ENSG00000177570.14"
0,0,"ENSG00000164761.9"
0,0.0192479749892454,"ENSG00000147676.14"
0.439793356325988,2.27824310771906e-12,"ENSG00000136999.5"
0,0,"ENSG00000136960.12"
0,0,"ENSG00000064313.12"
0.0929947095560524,2.35668513936214e-09,"ENSG00000136982.6"
0,0,"ENSG00000279347.1"
0,0,"ENSG00000244642.3"
0.152197994757249,0.218062230629309,"ENSG00000155792.10"
0.0852845663704617,1.99680287141537e-22,"ENSG00000254343.2"
0,0.198792260314592,"ENSG00000187955.12"
0,0,"ENSG00000172172.8"
0,0.17313388768665,"ENSG00000172167.8"
0.312490576155837,1.10221490174024e-13,"ENSG00000172164.15"
0.197783925231747,0,"ENSG00000250290.1"
0.0874093216098115,0,"ENSG00000248318.1"
0.0316357155327224,1.06609096532984e-19,"ENSG00000272502.1"
0,0,"ENSG00000170961.7"
0,0,"ENSG00000248690.8"
0,0,"ENSG00000255364.1"
0,0,"ENSG00000253819.2"
0,0,"ENSG00000178764.8"
0,0,"ENSG00000253372.5"
0,0,"ENSG00000136986.10"
0.0160026278895422,0,"ENSG00000156787.17"
0,0.31263239572113,"ENSG00000253463.1"
2.35261593183636e-18,0.0839874054307902,"ENSG00000189376.12"
0.12774853752146,6.56726963548573e-12,"ENSG00000165156.15"
0.0793618631050649,5.76088837378203e-11,"ENSG00000156802.13"
1.05318039692193e-18,0.0125458463693049,"ENSG00000156795.8"
0.412326053091418,8.28900642574358e-14,"ENSG00000156804.7"
0.0452758931649717,9.16232461069415e-13,"ENSG00000176853.16"
0.560742005378444,0.0703552813527474,"ENSG00000214814.7"
0.175379911204241,0.0118271426623557,"ENSG00000253227.2"
0,0,"ENSG00000237586.3"
0,0,"ENSG00000164983.7"
0.0594840888780384,0,"ENSG00000183665.5"
0.283864498197708,0,"ENSG00000245149.4"
0,0,"ENSG00000170881.4"
0.304012464836495,0,"ENSG00000147687.19"
0,0,"ENSG00000253106.1"
0.444396173921041,1.21576722719548e-11,"ENSG00000147684.9"
0.206666880097607,0.102107179225352,"ENSG00000170873.18"
0.185887754722192,0.0208608966373113,"ENSG00000255491.3"
0,0,"ENSG00000180938.6"
0.210787113933019,0.0438373029656001,"ENSG00000104549.12"
0,0,"ENSG00000164961.16"
0.100739930280589,3.37514913717186e-08,"ENSG00000156831.8"
0,0,"ENSG00000242170.3"
0.198804902280123,2.21799998576378e-13,"ENSG00000173334.4"
1.82038148087492e-11,0.0621523499658711,"ENSG00000245164.8"
0,0,"ENSG00000168672.4"
0,0,"ENSG00000253438.4"
0,0,"ENSG00000254166.3"
0.296360123665525,3.53839633935717e-21,"ENSG00000136997.19"
0,0,"ENSG00000249859.11"
0,0,"ENSG00000280055.1"
0,0.225107187950899,"ENSG00000221771.1"
0,0,"ENSG00000278275.2"
0,0,"ENSG00000229140.10"
0.257303519489343,2.23697175523403e-21,"ENSG00000153310.19"
0,0,"ENSG00000253720.2"
0,0,"ENSG00000287195.1"
0,0,"ENSG00000153317.15"
0,0,"ENSG00000280543.1"
0,0,"ENSG00000212342.1"
0.0392268214021586,8.97017231265149e-11,"ENSG00000287201.1"
0.0426152352557234,1.27084072021685e-11,"ENSG00000286535.1"
0.0167105527597547,0,"ENSG00000132294.15"
0.265107004451902,4.49444549895451e-14,"ENSG00000184156.17"
0,0,"ENSG00000129295.9"
0,0,"ENSG00000165071.14"
1.51134956156441e-15,0,"ENSG00000129292.20"
0.0915778116774168,9.78021407594426e-10,"ENSG00000223697.3"
0,0,"ENSG00000042832.12"
0,0,"ENSG00000155926.14"
0,0,"ENSG00000287736.1"
0,0,"ENSG00000104415.14"
0,0,"ENSG00000104419.14"
0.151237440336587,1.7348050489242e-20,"ENSG00000008513.16"
0,0,"ENSG00000283176.1"
0.207460092862354,1.05351326176001e-12,"ENSG00000283197.1"
0,0,"ENSG00000261220.2"
0.0137033556051881,4.06856942805289e-12,"ENSG00000066827.16"
0,0,"ENSG00000279518.1"
4.18638735054417e-12,0.195670012523822,"ENSG00000259820.1"
0.342121087949737,0.233953242907533,"ENSG00000131773.14"
0.119983847334245,1.41331959503762e-12,"ENSG00000169436.17"
0.0452455149692156,0,"ENSG00000167632.16"
4.54551250555032e-10,0.0174330122879541,"ENSG00000282164.3"
0.331159343178307,0,"ENSG00000259891.1"
0.0429813192757191,0,"ENSG00000104472.10"
0,0,"ENSG00000123908.12"
0.0385176964948096,1.62019961884316e-11,"ENSG00000279766.1"
0.488275476146385,1.55619526518319e-12,"ENSG00000280326.1"
0.155134794068794,0.108368892446411,"ENSG00000280303.2"
0,0.0317295905600911,"ENSG00000169398.19"
0,0,"ENSG00000105339.10"
0,0,"ENSG00000253210.2"
1.50193699529978e-20,0.317517766335925,"ENSG00000022567.9"
0,0.0657456402881156,"ENSG00000280035.1"
0.371193145509446,5.99366245675869e-19,"ENSG00000184489.11"
0.222921278432849,0.0810126326145892,"ENSG00000171045.16"
3.29333213089461e-11,0.373904411116114,"ENSG00000181790.11"
0.248215608253177,0.0814012657033135,"ENSG00000198576.4"
0.0109297711438637,3.25592869783757e-17,"ENSG00000234616.8"
0.796125269647476,0,"ENSG00000160886.13"
0.483496538548249,3.48028388956908e-10,"ENSG00000253741.2"
0.0208446445639979,0.0310802353725894,"ENSG00000130193.8"
0.20719722196345,0.00896405467784224,"ENSG00000180155.20"
0.0142226663327778,0.0815339965099018,"ENSG00000247317.3"
0,0,"ENSG00000160932.11"
0.317279856000166,1.01532523470819e-09,"ENSG00000177335.11"
1.30727393209778e-12,0.0422924996778163,"ENSG00000277494.2"
0.128779017384879,0,"ENSG00000181638.18"
9.57593348931724e-13,0.0359748521323986,"ENSG00000250571.7"
0,0.0614900891259154,"ENSG00000253716.6"
0.0504278444924596,0,"ENSG00000185730.8"
0,0,"ENSG00000184428.13"
0.0175779155647282,0.338677338155658,"ENSG00000158106.14"
0,0,"ENSG00000182759.4"
0,0,"ENSG00000014164.7"
0.358957135685822,0.0424194273589289,"ENSG00000287576.1"
0.332910162068534,0.0887979368234904,"ENSG00000104518.11"
0,0,"ENSG00000204839.9"
0.331470163338811,0,"ENSG00000255050.1"
0,0,"ENSG00000147813.16"
0.316219105581132,4.4076039361542e-19,"ENSG00000104529.17"
0,0,"ENSG00000179886.6"
0,0,"ENSG00000104524.14"
0.0599593079431162,7.12299414225475e-11,"ENSG00000104522.16"
0.575317470397605,0.123255478856983,"ENSG00000183309.11"
0,0,"ENSG00000181135.16"
0,0.0572257444000175,"ENSG00000181097.5"
0.161826359566521,0.150085282543143,"ENSG00000180921.7"
0.00526843348299787,0,"ENSG00000180900.19"
0.165952645100801,4.17858054003463e-13,"ENSG00000179950.14"
0.155506394645684,0.114133027304038,"ENSG00000287222.1"
0.519051869887055,0.102184605458557,"ENSG00000185189.18"
0.139409138661269,0.572296970860319,"ENSG00000261150.2"
0.0712087407599698,1.33255154462231e-09,"ENSG00000288096.1"
0,0,"ENSG00000178209.15"
0.14318819539348,0,"ENSG00000178685.14"
0.0359506217608144,1.69917675916529e-10,"ENSG00000178719.17"
0.665345176867283,0,"ENSG00000204791.10"
4.59317209174302e-11,0.0127715115872992,"ENSG00000178814.17"
0,0,"ENSG00000255224.1"
0.0670429296985758,4.77773601843696e-20,"ENSG00000178896.9"
0,0,"ENSG00000197858.11"
0.897239871999701,0.0116533498127529,"ENSG00000179091.5"
0.294687608444269,0.118814049595319,"ENSG00000179526.17"
0,0,"ENSG00000179632.10"
0,0,"ENSG00000179698.14"
0.3455762198291,0.463113670923857,"ENSG00000235173.7"
0.162387819700066,0.0140673571893022,"ENSG00000179832.17"
0.216182520513349,7.24831655863482e-13,"ENSG00000261236.8"
0.133220390494045,0.0153612926992438,"ENSG00000260428.3"
0.0166292159775247,0,"ENSG00000185122.11"
0.33081329963426,0.417583777500862,"ENSG00000185000.12"
9.32407358193311e-15,0.183307409384256,"ENSG00000185803.10"
0.0889113609161756,0.115155241328383,"ENSG00000182325.11"
0.0627031470408583,2.62258857432512e-09,"ENSG00000173137.12"
0,0,"ENSG00000071894.17"
5.5933136380766e-13,0.161693366591002,"ENSG00000147804.9"
0.0923235970874016,2.67154993589873e-12,"ENSG00000160948.14"
0,0,"ENSG00000160949.17"
0,0,"ENSG00000232600.3"
0,0.0243200167455337,"ENSG00000187954.12"
0.688088469441589,0,"ENSG00000167702.12"
0.289773982753048,0,"ENSG00000160972.9"
0.226200369428718,0.0746021666810554,"ENSG00000255182.2"
0,0.142312187744109,"ENSG00000167701.14"
0,0.562016745342702,"ENSG00000167700.9"
0,0,"ENSG00000160957.13"
0,0,"ENSG00000160959.8"
0.152519705396636,0.0109476223337573,"ENSG00000213563.7"
0.106805298809993,2.86166570184208e-23,"ENSG00000147799.11"
0,0,"ENSG00000198169.9"
0,0,"ENSG00000196378.11"
0.18402890162772,3.36893898945109e-11,"ENSG00000161016.17"
0.163103749263764,6.17340470922562e-20,"ENSG00000197363.9"
0.0987659633134956,0,"ENSG00000147789.15"
3.92586460075038e-16,0.012652560336656,"ENSG00000170619.10"
0.127031734645121,3.81942780756365e-24,"ENSG00000286681.1"
0,0.00168430638451322,"ENSG00000196150.13"
0.0628892123439933,0,"ENSG00000170631.15"
0,0,"ENSG00000196922.10"
0,0,"ENSG00000255559.1"
0.160167524519074,1.84010804638178e-12,"ENSG00000182307.14"
0.438471223948283,2.20287549216291e-12,"ENSG00000181404.17"
0,0,"ENSG00000172785.18"
0,0,"ENSG00000183784.7"
0,0,"ENSG00000107099.15"
0,0,"ENSG00000227155.7"
1.90936582119942e-19,0.18563989108089,"ENSG00000107104.18"
0,0.144937865914238,"ENSG00000281769.1"
0,0.718944346670638,"ENSG00000173253.15"
0.0444912036899258,0.0160440145213288,"ENSG00000080503.24"
0,0,"ENSG00000236404.10"
0.1369204564283,1.17671120412808e-18,"ENSG00000147852.16"
0,0,"ENSG00000168263.9"
0,0,"ENSG00000080608.10"
0,0,"ENSG00000080298.15"
0.504419128702303,0,"ENSG00000232104.3"
0.0596075767027207,2.65048162302815e-12,"ENSG00000107249.23"
0.257025023689999,4.19419754506583e-10,"ENSG00000237009.2"
0.283018284815645,2.65801542309791e-10,"ENSG00000230001.1"
0,0,"ENSG00000228322.1"
1.38650538689548e-13,0.0661110513115201,"ENSG00000106688.12"
1.9757582986828e-13,0.0465276829855414,"ENSG00000106686.16"
0,0,"ENSG00000205808.6"
0.342622170578435,0,"ENSG00000273061.1"
0,0,"ENSG00000106993.12"
0,0,"ENSG00000147853.17"
0.464372291633927,0.312398890923573,"ENSG00000120158.12"
0.530110440947996,0.249691454732293,"ENSG00000233186.2"
0.330081322488536,0.369169015250661,"ENSG00000096968.13"
0.0461014503663675,1.63945897715186e-12,"ENSG00000234534.1"
0,0.0792841093346166,"ENSG00000182347.10"
0.117255644929614,0.069675450212403,"ENSG00000227730.2"
0.233741036539024,0.216830848871895,"ENSG00000228166.1"
0.0805837501944044,3.23144260742917e-19,"ENSG00000224083.1"
0.0276587384379026,0.0528041285683296,"ENSG00000235917.1"
0.0614149161681694,1.57720191159034e-09,"ENSG00000228097.1"
0.342154781281174,0.15784451581692,"ENSG00000237711.1"
0.0166623356898531,0.0702492646340786,"ENSG00000236254.1"
0.160192823456938,0.197221739973173,"ENSG00000230225.1"
0.0331194793520841,0.174321827759293,"ENSG00000236567.2"
0.250857953720517,0.303047070524646,"ENSG00000254017.1"
0.01280432627607,1.2245476107042e-11,"ENSG00000120210.8"
0.26753314646098,3.94540772678872e-20,"ENSG00000107020.10"
0.302355593517906,0.0553726853547812,"ENSG00000120217.14"
0.126348354027797,0,"ENSG00000286162.2"
0.293741150139406,0,"ENSG00000197646.8"
0.087855299416965,4.09964235867208e-22,"ENSG00000107036.12"
0.273095904201025,0,"ENSG00000099219.14"
0,0.0570072029989714,"ENSG00000183354.12"
0.382128950316979,9.46364238983962e-13,"ENSG00000120215.10"
0,0,"ENSG00000137040.10"
0,0.167365690902127,"ENSG00000137033.11"
0,0,"ENSG00000147854.17"
0,0.109372503538462,"ENSG00000178445.9"
0,0,"ENSG00000107077.18"
0.13846321912166,0.0476544438585938,"ENSG00000230581.2"
0,0,"ENSG00000224972.1"
0.105369136738887,2.66912953007782e-12,"ENSG00000230207.1"
0.0416363431902713,1.00300551152937e-11,"ENSG00000137038.8"
0.220080773529583,0,"ENSG00000153707.17"
0.293892728467457,1.99038964775711e-20,"ENSG00000225706.2"
0,0,"ENSG00000265735.2"
0,0,"ENSG00000235448.3"
0,0,"ENSG00000153714.6"
0.065536179346401,0,"ENSG00000285637.2"
0,0,"ENSG00000107186.16"
0,0,"ENSG00000147862.17"
0.211991205837436,0,"ENSG00000234982.1"
0,0,"ENSG00000175893.11"
0,0,"ENSG00000164946.19"
1.32411793868102e-12,0.0355248910012615,"ENSG00000232000.3"
0,0,"ENSG00000155158.20"
0.262147038567849,0,"ENSG00000164975.15"
0,0,"ENSG00000164985.15"
0,0,"ENSG00000213362.3"
0,0,"ENSG00000164989.17"
8.77765673346069e-22,0.0216624057739508,"ENSG00000173068.18"
0,0,"ENSG00000231756.1"
0.398288473099718,0.081478900487533,"ENSG00000234779.1"
0,0,"ENSG00000044459.15"
0,0,"ENSG00000224488.1"
9.51075334215564e-11,0.101405700903943,"ENSG00000178031.17"
0,0.144581240566425,"ENSG00000155875.15"
0.0332505898981822,0,"ENSG00000155876.6"
0.115384261427977,0.0094452369002625,"ENSG00000147874.11"
6.96714109949685e-17,0.0148757121087386,"ENSG00000147872.10"
0,0,"ENSG00000137145.20"
0.14856792075601,0,"ENSG00000273226.1"
0.187521216561924,2.76874388752172e-10,"ENSG00000137154.13"
0,0.113361276582523,"ENSG00000177076.6"
2.35144598579788e-14,0.249038298724922,"ENSG00000260912.1"
0.00322894196547492,5.47794707006488e-14,"ENSG00000171843.16"
0.0991321555454098,2.21818528898707e-12,"ENSG00000188352.12"
0,0,"ENSG00000188921.14"
0,0,"ENSG00000198642.7"
0,0,"ENSG00000171889.4"
0,0,"ENSG00000244230.3"
6.16787834686137e-13,0.257359562968971,"ENSG00000099810.21"
0.14851720634653,0.241873953967322,"ENSG00000229298.1"
0.0889813748089891,0,"ENSG00000265194.1"
0.484527908583875,0,"ENSG00000279670.1"
0.28213555818405,0,"ENSG00000147889.17"
0,0,"ENSG00000240498.9"
0.0416944572099449,8.40005019442513e-10,"ENSG00000147883.12"
0.163461948669832,0,"ENSG00000176399.4"
0.26099963195326,0,"ENSG00000234840.2"
0.0330658028811501,0,"ENSG00000284418.2"
0.15269377894561,0,"ENSG00000236739.3"
0.327163923133577,3.4117749302487e-15,"ENSG00000224549.1"
0,0,"ENSG00000198680.4"
0,0,"ENSG00000120159.13"
0,0,"ENSG00000137055.15"
0,0,"ENSG00000096872.16"
0.385906819826517,0.353367171559429,"ENSG00000184434.8"
0.0302082296503587,0.207128281797517,"ENSG00000120156.21"
0.765709486122249,0.0883777245908804,"ENSG00000120162.10"
0.207932573545734,0,"ENSG00000285103.2"
0,0,"ENSG00000147894.16"
6.84094057763159e-22,0.0378467362058236,"ENSG00000215210.3"
0.111007010962506,1.41618204733416e-16,"ENSG00000122729.19"
0.0780417634490477,1.71454431080564e-18,"ENSG00000107201.10"
0,0,"ENSG00000197579.8"
0.0736383543807316,8.8642658166977e-19,"ENSG00000235453.10"
0.224323569380406,2.7172157997169e-13,"ENSG00000165264.11"
0.052984477367999,0,"ENSG00000137074.19"
0.0244509361916242,5.87115788645139e-13,"ENSG00000086061.16"
0,0,"ENSG00000122692.9"
0,0,"ENSG00000086062.12"
0.0552278232377602,0.216389706936026,"ENSG00000233554.6"
0,0,"ENSG00000107262.23"
0,0,"ENSG00000086065.14"
0.0422546257359456,9.84024286418891e-12,"ENSG00000086102.19"
0.0386208503621945,0.152274166780337,"ENSG00000165269.13"
0,0.260045035514668,"ENSG00000286322.1"
0,0.210993524058018,"ENSG00000165272.16"
0,0,"ENSG00000165271.17"
0.356523899180715,5.14806887214092e-21,"ENSG00000231991.4"
0,0,"ENSG00000237984.3"
0.496802383240522,0,"ENSG00000281128.2"
0.436587842823307,1.65148882261981e-15,"ENSG00000260947.1"
0.264162529815975,8.26816947108065e-11,"ENSG00000107341.5"
0.224092358198641,0,"ENSG00000137073.21"
0.036483228890296,3.8924795763688e-11,"ENSG00000198876.13"
0,0,"ENSG00000165006.14"
0,0,"ENSG00000227383.1"
0,0,"ENSG00000279336.1"
0,0,"ENSG00000233668.1"
0.00398827056038732,1.27008182458785e-10,"ENSG00000186638.16"
0,0,"ENSG00000164978.18"
1.05671351951818e-19,4.94449878531875e-16,"ENSG00000164976.9"
0.390843374589843,5.16326512140016e-22,"ENSG00000164970.15"
0,0.118257329032817,"ENSG00000122756.15"
0,0.0625450148609468,"ENSG00000237159.6"
0,0,"ENSG00000164967.10"
0.355707513063925,0,"ENSG00000137100.16"
0.324736466764521,3.01915372364762e-19,"ENSG00000147955.17"
0,0.207603789446689,"ENSG00000213930.11"
0.115087233807529,4.31285045413409e-11,"ENSG00000137070.17"
0.116023867781067,1.38217827575546e-20,"ENSG00000230074.2"
0,0,"ENSG00000172724.12"
0.403607021904667,4.73531893892882e-12,"ENSG00000215199.3"
0.00990047328134569,7.04206345203349e-10,"ENSG00000122733.12"
0.134671712329059,1.16001516201832e-14,"ENSG00000281491.1"
0.415858893698911,8.50097706314347e-15,"ENSG00000137094.14"
0.183747538350642,0,"ENSG00000286782.1"
0.049536299186693,0,"ENSG00000287868.1"
0,0,"ENSG00000279608.1"
2.36828449519111e-13,0.205818501637309,"ENSG00000174038.13"
0,0,"ENSG00000241568.3"
0.118632105802787,0,"ENSG00000165280.16"
0,0,"ENSG00000221829.9"
0,0,"ENSG00000165282.14"
0.0216811613908724,4.31560897856116e-12,"ENSG00000165283.16"
0.145123677597892,0,"ENSG00000005238.19"
0.0563729139724737,0,"ENSG00000198722.14"
0,0,"ENSG00000279083.1"
0,0,"ENSG00000198853.12"
0,0.0141147763241065,"ENSG00000287287.1"
0,0.442536713947464,"ENSG00000235619.1"
0.199799310545817,0,"ENSG00000215187.11"
0,0,"ENSG00000107140.16"
0,3.14287517547331e-15,"ENSG00000137101.12"
0.392857577573938,0,"ENSG00000231393.1"
0.00651905358724117,3.44305075781254e-11,"ENSG00000159884.12"
0.0325573924572038,2.82698426784187e-23,"ENSG00000137135.18"
1.59556105478382e-12,0.034486324559814,"ENSG00000198467.15"
0,0,"ENSG00000137076.21"
0.0726394401510571,0.268390939436438,"ENSG00000107175.12"
0.378759744438815,0.23594944165671,"ENSG00000070610.14"
0.000118484426018701,0,"ENSG00000107185.10"
0,0,"ENSG00000227388.3"
3.00195225992787e-20,0.109165663099362,"ENSG00000159899.14"
0.353241300307104,3.95167110889259e-13,"ENSG00000137098.14"
0.749483058590767,2.73360822719518e-11,"ENSG00000137103.20"
0.869255066874583,0,"ENSG00000196196.3"
0,0,"ENSG00000235387.5"
0.200901296994191,2.95287436292925e-11,"ENSG00000213866.3"
4.70284761701415e-08,0.10023949341932,"ENSG00000122707.12"
0.0347453905783528,0,"ENSG00000122694.16"
0,0.139222549648228,"ENSG00000185972.6"
0.776504728133821,1.18598811313439e-23,"ENSG00000122705.17"
0,0,"ENSG00000159921.16"
0.117510450702856,0.0488598697119067,"ENSG00000137075.18"
0,0,"ENSG00000165304.8"
0,0,"ENSG00000196092.14"
0,0,"ENSG00000281649.2"
0,0,"ENSG00000147905.17"
0.231352053395045,3.26715030761038e-18,"ENSG00000137106.18"
0,0,"ENSG00000168795.5"
0.0290289931783569,0,"ENSG00000137054.16"
0,0,"ENSG00000234160.1"
0.0821693938051833,0,"ENSG00000147912.13"
0.0953920104029098,0,"ENSG00000175768.13"
0,0,"ENSG00000165275.10"
0,0,"ENSG00000107371.13"
0.136330973123424,3.11014239321064e-11,"ENSG00000122741.16"
0.440775206727654,0.180730971340019,"ENSG00000226055.2"
0.131987693858415,0.230788884914932,"ENSG00000122696.14"
0.290872014924286,0.121962485720286,"ENSG00000213839.4"
0.469981814950387,0.183039033382425,"ENSG00000107338.10"
0.731199705569145,3.3724687831814e-11,"ENSG00000137124.8"
0.602025805411822,1.21058765531519e-13,"ENSG00000137142.5"
0,0,"ENSG00000180071.20"
0.58702606700247,0.306032503777076,"ENSG00000106714.17"
0.216971278478831,0,"ENSG00000198416.9"
0,0,"ENSG00000276291.5"
0,0,"ENSG00000277778.2"
0,0,"ENSG00000280077.1"
0,0,"ENSG00000215126.10"
0.243046532474422,2.52568632074534e-12,"ENSG00000154529.14"
0,0.0788671577393403,"ENSG00000277737.3"
2.66650535687108e-17,0.122712790942356,"ENSG00000286506.1"
0,0,"ENSG00000238113.7"
0.686936048748756,0,"ENSG00000237238.3"
0,0.197258971320054,"ENSG00000186466.5"
0.0118128075988641,0,"ENSG00000228522.2"
0.289298678732486,3.10076587222114e-10,"ENSG00000215548.2"
0.494681064162514,2.28964768000908e-11,"ENSG00000172014.12"
0,0,"ENSG00000147996.16"
0,0,"ENSG00000274349.4"
0,0,"ENSG00000154330.13"
2.56481857924718e-19,0.110683977328247,"ENSG00000233178.7"
0,0,"ENSG00000107242.19"
0,0,"ENSG00000187866.10"
0.145321781523538,1.20289898782558e-11,"ENSG00000165060.14"
0.00131198934617542,0.188617168576505,"ENSG00000119139.20"
0.045376589776423,2.06775141930433e-14,"ENSG00000135063.19"
0.541709101989121,0.231986208624612,"ENSG00000107282.8"
0,0,"ENSG00000188647.13"
0.745251001760718,1.64039061511451e-12,"ENSG00000204706.14"
0.676731193304072,0.0537031583977151,"ENSG00000165072.10"
0,0,"ENSG00000268364.2"
0.0603564315002007,0,"ENSG00000198887.9"
0,0,"ENSG00000274421.1"
0.380017157673609,2.37315010211624e-12,"ENSG00000119138.4"
0.183791474887035,0,"ENSG00000083067.22"
0,0,"ENSG00000135048.14"
0,0,"ENSG00000107362.13"
0.608753797585093,0,"ENSG00000155621.15"
0.0865713726166476,0.138846879533297,"ENSG00000225434.3"
0.069152453466691,0.0337429212097883,"ENSG00000107372.13"
0.249004971656394,0.113607629056853,"ENSG00000165091.17"
0.361353667936325,0,"ENSG00000165092.13"
0,0,"ENSG00000135046.14"
0,0,"ENSG00000224825.2"
0,0,"ENSG00000198963.11"
0.0902490480178529,1.78647053904837e-12,"ENSG00000119121.22"
0,0,"ENSG00000135045.7"
0,0,"ENSG00000203321.2"
0.129943656638475,4.34698405875908e-12,"ENSG00000156017.13"
0.395666357614239,1.04893226685132e-20,"ENSG00000106733.21"
0.13649012808056,3.04392455902535e-11,"ENSG00000134996.12"
0,0.111047479122866,"ENSG00000099139.13"
0.141005110655332,0,"ENSG00000135002.12"
0,0,"ENSG00000187210.14"
0.0867099534921116,5.42801500292775e-20,"ENSG00000106772.18"
0.399481625643252,0.0482599956709294,"ENSG00000225937.3"
0,0,"ENSG00000197969.14"
0,0,"ENSG00000156049.7"
0,0,"ENSG00000156052.11"
0.377576507917278,0,"ENSG00000148019.13"
0,0,"ENSG00000135069.14"
0.0181363933583705,3.79398467262562e-13,"ENSG00000106829.19"
0,0,"ENSG00000196781.15"
5.37437602670337e-17,0.112449338999503,"ENSG00000172159.16"
0.0311008423186614,0.683605057082454,"ENSG00000148057.16"
0,0,"ENSG00000135018.14"
0,0.153682168299273,"ENSG00000254473.1"
0,0.0139806770003897,"ENSG00000165113.13"
0.315939803739487,0.0296568500102184,"ENSG00000231616.9"
0.254783293033913,0.0119629690883179,"ENSG00000165115.15"
0.0569410886244513,0.63182534923154,"ENSG00000165118.15"
0,0,"ENSG00000165119.21"
0.185953486718275,0,"ENSG00000178966.16"
0,0,"ENSG00000148053.16"
0.0143390480588276,3.42969316433229e-13,"ENSG00000135049.15"
0.150939630834803,0.242597467893529,"ENSG00000230303.6"
0,0,"ENSG00000165121.11"
0,0,"ENSG00000135040.16"
0.151919440736609,4.85454803868121e-19,"ENSG00000135052.16"
0.445425186480408,2.23145653113224e-12,"ENSG00000187753.13"
0,0.0869318372034085,"ENSG00000135070.15"
0,0,"ENSG00000083223.18"
0.445859753836513,0.27953171918154,"ENSG00000180447.7"
0.538884092229672,0.178475357574288,"ENSG00000226237.2"
0,0,"ENSG00000269994.3"
0.0969620464389038,3.25438179300878e-11,"ENSG00000204446.4"
1.48041320697241e-11,0.14440822955788,"ENSG00000196730.13"
1.41776430983319e-13,0.205134198176023,"ENSG00000135047.15"
0,0,"ENSG00000156345.17"
0,0,"ENSG00000287769.1"
0,0,"ENSG00000106723.17"
0,0.213184826182741,"ENSG00000275017.1"
0.310048434515237,4.5514680278875e-15,"ENSG00000227638.2"
0.0194547481978739,0.163524445817577,"ENSG00000213694.5"
0,0,"ENSG00000148082.10"
0.49187072178103,1.30542013109197e-11,"ENSG00000123975.5"
0,0,"ENSG00000187742.15"
0.349331023428972,0,"ENSG00000187764.11"
0.364014155344818,5.61608376634098e-11,"ENSG00000130222.11"
0.56462837651723,0,"ENSG00000165025.15"
0.399143704770391,8.38185181438427e-12,"ENSG00000260454.2"
1.44234529812019e-10,0.142070919829702,"ENSG00000237422.2"
0,0,"ENSG00000230537.2"
0,0,"ENSG00000229694.7"
0.352714210020004,0,"ENSG00000235641.5"
0.170928682842245,3.7884780192349e-11,"ENSG00000273381.1"
0,0,"ENSG00000148090.11"
0,0,"ENSG00000165030.4"
0,0,"ENSG00000169071.15"
0,0,"ENSG00000090054.15"
1.33484769369091e-10,0.176638501014009,"ENSG00000227321.2"
0,0,"ENSG00000196305.17"
0,0,"ENSG00000198000.12"
0,0,"ENSG00000188312.14"
0.37698931400361,8.0352061097808e-12,"ENSG00000106809.11"
0.131753273145616,4.9640041774482e-12,"ENSG00000127083.7"
0.077245724541463,7.31637546545367e-10,"ENSG00000106819.13"
0,0,"ENSG00000106823.12"
0,0,"ENSG00000285650.1"
0.022631150394936,4.53638199964331e-20,"ENSG00000127080.10"
0.11812529832943,3.01823809407641e-09,"ENSG00000185963.14"
2.5822885781367e-12,0.0845475264481443,"ENSG00000275318.1"
0,0,"ENSG00000127081.14"
0,0.199208298153619,"ENSG00000127084.19"
0,0,"ENSG00000157303.11"
0.0783956128422118,3.29123582507105e-22,"ENSG00000165233.18"
0.462130014305029,0.00493004316626199,"ENSG00000131669.10"
0,0,"ENSG00000165238.16"
0,0.0425786365720097,"ENSG00000188938.17"
0,0,"ENSG00000048828.17"
0,0,"ENSG00000197724.11"
0,0,"ENSG00000131668.14"
0.00655155356299179,0,"ENSG00000158079.16"
0.0222170907475582,0,"ENSG00000269929.3"
9.15715595026044e-13,0.203020490310813,"ENSG00000230262.8"
0.285791270670822,0,"ENSG00000175787.17"
0.345784718736958,0,"ENSG00000232063.2"
0.103700775176322,0,"ENSG00000148110.16"
0.0272061031599376,0.817957700980002,"ENSG00000165140.10"
3.50656853301888e-19,0.109546093961736,"ENSG00000148120.16"
0,0,"ENSG00000158169.13"
0,0.0936354908599561,"ENSG00000185920.15"
0.0535523417870074,0,"ENSG00000175611.12"
0,0,"ENSG00000182150.16"
0.32615039543298,0.0802736297588924,"ENSG00000224546.2"
0,0,"ENSG00000130958.13"
0.452420717182961,4.52315048540129e-11,"ENSG00000165244.7"
0.384513514248132,0.0749908086016415,"ENSG00000286835.1"
0.402726689708674,0.15391645883287,"ENSG00000130956.14"
0,0,"ENSG00000081377.17"
0.167963136655919,7.7248001087337e-13,"ENSG00000158122.12"
0.447949093660645,0.0566051629121698,"ENSG00000224848.2"
0,0,"ENSG00000233820.2"
0,0,"ENSG00000081386.12"
0.147504787981956,0,"ENSG00000196597.13"
1.40761737216179e-18,6.57353490907638e-15,"ENSG00000196312.14"
0,0,"ENSG00000188152.12"
0.0777332958282995,3.37536497476156e-13,"ENSG00000254876.5"
0.444531466345952,0,"ENSG00000197816.14"
0,0,"ENSG00000196116.8"
0.0925608614903552,3.6330709097085e-12,"ENSG00000136842.14"
0.305568190581649,1.02664329668786e-20,"ENSG00000228174.7"
0,0,"ENSG00000136925.15"
0,0,"ENSG00000136937.13"
7.56019773065328e-12,0.0926676590245767,"ENSG00000136936.10"
0,0,"ENSG00000136932.13"
0.196672945519298,2.02085447544703e-20,"ENSG00000287070.1"
0,0,"ENSG00000136938.9"
0.792960224588088,0,"ENSG00000095380.11"
0.213341725064648,1.26032386959204e-12,"ENSG00000106785.15"
0.319524397060979,2.51814819680391e-11,"ENSG00000106789.13"
0.0180505800343037,4.82722855711922e-14,"ENSG00000095383.20"
0,0,"ENSG00000165138.18"
0.0247062183772951,0.267187699947956,"ENSG00000119514.7"
0.299208354713834,0,"ENSG00000204291.11"
0,0,"ENSG00000106799.13"
0,0.0226174149154096,"ENSG00000119523.10"
0.196140070884809,1.26100854081186e-20,"ENSG00000106803.10"
0,0,"ENSG00000237461.2"
0.0115227068589171,0,"ENSG00000119508.18"
0,0,"ENSG00000136874.11"
0,0,"ENSG00000023318.8"
0.125116303852088,4.84991293742961e-12,"ENSG00000234709.2"
0,0,"ENSG00000119509.13"
0,0,"ENSG00000231697.3"
0,0,"ENSG00000136891.14"
0.187552959232954,0.0703112132660689,"ENSG00000066697.14"
0,0,"ENSG00000170681.7"
0,0,"ENSG00000136897.8"
0,0,"ENSG00000136870.10"
0.12966981489551,0.131843290759973,"ENSG00000165152.9"
0,0,"ENSG00000155827.12"
0.259719661802936,0,"ENSG00000198785.6"
0,0,"ENSG00000136824.19"
0,0,"ENSG00000136783.10"
0.23909170745502,0.0154582330692416,"ENSG00000165028.12"
0.113925495716375,0.0465498293778735,"ENSG00000165029.16"
4.44422005306383e-17,0.154003447843467,"ENSG00000226334.1"
0,0,"ENSG00000070214.16"
0,0.0171322393728518,"ENSG00000106701.12"
0,0.129770070020638,"ENSG00000229419.1"
0.394584412832945,0,"ENSG00000106692.14"
0,0,"ENSG00000095209.12"
0,0,"ENSG00000148143.13"
0,0,"ENSG00000119318.13"
1.18670240664331e-19,3.811802663768e-17,"ENSG00000136826.15"
0,0,"ENSG00000070061.15"
0,0,"ENSG00000119328.12"
0.447622920667558,4.21843399694733e-14,"ENSG00000119326.15"
6.45912846637738e-21,0.134854673195884,"ENSG00000106771.13"
0.156832782552539,0,"ENSG00000260230.3"
0,0,"ENSG00000095203.14"
1.68924137527823e-13,0.444727830319132,"ENSG00000070159.14"
0,0,"ENSG00000157654.18"
0,0,"ENSG00000188959.9"
0.0137013787242139,2.41890936995906e-20,"ENSG00000136810.13"
1.6016753241508e-12,0.0150214979761834,"ENSG00000165124.18"
0,0,"ENSG00000030304.14"
0,0,"ENSG00000198121.13"
0,0,"ENSG00000207401.1"
0,0,"ENSG00000136813.14"
0.615972904312312,0.185189104662753,"ENSG00000173258.13"
0.325937758422718,0.218131119086974,"ENSG00000106853.20"
1.57450976980477e-16,0,"ENSG00000059769.20"
0,0,"ENSG00000165181.16"
0.600306555041826,0.216946357813368,"ENSG00000148154.10"
0.0924035815280568,2.40667884190417e-12,"ENSG00000259953.2"
0,0,"ENSG00000106868.16"
0,0,"ENSG00000119314.15"
0,0,"ENSG00000119471.15"
0,0,"ENSG00000230185.5"
0,0,"ENSG00000165185.14"
0,0.0129720943061674,"ENSG00000148153.14"
0,0,"ENSG00000148158.17"
0.126415782610083,0.518431082117841,"ENSG00000119457.8"
0.0851014267860562,0.37668380357833,"ENSG00000136866.13"
0,0.135441078325767,"ENSG00000225684.4"
0,0,"ENSG00000231528.3"
0,0,"ENSG00000136867.11"
0,0,"ENSG00000119321.9"
0,0.0136202505597281,"ENSG00000136868.11"
0,0,"ENSG00000176386.9"
0.0268781399048485,1.08552976304175e-12,"ENSG00000136875.12"
0.074351327967614,2.96227885331531e-21,"ENSG00000148225.16"
0,0,"ENSG00000119411.11"
0.386992967646919,0,"ENSG00000119431.9"
0.184007854616532,0.0393977741165153,"ENSG00000148218.16"
0.0869962646381108,1.38079373797272e-09,"ENSG00000148229.13"
0,0,"ENSG00000157653.11"
0,0,"ENSG00000138835.22"
0.37252464443011,1.4433527664572e-09,"ENSG00000282897.1"
0.122625410679923,0.00979603806605558,"ENSG00000233817.1"
0.125443308754288,3.31679674229849e-14,"ENSG00000227482.1"
0.0575862964964392,0,"ENSG00000157657.14"
0,0,"ENSG00000196739.15"
0.237544545054355,2.44185605516191e-15,"ENSG00000229314.5"
0.0708884510083362,0,"ENSG00000228278.4"
0,0,"ENSG00000106948.16"
0,0,"ENSG00000095397.14"
0.0537309641497381,1.39507180961484e-12,"ENSG00000136888.7"
0,0,"ENSG00000157693.15"
0.542599352723905,6.32742679829029e-17,"ENSG00000181634.8"
0,0,"ENSG00000173077.16"
0,0,"ENSG00000106952.7"
4.0230176804032e-12,0.0615446719679956,"ENSG00000041982.16"
0,0,"ENSG00000228714.4"
0,0.146273417371151,"ENSG00000182752.10"
0,0.0133935793811569,"ENSG00000226604.2"
1.86496320633293e-12,0.270510987373328,"ENSG00000244757.1"
0.191002241306997,0,"ENSG00000148219.16"
0,0,"ENSG00000230894.2"
0,0,"ENSG00000119401.10"
7.11079959764755e-17,0,"ENSG00000136869.16"
0,0.190623170975891,"ENSG00000284977.2"
0.479263354025162,0.111241150512255,"ENSG00000234782.3"
0,0,"ENSG00000078725.13"
0,0.0240159366071954,"ENSG00000136861.18"
0.0447796485602552,0.147175596543473,"ENSG00000106780.9"
0,0,"ENSG00000119402.17"
0,0,"ENSG00000214654.8"
0.0146212935479516,2.84862543147341e-15,"ENSG00000095261.14"
0.187909082596304,1.58476925452151e-22,"ENSG00000226752.9"
0,0,"ENSG00000119403.15"
0.0563406739720835,0,"ENSG00000056558.11"
1.38275028805477e-13,0.0495986559222453,"ENSG00000106804.7"
0,0,"ENSG00000119397.16"
0,0,"ENSG00000119396.11"
0,0,"ENSG00000243738.3"
0.135879118285609,0.0653144195894271,"ENSG00000148180.19"
0,0,"ENSG00000239593.1"
0.400237547142412,1.10324605392097e-11,"ENSG00000235865.2"
0,0.0722133704351598,"ENSG00000148175.13"
8.37536721416628e-13,0.0441562294934887,"ENSG00000227355.3"
0.824330513560416,0,"ENSG00000204136.10"
0.172099587077854,0,"ENSG00000136848.17"
0.176812241712435,0,"ENSG00000261534.1"
0.0742312461839464,1.61344949495006e-10,"ENSG00000175764.14"
0.0609056115497483,0,"ENSG00000119421.7"
0.294067818628858,0.149692984002806,"ENSG00000106852.15"
0,0,"ENSG00000119446.14"
0,0,"ENSG00000148187.18"
0,0,"ENSG00000095303.17"
0,0,"ENSG00000136940.14"
0,0,"ENSG00000056586.16"
0,0,"ENSG00000186130.5"
0,0,"ENSG00000171448.9"
0.336396412588233,0.0426414266346838,"ENSG00000261094.2"
0.0312357965767125,5.30040961143633e-21,"ENSG00000011454.17"
0.400826322693109,0.0174460925944405,"ENSG00000236901.6"
0,0,"ENSG00000165209.19"
0.155746318587289,3.36741527539893e-22,"ENSG00000148204.12"
0.0507221308126125,0,"ENSG00000119522.16"
0,0,"ENSG00000119408.16"
0,0,"ENSG00000235204.1"
0,0,"ENSG00000227200.1"
0.0853708477607121,3.18027181290656e-11,"ENSG00000136930.13"
0,9.26205203924378e-15,"ENSG00000148200.17"
0.108395647820474,4.48843128172225e-13,"ENSG00000185585.20"
0.135602916871588,1.43368315885606e-18,"ENSG00000136942.15"
0,0,"ENSG00000136950.13"
0,0,"ENSG00000136935.14"
0.252846390519574,2.38659661020893e-10,"ENSG00000173611.17"
0,0,"ENSG00000119414.11"
0.0786175696326323,4.33986514298552e-15,"ENSG00000232630.1"
0,0,"ENSG00000136933.17"
0,0,"ENSG00000044574.8"
0,0,"ENSG00000165219.22"
0.212041855391037,0,"ENSG00000119487.17"
0,0,"ENSG00000243845.3"
0.00141612552880381,7.30116327226475e-12,"ENSG00000167081.18"
4.27858447247333e-19,0.305375925068641,"ENSG00000196814.15"
0,0,"ENSG00000136944.17"
0.0126520896631218,4.65852308908989e-10,"ENSG00000169155.10"
0,0,"ENSG00000177125.5"
0.0105323867596012,0,"ENSG00000136828.19"
0,0,"ENSG00000136859.10"
0,0,"ENSG00000136895.19"
0.00740431008446074,0.206808174561357,"ENSG00000136856.18"
0,0,"ENSG00000196152.10"
0.126847258251647,2.44980261492902e-18,"ENSG00000197958.13"
0.52367436924402,1.88776529776752e-11,"ENSG00000201302.1"
0,0,"ENSG00000148356.13"
2.29421102395824e-13,0.0705691446109235,"ENSG00000136830.12"
0,0,"ENSG00000136854.21"
0.0225780281915293,0,"ENSG00000160401.15"
7.95495335957962e-21,0.0252321373260414,"ENSG00000160404.18"
0,0.350823549616721,"ENSG00000095370.20"
0,0.210974104151604,"ENSG00000286196.1"
1.63570626546077e-16,0.0138722867096815,"ENSG00000136807.14"
0,0,"ENSG00000136877.15"
0,0,"ENSG00000106991.13"
0.528636968577643,8.14818124794776e-11,"ENSG00000225032.5"
0.286556239627685,0,"ENSG00000106992.19"
0,0,"ENSG00000257524.6"
0.257368648189191,0,"ENSG00000160408.14"
0,0,"ENSG00000136840.19"
0,0,"ENSG00000167103.12"
0.47787613997686,0.367805819392175,"ENSG00000227218.7"
0.135395119219487,4.36652366734406e-13,"ENSG00000136908.17"
0.373622459438584,0,"ENSG00000167106.12"
0,0,"ENSG00000171169.9"
0.107493207830202,8.15231500015621e-11,"ENSG00000148339.12"
3.1711287375452e-12,0.142658510067783,"ENSG00000234771.3"
0.57567048491677,1.04974582796784e-10,"ENSG00000148334.15"
0,0,"ENSG00000148346.12"
0.269308363332511,4.26056713667325e-12,"ENSG00000171159.5"
0,0,"ENSG00000148337.21"
0,0,"ENSG00000106976.20"
0,0,"ENSG00000167110.17"
0,0,"ENSG00000175854.12"
0,0,"ENSG00000167112.10"
0,0,"ENSG00000167113.11"
0.32505005413552,0,"ENSG00000167114.13"
0.122292548935875,1.2706125828966e-11,"ENSG00000167118.10"
0.248895358564853,0.0134356529312657,"ENSG00000167123.19"
0,0,"ENSG00000273186.1"
0,0,"ENSG00000136811.16"
0,0,"ENSG00000119392.14"
0.21332509782069,1.60537309032654e-11,"ENSG00000228395.2"
0,0,"ENSG00000197694.16"
0.341583533779546,3.18686364256382e-12,"ENSG00000119333.11"
0.335080872475154,2.51991365710354e-11,"ENSG00000119335.16"
0,0,"ENSG00000160447.7"
0.547459662667891,0,"ENSG00000160446.19"
0.041499806727359,1.43108132402955e-09,"ENSG00000223478.1"
0,0,"ENSG00000160445.11"
4.47659071455312e-12,0.00701690964267513,"ENSG00000107021.16"
0,0,"ENSG00000167136.7"
0.0513823721739381,8.65480485624847e-10,"ENSG00000136802.11"
0,0,"ENSG00000175287.19"
0.0127956102610004,0.0479538793957728,"ENSG00000175283.7"
0.103896335080566,0,"ENSG00000095319.14"
0,0,"ENSG00000148341.17"
0,0,"ENSG00000148343.18"
0.129808663084375,9.57257345385246e-19,"ENSG00000167130.18"
2.59308126836407e-21,0.00547163183255475,"ENSG00000095321.17"
0,0,"ENSG00000119383.19"
0.328003234058496,1.49549643904143e-15,"ENSG00000188483.8"
0.611913728021492,2.8230049942856e-15,"ENSG00000233901.6"
0.105575127791056,6.70891148929039e-21,"ENSG00000204054.14"
0.408764751614369,0.192008425114652,"ENSG00000148335.14"
0,0,"ENSG00000148331.12"
0,0,"ENSG00000167157.11"
0.183168739604434,0,"ENSG00000148344.11"
0.0233780294875686,2.71707896648961e-10,"ENSG00000136816.16"
0,0,"ENSG00000136827.12"
0.578429910395782,0.142536701250616,"ENSG00000136819.15"
0,0,"ENSG00000136878.13"
0.143968744395154,5.70293262662129e-14,"ENSG00000187239.17"
0,0,"ENSG00000148358.19"
0,0,"ENSG00000107130.10"
0,0,"ENSG00000264169.2"
0.278933512589082,0,"ENSG00000130707.18"
0,0,"ENSG00000107164.16"
0,0.206082296622578,"ENSG00000130713.16"
0.408633532488917,1.90592628991953e-13,"ENSG00000097007.19"
0.0532558852902127,0,"ENSG00000188710.3"
0.229478686245922,0,"ENSG00000130720.13"
3.5783024791169e-21,0.00534687703629146,"ENSG00000126878.13"
0,0,"ENSG00000126883.17"
0,0,"ENSG00000236986.6"
0,0.275476240849006,"ENSG00000246851.1"
0.315834418911055,0.0248066790333062,"ENSG00000126882.13"
0,0,"ENSG00000160539.6"
0,0,"ENSG00000130723.20"
0.010189520523041,1.23174656087176e-16,"ENSG00000130714.16"
0.0453339338805119,2.57280046859464e-09,"ENSG00000130717.13"
0.0772006617264542,0.7098765740502,"ENSG00000283526.1"
0.471671040432391,0,"ENSG00000107263.18"
0.239399608238728,0.233975236413948,"ENSG00000240853.3"
3.41696689029601e-19,0.170552403034819,"ENSG00000160563.14"
0.280224131998728,0.299803305846014,"ENSG00000196358.11"
0,0,"ENSG00000107290.14"
0.05715100386746,5.85802252062867e-11,"ENSG00000125482.13"
0,0,"ENSG00000125485.17"
0,0,"ENSG00000125484.12"
0.12590294321352,3.71875746205324e-09,"ENSG00000165695.9"
0.161303566638174,0,"ENSG00000165698.16"
1.19244476220485e-21,0.0110460766979106,"ENSG00000165699.14"
0.168793311843778,0.104034317458189,"ENSG00000165702.14"
0,0,"ENSG00000196205.8"
0,0,"ENSG00000148308.17"
0.217457054781717,0.0544587582201904,"ENSG00000160271.16"
0.277979851191351,0,"ENSG00000148288.13"
0,0,"ENSG00000175164.15"
0.405468305971604,0.305239437752811,"ENSG00000148296.7"
0.592361941444551,0.1160858419415,"ENSG00000148297.16"
0.129672163688665,1.19951513262646e-12,"ENSG00000148303.17"
2.88489434297071e-14,0.0312384622205081,"ENSG00000148290.10"
0.205379858427283,3.66328270271306e-11,"ENSG00000148291.10"
0.0517067705838542,1.30083363564657e-09,"ENSG00000148248.14"
0,0,"ENSG00000198870.8"
0,0,"ENSG00000148300.12"
0,0,"ENSG00000160323.18"
0.122909420822513,1.49624913995237e-11,"ENSG00000160325.14"
0.579042768743314,0,"ENSG00000160326.14"
8.22989937995616e-11,0.0509052190376997,"ENSG00000197859.10"
0,0,"ENSG00000123453.18"
0,0,"ENSG00000160293.17"
0,0,"ENSG00000235106.10"
0,0,"ENSG00000169925.17"
0,0,"ENSG00000235138.1"
0.125837643945488,4.32280334756506e-21,"ENSG00000196363.9"
0.153794312734405,0.424944737622478,"ENSG00000186350.12"
0,0.141757582367438,"ENSG00000130635.15"
0,0,"ENSG00000286502.1"
0.486989355810656,0,"ENSG00000085265.11"
5.62127126328489e-20,0.103599847861585,"ENSG00000130558.19"
0.0706718389793985,2.18300217275725e-21,"ENSG00000225361.4"
0,0,"ENSG00000196422.11"
0.0871367656531603,0.0857679746406488,"ENSG00000160345.13"
0.125287049304561,0,"ENSG00000122140.11"
0.259462373091964,0.0702633849857753,"ENSG00000130559.19"
0,0,"ENSG00000238058.2"
0.266646169225875,0.0483401708195451,"ENSG00000130560.9"
0.0296720998739767,0.1969159609497,"ENSG00000148411.8"
0.0864373915224436,6.74740004429667e-14,"ENSG00000238227.8"
0.412890917846175,0.169500441812753,"ENSG00000165661.16"
0,0,"ENSG00000160360.13"
0,0,"ENSG00000213221.5"
0,0,"ENSG00000187796.14"
0,0.17591064522446,"ENSG00000165684.4"
0,0,"ENSG00000165689.17"
0.138249128748161,0.0185924807019496,"ENSG00000165688.12"
0.142030017488056,3.21118724922004e-15,"ENSG00000148384.13"
0,0,"ENSG00000148396.18"
0,0,"ENSG00000148400.12"
0.333006050227583,0.415251707528257,"ENSG00000227512.1"
0.0738251126467092,0,"ENSG00000237886.1"
0,0,"ENSG00000172889.16"
0.196943496837473,0.275839053011752,"ENSG00000169692.13"
0,0,"ENSG00000165716.11"
0.252442574191411,1.55487009508783e-11,"ENSG00000233016.7"
0.127220642719468,1.75969004379945e-11,"ENSG00000244187.8"
3.44502072033259e-21,0.0890502502343907,"ENSG00000213213.14"
0.336415471938989,0,"ENSG00000273066.5"
0,0,"ENSG00000228544.1"
0.24546045126037,8.3545311763079e-11,"ENSG00000196642.19"
0.402520071283691,5.46142214164821e-12,"ENSG00000213212.3"
0.169924905327975,0.017157172823569,"ENSG00000232434.2"
0,0,"ENSG00000054148.17"
0.167549711145544,0.0533570380959034,"ENSG00000177943.14"
0.214955065073514,0,"ENSG00000107223.13"
0.0558938327534765,3.12473941699157e-13,"ENSG00000127191.18"
0.405015951022886,1.1267611798034e-11,"ENSG00000159069.14"
0,0,"ENSG00000107317.13"
0,0,"ENSG00000214402.7"
0,0,"ENSG00000148362.11"
0,0,"ENSG00000169583.13"
1.65559824613769e-13,0.0154688687794934,"ENSG00000107331.17"
0.0186597093568964,0.15778418886913,"ENSG00000180539.8"
0,0,"ENSG00000180549.7"
0.388719733852735,0,"ENSG00000107281.10"
0.401162830536802,0,"ENSG00000186193.9"
0.397265992871503,9.15450122360338e-12,"ENSG00000197355.11"
0,0,"ENSG00000268996.3"
0,0,"ENSG00000177239.15"
4.96167667912791e-17,0,"ENSG00000176978.14"
0.145436751798578,1.70369419640632e-09,"ENSG00000176248.9"
0.259438379445026,1.13984687361581e-20,"ENSG00000176101.12"
0,0,"ENSG00000176058.13"
0.047513314060302,0.131697023492484,"ENSG00000187713.7"
0,0,"ENSG00000188566.13"
0,0,"ENSG00000284976.1"
0.28721804113524,3.04248318919001e-14,"ENSG00000212864.3"
0.120978439525833,1.02906524289502e-15,"ENSG00000198569.9"
0.71526877285505,4.92938282094963e-13,"ENSG00000188229.6"
0.0277932310633094,0.141032608840954,"ENSG00000188163.8"
0.193944201311533,0.00278579526385918,"ENSG00000197768.10"
0,0,"ENSG00000188986.7"
0,0,"ENSG00000198113.3"
2.918522249876e-11,0.126132819410387,"ENSG00000270259.2"
0.165946110585316,6.20179325819886e-12,"ENSG00000198435.4"
0.195256606735044,0.0378156855635996,"ENSG00000187609.16"
0.115121256479771,1.2234747502298e-12,"ENSG00000188747.8"
0.221341922504928,0.20541675276285,"ENSG00000165802.22"
0,0.278131970094339,"ENSG00000130653.16"
0.321338304814965,0.045834870862276,"ENSG00000182154.8"
2.74894788810784e-21,0.026669039913446,"ENSG00000148399.13"
8.35272559024663e-11,0.271124357119599,"ENSG00000165724.6"
0,0.0918975268391164,"ENSG00000197070.14"
0.549109536293661,8.26936385458888e-24,"ENSG00000203993.6"
0,0,"ENSG00000181090.21"
0.400611072335952,0.183652869283985,"ENSG00000255585.3"
0,0,"ENSG00000015171.19"
0,0,"ENSG00000151240.17"
2.33824982596338e-20,0.200456945067225,"ENSG00000225140.1"
8.35219301591203e-13,0.198598692681367,"ENSG00000180525.12"
0,0,"ENSG00000107929.14"
0.456873528251811,1.67119258964769e-13,"ENSG00000205740.2"
0.273928672446395,1.03594286557847e-19,"ENSG00000107937.19"
4.39308341780818e-11,0.0432271904339176,"ENSG00000232656.8"
0.47706741928107,0.0352793710818492,"ENSG00000067064.11"
0,0,"ENSG00000047056.16"
0.178605150869196,1.6399383589831e-15,"ENSG00000185736.16"
0.460965638188447,0.0622110901205281,"ENSG00000067057.17"
0.0745395742336364,2.04925460937959e-11,"ENSG00000107959.16"
0,0,"ENSG00000237399.7"
0,0,"ENSG00000229672.3"
0.25199162962697,1.20245720225605e-09,"ENSG00000067082.15"
0.5997049438828,0.00241460369851103,"ENSG00000233117.4"
0.285929134254204,0,"ENSG00000231298.7"
0.13793286427753,0.0900017828172067,"ENSG00000165568.18"
0,0,"ENSG00000187134.14"
0,0,"ENSG00000151632.17"
0,0,"ENSG00000224251.6"
0.0925014108835761,1.54352691352381e-20,"ENSG00000196139.14"
0,0,"ENSG00000225418.1"
0,0.332098030255159,"ENSG00000264006.8"
0,0,"ENSG00000173848.19"
0,0,"ENSG00000196372.13"
0,0,"ENSG00000108021.20"
0,0,"ENSG00000226647.2"
0.0339229519257985,2.37150857564402e-13,"ENSG00000057608.17"
0,0,"ENSG00000134461.16"
0,0.00594515970373329,"ENSG00000134452.19"
0.201815572677129,0,"ENSG00000232807.2"
0.297415151222461,0,"ENSG00000134470.21"
0,0,"ENSG00000134460.17"
0.00788582118472472,8.87882922261464e-11,"ENSG00000134453.16"
0,0,"ENSG00000170525.21"
0,0,"ENSG00000215244.3"
0.377875225143516,0,"ENSG00000212743.2"
0,0,"ENSG00000065675.15"
0,0,"ENSG00000198879.11"
0.132068653623624,3.38741475403037e-13,"ENSG00000123243.15"
0,0,"ENSG00000151657.12"
0.034313124622959,2.03676481715361e-20,"ENSG00000165629.20"
0,0.170619029777287,"ENSG00000165632.8"
0.109303536292863,0,"ENSG00000107485.18"
0,0,"ENSG00000225383.8"
0.0816446986825279,0.167463361029991,"ENSG00000048740.18"
0.109980943532866,0.0914737113545624,"ENSG00000229240.9"
0,0.0281915492791723,"ENSG00000229206.3"
0,0,"ENSG00000237986.4"
0,0.00290237742701178,"ENSG00000230322.1"
0,0.145282639365811,"ENSG00000181800.6"
0.123834741625313,5.38226470679986e-11,"ENSG00000148429.14"
0,0,"ENSG00000134463.15"
0.173383795981466,0,"ENSG00000148426.13"
1.25984072154519e-12,0.0351300859213205,"ENSG00000225778.5"
0,0,"ENSG00000151461.20"
0,0.113954646580257,"ENSG00000181192.12"
0,0,"ENSG00000065665.21"
0,0,"ENSG00000165609.13"
0.319698417885027,4.17918574999962e-20,"ENSG00000151465.14"
0.000888452793886893,2.64898581210498e-10,"ENSG00000228302.2"
0,0,"ENSG00000183049.12"
0,0,"ENSG00000285994.1"
0,0,"ENSG00000151468.11"
0,0,"ENSG00000123240.17"
0.0263802483484989,1.17110883722285e-22,"ENSG00000228330.1"
0.562860129347358,0,"ENSG00000065328.16"
0.0889325759725636,0.132536177730851,"ENSG00000107537.14"
0.185500225235667,1.51038901003145e-20,"ENSG00000086475.15"
0,0.208061279167361,"ENSG00000165626.17"
0,0,"ENSG00000165630.14"
0,0,"ENSG00000239665.8"
0.5732914181603,0.218291066259434,"ENSG00000151474.23"
0.582994940922095,0.155926760195189,"ENSG00000199407.1"
0.560831478342526,2.56056111995134e-11,"ENSG00000234091.1"
0.548693886684586,0.195485331507795,"ENSG00000229751.1"
0,0,"ENSG00000065809.13"
2.13333939654101e-13,0.28917737542254,"ENSG00000185267.10"
0,0,"ENSG00000284024.2"
0,0,"ENSG00000187522.16"
0.135531606555853,6.59204276951393e-12,"ENSG00000152455.16"
0,2.10628662364805e-15,"ENSG00000152457.18"
0.02324860348092,5.55999554415403e-11,"ENSG00000152463.14"
0,0.188841352753054,"ENSG00000176244.7"
0,0,"ENSG00000152464.15"
0,0.164740959511245,"ENSG00000152465.18"
0.568035113051991,0,"ENSG00000148468.17"
0.126273780079728,0.632562768245488,"ENSG00000077943.8"
0.0173608908010521,5.2793652415782e-12,"ENSG00000148481.14"
2.22898562589596e-16,0,"ENSG00000165983.14"
0.0859914587091438,0.202145629249533,"ENSG00000165985.10"
0.253876376144947,0,"ENSG00000148484.18"
0,0,"ENSG00000225213.2"
0.288449705554361,0.123791522247229,"ENSG00000107611.15"
0,0,"ENSG00000107614.22"
0,0,"ENSG00000229124.7"
0.0759204129486371,1.75990875776993e-20,"ENSG00000026025.16"
0,0,"ENSG00000148488.17"
0.340204948632201,0.0385297084204673,"ENSG00000165996.14"
0,0,"ENSG00000136738.15"
0,0,"ENSG00000148483.9"
0.401504957211279,5.00907065725435e-22,"ENSG00000260314.3"
0.268431519976046,6.46122557022711e-12,"ENSG00000165995.20"
0.178993578158154,1.32911853877482e-19,"ENSG00000235020.5"
0.109790020965204,0.0617855311674891,"ENSG00000240291.1"
0,0.0265007100326661,"ENSG00000241058.4"
0,0,"ENSG00000165997.5"
0,0,"ENSG00000204740.11"
0,0,"ENSG00000285852.1"
0.157178756526239,1.95904419265099e-12,"ENSG00000120594.17"
0,0,"ENSG00000287613.1"
0.325845048836176,8.38447101563757e-10,"ENSG00000078114.18"
0.620517521741903,0.0789414436091403,"ENSG00000204682.8"
0,0,"ENSG00000180592.17"
0.00692161738454873,4.33236581218525e-11,"ENSG00000078403.17"
7.91869420754175e-21,0.0190207935330568,"ENSG00000223984.1"
0.0934863048166377,0.366488166927173,"ENSG00000136770.11"
0,0,"ENSG00000279631.1"
0,0.0902952895168891,"ENSG00000148444.16"
0,0,"ENSG00000168283.14"
0.487787459158914,0,"ENSG00000150867.14"
0,0,"ENSG00000279819.1"
0,0,"ENSG00000148450.13"
0,0,"ENSG00000165312.6"
0,0,"ENSG00000120549.18"
0,0.0215935607028003,"ENSG00000279029.1"
0.0110890772307287,1.20331910077026e-22,"ENSG00000107863.18"
0.0309369935806655,1.90217751021268e-11,"ENSG00000099256.19"
0,0,"ENSG00000151023.17"
0,0,"ENSG00000185875.13"
0,0.704459533436747,"ENSG00000151025.11"
0.0373801556627298,2.9684385915572e-10,"ENSG00000095777.17"
0.0210148387201625,8.28743985526815e-12,"ENSG00000077420.16"
0,0,"ENSG00000236894.3"
0,0.225608401600255,"ENSG00000233261.3"
0.220396950435766,1.0748826515708e-13,"ENSG00000148459.16"
0.00903529195401191,1.14719670009437e-11,"ENSG00000136754.17"
0.160755235711825,0.0130386751276883,"ENSG00000283709.1"
0,0,"ENSG00000107890.16"
0.108331865888653,2.04713993601407e-12,"ENSG00000136758.18"
0.554081291054775,0,"ENSG00000120539.14"
0,0,"ENSG00000107897.19"
0.0632399864668722,0,"ENSG00000099246.16"
0,0,"ENSG00000285737.1"
0,0,"ENSG00000150051.14"
0.13373791269457,6.60967288866766e-13,"ENSG00000169126.16"
0.609605195710593,0.0352312960898178,"ENSG00000150054.18"
0.0268961960650487,0,"ENSG00000254635.6"
0.147362151231296,2.40672357134913e-14,"ENSG00000095787.23"
0.413387285536085,0,"ENSG00000095739.11"
0.127985067113917,0,"ENSG00000224597.10"
0.105282408497569,0.023013066929537,"ENSG00000197321.14"
1.11434316001684e-19,0.114366477502293,"ENSG00000165757.9"
0.0567325906534632,0.0165515748499718,"ENSG00000259994.1"
0.053337784633717,0.0177414716771273,"ENSG00000107951.14"
0.303961361563489,0,"ENSG00000107968.10"
0,0,"ENSG00000234814.8"
3.50476492291701e-19,0.263769792146859,"ENSG00000183621.15"
2.61576310223494e-12,0.277329910588367,"ENSG00000237135.1"
0.429243573668115,0,"ENSG00000272381.2"
0.0964319542797229,0,"ENSG00000237036.5"
0.0710148758157126,0.173671667935593,"ENSG00000148516.21"
4.39520692700657e-14,0.0401009122406028,"ENSG00000285781.1"
0,0,"ENSG00000223834.5"
0,0,"ENSG00000165322.18"
0,0,"ENSG00000170759.11"
0.169032196967324,0,"ENSG00000120616.16"
0.0957962975148479,1.58896362515889e-12,"ENSG00000229327.1"
0,0,"ENSG00000216937.13"
0.107161573856951,2.24716439094631e-11,"ENSG00000273038.2"
0,0,"ENSG00000150093.19"
2.95588507724423e-10,0.0760774473376812,"ENSG00000228816.1"
0.125956872113653,6.20378216342148e-14,"ENSG00000229656.7"
5.52861809413507e-13,0.0177876612370106,"ENSG00000099250.18"
0,0,"ENSG00000148498.16"
0,0.110905987041059,"ENSG00000215184.2"
0,0,"ENSG00000108094.14"
0,0,"ENSG00000095794.19"
0.00547353051247189,7.49912901236116e-11,"ENSG00000108100.18"
0.116283436813574,2.34711935684468e-11,"ENSG00000271335.6"
0.13109145971192,1.51690807429865e-14,"ENSG00000177283.7"
0.566857826267701,0,"ENSG00000229644.6"
0,0,"ENSG00000148513.18"
0,0,"ENSG00000198105.14"
8.15220993601434e-21,0.262603275056054,"ENSG00000225192.1"
0,0.115826043512811,"ENSG00000228828.1"
0,0,"ENSG00000175395.16"
7.89747970355385e-16,0,"ENSG00000189180.16"
0,0,"ENSG00000075407.18"
0,0,"ENSG00000283930.1"
0.317517372985077,5.98956197954647e-14,"ENSG00000272983.1"
0,0,"ENSG00000099251.14"
0,0,"ENSG00000276805.2"
0.214876437530115,0,"ENSG00000215146.5"
7.36355295381894e-21,0.0247762438903362,"ENSG00000185904.12"
0.196090669697296,0.0430519501280437,"ENSG00000234420.7"
0,0,"ENSG00000196693.15"
0.0658189543308366,8.89312124119972e-12,"ENSG00000165733.8"
0.133182165971067,0,"ENSG00000165731.20"
0.267127151554613,0.155084181777854,"ENSG00000273008.1"
0,0,"ENSG00000169826.8"
0,0,"ENSG00000198915.11"
0.016984387009643,1.31060223246596e-12,"ENSG00000169813.16"
0.111389296644958,5.42353027733521e-22,"ENSG00000230555.2"
0,0.0833283708747537,"ENSG00000243660.10"
0,0,"ENSG00000196793.13"
0,0,"ENSG00000198298.13"
0,0,"ENSG00000169740.14"
0,0,"ENSG00000230565.1"
0.117894809762842,0.311150642731789,"ENSG00000226808.3"
0,0,"ENSG00000226790.3"
0.413146821360261,2.41942739355291e-21,"ENSG00000233395.2"
0.0971648063660788,0,"ENSG00000229116.3"
0,0,"ENSG00000107562.16"
0.369653546910784,0.231926029909114,"ENSG00000224812.3"
0.0484485172231413,0.385293611825997,"ENSG00000187783.12"
0.229586300839323,0,"ENSG00000223462.2"
2.69272255072693e-09,0.0482026743162052,"ENSG00000273363.1"
0,0,"ENSG00000107551.21"
0,0,"ENSG00000165507.9"
0,0,"ENSG00000165511.6"
2.96628214626179e-18,0.0163240343644598,"ENSG00000165512.5"
8.83246479785265e-18,0.042805938780535,"ENSG00000012779.11"
0.0766012350602185,2.20384587361581e-21,"ENSG00000165406.16"
0.042457599044152,0.139883380955223,"ENSG00000172671.20"
0.932964816200438,0,"ENSG00000230869.1"
0,0,"ENSG00000237840.6"
0,0,"ENSG00000172661.18"
0,0,"ENSG00000188234.13"
0,0.0570586429064937,"ENSG00000239883.8"
0.104579191468749,7.3035715683705e-15,"ENSG00000265354.4"
0.041357903785247,4.65347132412051e-16,"ENSG00000266412.5"
0,0,"ENSG00000204176.14"
0,0,"ENSG00000231187.3"
0.472291364933203,0.0409629729482415,"ENSG00000204177.10"
0,0,"ENSG00000204179.10"
0.677104335939465,0.0338942342461006,"ENSG00000266524.3"
0.042941044077739,0.0741600497258432,"ENSG00000265763.4"
0.256735123422724,2.48685739738283e-10,"ENSG00000204172.12"
0.0338952665086032,5.11562943870583e-13,"ENSG00000107643.16"
0.189796662105381,2.04178871505226e-14,"ENSG00000279822.1"
0,0,"ENSG00000128805.14"
0,0,"ENSG00000248682.1"
0,0,"ENSG00000231906.1"
0.0226502447967301,0,"ENSG00000128815.19"
0.234216590566482,0,"ENSG00000165633.13"
0,0,"ENSG00000204161.14"
0.274404048196535,0.0864995501702279,"ENSG00000177354.12"
0,0,"ENSG00000225830.13"
0.0101312145239329,1.38587969722021e-14,"ENSG00000227345.8"
0,0,"ENSG00000204152.11"
0.109759187711131,0.21576916384579,"ENSG00000178440.7"
0.432678447879837,8.68200951544767e-14,"ENSG00000285803.1"
0.0185438202063907,2.82342386502424e-10,"ENSG00000099290.17"
0.390309807386775,2.50134037974187e-08,"ENSG00000225137.1"
0,0,"ENSG00000198964.14"
0.339996524287433,5.79034755430609e-20,"ENSG00000279863.1"
0.535702876661114,0.163300240222984,"ENSG00000226200.7"
0,0,"ENSG00000204147.10"
0,0,"ENSG00000185532.19"
0,0,"ENSG00000213659.4"
0,0,"ENSG00000177613.9"
0.120096328875431,4.63384247526575e-14,"ENSG00000236671.9"
8.03390981980931e-14,0.255971936895415,"ENSG00000107984.10"
0.221146424769405,1.16930179953933e-13,"ENSG00000122952.17"
0,0,"ENSG00000151151.6"
0.381734696054637,3.82144968160083e-11,"ENSG00000180221.6"
0,0,"ENSG00000122873.12"
0,0,"ENSG00000072401.15"
0,0,"ENSG00000108064.11"
0,0.0274755948807112,"ENSG00000122870.12"
0,0,"ENSG00000183055.5"
0.179501696258258,0.0286624565989751,"ENSG00000148541.13"
0.130739421831667,1.67752235656163e-13,"ENSG00000165449.11"
0,0,"ENSG00000108091.11"
0,0.156401343427619,"ENSG00000151150.22"
0.418832510258512,0,"ENSG00000170312.16"
0,0,"ENSG00000072422.17"
7.35963805908744e-14,0.000362523610199915,"ENSG00000196932.12"
0,0,"ENSG00000150347.16"
0.151641127894609,3.13312540620568e-09,"ENSG00000182010.11"
0,0,"ENSG00000138311.17"
0,0,"ENSG00000181915.5"
0,0,"ENSG00000122877.16"
0,0,"ENSG00000148572.16"
0,0,"ENSG00000171988.19"
7.62499273097885e-13,0.0354577569646959,"ENSG00000234369.1"
0,0.0377565869447044,"ENSG00000270421.1"
0.379649613199665,4.08505135626592e-11,"ENSG00000221063.3"
0,0.129168495075754,"ENSG00000272767.1"
0.388128673054229,0.0621051377833305,"ENSG00000165476.14"
0,0,"ENSG00000286373.1"
0,0,"ENSG00000228065.11"
0,0,"ENSG00000108176.15"
0.0166354024263251,6.95735082073394e-08,"ENSG00000096717.12"
0.319340904886646,1.07145814727644e-20,"ENSG00000148634.15"
0,0.154502951223084,"ENSG00000226318.1"
0.00991952560689749,1.55242980690169e-17,"ENSG00000266467.2"
0,0,"ENSG00000236375.3"
0,0,"ENSG00000138347.15"
0.0275649606482001,0.0815413535436591,"ENSG00000108187.16"
0,0,"ENSG00000096746.17"
0,0,"ENSG00000204130.13"
0,0,"ENSG00000138346.15"
0.0148758222398852,4.06921508156523e-13,"ENSG00000122912.15"
0.18812432953741,0,"ENSG00000138336.9"
0.344827776090523,4.53610155280387e-14,"ENSG00000213025.2"
0,0,"ENSG00000260400.1"
0,0,"ENSG00000060339.14"
1.50753028496955e-12,0.245542876159875,"ENSG00000165730.16"
0,0,"ENSG00000107625.13"
5.99943061920782e-17,2.74081222367988e-19,"ENSG00000165732.13"
1.56917537117345e-18,2.23160674711404e-16,"ENSG00000198954.8"
0,0,"ENSG00000122862.5"
0,0,"ENSG00000122958.15"
0,0,"ENSG00000156502.14"
0.158465157252517,1.61875928235195e-20,"ENSG00000156515.23"
0.208773483554769,0.258190976597837,"ENSG00000075073.15"
0,0,"ENSG00000099282.10"
0.00810270787005352,0,"ENSG00000197467.14"
0.0713180908572883,9.64344889829162e-13,"ENSG00000099284.14"
0,0,"ENSG00000042286.15"
0,0,"ENSG00000156521.14"
0,0,"ENSG00000079332.15"
0,0,"ENSG00000229097.1"
0.149775086593018,0,"ENSG00000180817.12"
0.18840419083929,0.0246043966659765,"ENSG00000172731.14"
0,0,"ENSG00000148730.7"
0.0170787957463975,1.38661743711567e-12,"ENSG00000156574.10"
0,0,"ENSG00000107719.9"
0,0,"ENSG00000138316.11"
0.215187438980844,3.89949349208327e-12,"ENSG00000166224.17"
0.170172193917837,0.0914334905185837,"ENSG00000166228.9"
0,0,"ENSG00000107731.12"
9.2007141698161e-20,0.0627642791063541,"ENSG00000198246.9"
0.158810714598286,0.183317235783111,"ENSG00000107736.21"
0,0,"ENSG00000107738.20"
0,0,"ENSG00000197746.14"
0,0,"ENSG00000122863.6"
0.177946395720228,5.81793678879073e-12,"ENSG00000107742.13"
0.0160259320927595,0,"ENSG00000138303.18"
0,0,"ENSG00000166295.9"
6.51688717915917e-20,0.198101294704162,"ENSG00000168209.5"
0,0,"ENSG00000148719.15"
0,0,"ENSG00000107745.19"
0,0,"ENSG00000156026.14"
0.192645980332635,0,"ENSG00000213700.3"
0.0353884706975332,5.89637340487354e-22,"ENSG00000122884.12"
2.05609093542963e-12,0.03201118131116,"ENSG00000237768.2"
1.39014646187487e-11,0.0516146646585266,"ENSG00000272630.1"
0,0.186131265963427,"ENSG00000166321.14"
4.613966341118e-22,0.0107240289642606,"ENSG00000272599.2"
0.537007901700206,6.42627221782066e-14,"ENSG00000122882.11"
0,0,"ENSG00000138286.15"
0.0754141919723484,2.88159562601159e-12,"ENSG00000213551.6"
0.328998592545357,8.08752843631016e-15,"ENSG00000236756.4"
0,0,"ENSG00000182180.14"
4.80259219343632e-15,0.499830554656612,"ENSG00000227540.1"
4.57978793422398e-11,0.0638490930256615,"ENSG00000156042.18"
0,0,"ENSG00000138279.16"
0,3.21039380378662e-16,"ENSG00000229659.1"
0.305092426862774,6.50935043439171e-13,"ENSG00000166343.10"
0,0,"ENSG00000107758.15"
0.207104240486918,0.0617485720915978,"ENSG00000221817.10"
0,0,"ENSG00000166348.18"
0,0,"ENSG00000272140.2"
0.0432206512482372,0.111252758421515,"ENSG00000242338.6"
0.232449652616818,0.19270716099551,"ENSG00000250959.2"
3.28719516413323e-11,0.0641909217360384,"ENSG00000235316.1"
8.18793655043438e-13,0.0356370730074421,"ENSG00000279088.1"
0,0,"ENSG00000176986.16"
0,0,"ENSG00000196968.11"
0.128352907058386,1.48803191590262e-13,"ENSG00000172586.8"
0,0,"ENSG00000214655.10"
0,0,"ENSG00000166507.18"
0,0.083310574048224,"ENSG00000148660.20"
0,0,"ENSG00000122861.16"
0.0667648347730882,0,"ENSG00000222047.8"
0,0,"ENSG00000035403.17"
3.59259920471673e-14,0.189624276395032,"ENSG00000225761.1"
0.011350942516295,1.53651432087764e-15,"ENSG00000185009.12"
0,0,"ENSG00000156110.14"
0.183733675633776,0,"ENSG00000232342.7"
0.18288281649335,0.0587695571480689,"ENSG00000214626.2"
0,0,"ENSG00000156650.14"
0,0,"ENSG00000156671.15"
0.216703228349305,5.42618264045407e-11,"ENSG00000165637.13"
0,0.0100625143362864,"ENSG00000165644.11"
0,0,"ENSG00000165655.17"
0,0,"ENSG00000237149.5"
0,0,"ENSG00000272692.2"
0.536095189974294,0.120551023461417,"ENSG00000148655.15"
0,0,"ENSG00000279814.1"
0.122749192061805,0.0949634557778567,"ENSG00000207583.1"
0.100570851090713,3.10646659775553e-13,"ENSG00000286715.1"
0.208233140129972,0.0635165778099555,"ENSG00000268659.2"
0,0,"ENSG00000228280.1"
0,0,"ENSG00000156113.23"
6.38457006420653e-12,0.042358248058778,"ENSG00000236467.8"
0,0,"ENSG00000225652.1"
1.38138641264684e-10,0.129315361096774,"ENSG00000213514.2"
0,0,"ENSG00000213513.3"
0,0,"ENSG00000228748.2"
0,0,"ENSG00000151208.17"
0,0.0512803387630372,"ENSG00000204049.1"
1.42374106722877e-16,0,"ENSG00000233871.2"
0,0,"ENSG00000148606.13"
0.176056332937749,0,"ENSG00000138326.20"
0,0,"ENSG00000230417.12"
0,0,"ENSG00000224596.8"
0,0.184491881196888,"ENSG00000108175.17"
0.243793507197265,1.35887708051932e-12,"ENSG00000108179.14"
0,0.143566607105046,"ENSG00000165424.7"
0,0,"ENSG00000235426.2"
0.765164555666291,0,"ENSG00000253626.3"
0,0,"ENSG00000225484.7"
0,0,"ENSG00000280355.1"
0,0,"ENSG00000278616.1"
0,0,"ENSG00000272447.1"
0.131526353578491,3.37593289872445e-07,"ENSG00000230091.6"
0,0,"ENSG00000133678.14"
0,0,"ENSG00000189129.14"
5.8314187282186e-12,0.0722841558362363,"ENSG00000122359.18"
0,0,"ENSG00000237523.2"
0.298241601779853,0.250115033126258,"ENSG00000122378.14"
0.425500217897305,0.359000660801716,"ENSG00000108219.15"
0,0,"ENSG00000178217.14"
0,0,"ENSG00000212769.5"
0,0,"ENSG00000271933.1"
0.0691560392165663,1.44897601375736e-09,"ENSG00000165678.21"
0.176491626979577,0.0449145979860746,"ENSG00000148600.15"
0.379754127073781,3.6316431097366e-13,"ENSG00000107771.17"
9.95572389937058e-25,0.0288228917675343,"ENSG00000225423.1"
0.314242267508571,6.4218082619046e-14,"ENSG00000182771.19"
0,0,"ENSG00000062650.19"
2.82426070038103e-15,0.104758398729893,"ENSG00000227896.2"
0.476072107058179,5.18362491472215e-12,"ENSG00000122367.19"
0.121106096247562,4.52533480828767e-11,"ENSG00000272631.1"
0.0271373855149365,0,"ENSG00000107779.13"
0,0.0652504067541249,"ENSG00000173269.14"
1.31411256282103e-19,0.063239300169274,"ENSG00000173267.14"
0.758898422247221,0.0354993657103551,"ENSG00000272734.1"
0,0,"ENSG00000148672.9"
0.26989154411876,2.27403493224799e-10,"ENSG00000122376.11"
0.0919124159082666,0,"ENSG00000237280.1"
0.0105152710877892,2.20228670409858e-10,"ENSG00000223482.8"
0.0840311607822564,9.89430443347276e-10,"ENSG00000285257.1"
0,0,"ENSG00000184923.12"
0.262030337675473,0.0661267883864445,"ENSG00000224914.4"
0.452815498598681,5.66415012144095e-17,"ENSG00000214562.14"
0,0,"ENSG00000107789.16"
0,0,"ENSG00000198682.13"
0,0,"ENSG00000138138.13"
0,0.0041658658079794,"ENSG00000223820.5"
5.13229213365502e-07,0.246708989957656,"ENSG00000227268.4"
0,0,"ENSG00000171862.11"
0.122033192260855,0,"ENSG00000224745.1"
0,0,"ENSG00000213613.2"
0.0163885181504392,2.73327660401666e-11,"ENSG00000184719.12"
0,0,"ENSG00000138134.12"
0,0,"ENSG00000180139.11"
0,0,"ENSG00000107796.13"
2.06007704080022e-12,0.033097278638392,"ENSG00000286116.1"
0,0,"ENSG00000026103.22"
0.0986401943013496,0.003196472449247,"ENSG00000138135.7"
0,0,"ENSG00000107798.18"
3.13250702275064e-15,0,"ENSG00000119922.10"
0.111611571738092,8.11128238375392e-17,"ENSG00000232110.8"
0,0,"ENSG00000119917.14"
0.0210182270637296,0.363426673247783,"ENSG00000204010.3"
0.0209211608998842,0.277582630214525,"ENSG00000185745.10"
0,0,"ENSG00000152778.9"
0.202280672343272,0.0739916005269798,"ENSG00000152782.16"
0,0,"ENSG00000138182.14"
0,0.010920295481004,"ENSG00000232229.6"
0,0.0396762150682644,"ENSG00000148680.16"
0.153098243022787,6.53823374919666e-22,"ENSG00000148688.13"
0.352056937596231,0.086959121866924,"ENSG00000148677.6"
0.0243030292195511,1.0359180247904e-21,"ENSG00000180628.15"
3.33804861099224e-10,0.124478139150777,"ENSG00000165338.16"
0,0,"ENSG00000119938.9"
0.0248703132036,6.21957703494949e-11,"ENSG00000107854.6"
1.8197741756255e-17,0.285361268365331,"ENSG00000174721.10"
0,0,"ENSG00000095564.14"
0,0,"ENSG00000107864.15"
0.0380519404887939,0,"ENSG00000198060.10"
0,0,"ENSG00000232709.1"
0,0,"ENSG00000119912.17"
0.33921264693626,0,"ENSG00000138160.6"
0,0,"ENSG00000152804.11"
0.24253706685153,0.109684197220837,"ENSG00000138190.17"
7.11202153314458e-20,5.34827785678284e-16,"ENSG00000138119.17"
0.129453236668101,2.0261716072708e-14,"ENSG00000138180.16"
0.126302738552127,0,"ENSG00000186188.10"
0.69346806264928,0.10877564360677,"ENSG00000138207.14"
0,0,"ENSG00000148690.12"
0.149992035534591,0,"ENSG00000176273.15"
0,0.0216943536707792,"ENSG00000180764.13"
0,0,"ENSG00000138193.15"
0,0,"ENSG00000232913.8"
5.02636920234253e-14,0.0501968591774152,"ENSG00000268894.7"
0,0,"ENSG00000173145.11"
0,0,"ENSG00000108239.9"
0.396239272703496,8.52652188448743e-13,"ENSG00000119969.15"
0,0,"ENSG00000231829.3"
0,0,"ENSG00000173124.14"
0,0,"ENSG00000107438.9"
0.055336923542461,0.0719960029761446,"ENSG00000095637.22"
0,0,"ENSG00000059573.9"
0,0,"ENSG00000119977.21"
0.116537586617832,0.0556762759575723,"ENSG00000138185.20"
0.249018569285131,0.0875936074581079,"ENSG00000226688.7"
0,0,"ENSG00000188649.14"
0.113407465469903,0,"ENSG00000107443.16"
6.90882853744211e-16,0,"ENSG00000287009.1"
0,0,"ENSG00000177853.14"
0,0.244202072146613,"ENSG00000095585.16"
0,0,"ENSG00000095587.9"
0,0,"ENSG00000077147.16"
0.158857418250532,0.0362500802340705,"ENSG00000235677.1"
4.68971439539586e-21,0.0149549180258303,"ENSG00000155629.15"
0.452553951521362,0.0236268805046665,"ENSG00000236552.2"
0.0972087150626109,1.29528668488888e-09,"ENSG00000196233.13"
0,0,"ENSG00000187122.17"
0,0,"ENSG00000213390.11"
0.254470050635073,0.0812027792357356,"ENSG00000165879.9"
0,0.406950554150385,"ENSG00000181274.7"
0,0,"ENSG00000052749.13"
0.318970386017997,4.10188700061986e-12,"ENSG00000171314.9"
0.000820837751347386,0.339542684196816,"ENSG00000171311.13"
0.701963630225927,0.109384968462123,"ENSG00000171307.19"
0,0,"ENSG00000155229.21"
0.0677013189078044,0,"ENSG00000165886.5"
0.152098407984991,0.202670342252979,"ENSG00000241935.9"
0,0,"ENSG00000171160.18"
0.232400557858481,3.05347518201542e-13,"ENSG00000155252.13"
0,0,"ENSG00000119986.7"
0.0822238740198479,1.79206914915255e-12,"ENSG00000155254.13"
0,0,"ENSG00000155256.17"
0.0370403394363091,0.314899933529631,"ENSG00000120057.5"
0,0,"ENSG00000155265.11"
6.95084628250836e-12,0.245828727874753,"ENSG00000095713.14"
0,0,"ENSG00000166024.13"
0,0,"ENSG00000138131.4"
0,0.215492021529464,"ENSG00000230928.1"
0,0.100424790569066,"ENSG00000119943.13"
0.0548994698620564,0.0120051717714594,"ENSG00000107521.19"
0.231819821256004,0.0688883528460734,"ENSG00000287261.1"
0.101746819423092,0,"ENSG00000120053.12"
0.232902185559745,8.84184676600516e-15,"ENSG00000224934.5"
0,0,"ENSG00000155287.11"
0.299614692606524,0,"ENSG00000260475.1"
0,0,"ENSG00000198018.7"
0,0.0451505140972995,"ENSG00000233690.1"
1.10788797040445e-13,0.0277564530067256,"ENSG00000119929.13"
0,0,"ENSG00000014919.12"
8.23786355542956e-11,0.0993483842269106,"ENSG00000023839.12"
1.42007824536418e-19,0.0507277758214232,"ENSG00000107554.17"
0,0,"ENSG00000227695.6"
0,0,"ENSG00000107566.14"
0,0,"ENSG00000213341.11"
5.74846291124397e-10,0.0396474666365871,"ENSG00000095485.18"
0.0344865484005602,7.51249995324074e-11,"ENSG00000212464.1"
0,0,"ENSG00000196072.12"
0.278070275680619,0.0415396860912474,"ENSG00000099194.6"
0,0,"ENSG00000235823.3"
0,0.208148761612058,"ENSG00000075826.17"
0,0,"ENSG00000166136.16"
0.173685001459607,0,"ENSG00000166135.14"
1.88860316633236e-14,0.0212452454915794,"ENSG00000119906.13"
0.072734620610405,0,"ENSG00000055950.16"
0,0,"ENSG00000095539.15"
0.231048367985596,1.43524284574203e-11,"ENSG00000107815.10"
0.190833887856272,1.90379295719995e-19,"ENSG00000107816.17"
0,0,"ENSG00000186862.20"
0.00465705688091127,0,"ENSG00000107819.13"
0.267385608461313,8.0071443419566e-11,"ENSG00000107821.14"
0,0,"ENSG00000166167.18"
0.158440462988112,0,"ENSG00000166171.13"
9.13395990836324e-22,0.0255755650991267,"ENSG00000166169.17"
0,0,"ENSG00000107829.15"
0.169056220609992,0.017758382449387,"ENSG00000107833.10"
0.0976998240007649,0.0894687993388582,"ENSG00000198408.14"
0,0.1948418206166,"ENSG00000226009.2"
1.54030739031532e-10,0.17654571802786,"ENSG00000120049.19"
0,0,"ENSG00000120029.13"
0,0,"ENSG00000166189.7"
0,0.0649345775286179,"ENSG00000198728.10"
0,0,"ENSG00000148840.11"
0,0,"ENSG00000166197.16"
0,0,"ENSG00000119915.5"
0,0,"ENSG00000107862.4"
0.55189299969089,4.2790473967849e-12,"ENSG00000077150.20"
0.370567011829572,0,"ENSG00000059915.17"
0,0,"ENSG00000107872.12"
0.571558882092665,1.12264411804769e-24,"ENSG00000107874.11"
0.615101211524928,4.25227573222763e-12,"ENSG00000269609.6"
0,0,"ENSG00000138111.14"
0.206723712053763,5.64309417975287e-22,"ENSG00000138107.13"
0,0,"ENSG00000107882.11"
0.235860064944922,1.1239112885956e-13,"ENSG00000171206.14"
0.00794293906922212,0,"ENSG00000138175.9"
0,0,"ENSG00000156398.13"
1.09769019789838e-19,0.0520249648689721,"ENSG00000166272.18"
0.197858589000731,3.17251496956174e-12,"ENSG00000166275.16"
0.259384869789547,0.174482730272902,"ENSG00000148842.18"
0,0,"ENSG00000076685.18"
0,0,"ENSG00000237827.1"
0.186974394293542,0.280598506242219,"ENSG00000213277.3"
0,0,"ENSG00000148798.11"
0,0,"ENSG00000156374.16"
0,0,"ENSG00000148835.11"
0.12216108384209,2.56564460334679e-12,"ENSG00000173915.16"
0.167206624343345,8.6608091646612e-12,"ENSG00000148843.15"
0,0,"ENSG00000138172.11"
0,0,"ENSG00000107954.10"
0.218529123499131,3.32522113476612e-15,"ENSG00000107957.16"
0.122599332470814,2.38480686335003e-23,"ENSG00000273108.1"
1.77622354141959e-12,0.0138084224329213,"ENSG00000107960.11"
0.10748249348433,0.130747650881637,"ENSG00000065613.15"
0.438628715371874,1.3740478343105e-13,"ENSG00000065618.21"
0.0684881434156558,7.59976944704867e-12,"ENSG00000156384.14"
0,0.0337755534299932,"ENSG00000197748.12"
0.0283966436925078,1.34386850106955e-22,"ENSG00000148834.13"
0.0998781180007761,0.10790667926821,"ENSG00000065621.15"
0,0,"ENSG00000148841.17"
0.262664836250612,3.94260147621402e-12,"ENSG00000228261.1"
0,0,"ENSG00000120051.15"
0.0182277042743576,0,"ENSG00000108039.18"
0,0.227271737478176,"ENSG00000203876.10"
5.38495294448423e-18,0.0258288346473255,"ENSG00000148700.15"
0,0,"ENSG00000119950.21"
0.0993385130225699,0,"ENSG00000119953.13"
0,0,"ENSG00000138166.6"
0,0,"ENSG00000108055.9"
0.127410841960234,0,"ENSG00000203867.8"
0,0.239813141490571,"ENSG00000203497.2"
0,0,"ENSG00000150593.18"
0.334440820451094,0,"ENSG00000214413.8"
0,0,"ENSG00000270589.1"
0,0,"ENSG00000108061.11"
0.254127620699155,0.562213240181663,"ENSG00000234118.1"
0.127801162958232,0,"ENSG00000150594.7"
0.231083858790468,0.113944329443298,"ENSG00000119927.14"
0.098206425423491,0.146183961048436,"ENSG00000197142.10"
1.61461953508002e-16,0.117267383859279,"ENSG00000232934.8"
0,0,"ENSG00000023041.11"
0.0737751617048256,1.30100202775403e-10,"ENSG00000151532.13"
0,0.138280027740006,"ENSG00000233340.1"
0,0,"ENSG00000260917.1"
0,0,"ENSG00000279315.1"
4.49376723208578e-19,0.137609489834692,"ENSG00000148737.17"
0,0.122076227948684,"ENSG00000227560.1"
0.559481127899593,0.159218800189913,"ENSG00000286289.1"
0,0,"ENSG00000165806.20"
0.0267515551614949,0.418460735200013,"ENSG00000148735.15"
0,0,"ENSG00000198924.8"
0,0,"ENSG00000196865.4"
0,0.0624667884238028,"ENSG00000287857.1"
0.114777409667388,2.90226053653932e-10,"ENSG00000165813.20"
0,0,"ENSG00000169129.15"
0.0282738470970437,0.0803646107998224,"ENSG00000099204.20"
0.507160551226978,6.45228797701514e-10,"ENSG00000228484.3"
0,0,"ENSG00000151553.15"
3.71363078734441e-13,0.0581404896094257,"ENSG00000165832.6"
0,0,"ENSG00000151892.14"
0.123756567020985,8.59845203570807e-16,"ENSG00000203837.5"
0.178920279219247,0.150623611075109,"ENSG00000165868.14"
0.0852814171071028,1.83290209710217e-11,"ENSG00000187164.20"
0.0485208094464618,4.01165381575062e-11,"ENSG00000277879.1"
0,0,"ENSG00000165650.12"
0.0489616806319875,0.249808369416578,"ENSG00000229847.9"
0.0396035492102534,0.275601074853747,"ENSG00000170370.12"
0,0,"ENSG00000107560.12"
0,0,"ENSG00000231104.8"
0.132299726601579,0.352027392812441,"ENSG00000177640.16"
0,0,"ENSG00000165669.14"
0.15259892433385,2.7741380632928e-11,"ENSG00000151893.15"
0.180404425104517,0.158045369366334,"ENSG00000277687.1"
0,0,"ENSG00000188613.7"
0.219069844373427,0.148011220196741,"ENSG00000107581.13"
0.181280229492436,4.19887674944416e-12,"ENSG00000119979.18"
0,0,"ENSG00000183605.17"
0.0160670330038717,1.43661352443457e-12,"ENSG00000165672.7"
1.03229356882434e-18,0.0827778966496774,"ENSG00000198873.12"
2.88431356153122e-14,0.247311366022164,"ENSG00000242853.3"
0,0,"ENSG00000236426.5"
0.0651458443067534,1.88334484708956e-11,"ENSG00000148908.15"
3.94925328840119e-10,0.0465528391657815,"ENSG00000151923.17"
0.0877452725607911,7.20674134670648e-17,"ENSG00000151929.9"
0,0,"ENSG00000198825.15"
0.396399755635741,3.12043372070694e-20,"ENSG00000197771.12"
0.0462525616470163,3.05017351552275e-09,"ENSG00000107651.13"
0,0,"ENSG00000203805.10"
0.181521350186891,0.0972685476574808,"ENSG00000274461.2"
0,0,"ENSG00000120008.16"
0.07402696485638,0,"ENSG00000271670.1"
0,0,"ENSG00000066468.22"
0.279000886869721,0.00495675731967798,"ENSG00000107669.17"
0,0,"ENSG00000226864.2"
0.136071319792092,1.62740356873971e-13,"ENSG00000107672.15"
0.0130642418646001,0,"ENSG00000273891.1"
0.463109889835123,0.261154910859719,"ENSG00000138162.19"
7.23152334799113e-15,0.00203528327946921,"ENSG00000285973.2"
0,0.158313279587699,"ENSG00000107679.14"
0,0,"ENSG00000166033.13"
5.37593565537655e-05,0.0304428674492277,"ENSG00000119965.13"
0.0968090134918917,1.3501695643544e-10,"ENSG00000179988.14"
0,0,"ENSG00000095574.11"
0,0.0840439864537664,"ENSG00000196177.12"
0,0,"ENSG00000154473.18"
0.127572865286978,2.44017182322093e-11,"ENSG00000121898.13"
0.278704247039273,0,"ENSG00000232334.1"
0.2670292109384,0.0184142505402023,"ENSG00000182022.18"
0.0245730799995227,1.98015714140488e-12,"ENSG00000065154.11"
0,0,"ENSG00000107902.14"
3.72892731997597e-16,4.64659798799089e-19,"ENSG00000189319.14"
3.42616343506519e-17,0.116158200121382,"ENSG00000233334.3"
0,7.83840010662269e-15,"ENSG00000203791.15"
0,0,"ENSG00000165660.8"
0,0,"ENSG00000249456.1"
0,0,"ENSG00000019995.6"
0.0284440744186637,3.42194792125172e-13,"ENSG00000226899.1"
0,0,"ENSG00000175029.17"
0,0,"ENSG00000273599.1"
0,6.24071244855578e-16,"ENSG00000228021.7"
0,0,"ENSG00000224023.10"
0,0,"ENSG00000107938.18"
0.0747005446505371,1.22096190809517e-10,"ENSG00000236991.6"
0,0,"ENSG00000154485.5"
0.343000911736635,2.27365033129731e-20,"ENSG00000188690.15"
0.192842858325709,2.6023341107155e-19,"ENSG00000107949.17"
0,0,"ENSG00000089876.12"
0,0,"ENSG00000203780.10"
0.595639913286724,3.08852793839647e-14,"ENSG00000148848.14"
0.398279114256829,0,"ENSG00000213170.3"
0.076564184402265,0,"ENSG00000235180.1"
0.736099705621122,0,"ENSG00000154493.19"
0,0,"ENSG00000150760.12"
0.0395981817537921,4.39547925206084e-12,"ENSG00000223528.7"
0,0.12916252490166,"ENSG00000188916.9"
0.0520350202418243,0.31317300341604,"ENSG00000132334.16"
0,0.051701263891258,"ENSG00000287427.1"
0.441040255328633,2.69392561076631e-12,"ENSG00000148773.14"
0.00122664752822225,0,"ENSG00000170430.10"
0.615338509060794,0.0285166093954974,"ENSG00000287466.1"
0,0,"ENSG00000108001.13"
0.232644642484522,0.389143431056107,"ENSG00000275005.1"
2.72062836312106e-13,0.176470029808637,"ENSG00000287997.1"
0,0,"ENSG00000237489.5"
0.0453468915489716,0.471825053990845,"ENSG00000233122.2"
3.86016648657606e-12,0.0426373701651913,"ENSG00000108010.12"
0,0,"ENSG00000175470.20"
0.486665299163938,4.24355557158418e-12,"ENSG00000176171.11"
0.0120046712187088,0,"ENSG00000277959.1"
0.139508560462487,9.28623599868722e-13,"ENSG00000273521.1"
2.39369131067609e-19,0.243670244861059,"ENSG00000279982.1"
0.524677818639363,0,"ENSG00000188385.12"
0.339154181108361,0.0885136624881471,"ENSG00000151640.13"
0,0,"ENSG00000165752.17"
0,0,"ENSG00000148814.18"
0,0,"ENSG00000171813.14"
0.667693648753294,2.63712171131677e-22,"ENSG00000068383.19"
0.0707797577525115,0,"ENSG00000171811.14"
0,0,"ENSG00000151650.8"
0,0,"ENSG00000151651.16"
9.13722156996097e-21,0.00262804099452178,"ENSG00000130640.13"
0.282349590955562,0.0586244491525769,"ENSG00000235245.1"
0.174117227076987,0,"ENSG00000198546.15"
0,0,"ENSG00000148803.12"
0.518129543540338,0.055959238077469,"ENSG00000127884.5"
0,0,"ENSG00000254536.2"
0,0,"ENSG00000148824.19"
0.389272825756503,0,"ENSG00000203772.7"
0,0,"ENSG00000273327.1"
0.381424121384114,0.249079679826201,"ENSG00000214279.13"
0.118860297657207,0,"ENSG00000130649.10"
0.434227927836554,7.98201502648889e-13,"ENSG00000177951.17"
0,0,"ENSG00000177947.13"
0,0,"ENSG00000177963.14"
0.135225234073855,0.19242927438171,"ENSG00000142082.15"
0.535149610078445,1.81015363199969e-10,"ENSG00000185627.18"
2.33053673244035e-15,0.369109750824091,"ENSG00000255026.1"
0,0,"ENSG00000142102.16"
0,0,"ENSG00000206013.2"
0,0,"ENSG00000185201.16"
0,0,"ENSG00000185885.16"
0,0.153662277968161,"ENSG00000251661.3"
0,0,"ENSG00000142089.16"
0,0,"ENSG00000184363.10"
0.100900156375979,1.49305391324336e-12,"ENSG00000185187.13"
0,0,"ENSG00000185101.13"
0,0,"ENSG00000174915.12"
0.0584883139301979,0,"ENSG00000023191.17"
8.62743426803811e-17,0,"ENSG00000288033.1"
0,0.0203706613080994,"ENSG00000254739.1"
0.627382492097333,3.76351731721195e-12,"ENSG00000174775.17"
0.188559819782768,2.76031820783389e-21,"ENSG00000161328.11"
0.13338063479594,0.645837701427118,"ENSG00000185522.9"
0.0979218249529371,0.111301310634317,"ENSG00000099849.15"
0.503265673640595,0.294447711612982,"ENSG00000247095.3"
0,0,"ENSG00000070047.12"
0.201656808986672,1.8662795059314e-17,"ENSG00000185507.21"
0.159972234442135,4.82067710958476e-08,"ENSG00000099834.18"
0,0.102330677418093,"ENSG00000069696.7"
0,0,"ENSG00000177030.16"
0,0,"ENSG00000255158.1"
0,0,"ENSG00000177106.16"
0.00532358539632753,0,"ENSG00000177042.14"
0.233491491404835,2.31166591642068e-12,"ENSG00000177156.11"
0,0,"ENSG00000177225.17"
0.305538929125183,0,"ENSG00000255284.2"
0,0,"ENSG00000279672.1"
0.132061312002006,0.233154240470629,"ENSG00000255142.1"
0.0524900914654233,0.642452986173489,"ENSG00000184524.6"
0.494330973699236,0,"ENSG00000177542.11"
0.291688354231965,0,"ENSG00000177595.18"
0.256318378893765,2.58043589211689e-11,"ENSG00000177600.9"
1.89928514123587e-09,0.200084413937759,"ENSG00000177666.17"
0,0,"ENSG00000177685.17"
0,0,"ENSG00000177697.19"
0.283404363898028,3.95937018875565e-13,"ENSG00000177700.6"
0.651222765461579,0,"ENSG00000214063.11"
0.397837601735104,0,"ENSG00000250397.2"
0,0,"ENSG00000177830.18"
0.439603852820244,0.0695062519695565,"ENSG00000183020.13"
0.317914682016762,1.01899742554577e-14,"ENSG00000184956.16"
0,0,"ENSG00000254872.3"
0.295892465297654,0.0421990571888289,"ENSG00000215182.8"
0,0,"ENSG00000117983.17"
0,1.4756904815135e-15,"ENSG00000078902.16"
0,0.243596602925531,"ENSG00000255153.1"
0.0433115737444917,3.78172061408187e-14,"ENSG00000174672.16"
0.733316648943611,6.25715925220697e-13,"ENSG00000285581.1"
0.230606092558505,9.17696826715544e-22,"ENSG00000182208.14"
0.162878063165719,0,"ENSG00000184545.11"
0,0,"ENSG00000233930.4"
0,0,"ENSG00000244242.2"
0,0,"ENSG00000250644.3"
0,6.62458429801167e-15,"ENSG00000117984.14"
0.587989480221396,1.17626558123123e-13,"ENSG00000235027.1"
0.258631243215296,0.00413228824666305,"ENSG00000229512.1"
0.917082756007623,2.87708866827456e-16,"ENSG00000130598.16"
0.496204104624093,0.142678381303989,"ENSG00000130592.15"
0.66957754046752,0.0847314777550612,"ENSG00000283787.1"
0.43696079213947,0.15821854085059,"ENSG00000130595.19"
0.305429625252491,2.77416526494681e-14,"ENSG00000214026.11"
0.0575975002481172,3.74208001236946e-12,"ENSG00000130600.19"
0,0,"ENSG00000167244.21"
0,0,"ENSG00000099869.8"
0.314490649496239,0.0438067129148494,"ENSG00000183734.4"
0,0,"ENSG00000110665.11"
0,0,"ENSG00000064201.15"
0.126558979586742,0,"ENSG00000238184.1"
0,0,"ENSG00000110651.11"
0,0,"ENSG00000184281.15"
0.242581907403724,1.23153333215242e-07,"ENSG00000070985.13"
0,0,"ENSG00000053918.17"
0,0,"ENSG00000269821.1"
0.00724292117405423,0.096947849551214,"ENSG00000129757.13"
0,0,"ENSG00000254827.6"
0.523133443884673,0.0312548655611095,"ENSG00000110628.15"
0.485639002869778,0.0733667011814838,"ENSG00000181649.8"
0.0893756014684228,3.4097163735273e-11,"ENSG00000205531.13"
0.167306469297424,1.61736767811814e-11,"ENSG00000207008.1"
0,0,"ENSG00000183562.3"
0,0,"ENSG00000110619.17"
0,0.137714320337284,"ENSG00000021762.20"
0.741882122823387,0.0859065428879546,"ENSG00000184350.11"
0,0,"ENSG00000005801.18"
0.153416041047721,0.347074473298792,"ENSG00000223756.6"
0,0,"ENSG00000129749.3"
0,0,"ENSG00000110713.17"
0,0,"ENSG00000148985.20"
0.34213565218797,1.57962405668285e-21,"ENSG00000177105.10"
0,0,"ENSG00000167323.11"
0,0.00638849542654564,"ENSG00000255141.1"
0.272799404134463,8.99109136366418e-16,"ENSG00000167325.15"
0,0,"ENSG00000231548.2"
0.118253804874065,0,"ENSG00000132109.10"
0,0,"ENSG00000167333.13"
0,0,"ENSG00000244734.4"
0.151335184823916,1.8187386729437e-09,"ENSG00000239920.2"
0.5160979082848,4.77161876677878e-22,"ENSG00000187747.2"
0,0,"ENSG00000121236.21"
0.138352055069114,0.384445492234483,"ENSG00000132256.19"
0,0.0109774671642555,"ENSG00000132274.16"
0,0,"ENSG00000051009.10"
0,0,"ENSG00000170955.10"
0,0,"ENSG00000166311.10"
0,0,"ENSG00000166313.19"
0,0,"ENSG00000110171.20"
0.0934340986954138,0,"ENSG00000132254.12"
0,0,"ENSG00000132286.12"
0.0156511563880225,0.176416961221817,"ENSG00000254595.1"
4.27281966195165e-22,0.0751425275328818,"ENSG00000179532.12"
0,0,"ENSG00000132275.11"
0,0,"ENSG00000166333.13"
0.372601458688761,0.224640006600019,"ENSG00000166337.10"
7.00223433077192e-16,4.54420505357712e-18,"ENSG00000166340.17"
0.201367513645541,0.236180745599641,"ENSG00000166341.8"
0.514488366892691,0.0132543429962228,"ENSG00000158042.9"
4.65666264138147e-13,0.0075034474511116,"ENSG00000254838.5"
0.176770600107101,0.273196406939414,"ENSG00000279486.5"
0,0,"ENSG00000149054.16"
0,0,"ENSG00000149050.10"
0.366581424326999,1.24009002788399e-19,"ENSG00000251364.7"
0,0,"ENSG00000183801.8"
0,0,"ENSG00000166387.13"
0.00062553135966402,0,"ENSG00000166394.15"
0,0,"ENSG00000182261.4"
0.153899485877616,0,"ENSG00000175390.14"
1.68519175249914e-14,0.00819200830044026,"ENSG00000166402.8"
0.000714381680836542,4.22498342901459e-14,"ENSG00000166405.15"
0,0,"ENSG00000166436.16"
0.182451053786588,3.02007795983418e-12,"ENSG00000166441.13"
0.313355460964773,4.68073000718145e-12,"ENSG00000212607.1"
7.59824691239089e-21,0.402423907170342,"ENSG00000166444.19"
1.24799812741135e-12,0.135609295663192,"ENSG00000255159.1"
0.292192814175724,0.0982782628492236,"ENSG00000166452.12"
0,0,"ENSG00000175348.11"
0.275119048306755,0,"ENSG00000254860.6"
0,0,"ENSG00000175352.11"
0.0425420569991405,0.26297661815489,"ENSG00000175356.13"
0.138644084251565,2.79630515189125e-12,"ENSG00000184014.8"
0.0628421295050687,1.44523906381979e-10,"ENSG00000255097.1"
0.00117583096638111,0,"ENSG00000166471.11"
0.101500143663336,1.26651962311986e-15,"ENSG00000205339.10"
0.485478716184447,0.100045906255799,"ENSG00000201998.1"
0,0.278656441536757,"ENSG00000268403.2"
0,0,"ENSG00000166478.10"
3.44710497101912e-22,0.0736984352244293,"ENSG00000166483.11"
0.415715612073716,0.325731111851141,"ENSG00000133789.15"
0,0.03696347618726,"ENSG00000245522.2"
0.0704731137246496,4.95251372501277e-13,"ENSG00000246273.8"
4.62257688181885e-09,0.0195531568346107,"ENSG00000133812.15"
0,0,"ENSG00000286561.1"
0,0.0139535188186078,"ENSG00000254865.1"
1.26581412347315e-11,0.271127874421587,"ENSG00000254554.1"
0,0,"ENSG00000148926.10"
0,0,"ENSG00000133805.15"
0.712333844709402,8.88949075177418e-10,"ENSG00000255823.5"
0,0,"ENSG00000110315.7"
0.110559304773444,0.131398675616289,"ENSG00000133800.9"
0.389073008234053,0.240900970443804,"ENSG00000072952.18"
0,0,"ENSG00000198730.9"
0.0352922915898164,9.89108958940613e-12,"ENSG00000110321.17"
0,0,"ENSG00000246308.2"
0,0,"ENSG00000236287.8"
0,0.0693373243222624,"ENSG00000247271.7"
0,0.375731192529873,"ENSG00000110328.6"
0,0,"ENSG00000170242.18"
0,0,"ENSG00000050165.18"
1.49547421418988e-17,0.119166439765238,"ENSG00000133816.15"
0.00263591969087893,3.51463147408299e-10,"ENSG00000197702.14"
0,0,"ENSG00000187079.17"
0.200387308229861,0.0415974467419083,"ENSG00000254688.1"
0.0810569455468403,0,"ENSG00000251381.8"
3.79069279873116e-13,0.0386604914061292,"ENSG00000133794.17"
0,0,"ENSG00000148925.10"
0,0,"ENSG00000197601.13"
0,0,"ENSG00000254791.1"
0.520251873939328,0.205941177438971,"ENSG00000240454.1"
0,0,"ENSG00000262655.4"
0.328634238297787,2.84464420929345e-15,"ENSG00000133818.14"
0,0,"ENSG00000129083.12"
0,0,"ENSG00000129084.17"
0.198371359594674,0.234834737774041,"ENSG00000152270.9"
0,0.0478801093730159,"ENSG00000255040.1"
0.304594053993015,0.0993194165189908,"ENSG00000186104.10"
0,0,"ENSG00000175868.14"
0,0,"ENSG00000188487.11"
0.514678702871419,0,"ENSG00000110693.18"
0.161207663006439,1.01989966571593e-19,"ENSG00000110696.10"
0.301904885072665,1.15490323595006e-09,"ENSG00000166689.16"
0.229804380510194,1.78920125181818e-20,"ENSG00000110700.7"
0.352969222458975,4.72132160060913e-12,"ENSG00000272034.1"
0,0,"ENSG00000011405.13"
0,0,"ENSG00000240808.1"
0,0,"ENSG00000070081.17"
0.513737051862536,0.132312058428916,"ENSG00000188211.9"
0.316251020470591,0.211014815591616,"ENSG00000260196.1"
0,0,"ENSG00000006071.14"
0,0,"ENSG00000129159.7"
0,0,"ENSG00000129158.11"
0.138477530601287,0,"ENSG00000166788.10"
0.147834365973498,5.40157400258479e-21,"ENSG00000134339.8"
0.226509942257394,0.196028544350405,"ENSG00000212789.4"
0,0,"ENSG00000173432.12"
0,0.000731324425682993,"ENSG00000110756.17"
0.414577780886806,0.126335768524198,"ENSG00000110768.12"
0.182585061238666,1.27092617487869e-22,"ENSG00000134333.14"
7.62859271795149e-17,0,"ENSG00000256006.1"
0,0,"ENSG00000166800.10"
0.07500352197462,0,"ENSG00000074319.13"
1.28657138665806e-11,0.0665423684688509,"ENSG00000256464.1"
0.420323422534441,0.0926900686519772,"ENSG00000151116.17"
4.82406809450914e-10,0.320090206270904,"ENSG00000247595.4"
0,0.0110871009632559,"ENSG00000256282.1"
0,0,"ENSG00000179119.15"
0,0.102618163295512,"ENSG00000151117.9"
0,0,"ENSG00000177054.14"
0.686322992679752,0,"ENSG00000129173.13"
0.0448415124459819,0.135330801245833,"ENSG00000166833.21"
0,0.126362781598133,"ENSG00000255270.1"
3.69450673249954e-15,0.261380354407019,"ENSG00000255043.1"
0,0.0560456854386724,"ENSG00000254622.1"
0,0.403578853340045,"ENSG00000270607.1"
0.0468592770737126,2.61150768508683e-18,"ENSG00000109854.13"
0,3.4908553204759e-15,"ENSG00000185238.13"
0.219212985573244,0,"ENSG00000201059.1"
0.0608002190909689,0,"ENSG00000171714.11"
0,0,"ENSG00000183161.5"
0,0,"ENSG00000148935.11"
0.171022185094348,0.0153248647135128,"ENSG00000198168.9"
0,0.00428554158719899,"ENSG00000134343.14"
0.305678960157913,0.155384267842168,"ENSG00000176971.4"
0,0,"ENSG00000129151.9"
0,0,"ENSG00000109881.17"
0.285063065374117,0,"ENSG00000205213.14"
0.0414210925346844,3.90155067405461e-11,"ENSG00000254862.5"
0,0,"ENSG00000148943.12"
0.107367129641746,1.08815732815477e-12,"ENSG00000245573.9"
0,0,"ENSG00000176697.19"
0.351501907258398,2.36234017563133e-11,"ENSG00000224411.3"
0.112918666931027,0,"ENSG00000121621.7"
0,0,"ENSG00000169519.21"
0.301104048917741,0,"ENSG00000182255.7"
0,0,"ENSG00000152219.5"
0,0.176383629836287,"ENSG00000066382.16"
0,0,"ENSG00000287373.1"
0,0,"ENSG00000170959.14"
0.0307562509522479,6.63454138526689e-12,"ENSG00000170946.15"
0,0.100434058679799,"ENSG00000148950.11"
0,0,"ENSG00000109911.19"
0,0.00556472051228242,"ENSG00000228061.7"
0,0,"ENSG00000049449.9"
0.0949034331002887,1.31522261781752e-10,"ENSG00000149100.13"
0.0745087633473474,1.68444420721356e-10,"ENSG00000135378.4"
0,0,"ENSG00000060749.15"
0,0,"ENSG00000121690.11"
1.06562623195867e-11,0.196777160374142,"ENSG00000176148.16"
0,0,"ENSG00000213713.3"
0.0259714841241417,0,"ENSG00000280798.1"
0.0352858235162946,1.72162852175879e-09,"ENSG00000176102.13"
1.67409335073927e-21,0.126517046537066,"ENSG00000110422.12"
0.375708851350106,0.246641520292395,"ENSG00000110427.16"
0.12776719604985,0.175981400673045,"ENSG00000255202.1"
0.363901276125005,1.50065406029902e-10,"ENSG00000205177.6"
0,0,"ENSG00000085063.16"
0,0,"ENSG00000110429.14"
0,0.0147684755964139,"ENSG00000135363.12"
0,0,"ENSG00000135387.21"
0,0,"ENSG00000135372.9"
0.245744615223633,1.15529977378879e-11,"ENSG00000166016.6"
0,0,"ENSG00000121691.7"
0.394689374025825,0.109911158132331,"ENSG00000135373.12"
0.161017506727386,5.39277748172992e-11,"ENSG00000149089.13"
0.131538592056241,2.85321793278532e-11,"ENSG00000110435.12"
1.83216599795154e-20,0.15158094857323,"ENSG00000255521.2"
0,0,"ENSG00000026508.18"
1.3642252512606e-12,0.0843535958713738,"ENSG00000255443.1"
0.381704388771025,0.11104587330424,"ENSG00000251194.2"
0,0.149267359586385,"ENSG00000110436.13"
0,0.0779927337094364,"ENSG00000149090.11"
0.0670459242539682,0.113554198065309,"ENSG00000179431.7"
0.120511954310095,1.14760866570615e-12,"ENSG00000166326.7"
0,0,"ENSG00000179241.13"
0.0965962064356566,1.08046327964041e-08,"ENSG00000254672.1"
0,0,"ENSG00000280321.1"
0.0862931799885145,2.09073150358514e-20,"ENSG00000110442.12"
0,0,"ENSG00000135362.14"
0.541766039354737,0.111792838583937,"ENSG00000175104.15"
0.336558101234594,0,"ENSG00000166349.9"
0.080739400372235,1.28444888007292e-20,"ENSG00000166352.16"
0.66790709762639,5.39517059861212e-13,"ENSG00000285751.1"
0,0,"ENSG00000148948.8"
0,0,"ENSG00000166181.13"
0.178227197426147,8.9562588123711e-20,"ENSG00000254907.1"
0,0,"ENSG00000052841.15"
0,0,"ENSG00000254463.1"
0.216075291933879,4.716965485738e-15,"ENSG00000283341.2"
0.395718052583603,0.0284606311889773,"ENSG00000149084.13"
0.328939095015902,0.0277508019791352,"ENSG00000246250.3"
0,0,"ENSG00000166199.13"
3.14741182421494e-13,4.88619349342812e-05,"ENSG00000213693.4"
0,0,"ENSG00000244926.7"
0.0704403707689354,0,"ENSG00000187479.8"
0,0,"ENSG00000244953.1"
0.706590388413733,0,"ENSG00000110455.14"
0,0.133758406478503,"ENSG00000151348.14"
0,0,"ENSG00000052850.8"
0.593664305709105,4.35311319803923e-13,"ENSG00000085117.12"
0.343409018823281,0,"ENSG00000255092.1"
0,0,"ENSG00000157570.12"
3.35010758888493e-10,0.0213771800181331,"ENSG00000175274.18"
0.0565914258475789,9.37030283321499e-12,"ENSG00000019485.13"
0,0,"ENSG00000175264.8"
0,0,"ENSG00000181830.8"
0,0,"ENSG00000121671.12"
0.190529345709053,1.376899508878e-22,"ENSG00000121653.11"
0,0,"ENSG00000121680.16"
2.54747210624554e-22,0.0551402894669025,"ENSG00000165905.18"
0,0,"ENSG00000135365.15"
0.429444729349558,0,"ENSG00000254653.1"
0,0,"ENSG00000157613.11"
0.0644693689219645,4.39290779254548e-10,"ENSG00000149091.15"
0,0,"ENSG00000110492.15"
0.0766366311255855,0,"ENSG00000180720.7"
0.104782600847756,3.21969193624661e-13,"ENSG00000110497.14"
0.303945832132509,0.0540466812825511,"ENSG00000244313.3"
0.100426944409113,2.98086226006559e-20,"ENSG00000285658.1"
0,0,"ENSG00000180423.4"
2.58663085794413e-21,0.0142256590597347,"ENSG00000175224.16"
0,0,"ENSG00000175220.12"
0.215703190607005,7.71343747593885e-15,"ENSG00000175213.3"
0,0,"ENSG00000175216.15"
7.11830797633495e-05,6.23412797984789e-12,"ENSG00000134569.10"
0.0310301678394407,1.10212356767481e-14,"ENSG00000149179.13"
0,0,"ENSG00000149182.15"
0,0,"ENSG00000270060.1"
0.711924956404237,0,"ENSG00000165912.16"
0.427403268883253,4.10479277360319e-21,"ENSG00000134574.11"
0.101162225446241,0.263344083467894,"ENSG00000256897.1"
0,0,"ENSG00000134575.12"
0.346743682660725,0.24904041382701,"ENSG00000025434.19"
0.00678534322917419,3.11626952592971e-08,"ENSG00000110514.19"
0,3.54376743201842e-16,"ENSG00000256746.5"
0,0,"ENSG00000134571.11"
0,0,"ENSG00000066336.11"
0.201869416293772,0.0603658907555367,"ENSG00000255197.6"
0,0.3519393800048,"ENSG00000165915.14"
0.0902917791028554,2.508225531782e-20,"ENSG00000165916.8"
0.0727497906336576,4.86835547337223e-15,"ENSG00000165917.10"
0.0897425939831439,5.17300940139393e-12,"ENSG00000149187.18"
0,0,"ENSG00000270072.1"
0.230972693607299,3.10971201270604e-10,"ENSG00000213619.10"
0,0,"ENSG00000110536.14"
0,0,"ENSG00000123444.14"
0,0,"ENSG00000196666.5"
0,0,"ENSG00000172247.4"
0.0641042387342328,7.70945731672059e-12,"ENSG00000109919.10"
0,0,"ENSG00000165923.16"
0,0,"ENSG00000109920.13"
0.0542824132422439,1.42892773499712e-11,"ENSG00000030066.13"
8.79235090541145e-16,0.261984024549948,"ENSG00000149177.13"
0.579024154904951,0.0443723490580267,"ENSG00000287538.1"
0.168607570400971,0,"ENSG00000183908.7"
0,1.81827572824992e-16,"ENSG00000134817.10"
0,0,"ENSG00000149115.14"
0.0560704748085084,2.81949667259369e-12,"ENSG00000149136.9"
0.222888570836186,0,"ENSG00000134802.17"
0,0,"ENSG00000186907.8"
0.134752621146177,0.0669088506847491,"ENSG00000149150.9"
0.029800652291162,9.73864510851644e-23,"ENSG00000134809.9"
0,0,"ENSG00000156587.16"
0,0,"ENSG00000149131.15"
0.563409179193424,4.51830511715404e-14,"ENSG00000254602.2"
0.0307530847854852,0.110295901701339,"ENSG00000166793.12"
0,0,"ENSG00000172409.6"
0,0,"ENSG00000156599.11"
0.150642498556288,1.64938412862081e-18,"ENSG00000156603.18"
0,0,"ENSG00000213593.10"
0,0,"ENSG00000211450.10"
0,0,"ENSG00000233436.7"
0,0,"ENSG00000198561.13"
0,0,"ENSG00000110031.12"
0,0,"ENSG00000186660.15"
0.36918204642389,1.23353184416693e-18,"ENSG00000269570.2"
0,0,"ENSG00000280010.1"
0,0.413266061249272,"ENSG00000149124.11"
0.409377371784432,0,"ENSG00000189057.11"
0,0,"ENSG00000245571.7"
0.0196949986260265,2.63434287666111e-23,"ENSG00000166801.15"
0,0,"ENSG00000110042.8"
0.113139236807525,0,"ENSG00000197629.6"
0,0,"ENSG00000255008.3"
0,0,"ENSG00000255139.2"
0,0,"ENSG00000110048.12"
0,0,"ENSG00000166889.14"
0.588727531341199,0.0315738862478804,"ENSG00000166900.17"
0.295491024908712,0.225741899278056,"ENSG00000254477.2"
0.0098074786739154,7.40198676735987e-17,"ENSG00000166902.5"
0,0,"ENSG00000134827.8"
0.226982147388914,1.95867077523632e-10,"ENSG00000110077.14"
0,0,"ENSG00000110079.18"
0,0.397562660124381,"ENSG00000214787.10"
0.578084596954521,4.29957356473613e-12,"ENSG00000166927.13"
0.0472423463740328,1.31182207889739e-11,"ENSG00000166928.11"
0.166667291131039,0.0635311750916562,"ENSG00000110104.13"
0,0,"ENSG00000183134.5"
0,0,"ENSG00000110107.9"
0.201702289547355,0.222944637762229,"ENSG00000110108.10"
0.563156275601526,0.188089630602239,"ENSG00000006118.14"
0.361093279690891,0.00973362811365106,"ENSG00000110446.11"
0,0,"ENSG00000013725.14"
0.332587016746209,0.0399880129311921,"ENSG00000110448.11"
0.65485845756296,0.048568629207304,"ENSG00000167987.11"
0,0,"ENSG00000279549.1"
0,0,"ENSG00000167992.13"
1.23103557067131e-20,0.0233706487104574,"ENSG00000167986.13"
0.00156896864691711,0,"ENSG00000149476.15"
0.364748891682042,0.483884876003904,"ENSG00000162144.9"
0.166532532409444,0.28318975911958,"ENSG00000149483.12"
0,0,"ENSG00000187049.10"
0,0,"ENSG00000149532.15"
0,0,"ENSG00000279632.1"
0.190810836276589,3.14462494454546e-11,"ENSG00000256591.5"
5.78748830486857e-16,0.0114464758431075,"ENSG00000167985.6"
0.1838453738842,0.28710765255842,"ENSG00000162148.11"
0,0,"ENSG00000204950.4"
0.560076736997027,1.4645746350625e-09,"ENSG00000011347.9"
0.138481573066543,3.42647959797946e-11,"ENSG00000243742.5"
0,0,"ENSG00000134780.10"
0.0765440793586173,2.2494087027671e-10,"ENSG00000124920.13"
0.0131121443753398,0,"ENSG00000134825.16"
0.649700315524343,1.43442857229912e-20,"ENSG00000168496.4"
0.414594300300673,6.140428525472e-14,"ENSG00000134824.14"
0.197791953018877,0.0592054126556904,"ENSG00000149485.19"
0.133870389255036,0,"ENSG00000221968.9"
0.126471865468355,3.18063632490479e-12,"ENSG00000167994.13"
0,0,"ENSG00000167995.16"
0,0,"ENSG00000167996.16"
0.492790808075897,0,"ENSG00000279491.1"
0.107757688555215,1.01019648825572e-12,"ENSG00000149503.13"
0,0,"ENSG00000162174.12"
0.0656231576871221,0.0788874117521251,"ENSG00000124942.14"
0,0,"ENSG00000255508.7"
0,0,"ENSG00000149016.16"
0.085175600987008,3.49574791081197e-10,"ENSG00000149480.7"
0,0,"ENSG00000149499.11"
0.483765285239503,0.00208399259728282,"ENSG00000149489.8"
0.139491170816151,0.317885022157836,"ENSG00000149541.10"
0,0,"ENSG00000089597.18"
0.0447350653789169,0,"ENSG00000185085.2"
0.265227489975184,0.376976972553188,"ENSG00000162194.12"
0.130761190764966,0.027363200486367,"ENSG00000214756.8"
0,0,"ENSG00000204922.5"
0.0143997335655643,8.8407726825193e-13,"ENSG00000162191.13"
0,0,"ENSG00000177363.5"
0,0,"ENSG00000168000.14"
1.47279439518148e-16,0,"ENSG00000214753.4"
0,0,"ENSG00000162222.14"
0,0,"ENSG00000185670.8"
0.05726784860698,7.73419621157275e-17,"ENSG00000168002.12"
1.10870223903225e-22,1.06927241275731e-15,"ENSG00000162227.8"
0.0522730311136119,0,"ENSG00000168569.8"
0,0,"ENSG00000185475.11"
0,0,"ENSG00000162231.14"
0.145574840759139,1.78611452445491e-11,"ENSG00000162236.12"
0,0,"ENSG00000133316.15"
0,0,"ENSG00000255717.7"
0,0,"ENSG00000168003.16"
5.29434564559573e-09,0.363521650447319,"ENSG00000168004.9"
0.174992909667222,0.342037021412479,"ENSG00000133317.14"
0,0,"ENSG00000133321.11"
0,0,"ENSG00000133328.4"
1.20059193807725e-11,0.086981779999406,"ENSG00000176485.11"
0,0,"ENSG00000184743.13"
0,0,"ENSG00000256789.1"
0,0,"ENSG00000133318.14"
0.263924115128064,2.9619639312321e-20,"ENSG00000188070.9"
0.20054478714962,0.228672627268482,"ENSG00000168005.9"
0.488233796005674,0,"ENSG00000072518.20"
0.0180105729755209,0,"ENSG00000167771.6"
0,0.159130294350498,"ENSG00000110583.13"
0.185985387730109,0,"ENSG00000176340.4"
0.0838147281853647,3.51936670203338e-10,"ENSG00000167770.11"
0,0,"ENSG00000133315.11"
0,0.113640038022993,"ENSG00000126500.3"
0.0230355540360162,0,"ENSG00000168439.16"
0,0.131122884746948,"ENSG00000149781.12"
0,0,"ENSG00000149743.14"
0,0,"ENSG00000149761.9"
8.95845851865489e-14,0.252277530963653,"ENSG00000110011.13"
5.0995526860443e-11,0.00704134905270758,"ENSG00000173511.9"
0,0,"ENSG00000173486.13"
0.527626010037473,1.80079847124683e-13,"ENSG00000173457.11"
0.21224366917288,1.81227123495479e-21,"ENSG00000149782.11"
0,0,"ENSG00000002330.13"
0.24815471338386,2.38662234568166e-15,"ENSG00000173264.14"
0,0,"ENSG00000173153.14"
0,0,"ENSG00000173113.6"
0.186525543888989,1.53102764286826e-10,"ENSG00000126432.14"
0.110579266106909,1.44135815853944e-11,"ENSG00000168071.22"
0.352704679061871,2.28139864927803e-12,"ENSG00000162302.13"
0,0,"ENSG00000110076.18"
0,0,"ENSG00000237410.1"
0,0,"ENSG00000068831.19"
0.266182783587229,0,"ENSG00000068976.14"
0.00198345759578876,1.21513880643794e-12,"ENSG00000168066.20"
0,0,"ENSG00000168067.12"
0,0,"ENSG00000133895.15"
4.01927824133508e-21,0.0229626594945924,"ENSG00000171219.9"
0.203804991481965,3.96771998906068e-21,"ENSG00000110047.18"
0,0,"ENSG00000110046.13"
0.234072812365188,1.28276899350643e-20,"ENSG00000068971.14"
0.246497367128404,4.50470842650303e-13,"ENSG00000168062.10"
0.0487594090648365,1.10583245823932e-14,"ENSG00000213465.8"
0.441118757341562,0.0549895347278807,"ENSG00000110025.13"
0,0,"ENSG00000168061.15"
0,0,"ENSG00000168060.16"
0.438471714135673,2.00988577371779e-12,"ENSG00000146670.10"
0,0,"ENSG00000162300.13"
0,0,"ENSG00000149823.9"
4.70078615650846e-13,0.165210193365187,"ENSG00000149809.15"
0,0.00561810067862882,"ENSG00000174276.7"
0,0,"ENSG00000278952.1"
0.129313751047892,1.09158106185226e-12,"ENSG00000149806.11"
0,0,"ENSG00000162298.18"
0,0,"ENSG00000149792.9"
0,0,"ENSG00000014216.15"
0,0,"ENSG00000014138.9"
0,0.294509885351193,"ENSG00000285816.1"
0.0690819834627695,0,"ENSG00000287917.1"
0,0,"ENSG00000133884.10"
0,0.0856890527724853,"ENSG00000173825.7"
0,0,"ENSG00000162241.12"
0.562380456474673,1.47167885461229e-10,"ENSG00000126391.14"
0,0.158220674938961,"ENSG00000245532.9"
0,0,"ENSG00000173727.12"
0,0,"ENSG00000251562.8"
0,0,"ENSG00000142186.17"
0.687453533322483,1.1002315795669e-13,"ENSG00000168056.16"
0,0,"ENSG00000260233.3"
0.138528229664776,4.67729731548165e-21,"ENSG00000173465.8"
0.218199421153229,3.37731424538574e-12,"ENSG00000176973.8"
0,0,"ENSG00000173442.13"
0,0.306260598994754,"ENSG00000173338.12"
0,0,"ENSG00000173327.8"
0.00932900210921235,0.0623580359011796,"ENSG00000197136.4"
0.429904639562797,6.3135672008095e-19,"ENSG00000213445.10"
0.125436959146114,9.66348047324579e-13,"ENSG00000173039.19"
0.0547838594963929,0,"ENSG00000285533.2"
0,0,"ENSG00000172977.13"
0.253724988128217,0,"ENSG00000172922.9"
0,0,"ENSG00000254470.3"
0,0,"ENSG00000172818.10"
0.194137502621571,0,"ENSG00000172757.13"
0.173961656841165,0,"ENSG00000172803.18"
0,0,"ENSG00000172732.12"
0,0,"ENSG00000172638.13"
0,0,"ENSG00000172543.8"
0.482560484181006,3.90675120176101e-11,"ENSG00000172500.12"
0,0,"ENSG00000175602.4"
0.498000069032162,3.68094859063033e-21,"ENSG00000175592.9"
0,0,"ENSG00000175573.7"
0,0.067212703900635,"ENSG00000175550.8"
0.243173420129597,3.98591655038141e-12,"ENSG00000175467.15"
0.614165873782082,0.173774616053217,"ENSG00000175376.9"
0.259973926604969,5.73523027210347e-22,"ENSG00000175334.8"
0.0539052938202223,0,"ENSG00000087365.16"
0.101811017678412,5.31877882198529e-14,"ENSG00000175115.12"
0.276354504813759,0.116262188563408,"ENSG00000255320.1"
8.90444228849777e-22,0.0271976482459643,"ENSG00000174996.11"
0,0.0448629391308298,"ENSG00000254461.1"
0.6765146918215,0.00820393506245881,"ENSG00000174903.16"
0.111329429882795,0,"ENSG00000245156.1"
0,0.354892474922154,"ENSG00000174871.11"
0.216098095782077,0,"ENSG00000174851.16"
0,0.100369931314746,"ENSG00000174807.4"
0,0,"ENSG00000174791.11"
0.128146327827937,1.81948774835619e-08,"ENSG00000174744.14"
1.07166249528853e-12,0.0352706315300825,"ENSG00000174684.7"
2.52231268511473e-16,0.00945913962330606,"ENSG00000255468.7"
0.0310511033428968,0,"ENSG00000174669.12"
0,0,"ENSG00000174576.10"
0.029880900729283,8.5779338231667e-17,"ENSG00000174547.13"
0.53785290301766,0,"ENSG00000174516.15"
0.0235664916133592,8.64413648613815e-12,"ENSG00000255517.6"
0.576088003912804,1.26359868934165e-23,"ENSG00000254986.7"
0.442064703297848,0.239146301036483,"ENSG00000174483.20"
0.123771414979677,1.95415438298562e-12,"ENSG00000174165.8"
0.121485971252461,1.90045271386879e-11,"ENSG00000174080.11"
3.38997311226194e-20,0.112781929563566,"ENSG00000182791.5"
0.473999534216852,0.15649167955902,"ENSG00000173992.9"
0.0157200229823723,2.59592618231292e-23,"ENSG00000239306.4"
9.93189368239262e-12,0.111015548136559,"ENSG00000248643.5"
0,0,"ENSG00000173933.20"
0,0,"ENSG00000173914.12"
0.0113622867654103,0,"ENSG00000173898.13"
0,0,"ENSG00000173715.16"
0.394590899337104,4.20527698818983e-13,"ENSG00000173653.8"
0.20830282093055,0.0294123721251981,"ENSG00000173599.15"
0,0.0299865383050643,"ENSG00000173621.9"
0,0.0431326042045185,"ENSG00000173227.14"
0,0,"ENSG00000173156.7"
0.100778279565349,0,"ENSG00000173120.15"
0,0,"ENSG00000179038.8"
0,0.104867970298561,"ENSG00000173020.11"
0.224199299926353,0,"ENSG00000172932.14"
0.294388947192732,1.8913432965323e-23,"ENSG00000172830.13"
0.266353546141233,0,"ENSG00000172613.8"
0.0888949613016645,2.88852133356216e-11,"ENSG00000175482.9"
0.529228724435852,0.0621533449677154,"ENSG00000175505.11"
0.78113086919454,0.0376454258715797,"ENSG00000172531.15"
0.190685420938584,0.107361812039149,"ENSG00000175463.12"
2.13675802961875e-12,0.415520357220335,"ENSG00000172508.10"
0.014105160126986,1.11459615669605e-11,"ENSG00000175634.15"
0.212408694499949,0.000447478014371158,"ENSG00000172725.14"
0.0662786087933981,2.45591065250583e-12,"ENSG00000175544.13"
0,0,"ENSG00000172663.9"
0,0,"ENSG00000110711.10"
0.410447552225606,7.5434025408429e-16,"ENSG00000110697.13"
0.114666374039051,4.90273527217054e-22,"ENSG00000167797.7"
0.0473984488817246,2.09840124351085e-13,"ENSG00000084207.17"
0.29689765591008,0.00105881271114848,"ENSG00000167792.13"
0,0,"ENSG00000167799.10"
0,0,"ENSG00000160172.10"
0.572192197583342,6.97577026438227e-12,"ENSG00000110057.8"
0,7.58870127377583e-14,"ENSG00000006534.16"
0.48411649430427,2.09845121418445e-21,"ENSG00000110717.13"
0,0,"ENSG00000110719.10"
0,0.0366506220910261,"ENSG00000255031.5"
0,0,"ENSG00000110721.12"
0,0,"ENSG00000110066.15"
0,0,"ENSG00000171067.11"
0,0,"ENSG00000162337.12"
0,0,"ENSG00000110075.14"
0.126456128747357,0,"ENSG00000132749.11"
0.43999629538012,1.73710671404573e-12,"ENSG00000110090.13"
0,0,"ENSG00000250508.1"
0.187690858795445,0.183887843717929,"ENSG00000197345.13"
0,0,"ENSG00000132740.8"
0,0.0604784939143881,"ENSG00000261625.1"
0.212553435062243,0,"ENSG00000172935.9"
0.696530219754159,0.0347505556505037,"ENSG00000162341.18"
0,0.222601742648739,"ENSG00000172927.8"
0.291785073687947,0.0629898766736802,"ENSG00000110092.3"
0.903406753316468,0.0361884491766851,"ENSG00000149716.12"
0.0500819030401968,6.28287221839665e-11,"ENSG00000131620.17"
0.136905535552792,0.0287571528465148,"ENSG00000168040.4"
0,0,"ENSG00000131626.18"
0,0,"ENSG00000255329.1"
0.0166396216388798,2.21839193068243e-10,"ENSG00000254484.1"
7.93353953070411e-10,0.456754344033962,"ENSG00000246889.2"
0,0,"ENSG00000085733.16"
0.371455671619087,0.0640027270857403,"ENSG00000162105.19"
0.310409854158477,1.88868630930795e-19,"ENSG00000172893.15"
0,0,"ENSG00000254682.1"
0,0,"ENSG00000172890.13"
0.192045679827333,0.231959130351178,"ENSG00000248671.8"
0,0,"ENSG00000158483.16"
5.59722230192631e-12,0.046512352474056,"ENSG00000254469.7"
0,0,"ENSG00000228915.3"
0,0,"ENSG00000137522.18"
0,0,"ENSG00000137496.18"
0,0,"ENSG00000137497.17"
0.439722844602223,1.98345116729157e-12,"ENSG00000251143.1"
0,0,"ENSG00000184154.14"
0.269687541465052,4.10660176369733e-11,"ENSG00000149357.10"
0.365346682968017,0.153775496154797,"ENSG00000110200.8"
0,0,"ENSG00000110195.13"
0,0,"ENSG00000165457.14"
0,0,"ENSG00000165458.14"
0,0.0951652267947511,"ENSG00000162129.14"
0.38927046311269,3.49904501391088e-13,"ENSG00000186642.16"
0,0.265960507123718,"ENSG00000186635.14"
0,0,"ENSG00000245148.2"
0,0.20793426114555,"ENSG00000244134.1"
0.114559645112871,0,"ENSG00000214530.9"
0,0,"ENSG00000285693.1"
0.591215763586689,0,"ENSG00000168010.11"
0,0,"ENSG00000137478.15"
0.318102615590352,4.94804892248722e-14,"ENSG00000175591.11"
0.457005538901451,1.85380106262096e-21,"ENSG00000260401.1"
0,0,"ENSG00000171631.14"
0.468259705812013,8.98387650321879e-10,"ENSG00000257038.1"
0,0,"ENSG00000110237.5"
0.311654028438468,0.0848169044105131,"ENSG00000054967.13"
0,0,"ENSG00000054965.10"
0.357735466249166,5.99312442380978e-13,"ENSG00000021300.14"
0,0,"ENSG00000175582.19"
0.233021574981916,0.0464553344778493,"ENSG00000175581.14"
0.298783151539398,0,"ENSG00000181924.7"
1.35656419996326e-17,0.078840222217785,"ENSG00000175575.12"
0.133649291160607,0.415598519287808,"ENSG00000175567.10"
0,0,"ENSG00000175564.13"
0,0.0130489680812141,"ENSG00000168014.16"
0,0,"ENSG00000214517.10"
0.021072183642951,1.53943762433551e-12,"ENSG00000280269.1"
0,0,"ENSG00000149380.12"
2.66447587030809e-21,0.0122778684431396,"ENSG00000165434.8"
0,0,"ENSG00000175538.10"
0.453015496279685,0.259505363904194,"ENSG00000175536.7"
0,0,"ENSG00000254837.2"
0.0140434043136588,0,"ENSG00000077514.9"
0,0,"ENSG00000054938.15"
0,0,"ENSG00000166439.6"
0,0,"ENSG00000166435.15"
0,0,"ENSG00000278879.1"
1.62557961225456e-13,0.250288701149987,"ENSG00000241170.3"
0,0.130111724981183,"ENSG00000286943.1"
0.0133444428459805,1.84971033855057e-12,"ENSG00000118363.12"
0,0,"ENSG00000162139.10"
0.580757474081295,1.81468121376215e-14,"ENSG00000137491.15"
0.237152585129491,0.143097968872287,"ENSG00000137486.17"
0.139501819913249,1.86501714953989e-12,"ENSG00000149273.15"
0.728392215134615,0,"ENSG00000207445.1"
0,0,"ENSG00000149243.15"
0.324770573864758,1.16071291416778e-19,"ENSG00000158555.15"
0,0,"ENSG00000149257.14"
0.104142387335007,1.06337927636034e-09,"ENSG00000171533.11"
0.402761694592893,0.253138488258954,"ENSG00000062282.15"
0.137439051976427,0.38185811718313,"ENSG00000254826.1"
0,0,"ENSG00000198382.9"
0,0.292544267033812,"ENSG00000085741.13"
0.108280416913274,3.41697152707808e-20,"ENSG00000137492.8"
0.482395790881103,4.22882165874434e-11,"ENSG00000179240.11"
1.5984250831078e-16,0,"ENSG00000255135.4"
0,0,"ENSG00000158636.16"
3.64061683665451e-19,0.193304529792948,"ENSG00000254810.1"
0.236615554278388,0,"ENSG00000236304.1"
0,0,"ENSG00000137507.11"
0,0.00452703938185492,"ENSG00000182704.8"
0,0,"ENSG00000255100.1"
0,0,"ENSG00000261578.1"
0.00820172805681919,0.392402831258971,"ENSG00000078124.12"
0.0685682664982174,0.168462120786984,"ENSG00000149260.18"
0.365556505945986,2.26384804920378e-13,"ENSG00000137474.22"
0.0339551324625506,2.82712838937309e-15,"ENSG00000149269.9"
0,0,"ENSG00000074201.9"
0,0,"ENSG00000178301.4"
0,0,"ENSG00000048649.13"
0.183936284522472,0.43504281524982,"ENSG00000254985.1"
0.0107327830793049,0,"ENSG00000227376.1"
0.148538115329915,1.69631564452033e-13,"ENSG00000087884.14"
0,0,"ENSG00000255449.1"
0,0,"ENSG00000149262.17"
0.0985628880110332,4.25194182968052e-20,"ENSG00000151364.17"
0.406974379207479,0.225770927864777,"ENSG00000151365.2"
0,0,"ENSG00000151366.13"
0.0925712959882161,0,"ENSG00000159063.13"
0.328970588439039,1.15846569420001e-10,"ENSG00000246174.8"
0,0,"ENSG00000188997.8"
0.0558290618915669,4.6245090721715e-10,"ENSG00000118369.13"
3.06624392538394e-21,0.0103780098647174,"ENSG00000033327.13"
0,0,"ENSG00000288393.1"
0,0.154922662045163,"ENSG00000251323.3"
0,0,"ENSG00000137513.10"
0,0,"ENSG00000149256.16"
0,0,"ENSG00000137509.11"
0.42650195987636,2.56945461124893e-12,"ENSG00000165490.13"
0,0,"ENSG00000137502.10"
0.0427824713208296,4.33898924547097e-12,"ENSG00000246067.8"
0.0864277461169636,0,"ENSG00000279900.1"
0,0,"ENSG00000165494.11"
0,0,"ENSG00000254676.1"
0.459534082146734,0.0961275396178156,"ENSG00000247137.9"
0,0,"ENSG00000137494.14"
0,0,"ENSG00000137500.9"
0,0,"ENSG00000255234.6"
0,0.0301285365427799,"ENSG00000150672.17"
0,3.73478604927674e-17,"ENSG00000213305.3"
0,0,"ENSG00000254897.1"
0,0,"ENSG00000171204.12"
0.21856821661044,2.14535811730806e-15,"ENSG00000171202.7"
0.200244465226234,0,"ENSG00000137504.13"
9.19239991810687e-16,0.0185995761105689,"ENSG00000179071.5"
0.0364451796125064,1.98868059954469e-10,"ENSG00000137501.17"
0.0361559097685088,1.2099918342917e-09,"ENSG00000073921.18"
0,0,"ENSG00000074266.21"
0.552605587342883,0.313205856905502,"ENSG00000255222.1"
0.0348658815075796,0.21244461347767,"ENSG00000149196.16"
7.93990076356919e-22,0.15103850506205,"ENSG00000149201.10"
3.20605231925369e-19,0.303164090165507,"ENSG00000278989.1"
0,0,"ENSG00000151376.16"
0,0,"ENSG00000150687.12"
0,0,"ENSG00000197882.3"
0.117874820003473,0,"ENSG00000269895.1"
0.16695544656937,0,"ENSG00000255203.1"
0.237803723310701,0.1352928707649,"ENSG00000255471.1"
0.493238710604342,0.183938743537887,"ENSG00000280339.1"
0.186891656156992,0.392203297871375,"ENSG00000174804.4"
0.0547236087494523,2.91533371855479e-13,"ENSG00000246523.8"
0.0336862048225261,0.0474779098537065,"ENSG00000166575.17"
0,0,"ENSG00000254843.1"
0,0.0197443382417272,"ENSG00000279836.1"
0,0,"ENSG00000213287.3"
1.63210304892036e-11,0.441333063576452,"ENSG00000254582.1"
0,0,"ENSG00000123892.12"
0,0.303072973306297,"ENSG00000109861.16"
0.472374743450976,0,"ENSG00000288018.1"
0.168096130374687,5.43192889176037e-21,"ENSG00000086991.13"
0.568575706516313,0.0731847909841001,"ENSG00000077616.11"
1.08162744816764e-19,0.0658548376743646,"ENSG00000280385.1"
0,0,"ENSG00000110172.12"
0.376666582280988,8.29812474154618e-16,"ENSG00000165323.15"
0.372041049630754,0,"ENSG00000180773.15"
0,0.0539204722394656,"ENSG00000166002.7"
0.602643588777108,4.70589978577706e-24,"ENSG00000234106.3"
0,0,"ENSG00000166004.15"
0.0985521639828372,0,"ENSG00000254911.3"
0.0770957090537357,0.241827658832019,"ENSG00000279696.1"
0,0,"ENSG00000166012.17"
0,0,"ENSG00000182919.14"
0.0195032794694449,0,"ENSG00000042429.12"
0.364009591001361,7.74472987132799e-12,"ENSG00000181333.12"
0.580893430226589,0.0264583853939586,"ENSG00000110218.9"
0.452850692936183,0.0281947253977796,"ENSG00000250519.7"
0,0,"ENSG00000123901.9"
0.364802273413563,0,"ENSG00000020922.12"
0,0,"ENSG00000168876.9"
0,0,"ENSG00000196371.3"
0,0,"ENSG00000134627.12"
0.0962559981973947,0.0609077516618042,"ENSG00000166025.18"
0.489415064741956,1.18177400914595e-11,"ENSG00000213368.3"
0.00797511605019389,2.2981604357626e-14,"ENSG00000150316.12"
0,0,"ENSG00000186280.7"
0.134524423180258,0,"ENSG00000263465.4"
0.48542858493451,0.0226907894637962,"ENSG00000149218.5"
0.147547025025818,7.35796326626426e-15,"ENSG00000270689.1"
0.0661800079072321,1.55865567843006e-11,"ENSG00000245552.7"
0.1688455129173,4.2032158519894e-19,"ENSG00000149212.12"
0,0,"ENSG00000077458.13"
0,0,"ENSG00000166037.11"
0.0249426802202008,0,"ENSG00000087053.18"
0,0,"ENSG00000184384.14"
0.197967822040153,0.268098616414343,"ENSG00000285921.1"
0,0,"ENSG00000149231.14"
0,0,"ENSG00000183340.7"
0.0148815230359395,7.65653165547434e-10,"ENSG00000165895.19"
0.779679588276482,0.0710533684923007,"ENSG00000082175.15"
0.504252750475518,2.01558482538366e-07,"ENSG00000137672.13"
0,0,"ENSG00000187151.7"
1.61114219734364e-12,0.0348579928634891,"ENSG00000110318.15"
0,0,"ENSG00000137691.13"
0,0,"ENSG00000277459.1"
0,0,"ENSG00000137693.14"
0.470836468561769,0,"ENSG00000023445.14"
6.72253574221167e-15,0,"ENSG00000110330.8"
0,0,"ENSG00000152558.15"
0,0,"ENSG00000137673.9"
0,0,"ENSG00000118113.12"
0.292082329580152,0.158795393547624,"ENSG00000255282.6"
0.419621625873489,1.1865846764846e-10,"ENSG00000166670.10"
0.382610549872019,0.10892320603714,"ENSG00000196611.5"
0.474662204778276,0.0505070546227963,"ENSG00000149968.12"
0.511585530092525,3.24255997034395e-11,"ENSG00000262406.3"
0.173212522658081,0.169572716771317,"ENSG00000137745.12"
0,0.0486505419373795,"ENSG00000137692.12"
0,0,"ENSG00000187240.16"
0.0992069424651701,7.88323596879522e-10,"ENSG00000254931.2"
0,0,"ENSG00000255417.1"
0.0660269877140385,0,"ENSG00000255350.1"
0.212448850986116,2.83974895431429e-15,"ENSG00000254565.1"
0.0956296548360393,7.94360164852713e-13,"ENSG00000253245.2"
0,0,"ENSG00000170962.13"
0,0,"ENSG00000170967.5"
7.87927615536619e-11,0.0245068819601088,"ENSG00000235505.7"
0,0,"ENSG00000196954.14"
0,0,"ENSG00000137752.24"
0,0,"ENSG00000204397.8"
0,0,"ENSG00000285813.1"
0,0,"ENSG00000170903.11"
0,0,"ENSG00000182359.15"
0,0,"ENSG00000149313.11"
0.130824805166034,0,"ENSG00000152402.10"
0,0,"ENSG00000261098.1"
0,0,"ENSG00000152404.15"
4.54309783107808e-12,0.0526817988477452,"ENSG00000225215.1"
0,0,"ENSG00000137760.14"
0,0,"ENSG00000110660.15"
0.414812415870374,0,"ENSG00000240652.1"
0,0,"ENSG00000166266.14"
0.0368003994169512,5.04925861771756e-11,"ENSG00000075239.14"
9.48555022186745e-13,0.00761926981986451,"ENSG00000149308.17"
0.0264925098150147,9.65796867377661e-12,"ENSG00000149311.18"
0,0,"ENSG00000166323.13"
0,0,"ENSG00000178202.13"
0,0,"ENSG00000110723.12"
0,0,"ENSG00000178105.11"
0,0,"ENSG00000185742.7"
0,0,"ENSG00000137710.16"
0.0219990491991245,1.47812750810267e-09,"ENSG00000149289.11"
0.518368977141317,0.0196677039717874,"ENSG00000137714.3"
0.090797686977462,0.170300380852555,"ENSG00000137727.12"
0.515273781521535,4.21529436931487e-15,"ENSG00000271584.2"
0.824181043215856,2.95491107775284e-09,"ENSG00000196167.10"
0,0,"ENSG00000110777.12"
0,0,"ENSG00000204381.11"
0,0.198878070106549,"ENSG00000170145.5"
0.0640819916612613,0.0854452388873447,"ENSG00000235286.1"
4.61160405879072e-14,0.190365217659814,"ENSG00000137713.16"
1.44100164187666e-11,0.27740954590893,"ENSG00000254990.5"
0,0,"ENSG00000086848.15"
0,0,"ENSG00000255561.7"
0.235552920951923,0.0661157329148963,"ENSG00000137720.8"
0.107411772911747,3.49130392208842e-09,"ENSG00000109846.9"
6.17947176800783e-10,0.0422086506674267,"ENSG00000170276.6"
0,0,"ENSG00000150764.14"
0.190620931079316,0.00546832497221397,"ENSG00000150768.15"
0.0613091452418164,0.534350360074601,"ENSG00000230911.1"
0,0,"ENSG00000150773.10"
0.0126533428932782,1.06797301891563e-11,"ENSG00000150776.18"
0.242258530104809,1.66341636288815e-12,"ENSG00000150779.12"
0.0503582341055348,0,"ENSG00000204370.12"
0.273531559821314,3.83616569033151e-18,"ENSG00000150782.12"
0.193934972551033,1.56666450757387e-23,"ENSG00000197580.12"
0,0,"ENSG00000150787.8"
0,0,"ENSG00000250303.4"
0,0,"ENSG00000149294.16"
0,0,"ENSG00000149292.16"
0,0,"ENSG00000270179.1"
0.0813067337924916,2.20016782675318e-11,"ENSG00000166682.13"
0.0042780419718822,9.15951729287036e-14,"ENSG00000086827.9"
0,0,"ENSG00000048028.11"
0,0,"ENSG00000255710.2"
0,0,"ENSG00000109906.14"
0,0,"ENSG00000286463.1"
4.03118620166162e-11,0.0459497404807917,"ENSG00000256947.1"
0.435231249411403,0.04558828306525,"ENSG00000166741.7"
0.56497207367375,0.161595513135715,"ENSG00000256195.3"
0,0,"ENSG00000180425.11"
0,0,"ENSG00000076053.10"
0,0,"ENSG00000076043.10"
0,0.386819889825992,"ENSG00000256533.1"
0.0443524558790904,8.16370822176296e-10,"ENSG00000095110.8"
0,0,"ENSG00000182985.17"
0,0,"ENSG00000246100.4"
0,0,"ENSG00000137656.12"
0.149882304777902,1.16046671931804e-22,"ENSG00000109917.11"
1.220362088752e-11,0.0493293173085833,"ENSG00000235910.2"
0,0,"ENSG00000160584.16"
0,0,"ENSG00000168092.14"
0.0105030656805363,0,"ENSG00000149577.16"
3.43382081690965e-11,0.046034056944731,"ENSG00000149591.17"
0,0.121275126239956,"ENSG00000160613.13"
0,0,"ENSG00000167257.11"
0,0,"ENSG00000186318.16"
0,0,"ENSG00000278768.2"
0,0,"ENSG00000110274.16"
0.145437757035144,0.253605785390079,"ENSG00000250699.1"
0,0,"ENSG00000177103.15"
0,0,"ENSG00000137726.17"
0.101416165852159,0.172373795969293,"ENSG00000110324.10"
0,0,"ENSG00000177098.8"
0,0,"ENSG00000149575.6"
0,0,"ENSG00000160593.19"
0.0706897597025544,7.72308275404892e-15,"ENSG00000160588.10"
0,0,"ENSG00000149573.9"
0,0,"ENSG00000160654.10"
1.37117847159284e-15,0,"ENSG00000110344.9"
0,0,"ENSG00000254873.1"
0.131444990882503,0,"ENSG00000167283.8"
1.52582809643029e-23,0.01063117293835,"ENSG00000118058.22"
0,0,"ENSG00000255435.7"
0.535398246061137,0,"ENSG00000149582.16"
0,0,"ENSG00000118096.8"
0,0,"ENSG00000095139.14"
0.504820846623361,1.59802587353204e-12,"ENSG00000019144.19"
0.686232211395899,3.93385279248228e-22,"ENSG00000255176.1"
0,0,"ENSG00000118094.12"
0,0,"ENSG00000110367.13"
0.287519153572233,2.94803583925378e-13,"ENSG00000278376.1"
0,0,"ENSG00000186174.12"
0,0,"ENSG00000255121.2"
0.348928302341761,0,"ENSG00000186166.9"
0,0,"ENSG00000240970.1"
0.139734717894224,0,"ENSG00000254428.1"
0,0,"ENSG00000254909.1"
0.0056973935079819,9.51137095154104e-16,"ENSG00000118181.11"
0.0788250672573025,4.85508225542093e-11,"ENSG00000196655.12"
0.102283285257009,1.30558781043402e-08,"ENSG00000137700.18"
1.79532730498809e-22,0.00730678158217486,"ENSG00000149428.19"
0,0,"ENSG00000160695.14"
0.211170160412065,7.94860090411139e-21,"ENSG00000256269.10"
0.371367688860267,0,"ENSG00000188486.3"
0.149248671312161,5.26045845001237e-22,"ENSG00000172269.19"
0,0,"ENSG00000172375.13"
0.158380940652091,1.02298758648435e-21,"ENSG00000172273.13"
0,0,"ENSG00000160703.16"
0,0,"ENSG00000248712.7"
0,0,"ENSG00000110395.6"
0.358759158937391,9.16917801490058e-08,"ENSG00000076706.17"
0,0,"ENSG00000173456.5"
0,0,"ENSG00000036672.16"
0.545410050978567,1.95392679503681e-11,"ENSG00000245248.8"
0.14499250228735,0,"ENSG00000154096.13"
0,0,"ENSG00000110400.11"
0,0.0278941967118646,"ENSG00000184232.9"
0,0,"ENSG00000181264.8"
0.106060616894632,0,"ENSG00000196914.9"
0,0,"ENSG00000149403.12"
0,0,"ENSG00000154114.12"
0,0,"ENSG00000109927.10"
0.12918568480123,0.0338374309029971,"ENSG00000109929.10"
0,0,"ENSG00000137642.13"
0,0,"ENSG00000255248.9"
0,0,"ENSG00000259571.2"
0,0,"ENSG00000198975.2"
0,0,"ENSG00000154127.10"
0,0,"ENSG00000286341.1"
0,0.199308374073896,"ENSG00000285909.1"
0,0,"ENSG00000109943.9"
0,0,"ENSG00000109944.10"
0.00826406763293209,0,"ENSG00000254944.1"
0,0,"ENSG00000244641.2"
0,0,"ENSG00000109971.14"
0.0850966408846473,0,"ENSG00000200879.1"
0,0.10286341586642,"ENSG00000166250.12"
3.25178951056904e-21,0.122465365362093,"ENSG00000255342.1"
0.00238307303293812,1.30064484929371e-09,"ENSG00000254710.2"
0.353072073439536,3.05784527438428e-12,"ENSG00000023171.18"
0,0,"ENSG00000166261.11"
0,0,"ENSG00000110002.16"
0,0,"ENSG00000154144.13"
1.35811571143526e-13,0.0674805953929145,"ENSG00000110013.13"
0,0,"ENSG00000064199.6"
0.0938034394515819,0.0247411530044144,"ENSG00000154146.13"
0.0448030580996534,6.00210853556278e-14,"ENSG00000019102.12"
0.00941408329767232,0.126146060032425,"ENSG00000149564.12"
0.0495408179053625,1.80522125105282e-10,"ENSG00000250073.3"
0,0,"ENSG00000120458.11"
3.66290838695499e-13,0.0102871915955601,"ENSG00000279342.2"
0,0.292474900322451,"ENSG00000245498.7"
0.385723369147564,0.143900365043654,"ENSG00000154134.15"
0.0720643887612266,0.000935944305745533,"ENSG00000154133.15"
0.188684527967891,2.5987343398644e-21,"ENSG00000165478.7"
0.151059986379163,1.40113596811939e-20,"ENSG00000149548.15"
0.0550730240508492,0.00757096905514256,"ENSG00000134955.11"
0,0.0486118547548962,"ENSG00000150433.9"
3.24247427591534e-11,0.0809138598356488,"ENSG00000165495.16"
0,0,"ENSG00000149557.14"
0.31285284516372,0.020959009235007,"ENSG00000149547.15"
0,0,"ENSG00000134910.14"
0.382134561437992,0,"ENSG00000149554.13"
0.289053414412564,1.78868986443081e-19,"ENSG00000198331.10"
0,0,"ENSG00000110060.9"
0,0.0879608141290297,"ENSG00000064309.14"
0,0.00778128550841078,"ENSG00000254759.1"
0.0324575713922456,0.203628219320109,"ENSG00000165526.9"
5.19416069926087e-11,0.0076360448744878,"ENSG00000197798.9"
0,0,"ENSG00000182934.12"
0,0,"ENSG00000110074.11"
9.61669276281931e-13,0.00236935045102682,"ENSG00000150455.13"
0,0,"ENSG00000110063.10"
0,0,"ENSG00000280832.1"
0.244102990957482,3.52460143971542e-14,"ENSG00000110080.18"
0.455941374213927,0,"ENSG00000149571.12"
0.0870711872562149,0,"ENSG00000254960.2"
0.313275268604333,0.319000331825434,"ENSG00000254612.2"
0.0300586624995657,2.30585318127064e-21,"ENSG00000134954.14"
0,0,"ENSG00000151702.17"
0.161445803872001,0,"ENSG00000254703.2"
0.105887856413006,0.256618880117672,"ENSG00000151704.15"
0,0,"ENSG00000120457.12"
0.503225067530894,0.0323440889853741,"ENSG00000174370.10"
6.47073004973231e-19,0.0635059065178166,"ENSG00000134909.18"
0,0,"ENSG00000170322.14"
0,0,"ENSG00000170325.14"
0,0,"ENSG00000233220.3"
0,0.010824467145466,"ENSG00000084234.17"
0,0,"ENSG00000149418.11"
1.0004544092966e-12,0.0109227741656812,"ENSG00000196323.14"
0,0.0267229183580354,"ENSG00000255358.1"
0,0,"ENSG00000255220.1"
0,0,"ENSG00000272412.2"
7.17109767790996e-12,0.0862852760565013,"ENSG00000166106.3"
0,0,"ENSG00000255455.2"
0.0349340441530963,3.28420913371884e-20,"ENSG00000120451.10"
0.300370917624641,3.08277175795757e-19,"ENSG00000182667.14"
0.251386033774303,3.94809831349835e-11,"ENSG00000080854.15"
0,0.00826761948701266,"ENSG00000204241.8"
0.121131203698704,0.0779698440505625,"ENSG00000166086.13"
0.00730516623467536,0,"ENSG00000151503.12"
0,0,"ENSG00000151502.11"
0,0,"ENSG00000151500.15"
0,0,"ENSG00000151498.11"
0,0.0956557307161099,"ENSG00000149328.14"
0.368637692839596,3.50979462947381e-10,"ENSG00000226210.3"
0,0,"ENSG00000120645.12"
0,0.00477169922792929,"ENSG00000261799.1"
0,0,"ENSG00000073614.13"
0,0,"ENSG00000120647.10"
0.392248935618586,2.94754145518325e-12,"ENSG00000139044.12"
0,0,"ENSG00000171840.12"
0,0.335304414908768,"ENSG00000177406.5"
0,0,"ENSG00000060237.17"
0,0.0170076535582437,"ENSG00000285704.1"
0.388150992033254,0,"ENSG00000002016.18"
0,0,"ENSG00000250132.6"
0.00463034574912261,2.66732341116853e-11,"ENSG00000082805.20"
0,0,"ENSG00000275811.1"
6.51432467621568e-13,0.0766272751947538,"ENSG00000249028.2"
0,0,"ENSG00000111186.13"
0,0,"ENSG00000171823.7"
0.0908095617348713,2.75712673229983e-12,"ENSG00000006831.10"
0.353120788745378,7.81253069737903e-09,"ENSG00000271500.1"
0.347956579063046,0,"ENSG00000285627.1"
0.16943217317256,2.07237116747784e-11,"ENSG00000243663.1"
0,0,"ENSG00000151062.15"
0,0,"ENSG00000151065.14"
1.40118608395562e-18,0.0638763238096862,"ENSG00000151067.22"
0.0342098183617282,2.56334195992931e-12,"ENSG00000256025.2"
0,0.0369421701373452,"ENSG00000285555.1"
1.44309213367688e-13,0.254840127460882,"ENSG00000285734.1"
0,0,"ENSG00000246627.6"
0,0,"ENSG00000004478.8"
0.0610003991878822,0.242398639179411,"ENSG00000111203.13"
0,0,"ENSG00000053702.15"
0,0,"ENSG00000283297.2"
0,0,"ENSG00000111206.12"
0,0,"ENSG00000171792.11"
0,0,"ENSG00000078246.17"
0,0,"ENSG00000197905.9"
1.02953950463268e-19,0.390589199230282,"ENSG00000250899.3"
0.13362578804837,2.25261069368186e-19,"ENSG00000011105.14"
0,0,"ENSG00000130038.10"
0,0,"ENSG00000280202.1"
0,0,"ENSG00000111224.14"
0,0,"ENSG00000118976.5"
0,0,"ENSG00000256862.3"
0.274245933131111,1.72733448704132e-14,"ENSG00000255920.3"
0.209702249207502,0.0928503826953982,"ENSG00000118971.8"
0,0,"ENSG00000078237.7"
0.0783160634779883,5.64448600038114e-11,"ENSG00000047621.12"
3.82212084406449e-16,0,"ENSG00000111247.14"
0,0,"ENSG00000010219.13"
0.102095412531536,0,"ENSG00000111254.8"
0,0,"ENSG00000139180.11"
0,0,"ENSG00000256654.4"
0,0,"ENSG00000111262.6"
0,0,"ENSG00000047617.15"
0.0353040922195795,0.42677989382515,"ENSG00000110799.13"
6.10874486225492e-12,0.0670769790295102,"ENSG00000010278.14"
0.0324575715679938,4.53225384501662e-13,"ENSG00000008323.15"
0,0,"ENSG00000067182.7"
0.0101750603968908,0,"ENSG00000111319.13"
4.46819528464965e-21,0.0168370584996233,"ENSG00000111321.11"
0,0.378848803819627,"ENSG00000256433.3"
0.428214484508359,0,"ENSG00000215039.7"
0.155408415614384,0,"ENSG00000139193.3"
0,0,"ENSG00000139192.12"
0.0428913415810239,3.20302505793404e-11,"ENSG00000139190.16"
0.107972347038787,6.21415065626775e-21,"ENSG00000111639.8"
0,0,"ENSG00000010292.13"
0.102045853491374,1.06869927202254e-21,"ENSG00000111640.15"
0.0802493938204129,0.119046538472757,"ENSG00000010295.19"
0.239331356976241,0,"ENSG00000111641.11"
0,0.047925628305049,"ENSG00000111642.15"
1.35622708549421e-11,0.186111911947907,"ENSG00000184574.10"
2.26551135378358e-12,0.0151910174677512,"ENSG00000111644.8"
1.03271519458765e-15,0.0695829484387662,"ENSG00000111653.20"
0,0,"ENSG00000126746.17"
1.60340559713314e-12,0.0321411238281992,"ENSG00000139200.13"
0.25406525205562,0,"ENSG00000111652.10"
0.405167896875913,5.46517008777851e-21,"ENSG00000089693.10"
0,0,"ENSG00000159335.16"
0,0,"ENSG00000089692.9"
0,0.297731932151208,"ENSG00000010610.10"
0,0.357867175549642,"ENSG00000250510.8"
0,0,"ENSG00000110811.20"
0,0,"ENSG00000111664.10"
0,0,"ENSG00000111665.11"
0.110449354279304,4.08820393837393e-12,"ENSG00000111667.13"
0.486640734880803,6.33336177985804e-09,"ENSG00000111669.15"
0.54431684435507,1.08374036589848e-14,"ENSG00000111671.9"
0.48283987779284,4.34352584343191e-21,"ENSG00000240370.6"
0,0,"ENSG00000010626.15"
0,0,"ENSG00000248593.3"
0.167095943460613,7.39434906305591e-13,"ENSG00000111674.9"
0,0,"ENSG00000111676.15"
0,0,"ENSG00000111678.11"
0,0.550902791311774,"ENSG00000111679.17"
0.117800670903691,0,"ENSG00000215021.9"
0,0,"ENSG00000126749.16"
0.34608571210629,0.0756599752445915,"ENSG00000111684.11"
0,0,"ENSG00000182326.15"
0,0,"ENSG00000159403.18"
0.349216353042163,0,"ENSG00000139178.11"
0.444384113795685,0.0784722923567925,"ENSG00000205885.7"
0.095022734287429,1.17376411332023e-22,"ENSG00000139194.8"
0.260763450485942,2.41477452230942e-21,"ENSG00000256967.1"
0,0,"ENSG00000139182.15"
0,0,"ENSG00000139197.10"
4.48768851189473e-12,0.233684841327919,"ENSG00000177675.8"
0.549167909125598,0,"ENSG00000255836.1"
0.0624879933546958,5.96114523329563e-12,"ENSG00000177575.12"
0.527490337714401,1.58873090756023e-22,"ENSG00000173262.11"
0,0,"ENSG00000059804.16"
0,0,"ENSG00000065970.9"
0,0,"ENSG00000171860.5"
0,0,"ENSG00000089818.18"
0,0,"ENSG00000284697.1"
0.0774273816689219,6.05294086436671e-10,"ENSG00000226711.7"
0.143366747502158,0,"ENSG00000275367.1"
0,0,"ENSG00000215241.4"
0,0,"ENSG00000166523.8"
0,0,"ENSG00000255967.1"
0,0.00580048891999506,"ENSG00000197614.11"
0,0,"ENSG00000166532.16"
0,0,"ENSG00000249790.3"
0,0,"ENSG00000166535.20"
0,0,"ENSG00000111752.11"
0,0,"ENSG00000003056.8"
0,0,"ENSG00000139187.10"
0.262701723337145,0.0482374147592201,"ENSG00000245105.4"
0.573811284590183,1.88449654966577e-10,"ENSG00000175899.14"
0,0,"ENSG00000256937.1"
0.564259060399466,1.70495573919513e-14,"ENSG00000111788.10"
0.0766719373004671,0,"ENSG00000214826.5"
0.338912225987176,0,"ENSG00000256594.8"
0.157647778201666,0,"ENSG00000257027.1"
0,0,"ENSG00000069493.15"
0.136298277110332,0,"ENSG00000110848.8"
0,0.144261071626797,"ENSG00000110852.4"
0,0,"ENSG00000172322.14"
0,0,"ENSG00000150048.10"
1.3578978070915e-20,0.0095720411620225,"ENSG00000172243.17"
0,0,"ENSG00000173391.9"
0,0,"ENSG00000139112.11"
0.234411714864131,1.16971897988226e-14,"ENSG00000134539.17"
0,0,"ENSG00000245648.2"
0.682697662210344,6.9471902043542e-15,"ENSG00000180574.3"
0,0,"ENSG00000256667.6"
0,0,"ENSG00000111196.10"
0,0,"ENSG00000060138.13"
0,0,"ENSG00000231887.7"
0.0861597856755523,0.245115205208795,"ENSG00000121318.2"
0.160888247363634,0,"ENSG00000111215.12"
0.0240494165786697,0,"ENSG00000256682.2"
0,0,"ENSG00000212128.2"
0.00477326883846337,0,"ENSG00000134551.13"
0,0,"ENSG00000212127.5"
2.0669129207512e-15,2.1130339251906e-21,"ENSG00000212125.2"
0,0,"ENSG00000212126.3"
0,0,"ENSG00000255837.1"
0,0,"ENSG00000212124.2"
0,0,"ENSG00000256436.1"
0,0,"ENSG00000226761.3"
1.64462142915028e-15,0.0446320792931173,"ENSG00000256274.1"
0.164515715823864,0,"ENSG00000255374.3"
0.147879782741995,0.171460585781409,"ENSG00000256188.3"
0,0,"ENSG00000256981.1"
0.108188372117529,4.58930600331265e-13,"ENSG00000256712.1"
0,0,"ENSG00000256537.5"
0.496616215862254,0,"ENSG00000256657.1"
0.643139292127602,0.0234642136088724,"ENSG00000251655.6"
0.186660909304237,0.19376159103818,"ENSG00000121335.12"
0.655109316729747,1.59772480224941e-09,"ENSG00000255790.6"
0.658606651751464,2.82486172506414e-23,"ENSG00000270863.1"
0.294977350814825,0,"ENSG00000247157.7"
0,0,"ENSG00000139083.10"
0,0,"ENSG00000121380.12"
0.221090850461581,0.144104206310997,"ENSG00000070018.9"
0.399429368624011,0.0180445759880562,"ENSG00000111261.14"
0.47049565823841,0.155671209019531,"ENSG00000205791.3"
0,0,"ENSG00000165714.11"
0.21423156924701,1.18580770849879e-11,"ENSG00000111266.9"
5.67310881082705e-13,0.0123473278577666,"ENSG00000111269.3"
0.138518114510653,4.96948565673231e-14,"ENSG00000111276.11"
0,0,"ENSG00000275560.1"
1.67522959111448e-14,1.0601076003462e-20,"ENSG00000178878.12"
0,0,"ENSG00000213782.7"
0.0864647822995333,0,"ENSG00000013588.8"
9.38908783240254e-20,0.0588421472148406,"ENSG00000247498.10"
0,0,"ENSG00000013583.10"
0.00557894328993262,2.62055248293845e-11,"ENSG00000183935.5"
5.10670245652422e-11,0.0127605622871251,"ENSG00000084444.14"
0,0,"ENSG00000134531.10"
0,0.0869211220720016,"ENSG00000286869.1"
1.55646152925197e-19,0.110671558898817,"ENSG00000273079.5"
0,0,"ENSG00000171681.12"
1.23567649975872e-20,0.0117900740364515,"ENSG00000121316.11"
1.41815443680182e-11,0.586784998015743,"ENSG00000256751.6"
0,0.192571114042232,"ENSG00000070019.5"
0.421747063639049,1.09106899068194e-12,"ENSG00000261324.2"
0.622660526308833,0.0570260414499756,"ENSG00000197837.3"
0.239683067629377,1.16188122969677e-12,"ENSG00000246705.4"
0.0276813680326129,1.94365971254644e-15,"ENSG00000084463.8"
0.22424187700659,0.0339224489562276,"ENSG00000182993.5"
0.561567420446365,0.281949973035972,"ENSG00000111339.12"
0.196303112261295,0.269134075679241,"ENSG00000111341.10"
0.131442618121734,0.199259474588128,"ENSG00000111348.9"
0.653628301872525,0.208211780725203,"ENSG00000134533.6"
0.193731595733491,0.0853690841598314,"ENSG00000151490.14"
0.129811843963084,0.274178402767177,"ENSG00000151491.14"
0.114979776550957,0.290103426022439,"ENSG00000255565.1"
0,0,"ENSG00000023734.11"
0.0383222832830898,1.760110954728e-11,"ENSG00000023697.13"
0,0,"ENSG00000008394.13"
0,0,"ENSG00000256238.1"
0,0,"ENSG00000286303.1"
0,0,"ENSG00000256450.1"
0,0,"ENSG00000048540.15"
0,0.112655620859934,"ENSG00000256564.1"
0.119403149290012,5.68953750719766e-23,"ENSG00000283240.1"
0,0,"ENSG00000255871.2"
0.162760648108951,1.46122528742089e-12,"ENSG00000213235.3"
0,0,"ENSG00000052126.14"
0.206085504013287,0,"ENSG00000253284.2"
0,0,"ENSG00000243854.3"
0,0,"ENSG00000139154.15"
7.04142332826011e-11,0.0799974452644438,"ENSG00000245205.3"
0,0,"ENSG00000287074.1"
0.396874543747482,7.11492217439378e-12,"ENSG00000172572.6"
2.72362530382629e-16,0,"ENSG00000256663.1"
0.136469976052712,0.140063623208501,"ENSG00000139155.8"
0.0958352152952853,1.23951288873655e-12,"ENSG00000121350.16"
0.0418097924741634,1.54741025083331e-08,"ENSG00000004700.16"
6.14992517013783e-16,0,"ENSG00000111711.10"
0.101164826826706,4.56562772303151e-11,"ENSG00000134548.11"
0.247911073545723,1.24417128463455e-13,"ENSG00000111716.13"
0.118378755355995,4.68618559154508e-11,"ENSG00000121361.5"
0.0466632946261958,0.238875701397877,"ENSG00000069431.11"
0.0466404834404275,0,"ENSG00000111726.13"
0,0,"ENSG00000111728.10"
0,0,"ENSG00000111731.12"
0.0339990181075757,1.94676347822871e-22,"ENSG00000256973.1"
0,0,"ENSG00000139163.16"
0,0.0575266443995726,"ENSG00000134532.18"
0,0.347242231737369,"ENSG00000216192.1"
0,0,"ENSG00000256120.2"
0.00810284061896038,0,"ENSG00000060982.15"
0,0,"ENSG00000278969.1"
0.374150713493671,6.62086101755672e-12,"ENSG00000255921.1"
0,0,"ENSG00000118308.15"
0,0,"ENSG00000118307.19"
0,0,"ENSG00000205707.10"
0,0,"ENSG00000133703.12"
0.0682493606608746,0,"ENSG00000278743.1"
0,0.0293201499154139,"ENSG00000246695.8"
0,0.0734049010855987,"ENSG00000123094.15"
0,0.0431734625973655,"ENSG00000123095.6"
0,0,"ENSG00000123096.11"
2.11286194632669e-10,0.121112401652933,"ENSG00000256894.1"
0.00932301207974661,4.55820849998395e-14,"ENSG00000123104.12"
7.9362709272844e-13,0.144330063896063,"ENSG00000234428.2"
0,0,"ENSG00000064102.15"
0,0,"ENSG00000111790.14"
0,0,"ENSG00000064115.11"
0,0,"ENSG00000152944.9"
0,0,"ENSG00000275764.1"
0.462947379795649,0.245225503054006,"ENSG00000256625.1"
0.0951453024000591,0,"ENSG00000211455.8"
0,0,"ENSG00000029153.14"
0,0,"ENSG00000110841.14"
0,0,"ENSG00000248100.2"
0,0,"ENSG00000256056.1"
0.0739983980656787,0.28449874549123,"ENSG00000174236.4"
0.0330846596034807,0,"ENSG00000061794.13"
0,0.0605211284987299,"ENSG00000087448.11"
0.477979114637537,0.0570101918404284,"ENSG00000087494.16"
0,0,"ENSG00000123106.10"
0,0,"ENSG00000247934.4"
0.469842554540817,4.40727043458984e-15,"ENSG00000202187.1"
0,0,"ENSG00000064763.11"
0,0.0683434384307661,"ENSG00000257176.3"
0.284733622420654,1.22408347845146e-22,"ENSG00000274315.1"
0,0,"ENSG00000087502.18"
0.0238450200459923,0,"ENSG00000257599.3"
0.370560512251651,0.37219993556213,"ENSG00000187950.8"
2.40946515679488e-14,0.0489909050607118,"ENSG00000133687.16"
0,0.102859821120875,"ENSG00000242986.2"
0,0,"ENSG00000133704.10"
0.169881978729696,0.177249102169463,"ENSG00000110888.17"
0.261129126750886,0.152772386185934,"ENSG00000285517.1"
0.44615720528687,5.97210107066884e-11,"ENSG00000110900.15"
0,0,"ENSG00000226472.8"
0.447111923565653,2.2462913487447e-14,"ENSG00000013573.17"
0,0,"ENSG00000139146.14"
0,0,"ENSG00000177340.5"
0,0,"ENSG00000170456.16"
0.264382548100022,0.0853204566361877,"ENSG00000139160.13"
0.0217545238788348,0.116563752266849,"ENSG00000151743.11"
0.31419777290732,0.0134249188337945,"ENSG00000276058.1"
0,0,"ENSG00000276900.1"
0,0,"ENSG00000174718.12"
0,0,"ENSG00000151746.14"
0,0,"ENSG00000274964.1"
2.32587546822832e-16,0,"ENSG00000276115.1"
8.32146307041715e-14,0.175107451506973,"ENSG00000139132.14"
0.0705750723986967,2.20017375121093e-21,"ENSG00000087470.18"
5.57829714229423e-11,0.119922302031277,"ENSG00000257511.1"
0.186632256779006,0.0635052319674193,"ENSG00000139131.13"
0,0,"ENSG00000274105.1"
0.023496642820931,0,"ENSG00000057294.14"
0,0,"ENSG00000139133.7"
0,0,"ENSG00000175548.9"
0,0,"ENSG00000139117.14"
0,0.534022025179381,"ENSG00000257718.1"
0.00800784491584241,0,"ENSG00000139116.18"
0.240561619856353,0.142276514992639,"ENSG00000173208.4"
0,0.239529672022796,"ENSG00000285732.1"
0.180455765326198,0.207698074539301,"ENSG00000151229.13"
0.347669420698123,0.141479559086045,"ENSG00000225342.2"
0,0,"ENSG00000188906.16"
2.50632094710404e-22,2.47734234087494e-15,"ENSG00000205592.14"
0.445938570963466,0,"ENSG00000018236.15"
0,0,"ENSG00000165966.16"
0.397930779232546,0,"ENSG00000151233.11"
0.11718002674948,5.50181099245153e-10,"ENSG00000015153.14"
0,0,"ENSG00000134283.18"
0,0,"ENSG00000139168.8"
0.319404714538638,0.149710745901527,"ENSG00000207142.1"
0,0.181393024742065,"ENSG00000139174.12"
0.0262709259681943,1.04829949411778e-12,"ENSG00000129317.14"
0.163773476543516,0.0975911277830265,"ENSG00000257896.1"
0,0.0588868968121059,"ENSG00000198001.13"
0.0210606863652126,6.93027433483343e-23,"ENSG00000151239.13"
0.151863120439508,0,"ENSG00000139173.10"
0.099739997113111,0,"ENSG00000184613.10"
0,0,"ENSG00000185610.6"
0,0.272721697990327,"ENSG00000134297.6"
0,0,"ENSG00000177119.16"
0,0,"ENSG00000273015.2"
0,0,"ENSG00000189079.17"
0,0,"ENSG00000139218.18"
0.00123483777562005,1.74235160032469e-10,"ENSG00000111371.16"
0,0,"ENSG00000134294.14"
1.06421889424428e-11,0.60017994989721,"ENSG00000258096.1"
0.186981698772778,2.27905047246237e-06,"ENSG00000257261.6"
0.130521217730452,0.0923057216645453,"ENSG00000275481.1"
0.142064912305057,0.0779523546157532,"ENSG00000278896.1"
0.350493695770463,0.20835817868033,"ENSG00000139209.16"
0.343619272061105,6.79532029291268e-11,"ENSG00000139211.6"
0.398923040122637,7.54236906172448e-11,"ENSG00000179715.13"
0.132250264234303,1.84756756215778e-10,"ENSG00000247774.7"
0.00817948713817918,3.45663823700078e-12,"ENSG00000005175.10"
0,0,"ENSG00000257433.6"
5.56169468278357e-16,0,"ENSG00000111405.9"
0,0,"ENSG00000280054.1"
0.503258720519936,0.0537582937868851,"ENSG00000079337.16"
0,0,"ENSG00000211584.14"
0,0,"ENSG00000061273.18"
3.24010652762597e-15,0.00348083077803556,"ENSG00000274737.1"
1.09933130181455e-19,0.151331103607428,"ENSG00000111424.11"
0.104655376008743,0,"ENSG00000134291.12"
0.0289209377863549,0,"ENSG00000139219.19"
0,0,"ENSG00000079387.14"
0,0,"ENSG00000240399.1"
2.41338598753655e-12,0.0103327096569234,"ENSG00000152556.17"
0.23930709685874,2.17230041754967e-10,"ENSG00000177981.11"
0.118903556576908,0,"ENSG00000177875.5"
0,0,"ENSG00000269514.3"
0,0,"ENSG00000167528.12"
0,0,"ENSG00000139620.12"
0,0,"ENSG00000129315.11"
0,0,"ENSG00000174233.11"
1.12411596927354e-11,0.0712328972946498,"ENSG00000167535.8"
0.0342838752310134,1.44816762281887e-21,"ENSG00000174243.10"
0,0,"ENSG00000172602.11"
0,0,"ENSG00000139537.11"
0.314531773235163,0.0985469656295794,"ENSG00000134285.11"
0.140601740594988,6.89059241289356e-14,"ENSG00000134287.10"
0,0,"ENSG00000181929.13"
0,0,"ENSG00000167548.15"
0.258419808115123,1.64144602727686e-11,"ENSG00000139549.4"
0.244638764339565,3.16319878986591e-12,"ENSG00000139636.15"
0.205819239475953,2.52845296928121e-22,"ENSG00000123416.15"
0.0595155014959088,3.2519607714245e-19,"ENSG00000258017.2"
0.335911116572995,5.26505368147903e-21,"ENSG00000167552.14"
0.237719508660485,0,"ENSG00000167553.15"
0.107286383658218,0,"ENSG00000135451.13"
0,0.380143807733457,"ENSG00000123352.17"
0,0,"ENSG00000257954.1"
1.9292991580977e-11,0.0462641054291456,"ENSG00000135519.8"
0.265598885531828,0,"ENSG00000187778.14"
0,0,"ENSG00000110844.13"
0,0,"ENSG00000257964.1"
0,0,"ENSG00000135436.8"
0.475005820999859,0.105364969306906,"ENSG00000161791.14"
0,0,"ENSG00000139644.13"
0,0.0141520131485251,"ENSG00000167566.17"
0.503765497234923,0.118380180125138,"ENSG00000258057.6"
0,0,"ENSG00000186666.6"
0.494154965278962,0,"ENSG00000135472.9"
0,0,"ENSG00000086159.13"
0.236869541909885,9.64139733102623e-15,"ENSG00000161800.13"
0.227726163251624,4.08757141660738e-13,"ENSG00000110881.11"
0.246441757884934,3.93490970935296e-12,"ENSG00000066117.15"
0.323701524447256,0.223735465350526,"ENSG00000167588.13"
0.207460292909066,0.158564361276198,"ENSG00000178449.9"
0.0298261045501562,1.04100787854635e-21,"ENSG00000272368.2"
0,0,"ENSG00000139624.13"
0,0,"ENSG00000050405.13"
0.399445958433557,1.9152644257588e-11,"ENSG00000257298.1"
0.102460397782811,0.371619264167278,"ENSG00000257531.2"
1.79994604919774e-11,0.000480511006879505,"ENSG00000257256.1"
0,0,"ENSG00000278842.1"
0.203327167402022,1.02660961608519e-11,"ENSG00000185958.10"
0,0,"ENSG00000161813.22"
0,0,"ENSG00000066084.13"
0,0,"ENSG00000123268.9"
0,0,"ENSG00000185432.12"
0.371837965467159,0,"ENSG00000271596.1"
0.218385046030776,1.7652975180923e-15,"ENSG00000110911.16"
2.36945738840461e-20,0.0538498567046044,"ENSG00000050426.16"
0,0,"ENSG00000110925.7"
2.45604173593642e-21,0.108339334654199,"ENSG00000135457.10"
0,0,"ENSG00000257246.1"
0.463744724904498,0.0599960786602066,"ENSG00000184271.17"
0,0,"ENSG00000278126.1"
0.0990401599311026,1.5339030443751e-20,"ENSG00000183283.16"
0.0538899870268294,0,"ENSG00000170545.17"
0,0,"ENSG00000110934.12"
2.06771998024497e-14,0.179300648100358,"ENSG00000139629.16"
8.62569240366748e-13,0.0136279258914633,"ENSG00000050438.17"
0,0.0605718285137803,"ENSG00000196876.17"
0.509790737805729,0.0431484379940933,"ENSG00000261308.2"
0,0,"ENSG00000139567.12"
0,0,"ENSG00000135503.13"
0.38400447964159,0.166342212094171,"ENSG00000161835.11"
0.13693302053262,4.8784554585534e-15,"ENSG00000123358.20"
0,0,"ENSG00000123395.14"
0.519963615577984,2.10024087405329e-12,"ENSG00000135480.16"
0.629182630113085,0.186151388801312,"ENSG00000170421.12"
1.28529895232516e-11,0.0678141708607348,"ENSG00000111057.11"
0.092353880871536,0,"ENSG00000063046.17"
0.526847594476163,2.67031971000038e-21,"ENSG00000257337.7"
0.223568879081823,0.0863045690579806,"ENSG00000111077.17"
0,0,"ENSG00000167778.9"
0.443865656163186,1.21498448144877e-11,"ENSG00000167779.9"
0,0,"ENSG00000139631.18"
0,0,"ENSG00000139651.11"
0,0,"ENSG00000139626.16"
0,0,"ENSG00000172819.17"
0,0,"ENSG00000182544.8"
0.517054311046551,0.0786074413734009,"ENSG00000135476.11"
0.139348458129343,2.70854731296608e-12,"ENSG00000123349.14"
0,0,"ENSG00000139637.14"
0,0,"ENSG00000094914.14"
0,0,"ENSG00000170374.6"
0,0,"ENSG00000185591.10"
0.061647163840892,1.10600393548299e-09,"ENSG00000205352.11"
0,0,"ENSG00000197111.15"
0.478624647957673,5.71048441366455e-08,"ENSG00000139625.13"
0,0,"ENSG00000270175.1"
0,0,"ENSG00000139546.11"
0,0,"ENSG00000170653.19"
0,0,"ENSG00000285692.1"
0.243082451174852,4.28927451018287e-12,"ENSG00000135390.20"
1.79469692293922e-18,0.022406552893185,"ENSG00000012822.16"
0,0.0964545452078182,"ENSG00000228630.5"
0.205553752058585,0,"ENSG00000123388.4"
0.227361726042421,0.149689327895229,"ENSG00000251151.2"
0.181578166987829,0.211912526542911,"ENSG00000180818.5"
0,0.0108873720308912,"ENSG00000197757.8"
0.337878697624085,0,"ENSG00000250133.2"
0.0500650507114689,0.0147115620944504,"ENSG00000180806.5"
0.461520518375949,0.189522624642732,"ENSG00000250451.5"
0.651762353164516,0.286304188150377,"ENSG00000037965.6"
0,0.0226162913112267,"ENSG00000198353.8"
0,0,"ENSG00000260597.1"
0.0251931146518177,0.212576714845083,"ENSG00000172789.3"
0.547985292963287,0.296761806324348,"ENSG00000248265.2"
0.214276380400805,0.110737464638915,"ENSG00000250654.7"
0,0,"ENSG00000123415.15"
0,0,"ENSG00000250742.4"
0.166350805898165,0.141739315429306,"ENSG00000260470.1"
0.0843065032894281,7.24856708893745e-12,"ENSG00000094916.16"
0.138185283930437,3.44193152080383e-11,"ENSG00000135486.17"
0,0,"ENSG00000123405.14"
0.137025592890016,6.94494993797343e-14,"ENSG00000111481.10"
0,0,"ENSG00000139572.4"
0.195889011867535,0.0169889695871552,"ENSG00000161642.17"
0.342867517702347,0.128623312868559,"ENSG00000161638.11"
0.373990882488451,3.18653353701186e-12,"ENSG00000123338.13"
0.27728460024571,2.01001540093741e-13,"ENSG00000123360.12"
0.141003893115413,0.14164286252947,"ENSG00000135447.17"
0,0.100639481387422,"ENSG00000135426.16"
0,0,"ENSG00000179899.8"
0.483039947547265,5.23918092930623e-22,"ENSG00000170439.7"
0,0,"ENSG00000135424.16"
0.212157853390837,6.72379740435251e-18,"ENSG00000258311.5"
0.166606365529168,1.1156835168023e-19,"ENSG00000135441.7"
0,0,"ENSG00000135437.9"
0.129951110455336,3.77678341253299e-15,"ENSG00000135404.11"
0,0,"ENSG00000258056.2"
0.167177220261917,0,"ENSG00000135414.10"
0,0,"ENSG00000205323.9"
0,0,"ENSG00000257390.5"
0,0,"ENSG00000257509.1"
0,0,"ENSG00000123353.10"
5.67499201674365e-10,0.0678693403178243,"ENSG00000135392.16"
0.443443648178651,1.68276494873695e-12,"ENSG00000182796.14"
0,0,"ENSG00000123342.16"
0,0,"ENSG00000170473.17"
5.98251672715483e-09,0.032457355339904,"ENSG00000065357.20"
0.0919668964773134,3.96236304437486e-12,"ENSG00000123374.11"
0.0381556512284711,1.12094498283076e-12,"ENSG00000111540.16"
0,0.0918256834331389,"ENSG00000139531.13"
0,0,"ENSG00000123411.15"
0.216944496632163,0,"ENSG00000197728.11"
4.20734633222342e-13,0.0422318477203223,"ENSG00000065361.15"
0.0288012103581093,3.77716829895939e-11,"ENSG00000170515.14"
0.0303515223460313,0,"ENSG00000229117.9"
0,0,"ENSG00000139641.12"
0,0,"ENSG00000135482.7"
0.209391248338367,0.188900101916771,"ENSG00000258317.1"
0,0,"ENSG00000196465.10"
0.0842498584838568,1.98792728030219e-11,"ENSG00000092841.18"
3.53348749170702e-12,0.05219318783419,"ENSG00000139613.12"
0.00311391414004455,0,"ENSG00000181852.18"
0,0,"ENSG00000139579.13"
0,0,"ENSG00000139645.10"
7.9651436461878e-13,0.0199723556324837,"ENSG00000135469.13"
0.413174779841604,0.121247925360077,"ENSG00000062485.19"
0,0,"ENSG00000257303.2"
0,0,"ENSG00000257727.6"
0,0,"ENSG00000135473.15"
0.275257536248221,0,"ENSG00000110944.9"
0.204880443235039,0,"ENSG00000170581.14"
0.531108569208315,2.93111600663444e-11,"ENSG00000111602.12"
0,0,"ENSG00000176422.14"
1.80081616021366e-12,0.032266955368298,"ENSG00000076067.13"
0,0,"ENSG00000076108.11"
0.0489224140136555,7.18485843853495e-13,"ENSG00000110955.9"
0,0,"ENSG00000207031.1"
0.153281180155347,1.81129186135855e-12,"ENSG00000110958.16"
0.0566340933656555,0,"ENSG00000196531.11"
0,0,"ENSG00000198056.15"
0,0,"ENSG00000025423.11"
0,0.40643703916928,"ENSG00000139547.7"
0,0,"ENSG00000166856.3"
0,0,"ENSG00000166860.3"
0,0,"ENSG00000166881.10"
0.163715988721587,0.0638281438855601,"ENSG00000166886.13"
0,0,"ENSG00000166888.12"
0,0.103039408901687,"ENSG00000123384.14"
0,0,"ENSG00000259125.1"
0.326416286131121,0,"ENSG00000182379.10"
0.0559709662120953,3.90949048984239e-08,"ENSG00000182199.11"
0,0,"ENSG00000185633.10"
0,0.221279763525844,"ENSG00000185482.8"
0.0938288991746561,0.0125299482949768,"ENSG00000179912.20"
0.0145843043274391,0.209165871216561,"ENSG00000139269.3"
0,0.0618630398207723,"ENSG00000111087.10"
0,0,"ENSG00000123329.19"
0,0,"ENSG00000166986.15"
0,0,"ENSG00000175197.12"
0,0,"ENSG00000208028.1"
0,0,"ENSG00000166987.15"
0.152831426358558,0,"ENSG00000175203.15"
4.32759617242712e-19,0.124010713237363,"ENSG00000155980.12"
0,0.118593583658644,"ENSG00000166908.18"
0,0.0857292599455778,"ENSG00000178498.16"
4.76412371712523e-20,0.192300687062116,"ENSG00000240771.8"
0,0,"ENSG00000135454.14"
0,0,"ENSG00000135506.16"
0.120811856759665,0.0222345461923766,"ENSG00000135439.11"
0,0,"ENSG00000135452.10"
0.034307867484004,4.45387494119134e-11,"ENSG00000135446.17"
0,0,"ENSG00000139266.6"
0.0275968249740184,0,"ENSG00000111012.10"
3.15476414918492e-16,0,"ENSG00000037897.17"
0,0,"ENSG00000123427.17"
0,0,"ENSG00000123297.19"
0.410927062464123,1.65732910169035e-13,"ENSG00000135407.10"
0,0.0291256884868565,"ENSG00000270039.1"
0,0.309179926004712,"ENSG00000269903.1"
0,0,"ENSG00000175215.11"
0,0,"ENSG00000245651.3"
0.41644154393007,0.168079610387404,"ENSG00000166896.9"
1.50309146520832e-15,0,"ENSG00000257698.2"
0,0.0191458846094894,"ENSG00000139263.11"
0.564089137145698,1.02181997432431e-12,"ENSG00000244390.2"
0,0,"ENSG00000118596.12"
0,0,"ENSG00000198673.10"
0,0,"ENSG00000135655.16"
9.73136635282349e-18,2.41487653947685e-19,"ENSG00000275881.1"
0,0.155597687097936,"ENSG00000061987.16"
0.48541209144091,0.0422302816999593,"ENSG00000221949.5"
0,0.00945930759323902,"ENSG00000257354.2"
0,0.207766045836053,"ENSG00000275180.1"
0,0.0032192147471278,"ENSG00000111110.12"
0.259891443582099,1.47734096691784e-14,"ENSG00000139239.7"
3.69848837118951e-16,0,"ENSG00000166148.3"
0,0,"ENSG00000177990.12"
0,0,"ENSG00000118600.12"
0,0,"ENSG00000255642.1"
0.246215674086597,0.0632456689310744,"ENSG00000196935.9"
0,0,"ENSG00000256399.1"
0,0,"ENSG00000174206.12"
0,0,"ENSG00000184575.12"
0,0,"ENSG00000183735.10"
0.385673782604664,0.0730435091688379,"ENSG00000153179.13"
0,0.0385656406506559,"ENSG00000135677.11"
0.631142344706085,0,"ENSG00000111490.14"
0,0,"ENSG00000156076.10"
0,0,"ENSG00000174106.3"
0,0,"ENSG00000276853.1"
2.45181802374685e-15,0,"ENSG00000174099.11"
0,0,"ENSG00000250280.2"
0,0,"ENSG00000215208.3"
0,0,"ENSG00000256268.2"
0,0,"ENSG00000241749.4"
0.335907142194644,0,"ENSG00000149948.13"
0,0,"ENSG00000197301.7"
0.360645684747144,2.33146828297264e-16,"ENSG00000256083.1"
0,0,"ENSG00000139233.7"
0.552900617735651,0.00957250251844766,"ENSG00000155957.17"
0.0184105734637141,0,"ENSG00000090376.11"
0.0722003142279085,0,"ENSG00000225422.4"
0.380015111730053,0.112795703956889,"ENSG00000127311.9"
0,0,"ENSG00000155974.12"
0,0,"ENSG00000111530.13"
2.60363273684934e-16,0.0588284670517234,"ENSG00000127334.10"
0.0508766361808048,0,"ENSG00000111536.5"
0,0,"ENSG00000111554.14"
0.0688136612329805,8.36751396314684e-22,"ENSG00000251301.7"
0,0.0649090018383873,"ENSG00000127314.18"
0.0240323072850365,0,"ENSG00000234040.3"
0,0,"ENSG00000206650.1"
0,0,"ENSG00000234925.2"
0.317508183104182,5.79163791920734e-15,"ENSG00000247363.2"
0,0,"ENSG00000111581.10"
0,0,"ENSG00000233560.2"
0,0,"ENSG00000175782.10"
0,0,"ENSG00000135679.25"
0.392579071200477,0.0672000290139465,"ENSG00000256325.1"
9.20237612171008e-16,0,"ENSG00000135678.12"
0.0960661312821321,2.47155917206177e-20,"ENSG00000257289.1"
0,0,"ENSG00000111605.18"
0,0,"ENSG00000257818.1"
0,0,"ENSG00000090382.6"
0.24711489282533,0.0544932046514994,"ENSG00000127337.7"
0,0,"ENSG00000166225.8"
0.104811904400744,5.09569747108105e-21,"ENSG00000166226.13"
0.354075247686933,3.65620812398659e-15,"ENSG00000127325.19"
0.17968542556727,3.97908556441961e-11,"ENSG00000127328.21"
0,0.173762045323373,"ENSG00000166268.11"
0.362318596961731,1.01481738545152e-13,"ENSG00000257815.6"
0.0169844665815355,1.20601415245118e-10,"ENSG00000111596.12"
0,0,"ENSG00000279530.2"
0.346582871271903,3.86176928964437e-10,"ENSG00000135643.5"
1.99732659858014e-12,0.0321147492196832,"ENSG00000258168.6"
0,0.0752952877084003,"ENSG00000127329.15"
0.311842578036506,0.038535982628038,"ENSG00000127324.9"
0.281155713027679,0.165772494872784,"ENSG00000139292.13"
5.77181517030127e-15,0.0235158786852787,"ENSG00000133858.16"
0,0,"ENSG00000173451.7"
0,0,"ENSG00000139291.14"
0,0,"ENSG00000080371.6"
0,0.0503973378466341,"ENSG00000121749.15"
0.0796712664256112,0,"ENSG00000257802.1"
0.0908319701616604,0.382302200885791,"ENSG00000072657.9"
0,0.427664123131928,"ENSG00000236333.4"
0,0,"ENSG00000253719.4"
0,0,"ENSG00000180881.19"
0,0.236153335019961,"ENSG00000173401.10"
0.427662576223452,0.0425383636956197,"ENSG00000180481.11"
0,0,"ENSG00000139278.10"
0.595550342356102,9.03017559209874e-14,"ENSG00000257497.2"
0.00972491893985428,4.68998424541492e-11,"ENSG00000111615.14"
0.637195386216048,0.0636926941353707,"ENSG00000139289.13"
0.0106425832193856,2.96434157054462e-10,"ENSG00000187109.14"
6.40932219676881e-21,0.0504096771410996,"ENSG00000179941.9"
0,0,"ENSG00000091039.17"
0,0,"ENSG00000186908.14"
0.132750476240241,4.10806647071854e-12,"ENSG00000175183.10"
0.578275959404383,1.83532034118923e-14,"ENSG00000165891.16"
0,0,"ENSG00000067798.16"
0.117486719750124,0,"ENSG00000257835.2"
0,0,"ENSG00000258066.1"
0,0,"ENSG00000067715.14"
0,0,"ENSG00000257474.5"
0.603844177727797,3.78924551057365e-15,"ENSG00000257956.1"
0,0,"ENSG00000177425.11"
0.0126286590328524,3.59854826044341e-10,"ENSG00000058272.19"
0.131612150716109,1.89992157253043e-13,"ENSG00000277130.1"
1.39438574616402e-13,0.0152355102692272,"ENSG00000258044.1"
0,0,"ENSG00000257557.2"
0,0,"ENSG00000165899.11"
0,0.343728900567343,"ENSG00000139304.16"
0,0.0385445913677231,"ENSG00000111052.7"
0,0,"ENSG00000111058.8"
0.119350491518836,1.22557762756887e-11,"ENSG00000139220.16"
0,0,"ENSG00000257467.6"
0.332812661632883,0,"ENSG00000258162.4"
0,0,"ENSG00000133773.12"
0.0907561112795638,2.44187883048036e-20,"ENSG00000127720.8"
0,0,"ENSG00000179104.9"
0,0.0290114389939902,"ENSG00000072041.17"
0.0280403291426535,0,"ENSG00000133640.20"
0.480781206406503,0,"ENSG00000198774.5"
0,0,"ENSG00000133641.18"
0,0,"ENSG00000198707.16"
0,0,"ENSG00000139324.12"
0.0664162627752737,0.0229174028294188,"ENSG00000049130.16"
0,0,"ENSG00000139318.8"
2.92977267340605e-12,0.265705992934678,"ENSG00000274021.1"
0,0.00576817092147219,"ENSG00000286608.1"
0,0,"ENSG00000271327.1"
0.316386351964585,0.221805430420798,"ENSG00000139323.14"
0.0986300251774121,0.054323947586726,"ENSG00000259075.6"
0.047182121467063,1.9103461005764e-14,"ENSG00000257594.4"
4.26668679497387e-12,0.0350134855353725,"ENSG00000270344.3"
2.88510729325929e-15,0,"ENSG00000258302.2"
0.0936779294688426,0,"ENSG00000070961.15"
0,0,"ENSG00000271614.1"
0,0.0585677898529653,"ENSG00000258216.7"
0.122283497111357,0.595998239352864,"ENSG00000257194.2"
0,0,"ENSG00000139329.5"
0,0,"ENSG00000011465.17"
0,0,"ENSG00000257242.8"
5.59529274284755e-13,0.460077626112743,"ENSG00000286907.1"
0.425066465740411,0.082523159061934,"ENSG00000287714.1"
0,0,"ENSG00000133639.5"
0,0,"ENSG00000245904.4"
0,0,"ENSG00000277851.2"
0,0,"ENSG00000205056.8"
0,0,"ENSG00000102189.17"
0,0,"ENSG00000258012.1"
3.50964854504194e-11,0.100564497747158,"ENSG00000257195.1"
0.45049336456152,0,"ENSG00000257322.6"
0.110168408390337,0.218925539849403,"ENSG00000257252.6"
0.0173571211934058,1.55897757543033e-17,"ENSG00000173598.14"
0.0776017147949857,1.62994575856921e-12,"ENSG00000177889.10"
0,0,"ENSG00000198015.13"
0,0,"ENSG00000246985.8"
0,0,"ENSG00000120833.14"
0,0,"ENSG00000169372.13"
0,0,"ENSG00000258274.1"
0,0,"ENSG00000264978.2"
0.404500636317724,0.174097567322459,"ENSG00000136040.9"
0.260325915696485,1.67934982528274e-19,"ENSG00000173588.15"
0,0.0170676379132483,"ENSG00000057704.13"
0.111458705270725,2.69485501413875e-11,"ENSG00000184752.13"
0,0,"ENSG00000120798.17"
0.109529913836822,1.24814968766256e-22,"ENSG00000180263.14"
2.53185935703689e-18,0.0825323025649473,"ENSG00000028203.18"
0.187502322409927,1.48612362999987e-15,"ENSG00000111142.14"
0.0449320351865277,6.5745900661953e-09,"ENSG00000136014.12"
0.00741696764628288,8.01853891325036e-11,"ENSG00000074527.12"
0.119461666960681,7.37696775095403e-12,"ENSG00000139343.10"
0.0128833070305307,3.9329872822507e-15,"ENSG00000084110.11"
0,0,"ENSG00000111144.10"
0.135896122623998,0.000540547150946572,"ENSG00000111145.8"
0,0,"ENSG00000287454.1"
0.0196653861961886,0,"ENSG00000059758.8"
0.0280739460574193,2.62771278206599e-12,"ENSG00000257169.1"
0,0,"ENSG00000188596.11"
0,0,"ENSG00000139350.11"
0.238452209722668,0,"ENSG00000206899.1"
0,0,"ENSG00000227825.4"
0,0,"ENSG00000257167.2"
0,1.09211025300093e-15,"ENSG00000120802.13"
0.471803052088745,1.68424034724099e-11,"ENSG00000075415.12"
0.287084375210638,0.0765807074219904,"ENSG00000212443.1"
0.0937867388650464,1.4469254365835e-10,"ENSG00000166130.15"
0.0573033144101918,5.35493737864025e-11,"ENSG00000120868.13"
0.283878811913958,0.0238393741187159,"ENSG00000185046.18"
0.293317945393554,0,"ENSG00000180219.2"
0,0,"ENSG00000279148.1"
0,0,"ENSG00000111647.13"
0,0,"ENSG00000280088.1"
0,0,"ENSG00000238105.7"
2.09040940892045e-15,0,"ENSG00000075089.9"
0,0,"ENSG00000136021.19"
0,0.00176509097446803,"ENSG00000139354.11"
3.80500321475491e-11,0.0106237678343446,"ENSG00000120800.5"
0,0,"ENSG00000120805.14"
0.0148445593116181,0.0419970735671004,"ENSG00000111666.11"
0,0,"ENSG00000139351.15"
0.199644513951142,1.24353840434147e-11,"ENSG00000111670.16"
0,0.496612983651676,"ENSG00000258230.2"
0,0,"ENSG00000136048.14"
0,0,"ENSG00000120860.11"
0,0,"ENSG00000075188.9"
0,0,"ENSG00000185480.11"
0.368031741069792,0.0806157579798818,"ENSG00000281344.1"
0,0,"ENSG00000017427.16"
0,0.0378111683840736,"ENSG00000136011.15"
0.077127990949656,0,"ENSG00000111696.12"
0,0,"ENSG00000214198.8"
0,0,"ENSG00000166598.15"
2.75125366246539e-12,0.130426251946992,"ENSG00000204954.10"
0,0,"ENSG00000139372.15"
0,0,"ENSG00000120820.12"
0,0,"ENSG00000111727.12"
0.145994868907019,9.97579572097156e-22,"ENSG00000120837.8"
0,0.135566502460251,"ENSG00000198431.16"
0.476968383838287,9.48888934494869e-12,"ENSG00000213442.5"
6.85645553896214e-21,0.0186665668102498,"ENSG00000255150.2"
0.0956523543912644,1.01541725933039e-12,"ENSG00000171310.11"
0.20015692315643,2.23833269863382e-12,"ENSG00000279176.1"
0.171247637707281,1.40785518091192e-20,"ENSG00000136052.9"
0.221835065144068,1.81410840209109e-15,"ENSG00000151131.11"
0,0,"ENSG00000136010.14"
0.0270896817833231,0,"ENSG00000136051.14"
0,0,"ENSG00000136044.12"
0.0861952360614437,0.101895549546093,"ENSG00000235162.8"
0.281652967354775,0.165388083266754,"ENSG00000074590.13"
0.517197352403949,0.0157583557015259,"ENSG00000257438.1"
0,0,"ENSG00000136026.14"
0,0,"ENSG00000277715.1"
0,0,"ENSG00000166046.11"
0.0513838152964667,8.50408744429399e-12,"ENSG00000013503.10"
0,0,"ENSG00000111785.20"
0,0,"ENSG00000287957.1"
0,0,"ENSG00000260329.1"
0.115458170667831,2.44261472099282e-12,"ENSG00000151135.10"
0,0.314064116797519,"ENSG00000120832.10"
0.0433712979479736,0,"ENSG00000008405.12"
7.31932025391136e-09,0.00919646556918993,"ENSG00000151136.15"
0,0,"ENSG00000136045.12"
0,0,"ENSG00000110851.12"
0,0,"ENSG00000258136.2"
0,0,"ENSG00000174600.14"
0,0,"ENSG00000198855.7"
0,0,"ENSG00000075856.12"
0,0,"ENSG00000287202.1"
0,0,"ENSG00000136003.15"
0,0,"ENSG00000183160.9"
0,0,"ENSG00000110876.9"
0,0,"ENSG00000257221.4"
0.119345580462541,2.12578136640245e-12,"ENSG00000110880.10"
0,0.129533805638671,"ENSG00000084112.15"
0,0,"ENSG00000274598.1"
0,0.161260583187363,"ENSG00000135093.13"
0,0,"ENSG00000189046.11"
0,0.265967985320506,"ENSG00000076248.10"
0,0.0738420151235897,"ENSG00000256139.2"
0.1433641988067,0.227215774637952,"ENSG00000076555.15"
0.326178987590068,0.35972362995611,"ENSG00000139445.18"
0,0,"ENSG00000174527.9"
0,0,"ENSG00000110906.13"
0,0,"ENSG00000151148.14"
0.741755551712574,5.39898760254612e-10,"ENSG00000139428.12"
0.488993576547403,0.0577044986765941,"ENSG00000110921.14"
0.106825558432858,0,"ENSG00000139438.5"
1.25387627877129e-11,0.174838582560609,"ENSG00000255650.6"
0,0,"ENSG00000111199.10"
0.190486099143835,0.192631136926597,"ENSG00000139433.10"
0.1101634352227,0.148847793406423,"ENSG00000139437.18"
8.83018313379255e-15,0.0438133521233173,"ENSG00000139436.21"
0.0384959780993384,3.00111960947669e-20,"ENSG00000076513.17"
0.45653690379177,2.02336486161554e-15,"ENSG00000174456.14"
0,0,"ENSG00000122970.16"
0,0,"ENSG00000174437.17"
0,0,"ENSG00000196510.12"
0.00507086349014441,1.26821705246407e-11,"ENSG00000111229.16"
0.00731338608320492,0,"ENSG00000111231.9"
0,0,"ENSG00000204856.12"
0.0415840490743979,0,"ENSG00000111237.19"
0,0,"ENSG00000278993.1"
0.262180145650422,0.200373338756556,"ENSG00000151164.18"
0,0.0629816457658539,"ENSG00000196850.6"
0.470925224482969,4.93733562165661e-12,"ENSG00000204852.16"
0.0902411383752477,7.79996725829349e-21,"ENSG00000122986.13"
0.262478072509441,0,"ENSG00000186298.12"
0,0,"ENSG00000111249.14"
0.423187289172241,0,"ENSG00000198324.13"
0.389599140251825,0.146579669222771,"ENSG00000111252.10"
0.472055272090284,0,"ENSG00000204842.17"
0,0,"ENSG00000238168.5"
0,0,"ENSG00000089234.16"
0,0.177331981134956,"ENSG00000258359.1"
0,0,"ENSG00000111271.14"
7.69013794760132e-21,0.0843722590136897,"ENSG00000111275.13"
0.177397015524114,0.263566995268115,"ENSG00000234608.8"
0,0,"ENSG00000089022.14"
0,0.0308957858978441,"ENSG00000226469.1"
0.173657247121114,0,"ENSG00000198270.13"
0.260301713653836,5.89837301200831e-18,"ENSG00000089248.7"
0,0,"ENSG00000111300.10"
0.00174722466844237,0,"ENSG00000135148.12"
0,0,"ENSG00000173064.13"
0.236609972737015,8.54704446985228e-12,"ENSG00000089009.15"
0.094233769628794,2.38098321516401e-14,"ENSG00000179295.17"
0.0430490846123765,0.0331486466370815,"ENSG00000089127.13"
0.27491490751436,0,"ENSG00000111331.13"
0.174665653201223,0,"ENSG00000111335.12"
6.86902555012679e-10,0.618146428787771,"ENSG00000135144.7"
0.102034600800602,0.136109640583173,"ENSG00000111344.11"
0.247314707948729,5.99948075596614e-15,"ENSG00000123064.12"
0,0,"ENSG00000139405.16"
1.39906312508791e-12,0.205795081053137,"ENSG00000166578.10"
2.52818768273582e-12,0.203787238695551,"ENSG00000186815.12"
0.405417589973086,1.12954847627813e-11,"ENSG00000089060.11"
4.90785754168232e-11,0.110162454698614,"ENSG00000151176.8"
0.245961426826164,2.32243635709935e-11,"ENSG00000135094.11"
0,0,"ENSG00000139410.15"
1.35924601269878e-14,0.00153263329437578,"ENSG00000122965.11"
2.75271790070744e-13,0.073134593662151,"ENSG00000089225.19"
0,0,"ENSG00000135111.16"
0,0,"ENSG00000240205.3"
0,0,"ENSG00000123066.8"
0,0,"ENSG00000200665.1"
0,0,"ENSG00000258337.1"
0.286002296494556,0.274372418664881,"ENSG00000258102.5"
0,0,"ENSG00000111412.6"
0,0,"ENSG00000135119.14"
0.0754446009979056,0.0300119932822312,"ENSG00000135116.9"
0,0.206108417959851,"ENSG00000174989.13"
0,0.203994738630415,"ENSG00000274554.1"
0.470441160191613,0.134802142684923,"ENSG00000257279.1"
0,0,"ENSG00000088992.18"
0,0,"ENSG00000135108.14"
0.207324078299823,0.029913611363685,"ENSG00000111445.14"
0.669264956894611,0,"ENSG00000176871.8"
0,0.196699716174259,"ENSG00000176834.14"
0.129409839791661,0.0155709044825624,"ENSG00000089220.5"
0.010826244041504,6.89811519423e-10,"ENSG00000135090.14"
0,0,"ENSG00000240342.3"
0,0,"ENSG00000111707.12"
0,0,"ENSG00000244112.3"
0,0,"ENSG00000152137.6"
0,0,"ENSG00000213144.2"
0.473927582725476,1.9963102967312e-11,"ENSG00000224982.4"
0.286162879136783,6.03655451100571e-13,"ENSG00000111725.11"
0,0,"ENSG00000122966.16"
0.365187706557857,3.21032866591672e-13,"ENSG00000135127.11"
0.0598021688603932,4.76360920892996e-12,"ENSG00000111737.12"
0,0,"ENSG00000277283.1"
0,0,"ENSG00000089154.11"
0.0861082422757164,3.83989625018815e-15,"ENSG00000089157.16"
0,0.221001322453428,"ENSG00000255857.6"
0,0.113039093514895,"ENSG00000089159.16"
0.128476654081948,4.52412807397046e-13,"ENSG00000286067.1"
0.184154466045645,0.0241613958195595,"ENSG00000123009.4"
0.438950741980812,4.29910802214867e-10,"ENSG00000202538.1"
0.721888288268025,0.0620380965620201,"ENSG00000200795.1"
0.188700784929831,0.121289588557818,"ENSG00000089163.4"
0.324794240793587,3.12894484956679e-19,"ENSG00000111775.3"
0.327402043830746,0,"ENSG00000170855.4"
0,0.0171685335138629,"ENSG00000257218.6"
0,0.220075828430521,"ENSG00000111786.9"
0,0,"ENSG00000088986.11"
0.236482798146278,0.0833425958567516,"ENSG00000248008.3"
0,0,"ENSG00000110871.15"
0.63564739069533,0.0716463141887132,"ENSG00000022840.16"
0,0,"ENSG00000167272.11"
0,0.171786073072494,"ENSG00000157782.9"
0.243106168558635,0.113074588693982,"ENSG00000110917.8"
0.342399209929215,0,"ENSG00000175970.11"
0,0,"ENSG00000122971.9"
0.461485421102531,4.43922798210421e-09,"ENSG00000157837.16"
0,0,"ENSG00000213137.3"
0,0,"ENSG00000157895.11"
0.282182108667329,0,"ENSG00000135114.12"
0.00180858585151063,0.19123474316758,"ENSG00000089041.17"
0.290228450315466,0.211100027311752,"ENSG00000135124.14"
0,0,"ENSG00000110931.19"
0,0,"ENSG00000089053.13"
2.02261507498346e-09,0.00884204663952478,"ENSG00000170633.16"
0,0,"ENSG00000089094.19"
0.421285476185992,0.019604739273339,"ENSG00000276045.3"
0.399455250987084,0.177167315008684,"ENSG00000139714.12"
0,0,"ENSG00000188735.13"
0,0,"ENSG00000139725.8"
0,0,"ENSG00000212694.8"
7.5228042845049e-19,0.234983966708533,"ENSG00000272849.1"
0,0,"ENSG00000139718.10"
0,0.198527534984853,"ENSG00000158104.11"
0,0,"ENSG00000110801.14"
0.383999412249171,0.0738643225139828,"ENSG00000158023.10"
0.398245512692709,0.0670771100381554,"ENSG00000110987.8"
0,0,"ENSG00000175727.14"
0,0,"ENSG00000158113.13"
0,0.0406515379020685,"ENSG00000176383.9"
3.10943805655249e-16,0,"ENSG00000184047.19"
0,0,"ENSG00000139719.11"
0,0,"ENSG00000130779.20"
0,0,"ENSG00000257097.1"
0,0,"ENSG00000033030.14"
0,0,"ENSG00000111011.18"
0,0,"ENSG00000184445.12"
0.0143283042283237,0,"ENSG00000256249.1"
0,0.0981559985485955,"ENSG00000182782.8"
0,0,"ENSG00000255398.3"
0,0.142090912033792,"ENSG00000196917.6"
0,0.140944733806365,"ENSG00000139726.11"
0,0,"ENSG00000130783.14"
0.475608890710572,0.250067869184127,"ENSG00000130787.14"
0,0,"ENSG00000139722.7"
0,0,"ENSG00000280138.1"
0,0,"ENSG00000150967.18"
0,0,"ENSG00000111325.16"
0,0,"ENSG00000090975.12"
0,0,"ENSG00000251497.2"
0.278526071890551,0,"ENSG00000280381.1"
0,0,"ENSG00000051825.15"
0,0.212390007075484,"ENSG00000130921.8"
0,0,"ENSG00000111328.7"
0,0,"ENSG00000139697.14"
0,0,"ENSG00000256092.2"
0,4.60241006512338e-17,"ENSG00000183955.13"
0,0.0875603839908377,"ENSG00000150977.10"
0,0,"ENSG00000184209.15"
0.214785372437933,0,"ENSG00000188026.13"
0,0,"ENSG00000278112.1"
0.163741247791676,1.61499467246637e-22,"ENSG00000247373.3"
0,0,"ENSG00000086598.11"
0,0.0703681107515021,"ENSG00000111364.16"
0.0206365749195848,6.03787734165851e-16,"ENSG00000111361.13"
1.53054531878942e-18,0.0770118722419788,"ENSG00000111358.14"
0.298788444272144,0,"ENSG00000168778.12"
0,0,"ENSG00000185344.14"
0,0,"ENSG00000197653.15"
0.279200125946092,0,"ENSG00000119242.8"
0.655708163363315,0.00489565634539318,"ENSG00000250091.3"
5.8649698258711e-21,0.00561705124042964,"ENSG00000270130.1"
0.229270958925928,0,"ENSG00000270048.1"
0,0,"ENSG00000269997.1"
0.127169794769455,0,"ENSG00000269938.1"
0,0,"ENSG00000270061.1"
0.123434139150392,0,"ENSG00000179195.16"
7.44719772438168e-14,0.353263623014419,"ENSG00000178882.15"
0,0.119307725619312,"ENSG00000196498.13"
0,0,"ENSG00000255965.1"
0.212673061176029,4.05516415529433e-18,"ENSG00000214650.3"
0.147486800290421,0,"ENSG00000279071.1"
0.176697217890899,3.07395403344525e-11,"ENSG00000073060.16"
0.166068130924768,4.40758607068383e-12,"ENSG00000287242.1"
0,0,"ENSG00000150991.15"
0.112348941527272,0,"ENSG00000150990.8"
0,0,"ENSG00000184992.12"
0.423143778302561,7.60407218272461e-13,"ENSG00000081760.17"
0,0,"ENSG00000279233.1"
0.365095863342047,3.24945588755996e-12,"ENSG00000139364.10"
0.453199757184056,0.16500205287021,"ENSG00000189238.6"
0.414947252029863,0.0629317491022059,"ENSG00000256128.6"
0,0,"ENSG00000256001.2"
0.340157340538156,2.52698434063524e-18,"ENSG00000286791.1"
0.024149282528054,4.18458106772766e-23,"ENSG00000278266.1"
0.0965411217148055,0.0453009932373765,"ENSG00000181234.9"
9.18172202966662e-20,0.064582033787465,"ENSG00000279180.1"
0.320683226867945,0.439601686189047,"ENSG00000256630.1"
0.210941814538162,0.148481923096365,"ENSG00000139370.12"
0.224165381305621,0.344809243555256,"ENSG00000279500.1"
0,3.86266814788629e-17,"ENSG00000250208.6"
0,0,"ENSG00000111450.14"
0.18964351781342,0,"ENSG00000132341.12"
0,0,"ENSG00000111452.13"
0.138633554451127,0.181564408223282,"ENSG00000279993.1"
0,0,"ENSG00000061936.9"
0,0,"ENSG00000255933.1"
0,0,"ENSG00000198598.6"
0,0,"ENSG00000177169.10"
0.711712340839826,1.69926153484751e-11,"ENSG00000279283.1"
0,0.0181409533215869,"ENSG00000177192.14"
0,0,"ENSG00000183495.13"
0.287375449343015,0.00964095482527328,"ENSG00000208892.1"
0.344490057912353,1.32890381905644e-13,"ENSG00000185684.15"
0.33482295003262,0,"ENSG00000185163.10"
0,0,"ENSG00000184967.7"
0.085331080547764,1.58418505134362e-14,"ENSG00000256576.2"
0.0336472325448132,0.107582600027503,"ENSG00000112787.13"
0,0.208295493101989,"ENSG00000280287.1"
3.01838777994781e-13,0.0156852049028084,"ENSG00000279700.1"
0.222901471657496,0.0490470868972555,"ENSG00000177084.17"
0.373495028526166,6.92706528993053e-12,"ENSG00000176894.10"
0,0,"ENSG00000247077.7"
0,0,"ENSG00000176915.15"
0,0,"ENSG00000090615.15"
0,0.00874686498504922,"ENSG00000072609.17"
0,0,"ENSG00000232888.4"
0.0276533365457755,3.39538473357114e-16,"ENSG00000278949.1"
0.154312599912086,0,"ENSG00000250790.4"
0,0,"ENSG00000196458.11"
0.0655784690276511,6.30285201135681e-12,"ENSG00000198393.8"
0,0,"ENSG00000198040.10"
0,0,"ENSG00000196387.9"
0.109970979471949,2.27225162242277e-13,"ENSG00000214029.5"
0,0,"ENSG00000256223.6"
2.79093400499509e-11,0.00121790071880334,"ENSG00000090612.21"
0,2.22662298142875e-15,"ENSG00000196199.14"
0.0223280928391071,4.5522398548268e-21,"ENSG00000121390.19"
0,0,"ENSG00000275014.1"
0.305915032988597,2.98675013694767e-12,"ENSG00000132950.19"
0,0,"ENSG00000223576.2"
0,0,"ENSG00000275964.1"
0,0,"ENSG00000121741.16"
0,0,"ENSG00000237672.1"
0,0,"ENSG00000165474.8"
0.0896220330488609,8.34304380593851e-11,"ENSG00000165475.15"
0,0,"ENSG00000032742.17"
0.404849402835165,0.0116904137893202,"ENSG00000172458.4"
0.287432777213285,0,"ENSG00000150456.11"
0,0,"ENSG00000132953.16"
0,0,"ENSG00000150457.9"
0.0295236231116696,0.123467079812804,"ENSG00000233851.1"
0.0773845432840511,0,"ENSG00000150459.12"
0.462776199940934,3.57128972528981e-22,"ENSG00000165480.16"
0,0,"ENSG00000173141.5"
0.184345457979053,0.182257779908579,"ENSG00000233325.3"
0.0643498110751205,1.62878094966963e-11,"ENSG00000224429.8"
0.0581854854618448,0,"ENSG00000180776.15"
0.191902581253268,0,"ENSG00000165487.14"
0.476209230137769,0.156528327879688,"ENSG00000102683.7"
0.0761162747637794,0,"ENSG00000151835.16"
0,0,"ENSG00000232977.7"
0,0,"ENSG00000127863.15"
0,0,"ENSG00000027001.10"
0.0476720986034161,4.09659079587793e-12,"ENSG00000182957.16"
0.302278911401018,0.081742031479406,"ENSG00000228741.2"
0.551093525032578,0.0390809240051375,"ENSG00000225674.1"
0,0,"ENSG00000102699.6"
0,0,"ENSG00000151849.15"
0.316434153111155,0.0610298227068014,"ENSG00000253771.6"
0.298998044798937,3.19092646245148e-08,"ENSG00000232858.1"
0.19825901479405,2.49829405255615e-19,"ENSG00000151846.8"
0.023049077213798,1.24720777410395e-22,"ENSG00000139505.11"
0,0,"ENSG00000139496.16"
0,0,"ENSG00000132932.17"
0,0,"ENSG00000127870.17"
0.107502137872536,2.91049989101393e-13,"ENSG00000132964.12"
0.0241416847284878,6.9051783415493e-10,"ENSG00000132970.14"
0.237766893093323,4.72946132326606e-16,"ENSG00000234031.1"
0.384427137868145,1.6344075370132e-10,"ENSG00000237001.7"
0.384577875036317,0,"ENSG00000152484.14"
0.277038312856114,0.094428257891657,"ENSG00000232162.1"
0.0895158875159019,1.30479216377637e-09,"ENSG00000122026.10"
0.303273387954366,0.0294244412117442,"ENSG00000122035.6"
0.135192013108691,2.25202584763254e-11,"ENSG00000122034.15"
0.0149582150579195,1.96938606996952e-12,"ENSG00000122033.14"
0,0,"ENSG00000139517.9"
0.0684834141853793,2.61755280070181e-12,"ENSG00000186184.18"
0.475985756415105,2.38680115394855e-16,"ENSG00000261485.1"
0,0,"ENSG00000152520.14"
2.46852421721313e-10,0.079588182351657,"ENSG00000232587.1"
0,0,"ENSG00000102755.12"
0.0578735404138285,1.10352136771245e-18,"ENSG00000132963.8"
0,0,"ENSG00000139508.14"
0,0,"ENSG00000132938.20"
0.00741294515780467,0,"ENSG00000139514.13"
0.0569601208073542,0,"ENSG00000122042.10"
0.00959992386666278,1.80428310652108e-11,"ENSG00000102781.14"
0,0,"ENSG00000238121.6"
0,0,"ENSG00000189403.15"
0,0,"ENSG00000213411.2"
0,0.100745399808379,"ENSG00000232489.1"
0,0,"ENSG00000132952.12"
0.172709640579542,1.32225644092171e-11,"ENSG00000132965.9"
0,0,"ENSG00000224743.7"
0,0,"ENSG00000102802.10"
0.0328009278615102,2.7156162146477e-12,"ENSG00000120694.20"
0.303019003411573,0.112525342052343,"ENSG00000187676.8"
0.194578621224609,0,"ENSG00000073910.22"
0.0490529950946067,2.13056027964203e-12,"ENSG00000139618.15"
0,0,"ENSG00000139597.18"
0.391196658781252,1.53464974467895e-19,"ENSG00000244754.8"
0,0,"ENSG00000229800.1"
0,0,"ENSG00000281026.1"
0.00728581694612431,1.91637216682128e-08,"ENSG00000083642.19"
0.101843317635656,0,"ENSG00000277151.1"
0.501814056757026,0.0152453164027295,"ENSG00000133116.8"
0,0,"ENSG00000133121.21"
0.0554644935751614,1.1866424801435e-10,"ENSG00000230300.1"
0.00502553763343494,0,"ENSG00000236581.9"
0,0,"ENSG00000287274.1"
0.289308465415592,0.0807887769637237,"ENSG00000227911.3"
0.018276771146699,5.82798803808643e-18,"ENSG00000285621.1"
0.135757000167847,0.407202007270798,"ENSG00000230490.3"
0,0,"ENSG00000133119.13"
0.126455885083391,1.84621359100189e-14,"ENSG00000276672.1"
0,0,"ENSG00000172915.18"
0.0689461027032351,0.165544788352969,"ENSG00000180660.8"
0.0184051125980293,6.76689196291489e-22,"ENSG00000133083.14"
0,0,"ENSG00000242715.8"
0.0206179752847555,2.38337015694884e-07,"ENSG00000133104.14"
0.292082819869371,0,"ENSG00000120664.11"
0,0,"ENSG00000133111.3"
0.673522559865332,0.0769540273518061,"ENSG00000120693.13"
0,0,"ENSG00000120697.9"
0.0523370969365146,5.14626712653779e-22,"ENSG00000120699.13"
0,0,"ENSG00000102710.20"
1.09980774831708e-19,0.0648490340966453,"ENSG00000133110.15"
1.91567232856267e-19,0.0443853194898702,"ENSG00000133107.14"
0.17883692320311,0.57917427975376,"ENSG00000274317.2"
0,0.0627742898936276,"ENSG00000223685.6"
0,0,"ENSG00000120686.12"
0,0,"ENSG00000120685.20"
8.68682532649983e-12,0.179274193176663,"ENSG00000188811.14"
0,0,"ENSG00000273507.5"
6.5019851774913e-14,0.2118573721729,"ENSG00000183722.9"
0.100028753842042,8.99924669842452e-11,"ENSG00000133103.17"
0.203190741087932,0.181619373495871,"ENSG00000215483.11"
0,0,"ENSG00000230710.2"
0.240124893506241,0.0583558077565588,"ENSG00000150907.9"
0.266501108453121,0.179327010333089,"ENSG00000229456.1"
0,0,"ENSG00000102738.8"
1.15429781003438e-09,0.102632627757655,"ENSG00000102743.15"
0,0,"ENSG00000168852.13"
0,0.0280685035471478,"ENSG00000287837.1"
0,0,"ENSG00000239827.8"
0.083639442218292,0,"ENSG00000120690.16"
0.395233686376355,3.81314260841008e-13,"ENSG00000229473.2"
0.0477264055311906,6.64534916196008e-16,"ENSG00000120688.9"
0,0,"ENSG00000165572.8"
0,0,"ENSG00000278390.5"
0.171871951168183,0.0873609093738008,"ENSG00000120696.9"
0,0,"ENSG00000120662.16"
0,0,"ENSG00000172766.19"
0.746759293040552,0.08295105132184,"ENSG00000102760.13"
0,0,"ENSG00000102763.18"
0.214458709955963,1.67689581444872e-08,"ENSG00000102780.16"
0.652667317353857,0.0526843962114849,"ENSG00000237263.1"
0,0,"ENSG00000023516.9"
0.901760431180906,0.062591215734493,"ENSG00000179813.7"
0.372403538535783,1.0964508615471e-19,"ENSG00000271216.2"
0.369878181882279,0,"ENSG00000133106.14"
0.0138737620251257,0,"ENSG00000238025.1"
0,0,"ENSG00000120675.6"
0,0,"ENSG00000120658.13"
0,0,"ENSG00000233821.1"
0,0,"ENSG00000287842.1"
0.230276799776296,0,"ENSG00000151773.13"
0,0,"ENSG00000179630.11"
0,0,"ENSG00000151778.11"
0,0,"ENSG00000102804.15"
0,0,"ENSG00000225727.3"
0.397249039769739,0.0228156723682295,"ENSG00000278156.2"
2.30379734013776e-12,0.44214681401848,"ENSG00000230793.1"
0.278554781052574,0.00404507311879107,"ENSG00000083635.8"
0.0999034123799972,4.88258765918012e-13,"ENSG00000133114.17"
0.315376376268858,0,"ENSG00000265802.2"
0.0146268939191438,1.10952648034006e-16,"ENSG00000188342.12"
0.105297799611005,3.44741371821712e-20,"ENSG00000133112.16"
0.266286625118797,0,"ENSG00000170919.16"
0,0,"ENSG00000228886.1"
0,0,"ENSG00000174032.17"
0.287955658983036,3.92733285091547e-14,"ENSG00000136152.15"
1.69846373155272e-12,0.0664052090274566,"ENSG00000274357.1"
0.35378874621512,0.141571404059685,"ENSG00000123200.16"
0,0,"ENSG00000235903.9"
0.379265548605888,0.0412311348762754,"ENSG00000136167.14"
0,0,"ENSG00000102445.18"
0.197562359535855,2.2911166609796e-14,"ENSG00000136141.15"
0,0,"ENSG00000139684.14"
0,0,"ENSG00000102468.10"
0,0,"ENSG00000136143.16"
0,0,"ENSG00000260388.2"
0.0235340076639279,5.96550991919117e-11,"ENSG00000136159.4"
0,0,"ENSG00000136146.15"
0,0.00610417688156197,"ENSG00000136156.15"
0,0,"ENSG00000231473.3"
0.00253720888377795,0,"ENSG00000139687.15"
0,0,"ENSG00000238086.5"
0,0,"ENSG00000139679.15"
0,0,"ENSG00000277233.1"
0,0,"ENSG00000136161.12"
0,0,"ENSG00000152207.7"
0,0,"ENSG00000275202.1"
0,0,"ENSG00000102531.16"
0,0,"ENSG00000223724.1"
0,6.70239822658163e-15,"ENSG00000102543.14"
0.0267376185936011,0.0793011183887978,"ENSG00000102547.19"
0.371555590082475,3.91349118286841e-11,"ENSG00000136169.16"
0,0,"ENSG00000136147.18"
2.76303384188528e-15,0.00398185030487388,"ENSG00000136144.12"
0.233274895942456,0.169757452979343,"ENSG00000152213.4"
0.182177250591502,0,"ENSG00000123179.14"
0.0625759014575006,3.3011155059074e-19,"ENSG00000102753.10"
0,0,"ENSG00000123178.15"
0.236854615679605,0.193063967491429,"ENSG00000231607.12"
1.16414707544189e-11,0.293666672724425,"ENSG00000204977.10"
0.0739925516137593,4.94097181828593e-13,"ENSG00000198553.9"
0,0.0225977216046604,"ENSG00000176124.14"
0,0,"ENSG00000214359.3"
0,0.0599773169754947,"ENSG00000274270.1"
0.210712270439817,4.85810179055793e-16,"ENSG00000136104.20"
0,0,"ENSG00000150510.16"
0,0,"ENSG00000253309.6"
0.0682231943383768,0,"ENSG00000102786.15"
0,0,"ENSG00000236778.8"
0,0,"ENSG00000224892.6"
0,0,"ENSG00000139668.9"
0,0,"ENSG00000102796.11"
0.24252703117576,0,"ENSG00000231856.2"
0,0,"ENSG00000123191.14"
0,0,"ENSG00000253710.4"
0,0,"ENSG00000197168.13"
0,0,"ENSG00000136098.17"
0,7.25436507290842e-15,"ENSG00000243406.6"
0.304621240998705,3.58886975079301e-07,"ENSG00000136114.17"
0.685270204294744,2.39272638702185e-22,"ENSG00000136100.14"
0,0,"ENSG00000136108.15"
0.119433415306506,0.0603817977808694,"ENSG00000139675.12"
0.044138041816118,4.30625764837771e-12,"ENSG00000165416.14"
0.113648974133817,1.35117145475519e-11,"ENSG00000102837.7"
0,0,"ENSG00000118946.12"
0,0,"ENSG00000139734.19"
0,0,"ENSG00000083544.14"
0.104386805537565,0,"ENSG00000236565.3"
0.361408692342667,0,"ENSG00000184226.15"
0.120854737854092,0.00430478785891705,"ENSG00000228842.3"
0.179624774734587,4.15998889396253e-11,"ENSG00000233840.1"
0.0826875759995786,3.69496612300168e-10,"ENSG00000285588.1"
0,0,"ENSG00000276644.5"
0.0695899287649795,0,"ENSG00000204899.6"
0,0,"ENSG00000136122.17"
0,0,"ENSG00000083520.15"
0,0,"ENSG00000083535.16"
0.051251131503682,0,"ENSG00000102554.14"
0,0,"ENSG00000118922.17"
0,0,"ENSG00000280348.1"
0,0.0901512399302721,"ENSG00000136111.14"
0.024298230456875,2.20902243759589e-21,"ENSG00000188243.12"
0,0,"ENSG00000118939.17"
0,0,"ENSG00000261553.5"
0.450121140648532,0.0373862546414568,"ENSG00000261105.6"
0,0,"ENSG00000136153.20"
0,0,"ENSG00000230902.1"
0.214251711372234,0.222393306518935,"ENSG00000285572.2"
0.442425123386652,0.134940988525701,"ENSG00000178695.6"
0.450406943702079,0.0216537647765232,"ENSG00000278727.1"
0,0,"ENSG00000102805.15"
4.76915196558191e-11,0.0928565440569847,"ENSG00000283208.2"
0,0,"ENSG00000005812.11"
0,0,"ENSG00000236051.7"
2.69664871587085e-11,0.101491865907998,"ENSG00000005810.18"
0.492611848328495,1.32520233835809e-12,"ENSG00000229521.2"
0.0194432460169433,0,"ENSG00000136155.17"
0,0,"ENSG00000139737.22"
0,0,"ENSG00000136160.17"
0,0,"ENSG00000152193.8"
0,0,"ENSG00000139746.15"
0,0.154172324006081,"ENSG00000227354.7"
0,0.0901237820195905,"ENSG00000102471.14"
0.0801705040500873,0.00357686244189352,"ENSG00000136158.12"
0.265326934847704,0,"ENSG00000286746.1"
0.380369574217643,1.21972605969509e-09,"ENSG00000229246.2"
0,0,"ENSG00000214182.5"
4.62568726768087e-19,0.247735831904609,"ENSG00000215417.13"
0,0,"ENSG00000179399.15"
0.210870531788709,8.73050031056447e-15,"ENSG00000278177.1"
0.195796834261659,1.37463453794669e-15,"ENSG00000183098.11"
0.465490143730258,3.37020483118899e-12,"ENSG00000286843.1"
0.427212099086218,0,"ENSG00000235784.2"
0.334324488528819,0,"ENSG00000236520.2"
0,0,"ENSG00000080166.16"
0,0,"ENSG00000088451.11"
0.256194663950005,1.64408322512207e-20,"ENSG00000152749.8"
0.177761722578988,0.153146242050302,"ENSG00000125257.16"
0,0,"ENSG00000134874.17"
1.12690063693854e-12,0.0329943269233301,"ENSG00000247400.4"
0,0,"ENSG00000102580.15"
0,0,"ENSG00000276809.1"
0,0,"ENSG00000102595.20"
0,0.0463333750044176,"ENSG00000242614.3"
0,0,"ENSG00000139793.18"
0,0,"ENSG00000286334.1"
0,0,"ENSG00000286416.1"
0.0579442502324689,6.71230067511663e-11,"ENSG00000125249.7"
0.128862577119944,6.72948076010749e-10,"ENSG00000065150.21"
0.041658807870155,0,"ENSG00000152767.17"
0.156490389353867,0.0682596075707476,"ENSG00000102572.14"
0,0,"ENSG00000271437.1"
0.427652898398416,0.203604676131987,"ENSG00000224418.1"
0.0547797362805775,0.0304415844228378,"ENSG00000088387.19"
0,0,"ENSG00000134882.16"
5.61459163007703e-14,0.255616262123073,"ENSG00000201793.1"
0,0,"ENSG00000125245.12"
0.292317246169493,4.39382409854963e-12,"ENSG00000169508.7"
0,3.05733474053033e-17,"ENSG00000228808.1"
0,0,"ENSG00000125304.10"
0,0,"ENSG00000280734.3"
0.0805472577413279,0.297090647996453,"ENSG00000125246.15"
0,0,"ENSG00000139800.8"
0.285549104296152,0,"ENSG00000274605.2"
0.0283017357826065,5.16200950440812e-12,"ENSG00000175198.17"
0,0,"ENSG00000234650.6"
0.486406840681798,6.95236344142047e-12,"ENSG00000134864.10"
0,0,"ENSG00000224356.5"
0,0,"ENSG00000125247.15"
1.81741585671303e-13,0.118791405309799,"ENSG00000102452.17"
0.0934915338713821,0,"ENSG00000198542.14"
0,0.0514209055001188,"ENSG00000102466.15"
0.105104433172492,0.0844903764440951,"ENSG00000215399.2"
0,0,"ENSG00000272143.1"
0,0,"ENSG00000134900.12"
0.245326313501962,2.02147759684105e-13,"ENSG00000175820.4"
0.409479782699745,0.0719394067227559,"ENSG00000151287.17"
0,0,"ENSG00000134901.13"
0.412267514317096,3.96295316764878e-12,"ENSG00000134897.14"
0,0.0851888727474029,"ENSG00000134899.21"
0,0,"ENSG00000250878.3"
0,0,"ENSG00000125266.8"
0,0,"ENSG00000284966.3"
0.000852031231955492,3.52577280283755e-14,"ENSG00000134884.15"
0,0,"ENSG00000204442.4"
0,0,"ENSG00000276740.1"
0,0,"ENSG00000227248.1"
0,0,"ENSG00000174405.13"
0,0.00025394699692352,"ENSG00000139826.6"
0,0,"ENSG00000102524.11"
0,0.270099576372553,"ENSG00000041515.16"
0,0.310657490155979,"ENSG00000285534.1"
0.0185136622316498,0.0834106453964076,"ENSG00000185950.9"
0,0,"ENSG00000279965.1"
0.426454030086114,0,"ENSG00000287575.1"
0.0225112890424655,0,"ENSG00000187498.16"
0,0,"ENSG00000279237.1"
0.0781377643264761,0,"ENSG00000134871.19"
0,0,"ENSG00000276765.1"
0.329451809879406,0.354637173179248,"ENSG00000224821.5"
0.0280117288261558,5.61694164939443e-16,"ENSG00000232814.2"
0,0,"ENSG00000139832.5"
0.0181243396664493,1.1594951402909e-12,"ENSG00000275880.1"
0,0,"ENSG00000213995.11"
0,0.0170391283948079,"ENSG00000134905.17"
0.07783968543777,4.6245883671359e-08,"ENSG00000153487.12"
0,0,"ENSG00000255874.2"
0,0,"ENSG00000088448.14"
0.126123451544198,0,"ENSG00000229152.2"
0.0793095832623685,5.07002430610383e-12,"ENSG00000102606.18"
0.0953556410656282,2.54873815038744e-12,"ENSG00000153495.11"
0,0,"ENSG00000182968.5"
0.122110213917873,3.50927654852209e-20,"ENSG00000126216.15"
0,0.183402238601543,"ENSG00000274922.1"
0.0733801094277251,0,"ENSG00000068650.18"
0,0.105057160170053,"ENSG00000232684.1"
0.1767496757149,0.296344371899857,"ENSG00000126217.21"
1.1490492786682e-20,0.0230472954183446,"ENSG00000126218.12"
0.0108384637517687,0,"ENSG00000283828.1"
0,0,"ENSG00000126226.22"
0,0,"ENSG00000139842.15"
0,0,"ENSG00000185896.11"
0,0.233190353266327,"ENSG00000139835.14"
0,0,"ENSG00000153531.13"
0.0428845883529669,0,"ENSG00000150401.15"
0.0478524422892785,0,"ENSG00000150403.18"
0,0,"ENSG00000276916.1"
0,0,"ENSG00000276248.1"
0.00482188443082139,4.45817637460472e-15,"ENSG00000198176.13"
0,0,"ENSG00000184497.13"
0.459523484196861,0,"ENSG00000233695.2"
0.124147034153817,0,"ENSG00000183087.15"
0.00966746090372387,0,"ENSG00000272695.2"
0,0,"ENSG00000229373.9"
3.00873307131924e-11,0.0459827847237635,"ENSG00000260910.1"
0,0,"ENSG00000283199.3"
7.86217990143274e-18,0.0826470666084683,"ENSG00000185989.11"
0.194862908903444,0,"ENSG00000232487.1"
0.232931032330517,1.08503785993549e-12,"ENSG00000130177.16"
0.161795974029986,1.67108055486172e-22,"ENSG00000169062.15"
0,0,"ENSG00000198824.7"
0.132199667134694,0,"ENSG00000225210.10"
0,0,"ENSG00000244306.11"
0,0,"ENSG00000136319.12"
0.230433485291983,0.149455649634819,"ENSG00000258768.2"
0.281037661028491,9.78155050048982e-13,"ENSG00000100814.18"
0,0,"ENSG00000287735.1"
0.173563785664727,0,"ENSG00000222489.1"
0,0,"ENSG00000129484.13"
0.00761077968441144,1.90702877353336e-14,"ENSG00000129566.13"
0.462682652146302,0.131606355893307,"ENSG00000185271.9"
0,0,"ENSG00000092094.11"
0,0,"ENSG00000258515.1"
0.118204284897973,0,"ENSG00000100823.12"
0,0,"ENSG00000165782.10"
0.385689898386056,5.4381853154924e-13,"ENSG00000198805.11"
0,0.0643583352902148,"ENSG00000214274.9"
7.47328936464491e-11,0.189067939862472,"ENSG00000258818.4"
0,0,"ENSG00000169413.3"
0.0405923079561057,3.43721867931263e-14,"ENSG00000129538.14"
1.60034151014531e-13,0.120857971344144,"ENSG00000169397.3"
0,0,"ENSG00000169385.3"
0.127227800622383,4.52846210659199e-21,"ENSG00000165792.17"
0,0,"ENSG00000165795.23"
0.263708644800155,0,"ENSG00000165801.10"
0,0,"ENSG00000165804.16"
0.0191886958220806,2.33378330974959e-09,"ENSG00000258441.1"
0,0,"ENSG00000092199.17"
0,0,"ENSG00000092201.10"
0,0,"ENSG00000100888.13"
0,0,"ENSG00000129472.15"
0,0,"ENSG00000092203.14"
0,0,"ENSG00000165819.12"
0.362152464330214,0.0995929695126781,"ENSG00000165821.12"
0,0,"ENSG00000211829.9"
0.119070848233147,3.6828005806863e-13,"ENSG00000277734.8"
0.0442761852606546,1.2738681401894e-09,"ENSG00000129562.11"
0,0,"ENSG00000275552.1"
0.00656977483243636,8.81469814186211e-12,"ENSG00000100439.10"
0.07194071697596,0.0212896046686421,"ENSG00000155463.14"
0.425463869657359,0.192381182079705,"ENSG00000155465.18"
0,0.138119566812842,"ENSG00000172590.18"
0,0,"ENSG00000157227.13"
0.323940573949733,0.215860200207061,"ENSG00000197324.9"
0.0129934813402547,0,"ENSG00000139890.10"
0,0.00217946750934504,"ENSG00000100461.18"
0,0,"ENSG00000237054.9"
0.00723777839346912,0,"ENSG00000100462.16"
0,0,"ENSG00000092036.18"
0,0.11429301445575,"ENSG00000129474.16"
0.300112875357079,0.0727232900894027,"ENSG00000258457.5"
0.0830759792115664,6.04312579204138e-09,"ENSG00000100802.15"
0.393759285861483,0.103428176142137,"ENSG00000100804.19"
0,0,"ENSG00000279656.1"
0,0,"ENSG00000139880.19"
0,0,"ENSG00000100813.14"
0.735970553758055,0.148437302374576,"ENSG00000179933.6"
0,3.25915183019836e-15,"ENSG00000092067.5"
0.32642897675312,0.237292603045862,"ENSG00000092068.20"
0.0257224556901543,1.97424188278893e-09,"ENSG00000215271.8"
6.03617974951880e-13,0.0351054967040067,"ENSG00000270433.1"
0.27346430312671,7.07365296256123e-15,"ENSG00000235194.9"
0.00215706355801219,9.64674168088627e-15,"ENSG00000129473.9"
0,0,"ENSG00000100836.10"
0.240620500371379,0,"ENSG00000092096.16"
1.5415479086289e-15,4.11903831486462e-17,"ENSG00000100842.13"
0,0,"ENSG00000166091.21"
0.0121416780073711,7.17805561956411e-16,"ENSG00000129460.16"
0.484213369645824,0.0583190731305695,"ENSG00000157306.14"
0,0,"ENSG00000136367.14"
0.0430735424374009,1.17061450952187e-16,"ENSG00000259431.6"
0,0,"ENSG00000213983.12"
0,0,"ENSG00000215256.4"
0,0,"ENSG00000157326.19"
0.245481079696742,0.105309896115853,"ENSG00000187630.17"
0,0.102457285175504,"ENSG00000186648.15"
0.365154508991266,2.61726169147579e-11,"ENSG00000129535.12"
0,0,"ENSG00000100889.12"
0.103868113207708,3.49885644892284e-13,"ENSG00000100897.17"
0.020926063825398,0,"ENSG00000092010.15"
0.345444097850258,0.310491813492266,"ENSG00000100908.14"
0.51371399046303,1.78348376324005e-12,"ENSG00000100911.16"
0.15458680409297,0,"ENSG00000213928.9"
0.0257606505461505,0,"ENSG00000100918.13"
0,0,"ENSG00000196497.17"
0.547076477178236,2.60772325413886e-14,"ENSG00000100926.15"
0.826594577219886,1.07133418046889e-12,"ENSG00000276698.1"
0.0852587828235143,7.37399418727343e-22,"ENSG00000278784.1"
9.42736037936269e-13,0.076654499273225,"ENSG00000139908.15"
0.109929823287505,4.36929995310646e-20,"ENSG00000254505.10"
0,0,"ENSG00000260669.2"
0.36437495723444,1.29013400152438e-11,"ENSG00000129559.13"
0,0,"ENSG00000100938.17"
0,0,"ENSG00000092330.18"
0,0,"ENSG00000092295.12"
0.340772591960112,0.0170829394395094,"ENSG00000100949.14"
0.480364822109218,5.85364065680995e-11,"ENSG00000286825.1"
0.144845212310194,1.11642088473783e-11,"ENSG00000157379.14"
0,0,"ENSG00000196943.14"
0.0367718673711269,0.413202546137872,"ENSG00000213906.10"
0.568420830655439,4.05296497297443e-12,"ENSG00000213903.9"
0.587189483449203,0.0867393972120083,"ENSG00000129467.13"
9.59274230901771e-13,0.0362244736396517,"ENSG00000129465.16"
0.357047171993123,0.074459637299259,"ENSG00000100968.14"
0.204517503325419,0.442567329830219,"ENSG00000205978.6"
0.383502793091488,1.34786649292088e-12,"ENSG00000139899.11"
0,0,"ENSG00000100441.10"
0,0,"ENSG00000100445.17"
0,0,"ENSG00000258744.2"
0,0,"ENSG00000100448.4"
0,0,"ENSG00000100453.13"
0.0854261037280151,1.8621181808959e-18,"ENSG00000168952.15"
0,0.048755526416403,"ENSG00000139910.20"
1.30040477303527e-10,0.062068845627454,"ENSG00000262119.1"
0.305031480137341,0,"ENSG00000197358.9"
0,0,"ENSG00000184304.15"
0.227438648639846,8.57001805780336e-11,"ENSG00000248975.2"
0,0,"ENSG00000092140.16"
0,0,"ENSG00000092108.21"
0,2.71163295611958e-15,"ENSG00000258648.1"
0.101602811034293,0.341171480797385,"ENSG00000100473.18"
2.36478754689822e-15,0,"ENSG00000196792.12"
0,0,"ENSG00000258968.2"
0,0,"ENSG00000100478.15"
2.11684410573087e-15,0.0229116893035718,"ENSG00000092148.13"
0,0,"ENSG00000258640.3"
0.672812688483839,1.51149680464088e-13,"ENSG00000129493.15"
0,0,"ENSG00000250365.7"
0.188459711184234,6.73787217826974e-19,"ENSG00000129480.13"
0,0,"ENSG00000151413.17"
0.347537321160248,0.118375547252429,"ENSG00000258655.2"
0.159839533972933,3.41406311709832e-08,"ENSG00000100852.13"
0.413758177801275,8.09644416475952e-10,"ENSG00000151320.11"
0.204780134711144,0,"ENSG00000151322.18"
0.199720774635653,0.160077906824371,"ENSG00000129521.14"
0,0,"ENSG00000165389.7"
0,0,"ENSG00000129518.9"
0,0,"ENSG00000129515.20"
0.0238189226101203,4.09324335715786e-21,"ENSG00000165410.15"
0.122185524513826,6.67652122648565e-14,"ENSG00000198604.11"
0.165084567450285,0.14603068287279,"ENSG00000258738.1"
0,0,"ENSG00000258704.6"
0.0367948706387785,7.48100685770096e-21,"ENSG00000100883.12"
0.0270102301461053,0.095460498196945,"ENSG00000151327.12"
0.0606422221999449,1.82321833314264e-16,"ENSG00000092020.10"
0,0,"ENSG00000279434.1"
0.00907766657262106,0.207719162694075,"ENSG00000100890.16"
0.437636593286915,1.08306530825719e-12,"ENSG00000100902.11"
1.13542534554548e-08,0.0851015825150792,"ENSG00000240023.1"
0.262006135049617,0,"ENSG00000100906.10"
1.03644162928879e-21,0.0158120499237819,"ENSG00000174373.16"
0,2.07715398578758e-15,"ENSG00000257957.1"
0.0588692857919735,7.32240903281813e-11,"ENSG00000100916.14"
0,0,"ENSG00000151332.19"
7.45695243662323e-16,0,"ENSG00000258708.1"
0.0856308861398859,0,"ENSG00000151338.18"
0.335017575036359,0.0980744015818299,"ENSG00000176435.7"
0,0,"ENSG00000259070.7"
0.110616818491273,2.73207604178889e-14,"ENSG00000100934.15"
0,0.371798310941184,"ENSG00000092208.17"
0.150737429431891,0,"ENSG00000182400.15"
0,0,"ENSG00000100941.9"
0,0,"ENSG00000150527.17"
0,0,"ENSG00000165355.7"
0.0366945578465688,0.049810216137714,"ENSG00000258526.7"
0,0.136905197297908,"ENSG00000165379.13"
0.0821870123932826,2.49133777857306e-15,"ENSG00000179476.8"
2.30388948595319e-21,0.0132316115203064,"ENSG00000179454.13"
0.0986713385732894,0.012583461882089,"ENSG00000198718.13"
0,0,"ENSG00000185246.18"
0,0,"ENSG00000100442.11"
0,0,"ENSG00000187790.11"
0,0,"ENSG00000129534.14"
0.52295526505496,2.57897368478069e-14,"ENSG00000213741.10"
0,0.0958477120974983,"ENSG00000276168.1"
0.496474939824241,0.113879781678526,"ENSG00000165501.17"
0.0918333848271513,0,"ENSG00000165502.7"
0.381719325529611,0.306023069398354,"ENSG00000168282.6"
0.41865331067495,0,"ENSG00000165506.14"
0,0,"ENSG00000100479.13"
0.370572361799793,0,"ENSG00000197776.8"
1.01357793894936e-20,0.0222916610701731,"ENSG00000165516.11"
0,0,"ENSG00000165525.18"
0,0,"ENSG00000278771.1"
0,0,"ENSG00000282885.2"
0,0,"ENSG00000278002.1"
0,0,"ENSG00000165527.7"
0.445083445254472,6.44255462959994e-12,"ENSG00000214900.11"
0.253233435771713,0.24655440389934,"ENSG00000100483.14"
0,0,"ENSG00000100485.12"
0,0,"ENSG00000087299.12"
0,0,"ENSG00000125375.15"
0.0376094077311003,1.45285659206431e-11,"ENSG00000100490.9"
0.0865641623587111,3.30772606702607e-15,"ENSG00000012983.11"
0,0,"ENSG00000198513.11"
0.453927390948813,0.132418417870633,"ENSG00000151748.15"
1.71640347798801e-19,0.0493168038277162,"ENSG00000243103.3"
0.37532508183487,4.67903473720455e-18,"ENSG00000269906.1"
0.428853100390527,3.69778205954049e-19,"ENSG00000100503.23"
0,0,"ENSG00000100504.17"
0.356193847554248,5.38051567307337e-12,"ENSG00000131969.15"
0,0,"ENSG00000258711.2"
0.35824200106034,9.50148223976969e-14,"ENSG00000100505.13"
0.348333419571726,2.69290829469518e-22,"ENSG00000139921.13"
0,0,"ENSG00000258479.6"
1.40711584131924e-12,0.00756684241686617,"ENSG00000139926.15"
1.38656570040029e-21,0.0161444780438325,"ENSG00000273888.1"
0.193986567497123,0.0641476797285661,"ENSG00000186469.8"
0.0138484592901236,9.46276421055868e-16,"ENSG00000087302.9"
0,0,"ENSG00000087303.18"
0,0.685321653460316,"ENSG00000168229.4"
0.167747933820528,0.634760397041164,"ENSG00000261208.1"
0.267088219229987,2.92644892359565e-21,"ENSG00000125384.7"
0.127190468289691,8.4143445443819e-12,"ENSG00000087301.9"
0.442037185227516,0.331172646917841,"ENSG00000180998.12"
0.0766481928857284,6.56246212726502e-12,"ENSG00000197930.13"
0.223265929033657,0,"ENSG00000100519.12"
0.245477941044726,0.0744430432221012,"ENSG00000198252.12"
0.400641659507121,1.74577382591263e-21,"ENSG00000100522.10"
0,0,"ENSG00000285664.2"
0.0935446306064174,6.24187884249144e-12,"ENSG00000073712.15"
0,0,"ENSG00000271075.1"
0,0,"ENSG00000288045.1"
0,0,"ENSG00000100523.14"
3.71230291688124e-21,0.227467877125295,"ENSG00000237356.7"
0,0,"ENSG00000125378.16"
0.00806508964051103,0,"ENSG00000100526.20"
0,0,"ENSG00000100528.12"
0.0324920193815951,7.47005335400314e-13,"ENSG00000197045.13"
0,0.0111352183789233,"ENSG00000100532.12"
0.258120612184846,0,"ENSG00000020577.13"
0.131211596001714,0,"ENSG00000285774.2"
0.445934164363967,0,"ENSG00000131979.19"
0.362643922639904,0,"ENSG00000258872.2"
0.201889153645195,1.36643342050922e-11,"ENSG00000198554.12"
0.0309857460353926,3.00412966804127e-21,"ENSG00000180008.9"
0.191446401661329,1.81667996319367e-20,"ENSG00000168175.15"
0.134495135891353,4.47193659597135e-11,"ENSG00000131981.16"
0.0694286100088508,0,"ENSG00000126787.13"
0,0,"ENSG00000258413.2"
0,0,"ENSG00000178974.10"
0,0,"ENSG00000278818.1"
0,0,"ENSG00000258469.1"
0,0,"ENSG00000126775.8"
0,0,"ENSG00000259318.1"
0.41578569219934,0.351796045212177,"ENSG00000186615.11"
0,0,"ENSG00000126777.18"
0.495203872297747,6.38061879288076e-12,"ENSG00000139946.10"
0,0,"ENSG00000070269.14"
0.101543640570811,3.58248394804597e-16,"ENSG00000070367.16"
0,0,"ENSG00000053770.12"
0,0,"ENSG00000139977.14"
0.267944557966591,0.0649755517988404,"ENSG00000139971.15"
0.409646526057753,1.08129738158872e-20,"ENSG00000131966.14"
0.197478121477582,2.4827842666409e-14,"ENSG00000100567.13"
0,0,"ENSG00000258682.1"
0,0,"ENSG00000257621.8"
0,0.0380736374823119,"ENSG00000279636.2"
6.15826012062003e-17,0.0169144594354795,"ENSG00000032219.19"
0,0,"ENSG00000100575.14"
0,0,"ENSG00000100578.17"
0,0.108817876047129,"ENSG00000165617.14"
0,0,"ENSG00000100592.15"
0,0,"ENSG00000181619.11"
0,0,"ENSG00000126790.12"
1.44158774334702e-15,0,"ENSG00000050130.18"
0.592040252794576,0.205845391700947,"ENSG00000139970.17"
0.0634331504886894,0.26881918751245,"ENSG00000131951.11"
0.135110262515425,2.80323401642548e-11,"ENSG00000126773.13"
0.348814227528624,1.06145853627259e-10,"ENSG00000100612.14"
0,0.106276209403869,"ENSG00000254718.6"
0,0,"ENSG00000100614.18"
0.18844675945293,0.355866552679861,"ENSG00000179008.9"
4.54939429424129e-11,0.374991451531261,"ENSG00000258670.1"
0.0200389382123909,1.78918339968512e-10,"ENSG00000258952.2"
2.17937188356752e-12,0.0829018290901965,"ENSG00000126778.12"
0.557324199434254,0.0423154131310744,"ENSG00000100625.9"
8.06081509169062e-16,0,"ENSG00000020426.11"
0.0708782889562544,1.07497438645821e-11,"ENSG00000258445.3"
0,0,"ENSG00000258485.2"
1.94995785131178e-13,0.0369288062473428,"ENSG00000126814.7"
0,0,"ENSG00000139974.15"
0.0346593430205425,0,"ENSG00000027075.15"
0.419289752177336,0.0804309132213282,"ENSG00000182107.7"
0.334942765947755,0,"ENSG00000247287.3"
0,0,"ENSG00000258926.2"
0.695138373025962,0.0509047623003562,"ENSG00000250548.7"
0.295834010672318,0.174783807498951,"ENSG00000232774.8"
0,0,"ENSG00000100644.17"
0.583908575838352,0,"ENSG00000258667.2"
0.220598606385704,0.14973334944657,"ENSG00000023608.5"
0,0,"ENSG00000279633.1"
0.19883298627228,3.03061789687873e-13,"ENSG00000126785.13"
0,0,"ENSG00000154001.14"
0.160459334968461,1.61839043602817e-20,"ENSG00000140006.11"
0,0,"ENSG00000126821.8"
0.393331473935071,0.181342568048968,"ENSG00000054654.16"
0.710860036783904,0.0714653430444097,"ENSG00000140009.18"
0.25502543387653,9.70556280573347e-10,"ENSG00000234911.2"
0.065870282433437,0.0257449468092391,"ENSG00000100714.17"
0.199737375224719,0,"ENSG00000089775.11"
0.0408445642640755,2.96754172836013e-11,"ENSG00000179841.8"
0,0,"ENSG00000126804.13"
0.382486706404174,0.0875200102405166,"ENSG00000259116.2"
0,0,"ENSG00000126803.9"
6.30160198639009e-21,0.191629264351937,"ENSG00000165807.8"
0,0,"ENSG00000126822.17"
0,0,"ENSG00000070182.21"
0,0.130705315951656,"ENSG00000258289.8"
0.128512082721901,0.142902576466696,"ENSG00000176153.12"
0.0297909678639708,0,"ENSG00000139998.15"
0,0,"ENSG00000257365.8"
0.137469942029732,0.128740433287127,"ENSG00000125952.20"
0.26169787652514,0.0780868451791989,"ENSG00000259118.5"
0,0,"ENSG00000033170.16"
0.518077086581155,1.61095631732841e-12,"ENSG00000224861.1"
0,0.00490077639191568,"ENSG00000171723.15"
8.89645372790112e-12,0.179120611713096,"ENSG00000172717.16"
0,0,"ENSG00000072415.9"
0,0,"ENSG00000286319.1"
0.232647887065803,3.19996171146664e-15,"ENSG00000100554.12"
0.000789968208231992,0,"ENSG00000134001.13"
1.64842883661766e-11,0.0446379739207586,"ENSG00000100558.9"
0,0.484815684555009,"ENSG00000198133.8"
2.14759907710402e-18,7.33403737186547e-15,"ENSG00000054690.14"
4.24680734060399e-14,0.0689012608785463,"ENSG00000100564.9"
0.0590840375552976,6.67824139908611e-11,"ENSG00000081181.8"
0.183306260705262,0.348120431335347,"ENSG00000286861.1"
0,0,"ENSG00000100568.11"
0.0460290726202048,6.87698754017416e-13,"ENSG00000072042.13"
0,0,"ENSG00000072121.16"
0,0,"ENSG00000239820.3"
0,0,"ENSG00000182185.18"
0,0.152343997975729,"ENSG00000287385.1"
0,0,"ENSG00000185650.9"
0,0,"ENSG00000258565.1"
0,0,"ENSG00000072110.13"
0,0,"ENSG00000258531.2"
0,0,"ENSG00000139990.18"
0,0,"ENSG00000259165.1"
0,0,"ENSG00000081177.18"
0.0324315627959673,0,"ENSG00000100626.17"
0,0,"ENSG00000100632.11"
0,0,"ENSG00000029364.12"
0.206892586623678,0.104323732823084,"ENSG00000100647.8"
0,0,"ENSG00000100650.16"
0,0,"ENSG00000100652.5"
0,0,"ENSG00000221060.1"
0,0,"ENSG00000198732.10"
0,0,"ENSG00000242071.3"
0,0,"ENSG00000100678.18"
0.381305108443979,0.0160422910428586,"ENSG00000213463.5"
0.428999577691471,9.66249237415627e-22,"ENSG00000139985.7"
0,0,"ENSG00000259158.4"
0.468609470150972,4.12737787200048e-14,"ENSG00000134007.5"
0,0,"ENSG00000274397.1"
0,0,"ENSG00000133997.11"
0,0.22939239014978,"ENSG00000258951.1"
0.369778671009178,0,"ENSG00000133985.3"
0,0,"ENSG00000006432.15"
7.68365173631661e-12,0.366784352662991,"ENSG00000100731.16"
0,0,"ENSG00000287643.1"
0,0,"ENSG00000197555.9"
0,0,"ENSG00000259079.1"
0.188985266488677,0.45083084598296,"ENSG00000182732.18"
0.285350848878271,0.094669398863594,"ENSG00000205683.11"
0.0937704404763064,1.35968610757404e-12,"ENSG00000119599.17"
3.30730398004116e-16,0,"ENSG00000165861.14"
0.100636153149079,3.18929566672857e-22,"ENSG00000119707.14"
0,0,"ENSG00000080815.19"
0.20654151790921,0,"ENSG00000100767.16"
0,0,"ENSG00000258376.2"
0,0,"ENSG00000258944.1"
0,0,"ENSG00000133961.20"
1.18812355033185e-20,2.62052066401864e-17,"ENSG00000187105.8"
0.339293435900977,0.0786722162606791,"ENSG00000170468.8"
0.607810176214117,0,"ENSG00000184227.8"
0,0.115777388606958,"ENSG00000119673.14"
0,0.0285679205589649,"ENSG00000279026.1"
0,0,"ENSG00000177465.4"
4.79129010020094e-21,0.0232117488694581,"ENSG00000119661.15"
0.343464286585059,0.0532611550457775,"ENSG00000176903.5"
0,0,"ENSG00000156030.13"
0.264535482739622,0,"ENSG00000264741.1"
0,0,"ENSG00000259065.2"
0.143338117757525,1.18987740077405e-11,"ENSG00000140043.11"
0.173973698126628,0.0752301650471919,"ENSG00000119725.18"
0,0,"ENSG00000258891.1"
0,0,"ENSG00000270140.1"
0.580618615260012,4.08763748614968e-10,"ENSG00000156050.10"
0.145787023676667,0.194127083298059,"ENSG00000119723.17"
0,0,"ENSG00000187097.12"
0,0,"ENSG00000119636.16"
4.69158597027763e-08,0.13717694423718,"ENSG00000119711.13"
0.0316711296904437,1.273113463104e-10,"ENSG00000205659.10"
0,0,"ENSG00000119688.21"
0,0,"ENSG00000258559.2"
0.0279670811260007,7.2397947862801e-12,"ENSG00000119655.10"
0,0,"ENSG00000165898.14"
0.0159248224260004,0.130542175866233,"ENSG00000119681.12"
0,0,"ENSG00000119682.17"
0,0,"ENSG00000258439.1"
0.0647121866747512,1.99151017175062e-12,"ENSG00000222604.2"
1.52586978265636e-19,0.151437783357142,"ENSG00000119616.11"
0,0,"ENSG00000119596.18"
0,0,"ENSG00000119608.12"
0.0880589531702824,2.75901649515566e-10,"ENSG00000119689.15"
0,0,"ENSG00000198208.11"
0.178144603299514,0.137196116584487,"ENSG00000119630.14"
0,0,"ENSG00000119718.11"
0,0,"ENSG00000119684.15"
0,0,"ENSG00000119640.9"
0.178289269720163,5.25795798743942e-09,"ENSG00000119703.14"
0,0,"ENSG00000119638.13"
0,0,"ENSG00000170348.9"
0.148433025078143,3.5886469004352e-14,"ENSG00000258820.5"
0,0,"ENSG00000170345.10"
0.244708645034633,0.113942612485321,"ENSG00000259687.2"
0,0,"ENSG00000259319.1"
0,0,"ENSG00000140044.13"
0,0.668950706943256,"ENSG00000156127.7"
0.0360543586320763,0,"ENSG00000119686.10"
0,0,"ENSG00000119685.20"
0.212095862252717,3.0384984095551e-19,"ENSG00000133935.7"
0,0,"ENSG00000259103.2"
0,0,"ENSG00000119650.12"
0.0863005245356479,0,"ENSG00000119699.7"
0,0,"ENSG00000089916.18"
0,0,"ENSG00000071246.11"
0,0,"ENSG00000013523.10"
0,0,"ENSG00000119669.5"
0,0,"ENSG00000273729.1"
3.98135337207539e-19,0.152481221709926,"ENSG00000258819.2"
0.0244728248710166,0,"ENSG00000198894.8"
0.252036449159484,3.64128342054573e-11,"ENSG00000009830.11"
0.270225773079476,5.04091637941406e-14,"ENSG00000100577.19"
0.254142940075549,6.29165490032096e-12,"ENSG00000100580.8"
0.590630756732446,0.0174258337165671,"ENSG00000100583.4"
0,3.61527196677927e-15,"ENSG00000165555.9"
0,0,"ENSG00000151445.16"
0.518767006140459,0.0171828199978735,"ENSG00000100591.8"
0,0,"ENSG00000100596.6"
0,0,"ENSG00000100601.10"
0.420999475206353,5.33047774425658e-13,"ENSG00000119705.9"
0,0,"ENSG00000100603.13"
0,0,"ENSG00000063761.16"
0,0,"ENSG00000021645.18"
5.0926677098584e-14,0.260388386714536,"ENSG00000211448.12"
0.00765206751045907,1.39715907654235e-12,"ENSG00000100629.17"
0.0592313681893322,0.106615747093521,"ENSG00000165409.17"
0.385709837915075,5.46738748413796e-11,"ENSG00000284959.2"
0,0,"ENSG00000165417.12"
0,0,"ENSG00000140022.13"
2.18570306929422e-18,0.00714047468935564,"ENSG00000071537.14"
0,0,"ENSG00000205562.3"
0.0645017616691678,3.6940702903292e-11,"ENSG00000185070.11"
0,0,"ENSG00000258733.6"
0,0,"ENSG00000258912.2"
0,0.0183351601634748,"ENSG00000054983.17"
8.15999765338282e-13,0.0363245082352742,"ENSG00000140030.6"
0.135703851663887,0,"ENSG00000042317.17"
0,0,"ENSG00000070778.13"
0,0,"ENSG00000258983.2"
1.61274576394431e-08,0.0346197337612422,"ENSG00000100722.20"
0,0,"ENSG00000278576.1"
0.0463232777120089,0.186910818035221,"ENSG00000165521.15"
0,0.0721257693618148,"ENSG00000165533.18"
0.0715825834533256,0.0213120739017711,"ENSG00000053254.15"
0.286767484530986,0.188739366522282,"ENSG00000259151.2"
1.9371923468956e-15,0.190336597124378,"ENSG00000258752.2"
0,0.0445015624487674,"ENSG00000258920.1"
0,0,"ENSG00000259073.1"
0,0,"ENSG00000200312.1"
0.0365004133979276,0.165002535207952,"ENSG00000140025.16"
0.113434325806684,3.58871871548092e-10,"ENSG00000042088.14"
0.203294900937723,1.58456228956705e-16,"ENSG00000100764.14"
0.502112471556275,1.10682302392941e-21,"ENSG00000119720.18"
0.057145260536458,2.86867557583191e-10,"ENSG00000287437.1"
0,0,"ENSG00000275198.1"
0,0,"ENSG00000198668.12"
0.580063671946305,1.7442889742838e-15,"ENSG00000258424.1"
0,0,"ENSG00000165914.15"
0,0,"ENSG00000259163.2"
0.302624717642856,0.0712011154181099,"ENSG00000213315.5"
0,0,"ENSG00000100784.12"
0,0,"ENSG00000133943.20"
0,0,"ENSG00000119714.11"
0,0,"ENSG00000258875.6"
0.432212049392879,1.10361124076092e-13,"ENSG00000015133.19"
0,0,"ENSG00000100796.17"
0.200139559954571,0,"ENSG00000133962.8"
0,0,"ENSG00000260711.2"
0.158322100614418,0,"ENSG00000165929.13"
0,0,"ENSG00000140092.14"
0,0,"ENSG00000100815.12"
0.133642654790161,2.60972270081742e-10,"ENSG00000066427.24"
0,0,"ENSG00000183648.10"
0,0,"ENSG00000165934.13"
0.0609535282151037,0.411356631114977,"ENSG00000140090.17"
0.334527380202529,1.24821365977437e-20,"ENSG00000100599.16"
5.25311993996358e-12,0.0527607403223136,"ENSG00000100600.15"
0,0,"ENSG00000066455.13"
0,0.0629413415720725,"ENSG00000100604.13"
3.03172179051481e-21,0.0706541106383613,"ENSG00000100605.17"
0.312697601200847,9.16898762650597e-14,"ENSG00000258730.1"
0,0,"ENSG00000165943.5"
0,0,"ENSG00000153485.5"
0.495897903090868,0.0539440632677932,"ENSG00000170270.5"
0,0,"ENSG00000012963.15"
0.0749063311187114,2.49225677192175e-21,"ENSG00000011114.15"
0,0,"ENSG00000133958.13"
0.0690291383996231,0,"ENSG00000100628.12"
0,0,"ENSG00000089723.10"
0,0,"ENSG00000089737.17"
0.176148350989013,4.78494895833761e-10,"ENSG00000165948.11"
0,0,"ENSG00000165949.12"
0.0249431188860476,3.55677181416103e-24,"ENSG00000119632.4"
0.129558354947651,0,"ENSG00000119698.12"
0.178888826889802,0,"ENSG00000140093.10"
2.02496138601821e-16,0,"ENSG00000197249.13"
1.98561789043194e-12,0.0827603481503819,"ENSG00000188488.14"
0,0.144803505992396,"ENSG00000133937.4"
0.0339362653386216,0.30508007753951,"ENSG00000285205.2"
0,0,"ENSG00000100697.14"
0,0,"ENSG00000235706.8"
0.320757216517416,0.105767395975572,"ENSG00000165959.12"
0.0381423345570917,0.317452407889548,"ENSG00000176438.12"
0.0143538150387043,0.351180235254598,"ENSG00000258572.1"
0.304479174718607,0,"ENSG00000247092.7"
0,0,"ENSG00000182512.5"
0.257509470984193,0,"ENSG00000187621.14"
0,0,"ENSG00000227051.6"
0.205793745786884,0,"ENSG00000168398.6"
0,0,"ENSG00000258412.1"
0.136732452355804,9.68207557722746e-12,"ENSG00000259036.1"
0.450697421318063,0,"ENSG00000100739.11"
0,0,"ENSG00000066739.12"
0,0,"ENSG00000100744.15"
0.177281916846277,1.32763032048652e-13,"ENSG00000140057.9"
0.0410823927806971,1.09007404904271e-21,"ENSG00000090060.18"
0.0732611214633317,0,"ENSG00000100749.8"
0.138180242757971,0.0469726841688132,"ENSG00000246223.9"
0.189260430400115,0.0661796691768842,"ENSG00000232573.1"
0,0,"ENSG00000127152.18"
0.234412573539051,2.07559898896966e-12,"ENSG00000183576.13"
0,0,"ENSG00000090061.17"
0,0,"ENSG00000205476.9"
0,0,"ENSG00000182218.9"
0,0,"ENSG00000036530.9"
0,0,"ENSG00000066629.17"
0,0.00132433408761785,"ENSG00000196405.13"
0,0,"ENSG00000242888.1"
0.0794953988211644,3.63773176269805e-09,"ENSG00000168350.8"
0.000821989720332594,0,"ENSG00000100811.14"
0,0,"ENSG00000258904.1"
0.419257246408895,2.4017324737798e-13,"ENSG00000197119.13"
0,0,"ENSG00000140105.18"
0.111632753464664,5.66897339832431e-19,"ENSG00000176473.13"
0.307813141440477,0.280104094088311,"ENSG00000258620.2"
0,0,"ENSG00000183092.16"
0.142477368829312,0,"ENSG00000214548.18"
0,0,"ENSG00000254656.2"
0,0,"ENSG00000225746.12"
0,0,"ENSG00000212384.1"
0,0,"ENSG00000223403.6"
0,0,"ENSG00000258498.8"
0.1571136870648,1.5805152530871e-18,"ENSG00000241494.1"
0.222917700717705,1.50589510770923e-10,"ENSG00000078304.19"
2.4338036159704e-12,0.105732835629223,"ENSG00000259088.1"
0,0,"ENSG00000256705.3"
0.461588009561871,0.126609508456522,"ENSG00000271780.1"
0.340841786794526,3.00250800409726e-18,"ENSG00000197102.12"
2.75762784757209e-15,0.193173052801033,"ENSG00000240457.3"
0.162622993746253,9.3854269512517e-19,"ENSG00000080824.18"
0,0,"ENSG00000140153.17"
0,0,"ENSG00000080823.23"
0,0,"ENSG00000022976.15"
0,0,"ENSG00000100865.15"
0,0,"ENSG00000196663.16"
2.04228690334271e-12,0.0326824756316885,"ENSG00000156381.9"
0.259429299230438,4.4328918961541e-22,"ENSG00000089902.10"
0.247791412651137,4.82732398772954e-12,"ENSG00000131323.14"
0.0536924324547303,2.73368632100165e-12,"ENSG00000166126.10"
0,0,"ENSG00000198752.11"
0.739322959223065,0.0789581950344842,"ENSG00000205436.7"
0.214887179847617,0,"ENSG00000185215.9"
0,0,"ENSG00000259374.2"
0,0,"ENSG00000100664.11"
0,0,"ENSG00000272533.1"
0.153229813928522,5.4480638501812e-15,"ENSG00000075413.18"
0.292450293065935,0.0987755475389179,"ENSG00000166165.13"
3.74490928451722e-13,0.176355526490062,"ENSG00000260285.1"
0,0,"ENSG00000166166.13"
0,0,"ENSG00000258851.1"
0.329891134853937,0.100180578248819,"ENSG00000166170.9"
0.182763955350027,7.39065106448678e-11,"ENSG00000126214.21"
0.0393464510144214,0.416521870075533,"ENSG00000256053.7"
0.112537886682601,2.35846539984342e-10,"ENSG00000246451.2"
0,0,"ENSG00000270108.1"
0,0,"ENSG00000269940.1"
0,0,"ENSG00000269958.1"
0,0,"ENSG00000126215.14"
0.746070934076533,4.84281034258131e-13,"ENSG00000100711.13"
1.0844620516526e-13,0.0983118047772755,"ENSG00000088808.18"
0.138014437787702,2.14165661502175e-08,"ENSG00000156411.9"
0.475739952257369,0,"ENSG00000156414.19"
0.18676587998298,0.0812792740164779,"ENSG00000066735.14"
0.101237728256882,0.740897963340478,"ENSG00000258986.7"
0.247583117839629,0.376854160185528,"ENSG00000184601.10"
0,0,"ENSG00000260792.1"
0,0,"ENSG00000203485.13"
0,0.00908392136940525,"ENSG00000185100.10"
0.412678224924527,0.0196283671044731,"ENSG00000184990.13"
1.95691018631767e-10,0.0795009593848985,"ENSG00000142208.16"
0.193642396032266,0,"ENSG00000179627.10"
0.45889452825967,0.163640760255026,"ENSG00000279140.1"
0.615988943377265,6.75261489392332e-11,"ENSG00000258701.1"
0.19400579770983,2.11337166966251e-19,"ENSG00000099814.16"
0.0931041512606211,0.447705232249941,"ENSG00000166428.13"
0.464961016997476,0.3494513611019,"ENSG00000185567.7"
0.429269917807557,0.345765714010457,"ENSG00000140104.14"
0.136442096615316,2.53553402914034e-14,"ENSG00000170779.11"
0.423195660605081,0,"ENSG00000183484.12"
0.532399528950979,0.0986306349610566,"ENSG00000184916.9"
0.151941445195458,0,"ENSG00000183828.15"
0,0,"ENSG00000185024.17"
0.0124832357435808,2.27929961746009e-11,"ENSG00000184887.13"
0.427800376408433,0.0776134405260533,"ENSG00000179364.13"
0.130952926515895,8.30876100118894e-13,"ENSG00000279495.1"
0.5714264569333,0,"ENSG00000226174.7"
0.111557149886346,2.22385904470624e-20,"ENSG00000251602.7"
0,0,"ENSG00000182979.18"
0.0317039381197433,1.64705038844034e-13,"ENSG00000182809.10"
0,0,"ENSG00000213145.10"
0,0.302687374040774,"ENSG00000185347.17"
0.109613702002733,0,"ENSG00000184986.11"
0,0,"ENSG00000211890.4"
0,0,"ENSG00000211895.5"
0,0,"ENSG00000211896.7"
0,0,"ENSG00000211899.10"
0,0,"ENSG00000226777.7"
0.264876531661417,1.27392376516714e-11,"ENSG00000225200.2"
0,0,"ENSG00000211976.2"
0,0,"ENSG00000224650.2"
0.55361667797916,1.75573623651649e-12,"ENSG00000180229.12"
0.399745354317612,3.9858843861326e-09,"ENSG00000258732.1"
0,0,"ENSG00000276550.4"
0,0.137981327388988,"ENSG00000277561.5"
0,0,"ENSG00000276141.4"
0,0,"ENSG00000170113.16"
0.0829384193804824,6.82100479224984e-10,"ENSG00000140157.14"
0,0,"ENSG00000273749.5"
0.0702815907567373,1.00330674160318e-11,"ENSG00000275835.5"
0.306482833937154,1.11628612312419e-16,"ENSG00000274471.2"
0.54240545139763,7.21528575598036e-12,"ENSG00000182636.8"
0.483153989130356,0.201938977355692,"ENSG00000128739.22"
0.263074171355591,1.13627549442943e-09,"ENSG00000224078.15"
0,0,"ENSG00000279735.2"
0.143759225429097,2.28192907076466e-22,"ENSG00000114062.20"
0,0,"ENSG00000261529.1"
0.515961408413185,0.120082145277727,"ENSG00000235731.3"
0,0,"ENSG00000206190.11"
0,0,"ENSG00000274307.1"
0,0,"ENSG00000166206.15"
0,0,"ENSG00000128731.17"
5.88677737005659e-14,0.130398253634086,"ENSG00000206149.10"
0.182689705594824,0.166643539329725,"ENSG00000188626.6"
0,0,"ENSG00000248334.6"
0.330834146151061,0,"ENSG00000261377.5"
0,0.367495534779711,"ENSG00000034053.14"
0,0,"ENSG00000185115.6"
0,0,"ENSG00000256802.2"
0.162783037670876,0,"ENSG00000104067.16"
0,0,"ENSG00000259644.1"
0,0,"ENSG00000234664.1"
7.54115037628365e-11,0.177519183632635,"ENSG00000186399.10"
0,0,"ENSG00000215302.8"
0,0,"ENSG00000270055.1"
0.00750108991462277,0,"ENSG00000261794.1"
0,0,"ENSG00000285077.2"
0,0,"ENSG00000187951.11"
0,0,"ENSG00000259845.1"
0,0,"ENSG00000198690.10"
2.58216221640578e-12,0.0339891149096931,"ENSG00000166912.17"
0,0,"ENSG00000259448.3"
0.223150337686121,2.40899585181939e-12,"ENSG00000169926.11"
0.228016813869346,0.158646231427427,"ENSG00000169918.9"
0,0,"ENSG00000175344.18"
0.00980041149933152,0,"ENSG00000206127.11"
0,0,"ENSG00000223509.8"
0.251493735910587,0.159622804158397,"ENSG00000261064.1"
4.62176606180693e-21,0.0111313798005656,"ENSG00000232653.8"
0.0528943553556408,5.73656460241894e-13,"ENSG00000198826.11"
0.0758639307879177,0.144158502987017,"ENSG00000166922.8"
0,0,"ENSG00000166923.12"
0,0,"ENSG00000248905.9"
1.57675027623858e-13,0.248383983073216,"ENSG00000198838.13"
0,0,"ENSG00000259408.2"
5.38176548479196e-13,0.458702391294879,"ENSG00000259287.2"
0,0.0102945550702309,"ENSG00000169857.8"
0,0,"ENSG00000184984.9"
0,0,"ENSG00000134153.10"
0.208067216357166,2.134952294344e-16,"ENSG00000182405.6"
0,0,"ENSG00000134152.11"
0,0,"ENSG00000128463.13"
0.0795530851959087,2.67152173105147e-09,"ENSG00000140199.12"
0.159856414642146,1.49081864339957e-16,"ENSG00000182117.5"
0,0.212952579952384,"ENSG00000176454.14"
0.407385477521536,9.08956411182924e-13,"ENSG00000175265.17"
0.0145617957587459,8.72570873253306e-13,"ENSG00000279092.1"
0.223088315245382,0,"ENSG00000215252.11"
0,0,"ENSG00000021776.11"
0,0,"ENSG00000198146.4"
0,0,"ENSG00000259336.1"
0.367961473660557,0.459128573780533,"ENSG00000134146.12"
0,0,"ENSG00000259585.2"
0,0,"ENSG00000248079.3"
0.683118864529274,0.0562396474089647,"ENSG00000186073.14"
3.15933599355866e-11,0.049760162925909,"ENSG00000261635.2"
0.0583159979984588,0.0241722066831066,"ENSG00000261315.2"
0.307269891114465,0.248413325695635,"ENSG00000134138.20"
0.26706970541652,0.148847119310101,"ENSG00000236914.4"
0.505268158455202,0,"ENSG00000166068.13"
0.0940816892086654,1.08045152370999e-11,"ENSG00000171262.11"
0.128760198280533,3.69732186045005e-13,"ENSG00000172575.12"
0.0514107007304856,4.88694619090357e-10,"ENSG00000286786.1"
0,0,"ENSG00000259326.1"
0,0,"ENSG00000259345.7"
0,0,"ENSG00000137801.11"
0,0.0163887849340732,"ENSG00000276107.1"
0,0,"ENSG00000150667.8"
0.119423792713931,0.341008759595796,"ENSG00000261136.1"
0,0,"ENSG00000166073.10"
0,0,"ENSG00000128829.12"
0.0622217929598396,4.39904691471835e-19,"ENSG00000140319.11"
0,0.123811888368561,"ENSG00000248508.8"
0.402084357278041,8.32389493774254e-11,"ENSG00000104081.14"
0.226508522082434,0,"ENSG00000156970.12"
0,0,"ENSG00000137843.12"
0.239012853887765,0,"ENSG00000137841.12"
1.46451757077023e-22,0.12653113389478,"ENSG00000259330.3"
0,0.166622806885773,"ENSG00000188549.12"
0,0,"ENSG00000140323.6"
6.60601088479639e-14,0.0200132395058642,"ENSG00000128944.13"
0.0709017946381582,9.02323013573706e-10,"ENSG00000128928.10"
0.141526417122749,5.82924285485239e-10,"ENSG00000140320.12"
0.0409209647888782,1.86016479124641e-24,"ENSG00000169105.7"
0,0,"ENSG00000128891.15"
0.10697601783464,0,"ENSG00000166133.18"
0.389652175006672,0.0408123885919334,"ENSG00000137812.19"
0.24718090006244,6.68555747937183e-13,"ENSG00000245849.8"
0.618788090883287,7.32405206998171e-12,"ENSG00000051180.17"
0.156127273254858,2.77629773326092e-09,"ENSG00000137824.16"
0.391608781558494,0.155449534034375,"ENSG00000104129.10"
0,0,"ENSG00000188277.10"
0.149531423605999,3.33119727778926e-19,"ENSG00000166140.17"
0.571280558057193,0.176762824634999,"ENSG00000166145.14"
0.127550131806967,0.0628237868822939,"ENSG00000104142.11"
0.559543111673713,1.91245807640726e-10,"ENSG00000128917.8"
0,0,"ENSG00000128965.13"
0,0,"ENSG00000128908.17"
0.0846734389760361,9.95131282439084e-12,"ENSG00000259521.1"
0,0.263612473772817,"ENSG00000280036.1"
2.6248765898583e-12,0.00476483132599508,"ENSG00000157021.9"
0.220197344232456,0.0544737812885431,"ENSG00000187446.12"
0,0,"ENSG00000247556.6"
0.469709381899232,0,"ENSG00000137806.9"
0,0,"ENSG00000137815.14"
0,0,"ENSG00000137825.11"
0.140758942871352,0.136327962456309,"ENSG00000062524.16"
0.219725114692107,4.19593741504139e-18,"ENSG00000103932.12"
0.0962951512072627,0.422019682345042,"ENSG00000092445.12"
0,0,"ENSG00000174197.16"
0,0,"ENSG00000137802.14"
0,0,"ENSG00000243789.11"
0.316366281978485,0,"ENSG00000168970.22"
0.0542476191536785,1.76817701101491e-12,"ENSG00000137877.10"
0.0573364126849269,5.67451713759825e-11,"ENSG00000103966.11"
0.299902093424059,7.4316491763442e-11,"ENSG00000259883.2"
0,0,"ENSG00000166887.15"
0,0,"ENSG00000103978.16"
0.403695959908487,0.0425710878112296,"ENSG00000214013.9"
0,0.041596905485905,"ENSG00000258461.5"
9.5968446955373e-17,0.0433079794753627,"ENSG00000092529.24"
0.452940584524637,0.194477993752084,"ENSG00000103994.17"
0,0,"ENSG00000092531.10"
0,0,"ENSG00000180979.10"
0,0,"ENSG00000137814.11"
0,0,"ENSG00000159433.12"
0,0,"ENSG00000140326.13"
0,0,"ENSG00000274403.1"
0,0,"ENSG00000128881.17"
0,0,"ENSG00000159459.12"
0.0727652190290462,1.92101155821071e-09,"ENSG00000137842.7"
0,0,"ENSG00000166946.14"
0.230133898468958,0.0909982260581875,"ENSG00000166947.14"
0.0913447900199444,1.6582869628324e-10,"ENSG00000168806.8"
0,0,"ENSG00000168803.15"
0,0.0625803033766184,"ENSG00000140265.12"
0,0,"ENSG00000137822.12"
0,0,"ENSG00000067369.13"
0,0,"ENSG00000166963.13"
0.172839653029014,7.76093440044001e-13,"ENSG00000168781.22"
0,0,"ENSG00000237289.9"
0.277579245199521,0,"ENSG00000166762.18"
0.0512989859972523,0.0784031122325304,"ENSG00000205771.6"
0,0,"ENSG00000167004.13"
0.131097351868458,2.8265312339518e-11,"ENSG00000140264.19"
0.222801171412201,2.17549766734138e-21,"ENSG00000242028.6"
0.0818734894642592,1.38849647685051e-18,"ENSG00000140259.7"
0.430351065836609,0,"ENSG00000092470.12"
0.119117144000904,3.16982043036039e-10,"ENSG00000171877.21"
0,0,"ENSG00000166734.20"
0,0,"ENSG00000250130.1"
0,0,"ENSG00000137770.14"
0.376712925222924,1.76439047304735e-11,"ENSG00000179523.5"
0.161180436508241,1.13235115407864e-22,"ENSG00000104131.13"
0.219431107442662,1.950061903483e-17,"ENSG00000259659.1"
0,0,"ENSG00000104133.15"
0,0,"ENSG00000229474.6"
0,0,"ENSG00000166710.20"
0,0.0515344282345869,"ENSG00000185880.13"
0,0,"ENSG00000140263.14"
0,0,"ENSG00000140279.12"
0.720998026794376,0,"ENSG00000137857.17"
0.621408036813428,2.9278097559611e-13,"ENSG00000138606.19"
0.28811158871456,0.0400100521039179,"ENSG00000259932.1"
0,0,"ENSG00000260035.1"
0.787184707738132,0.058117852066425,"ENSG00000259520.6"
0.672663545451926,4.49188257128329e-12,"ENSG00000137860.12"
1.14840974161805e-16,0.0937597008879089,"ENSG00000171766.16"
0,0,"ENSG00000171763.19"
0.0148408225413924,8.83094639201837e-12,"ENSG00000166920.12"
0.356811559022889,0.16660436086632,"ENSG00000259354.5"
0,0,"ENSG00000104154.7"
0.184629892275742,0.130066097761279,"ENSG00000179362.14"
0.0275823151796669,5.27862680829743e-12,"ENSG00000104164.11"
2.58622518719686e-14,8.71981652863562e-20,"ENSG00000137767.14"
8.80698580628988e-21,0.263561281718597,"ENSG00000137872.16"
0,0,"ENSG00000104177.18"
0.270538633234157,0.116497740702219,"ENSG00000074803.19"
0.507141248224046,1.37639251150649e-13,"ENSG00000259488.2"
0,0,"ENSG00000128951.14"
0,0.0538989705062503,"ENSG00000166147.13"
0,0,"ENSG00000286947.1"
0,0.0610939057331138,"ENSG00000274654.1"
0.0259270058655763,3.57007154550509e-11,"ENSG00000103995.14"
0.447942502020046,0,"ENSG00000185634.12"
0.0349268366172079,3.45601154728001e-12,"ENSG00000255302.5"
0,0,"ENSG00000138593.9"
0,0,"ENSG00000166200.15"
0,0,"ENSG00000156958.15"
0,0,"ENSG00000166262.16"
0,0,"ENSG00000275580.1"
0,0,"ENSG00000276593.1"
0.603336839710738,0,"ENSG00000259531.2"
0,0,"ENSG00000140285.10"
0.472692256555912,0,"ENSG00000104047.15"
0,0,"ENSG00000104043.14"
0,0,"ENSG00000259188.6"
1.38042173212219e-11,0.152491615300859,"ENSG00000140284.11"
0,0,"ENSG00000140287.11"
0.062352113141186,5.56147635968057e-10,"ENSG00000241175.3"
0,0,"ENSG00000104064.17"
0,0,"ENSG00000285410.1"
0.601937286764885,1.4503115077973e-11,"ENSG00000244879.8"
0.010709502024283,2.32062302878433e-15,"ENSG00000138592.14"
0.298630121382055,0.0228125964030294,"ENSG00000092439.16"
0,0,"ENSG00000138600.10"
0,0,"ENSG00000279665.1"
4.12623428464295e-16,0,"ENSG00000081014.11"
0,0,"ENSG00000259378.1"
0.195615685947746,7.98947103251591e-10,"ENSG00000183578.8"
0,0,"ENSG00000137869.15"
0.00612840533374519,0,"ENSG00000186417.14"
0.278041831104587,1.03039653460436e-19,"ENSG00000104093.13"
0,0.0693697673536604,"ENSG00000259668.6"
0.248761423492728,2.16272998099846e-13,"ENSG00000140280.14"
0.418398569709882,0.128881451643896,"ENSG00000128872.10"
0,0.109189384581007,"ENSG00000138594.14"
0,0,"ENSG00000259632.2"
0.0997706658623927,0,"ENSG00000259556.2"
0.287546457126466,0.030719331962415,"ENSG00000166477.13"
0.145446235714195,8.44930003644508e-11,"ENSG00000069956.12"
0,0,"ENSG00000259398.1"
5.82281707834228e-12,0.103060828038283,"ENSG00000259712.1"
0,0,"ENSG00000069966.18"
1.73632611316093e-20,0.129342334047237,"ENSG00000128833.13"
0,0,"ENSG00000197535.14"
0.0343558035746966,0,"ENSG00000128989.10"
0.1283190108161,0.233543688342638,"ENSG00000260618.1"
0,0.308000539942017,"ENSG00000047346.12"
0.276554179078627,0.350097826296145,"ENSG00000259935.1"
0,0,"ENSG00000166415.15"
0,0,"ENSG00000137766.17"
0,0,"ENSG00000279145.2"
0,0,"ENSG00000137876.10"
0.571847181298092,0.280679482119045,"ENSG00000069974.16"
0,0,"ENSG00000276533.1"
0.0440809602331907,3.18424719578224e-15,"ENSG00000225973.4"
0.517220127377037,0.13007286262759,"ENSG00000069943.10"
0,0,"ENSG00000260916.7"
0,0,"ENSG00000277548.1"
0,0,"ENSG00000261652.3"
0,0.00794278757133351,"ENSG00000171016.12"
0,0,"ENSG00000166450.13"
0,0,"ENSG00000069869.16"
0,0,"ENSG00000230183.4"
0,0,"ENSG00000181827.14"
0,0,"ENSG00000261072.2"
3.35291855420957e-10,0.0210886578889667,"ENSG00000151575.14"
0.0390865584696454,1.80312959624264e-23,"ENSG00000138587.6"
0,0,"ENSG00000137871.20"
0.371377311804851,1.33688328069562e-09,"ENSG00000285331.2"
0.00116081677341611,4.89921938026383e-16,"ENSG00000140262.17"
0.230217530893714,0.0345816221921585,"ENSG00000260689.2"
5.77467123401027e-13,0.032365687372365,"ENSG00000247982.6"
0.0947012117911339,3.36565638942562e-13,"ENSG00000128849.10"
0,0,"ENSG00000263155.6"
0.0366062652402832,0.305527837308726,"ENSG00000137878.17"
0.206913436979034,5.97418012315831e-09,"ENSG00000255529.9"
0.0234055260454994,0.2693104765222,"ENSG00000128918.15"
0.188338478237846,0,"ENSG00000103569.10"
0,3.31802054299476e-17,"ENSG00000259671.1"
0.13697469118324,0.312023160902911,"ENSG00000166035.11"
0.048829364333158,0.40643756611267,"ENSG00000137845.15"
0,0.144611450340104,"ENSG00000282100.1"
0.828788394232629,0.136136901368609,"ENSG00000128923.11"
0,0,"ENSG00000157450.15"
0,0,"ENSG00000137776.17"
0,0,"ENSG00000157456.8"
0,0.0423639411516938,"ENSG00000157483.9"
0,0,"ENSG00000259735.1"
0,0,"ENSG00000157470.12"
0.0104271877491518,0,"ENSG00000140307.11"
0,2.38681422663917e-15,"ENSG00000140299.12"
0.53055179143407,0,"ENSG00000234797.5"
0.456404061334532,4.14340555958588e-12,"ENSG00000182718.16"
0.0808018048382283,0,"ENSG00000240163.1"
0.397413721149752,8.49766997629967e-20,"ENSG00000128915.12"
0.155215201231019,0,"ENSG00000245534.7"
0.187957674438419,0.00764301580357639,"ENSG00000069667.16"
0.18525846826768,0.11100385956458,"ENSG00000286457.1"
0.209870132429007,7.02762412303372e-17,"ENSG00000287508.1"
0,0,"ENSG00000259591.2"
0.0150517439980384,0,"ENSG00000273792.1"
0.0894930184538511,0,"ENSG00000259481.1"
0.0361868153731153,6.60490922760966e-25,"ENSG00000259575.1"
0.445150743273808,0.0194252708686384,"ENSG00000259675.2"
0,0,"ENSG00000129003.18"
0.0613979168078343,0.2908323555956,"ENSG00000285863.1"
0.675610713729567,0.030403827379892,"ENSG00000205502.4"
2.02604301639487e-10,0.19445906968646,"ENSG00000171914.16"
0.0450301313164964,0.291440369151877,"ENSG00000259458.1"
1.19131985186226e-20,0.515327037290307,"ENSG00000259370.2"
0,0.239584388427805,"ENSG00000140416.21"
6.87205139196236e-20,0.316301311096943,"ENSG00000259498.1"
0.0483818210276712,0,"ENSG00000103642.12"
0,0,"ENSG00000185088.14"
0.0019633307537466,2.74726875900922e-11,"ENSG00000166128.13"
0,0,"ENSG00000138613.14"
0,0,"ENSG00000074410.14"
0.0322620908610819,6.7333732314058e-17,"ENSG00000140455.17"
0,0.0313173916275469,"ENSG00000259248.7"
0.361039544165737,0,"ENSG00000197361.7"
0,0,"ENSG00000103657.14"
0,0,"ENSG00000035664.11"
0,0,"ENSG00000259351.1"
0,0,"ENSG00000166797.11"
0,0.289861365101309,"ENSG00000028528.15"
0.143906526031863,2.81829321894828e-09,"ENSG00000157734.14"
0.0466200164099522,4.68015953848659e-12,"ENSG00000166794.4"
0,0,"ENSG00000169118.18"
0,0,"ENSG00000166803.13"
0,0,"ENSG00000103671.10"
0,0,"ENSG00000180357.9"
1.12064664370481e-20,0.00385142772842677,"ENSG00000248415.1"
0,0,"ENSG00000180304.14"
0.135677063620203,0.37528318652446,"ENSG00000166831.9"
0,0.111854824232242,"ENSG00000140451.13"
0,0.0440739775034448,"ENSG00000241839.10"
0.344740491381909,0.0815850111839051,"ENSG00000287494.1"
0,0.134180930293429,"ENSG00000166839.17"
0.0740517841410388,4.30249678879453e-11,"ENSG00000274383.1"
0,0,"ENSG00000090487.11"
0,0,"ENSG00000103707.10"
0.14701974926945,0.048237510393517,"ENSG00000103710.11"
0,0,"ENSG00000246922.8"
0,0,"ENSG00000090470.15"
0,0,"ENSG00000166855.9"
0,2.91118098785561e-16,"ENSG00000138615.6"
0,0,"ENSG00000138617.15"
0.777610355095316,0,"ENSG00000199568.1"
0.806334513886439,0.020715011759484,"ENSG00000200156.1"
0.243768700837977,0,"ENSG00000103742.12"
0.120175827783649,3.29932330203112e-10,"ENSG00000074603.19"
0,0,"ENSG00000074696.13"
0,0,"ENSG00000138614.15"
0,0,"ENSG00000074621.14"
0,0,"ENSG00000174485.15"
0.0596976693909055,8.36280029436656e-11,"ENSG00000103769.10"
0,0.0479005098144676,"ENSG00000261544.1"
0,0,"ENSG00000259924.1"
0,0,"ENSG00000157890.17"
0.0560659205948805,0.172128534752659,"ENSG00000166938.13"
0.0190000641583679,5.77485659645598e-12,"ENSG00000075131.10"
0.232866491042996,0,"ENSG00000169032.9"
0,0.0791438218927351,"ENSG00000243404.2"
0,0,"ENSG00000261351.2"
0.198174895022213,1.28709792407443e-09,"ENSG00000174446.13"
0.0847887055132818,1.21779358210977e-20,"ENSG00000174444.15"
0.135382526220584,3.40711557185925e-13,"ENSG00000174442.12"
1.91101505114135e-10,0.061992428207806,"ENSG00000188501.11"
0.580052551520285,0.0437936222442112,"ENSG00000137834.15"
0,0.0513623207744939,"ENSG00000270490.1"
0.136311930106891,0.0367608171139315,"ENSG00000277152.1"
0.112957607593315,5.64988581604726e-11,"ENSG00000259347.7"
0,0,"ENSG00000166949.16"
0,0,"ENSG00000259202.1"
0,0,"ENSG00000103591.13"
0,0,"ENSG00000103599.20"
0.185711765663757,5.7747078515679e-13,"ENSG00000259673.6"
0.0519313954608482,0.0167594910067004,"ENSG00000189227.6"
0,0.162970474959307,"ENSG00000270964.1"
0,0,"ENSG00000137764.20"
7.96499196056668e-17,9.57219383653252e-19,"ENSG00000259512.3"
0.565721231986768,0.0382599631701728,"ENSG00000188779.12"
0,0,"ENSG00000033800.13"
0,0,"ENSG00000260007.3"
0,0,"ENSG00000128973.13"
1.40226275562357e-20,0.0113694074191574,"ENSG00000169018.6"
0,0,"ENSG00000137809.17"
0.0755387641963011,7.26290665939473e-10,"ENSG00000103647.12"
0,0.0673951359431096,"ENSG00000140350.15"
0,0,"ENSG00000258484.4"
0.637983546105865,0.00129035237375027,"ENSG00000255346.10"
0,0,"ENSG00000138604.10"
0,0,"ENSG00000137819.14"
0,0,"ENSG00000259426.6"
0.0299969126953777,0,"ENSG00000137807.15"
0.623886752379565,1.30430499491834e-13,"ENSG00000137818.12"
0,0.0649402508880503,"ENSG00000140332.16"
0.521320579701025,0.23577339744022,"ENSG00000280639.1"
0,0.34534518740801,"ENSG00000280515.1"
0.110877300691876,4.75716042296372e-11,"ENSG00000137831.15"
0,0,"ENSG00000259532.1"
0.0655325732934926,0,"ENSG00000274297.1"
0.286004504945732,0,"ENSG00000166173.11"
0.0104701541312376,0,"ENSG00000137821.11"
0.530291093456111,9.02940467465295e-11,"ENSG00000259470.2"
0.436251754084991,1.4799733987877e-15,"ENSG00000129028.9"
0.26271733182422,0.199058169295332,"ENSG00000187720.14"
0.0919596483753874,0.105638577058163,"ENSG00000278570.5"
0,0,"ENSG00000066933.16"
0.125774201809208,0.0824778882098776,"ENSG00000166192.15"
0.199542454063287,0,"ENSG00000067225.18"
0,0,"ENSG00000137817.17"
6.71413259551462e-12,0.374908066338118,"ENSG00000261460.1"
4.92074312261244e-13,0.0361835277617945,"ENSG00000213614.9"
0,0.186966741690464,"ENSG00000261423.1"
0.121131217772204,3.90620378352498e-14,"ENSG00000166233.15"
0.150271935705229,0.437468486257032,"ENSG00000278313.1"
0,0,"ENSG00000260144.1"
0.248103141067058,0.0953694251820903,"ENSG00000260672.1"
0,0,"ENSG00000140463.14"
0.573265150623597,0.24313771447372,"ENSG00000159322.17"
0,0,"ENSG00000260898.6"
0.0401229477070621,0,"ENSG00000067141.17"
0,0,"ENSG00000156642.17"
0,0,"ENSG00000281183.1"
0.320781443524775,0.0198547675813832,"ENSG00000103855.18"
0.406673747985962,1.34219763553419e-10,"ENSG00000205363.5"
0.31317340220576,5.04152883806931e-16,"ENSG00000261801.6"
0,0,"ENSG00000129038.16"
0.190454714714469,4.18375074822425e-22,"ENSG00000067221.14"
0.229687192014617,0,"ENSG00000140464.20"
1.99719446218026e-16,0,"ENSG00000287543.1"
0,0,"ENSG00000167178.16"
0.164386489589233,0,"ENSG00000129009.13"
0,0,"ENSG00000137868.19"
0,0.134693102817659,"ENSG00000140459.18"
0.229555425032729,8.43286261871738e-15,"ENSG00000260266.1"
0,0,"ENSG00000138623.10"
0,0,"ENSG00000286696.1"
0,0,"ENSG00000138629.16"
0,0,"ENSG00000247240.8"
0.0326696304491455,4.73891533802296e-11,"ENSG00000179361.17"
0,0,"ENSG00000179335.18"
0.0895199471366085,3.89668158022695e-14,"ENSG00000179151.13"
0,0,"ENSG00000140465.14"
0.280169941492975,0,"ENSG00000103653.16"
0.0049148875116423,5.7381691467677e-09,"ENSG00000140474.14"
0.101056049902154,1.24064202480368e-20,"ENSG00000140497.16"
0,0,"ENSG00000178802.18"
0.0304134495318311,0.146379874682584,"ENSG00000178761.15"
0.19798741917053,5.09412927414081e-11,"ENSG00000178741.12"
0.269276167088889,0.193159909043069,"ENSG00000178718.6"
0.348074282459578,0.169824568839835,"ENSG00000198794.12"
0.0130178895494298,0.121639522559647,"ENSG00000138621.12"
0.331324775639062,0.0676111933520525,"ENSG00000240366.1"
0,0,"ENSG00000167173.19"
0.0211524949103428,1.32854897666332e-11,"ENSG00000140365.16"
0.533555104668405,0.0290917090725724,"ENSG00000140398.14"
0.490607573790514,0.0810799811270687,"ENSG00000140400.17"
0.284144566191033,0.210941859974032,"ENSG00000260274.1"
0,0,"ENSG00000169375.16"
6.19860857217105e-16,0.0401949227977757,"ENSG00000276744.1"
0,0.024396789287693,"ENSG00000169410.10"
0,0,"ENSG00000169371.14"
0.287184616398179,0,"ENSG00000177971.8"
3.65074163071055e-13,0.215146946934764,"ENSG00000275454.1"
0,0,"ENSG00000173548.8"
0,0,"ENSG00000173546.7"
0,0.14321276490612,"ENSG00000203392.3"
0.0307144201584984,9.09399207327428e-15,"ENSG00000140367.12"
0,5.10374770893431e-15,"ENSG00000167196.14"
0.0949951640203132,3.07434582384581e-10,"ENSG00000169758.13"
0.183059753951327,0,"ENSG00000140374.16"
0,0,"ENSG00000259581.3"
0.476478244465139,0,"ENSG00000287503.1"
0,0,"ENSG00000140386.13"
0.460047721562262,2.72028464310162e-11,"ENSG00000117906.14"
2.43589073820491e-22,0.00799929397905448,"ENSG00000140368.13"
1.30914551480189e-15,2.54210417825122e-19,"ENSG00000140391.15"
0,0.0992450838283598,"ENSG00000278991.1"
0,0,"ENSG00000269951.1"
0.110975802439381,0.10408619538499,"ENSG00000173517.10"
0,0,"ENSG00000140382.15"
0.130727833790114,1.60934544970598e-13,"ENSG00000169783.12"
0,0.0225576476332402,"ENSG00000260139.6"
0.0460844600645258,4.03047801939586e-08,"ENSG00000260776.5"
0.0816890160436666,0,"ENSG00000261143.1"
0,0,"ENSG00000167202.11"
0,0,"ENSG00000136425.14"
0.509951330251865,1.48639241410365e-09,"ENSG00000166411.14"
0,0,"ENSG00000103740.10"
0,0,"ENSG00000140403.12"
0,0,"ENSG00000140395.9"
0.637786186649266,2.30817167824315e-10,"ENSG00000259562.2"
0,0,"ENSG00000166426.8"
0.314162520846855,1.00821484268304e-18,"ENSG00000136381.13"
0.167893648669832,4.97362315706415e-12,"ENSG00000188266.14"
0.015937743512243,7.42522162851827e-22,"ENSG00000041357.16"
0,0.0148911336160092,"ENSG00000136378.15"
0.033326625114886,8.12530281334961e-12,"ENSG00000185787.15"
0.292724469197018,0,"ENSG00000252061.1"
0,0.488506315295095,"ENSG00000279235.1"
0.113062271283058,0,"ENSG00000103811.16"
0,0.0246057164728525,"ENSG00000058335.15"
0,0,"ENSG00000166557.13"
0,0.189836804522137,"ENSG00000287408.1"
0,0,"ENSG00000169330.8"
0.299237779451348,0,"ENSG00000136371.10"
0,0.00994060660325119,"ENSG00000286813.1"
0,0,"ENSG00000180953.11"
0,0,"ENSG00000278600.1"
0.137771726172027,1.13831026356139e-15,"ENSG00000259642.2"
0,0,"ENSG00000140379.8"
0,0,"ENSG00000086666.19"
0,0,"ENSG00000103876.12"
0,0,"ENSG00000259417.3"
0.0128543738697841,0.336971930358351,"ENSG00000172379.21"
0.0546081145810705,0,"ENSG00000136379.12"
0.119348167293552,0.0919176539361273,"ENSG00000103888.17"
0,0,"ENSG00000117899.11"
0.160153846887996,1.32011019881473e-12,"ENSG00000277782.1"
0.116232238653445,3.1714954894074e-10,"ENSG00000140406.4"
1.91473155025068e-09,0.0820258003329975,"ENSG00000172349.17"
0,0.270878776702199,"ENSG00000172345.14"
0.348504246346035,9.40783644274685e-14,"ENSG00000286488.1"
0,0,"ENSG00000259343.7"
0,0,"ENSG00000183496.6"
0.0692638290361657,0,"ENSG00000140598.15"
1.52082858740929e-10,0.0301916448654937,"ENSG00000188659.9"
0.144065945459383,1.51670710312659e-10,"ENSG00000278662.5"
0,0.0143311892328224,"ENSG00000259429.5"
0.696659162701056,6.2126527309357e-10,"ENSG00000237550.5"
0.180704665862547,0,"ENSG00000197978.9"
0.246603499100698,0.113257301323948,"ENSG00000276710.4"
0,0,"ENSG00000255769.7"
0,0,"ENSG00000182774.13"
0.212241373017466,0.224708089426456,"ENSG00000214575.9"
0,0.44114947440536,"ENSG00000103723.15"
0.00730617811564589,0,"ENSG00000186628.12"
0,0,"ENSG00000156232.7"
0,0,"ENSG00000103942.13"
0.143020042199195,0.394034939292085,"ENSG00000169612.4"
0,0,"ENSG00000169609.14"
0.0549465700126832,0,"ENSG00000064726.10"
0,0,"ENSG00000136404.16"
2.01710971224846e-10,0.159402626060377,"ENSG00000166503.9"
0.0167001454644558,0,"ENSG00000259986.1"
0,0,"ENSG00000169594.13"
0.0255019860112288,0.166806368320917,"ENSG00000140600.17"
0,0.074346169799457,"ENSG00000156218.13"
0.709493068012485,2.34481335175622e-07,"ENSG00000184206.12"
0,0.0988485942439505,"ENSG00000259683.1"
0,0,"ENSG00000235370.6"
0.480536950172613,0.115204009414028,"ENSG00000230373.8"
0,0,"ENSG00000189136.9"
0,0,"ENSG00000275120.3"
0.148877567640295,0.154929309587471,"ENSG00000176371.14"
0,0,"ENSG00000176700.20"
0.307157152678066,0.226164665059436,"ENSG00000177082.12"
0.508544613213205,9.12745647777492e-09,"ENSG00000197696.10"
0.0849720791311494,1.70514863226634e-09,"ENSG00000140612.14"
1.61374144756744e-11,0.0208592872605676,"ENSG00000259654.1"
0.544958867494993,6.34626457203575e-13,"ENSG00000285667.1"
0,0,"ENSG00000166716.10"
0.138573973507052,1.70358691597537e-21,"ENSG00000259415.1"
0,0,"ENSG00000136383.6"
0.634545512186707,0.139728462045194,"ENSG00000156222.12"
0,0,"ENSG00000073417.15"
0.0568213969194682,0.102419183420117,"ENSG00000170776.21"
0,0.269756544356108,"ENSG00000259630.2"
0.0809939044727872,0,"ENSG00000259276.1"
1.1462384535905e-10,0.0507357547205414,"ENSG00000259453.1"
0,0,"ENSG00000259407.1"
0,0,"ENSG00000259762.1"
0.485728168501332,2.90760117766338e-12,"ENSG00000259416.2"
0.602144592959331,0,"ENSG00000183655.13"
0.0108566142631861,0.0573906585516406,"ENSG00000140538.16"
0,0,"ENSG00000259494.2"
0.213879889843477,2.54341548107342e-20,"ENSG00000181991.16"
0.266221721372323,3.20753919761997e-11,"ENSG00000140543.14"
0,0,"ENSG00000181026.15"
0.564824078288904,1.83193905330502e-12,"ENSG00000172183.15"
0.30903125060665,4.12242887496779e-15,"ENSG00000157766.17"
0,0,"ENSG00000140511.11"
0.058470361407951,1.41184902509587e-10,"ENSG00000140545.15"
0,0.131135514441845,"ENSG00000260123.2"
0.0494665295459833,0,"ENSG00000140526.18"
0.198746489911454,0,"ENSG00000259699.2"
0.18648144880098,3.39216660141676e-22,"ENSG00000140525.17"
0.0794920745817013,1.33891804550335e-11,"ENSG00000140521.15"
0,0,"ENSG00000261441.1"
0.376712298532344,1.59400830238303e-11,"ENSG00000140534.14"
0,0,"ENSG00000166813.15"
0.0538135766799981,0.169088465814177,"ENSG00000166819.12"
0,0,"ENSG00000166821.9"
0,0,"ENSG00000140527.15"
9.75867211538714e-16,0.0432390279841251,"ENSG00000166823.5"
0.00276450052799696,2.91938102749738e-11,"ENSG00000166825.14"
0,0,"ENSG00000157823.17"
0,0,"ENSG00000242498.8"
3.81061018269938e-21,0.218337295472998,"ENSG00000140548.10"
0,0,"ENSG00000273691.1"
0,0,"ENSG00000259291.2"
0,0,"ENSG00000182054.9"
0,0,"ENSG00000185033.14"
0.190288275789137,3.36620898442811e-21,"ENSG00000185043.12"
0.056210431233127,1.13864597799796e-13,"ENSG00000183208.12"
2.12303345282399e-12,0.230835300126921,"ENSG00000213471.10"
0,0,"ENSG00000182768.8"
0,0,"ENSG00000275803.1"
0,0,"ENSG00000196391.11"
0,0,"ENSG00000140575.13"
0,0.00922604098014461,"ENSG00000140577.16"
0,0.132542570181787,"ENSG00000259212.1"
0,0,"ENSG00000285560.1"
0,0,"ENSG00000245479.3"
0.248646863940655,6.02374348360926e-13,"ENSG00000197299.12"
0,0,"ENSG00000140564.12"
0.193151743824617,0.093570453479328,"ENSG00000182511.12"
6.52706260451453e-12,0.137715480882409,"ENSG00000196547.15"
0,0.107410657529246,"ENSG00000184508.11"
0.147263854764438,0.0650256827858639,"ENSG00000140553.18"
0.22251484322097,0,"ENSG00000166965.12"
0,0,"ENSG00000198901.14"
0,0.0932167259207157,"ENSG00000284946.1"
0,0,"ENSG00000258725.2"
0,0,"ENSG00000184056.14"
0,0,"ENSG00000185518.11"
0.258142375589153,3.15986302241289e-13,"ENSG00000176463.14"
0,0,"ENSG00000260661.1"
0.151696319774313,6.94331635424558e-21,"ENSG00000185442.13"
0.0534833385575161,2.14678908731181e-11,"ENSG00000253954.3"
0.492460931528408,3.12489070828312e-10,"ENSG00000272888.7"
9.1904563838837e-16,0,"ENSG00000279765.3"
0.0687050730540479,4.17967500494957e-19,"ENSG00000173575.21"
0,0,"ENSG00000182175.14"
0,0,"ENSG00000140563.15"
0,0,"ENSG00000248441.7"
0,0.289987462218912,"ENSG00000247809.9"
0.0546509456757298,5.09490931939405e-14,"ENSG00000280291.1"
0.129334397609529,0.225151726869199,"ENSG00000185551.15"
0,0,"ENSG00000242863.3"
0,0,"ENSG00000279091.1"
0.277808815586097,2.95780620614265e-13,"ENSG00000251209.9"
0.202050757065284,2.27838175069035e-11,"ENSG00000140450.9"
0.546668845201212,0.120182870123961,"ENSG00000140443.15"
0,0,"ENSG00000182253.15"
0,0,"ENSG00000103852.13"
0.00327315118410399,0,"ENSG00000261616.1"
0,0,"ENSG00000259921.1"
0,0,"ENSG00000168904.15"
0,0,"ENSG00000259706.1"
0.26164806431952,0.148234716681202,"ENSG00000259341.2"
0.318630810308116,0.0693699639174253,"ENSG00000068305.17"
0.16086952746844,0.0723617436627792,"ENSG00000183060.15"
0.444749505835693,0.0207130734727753,"ENSG00000182397.14"
0.0572819570319219,4.57386330904278e-18,"ENSG00000259363.6"
0.296237301057273,4.61872340296191e-10,"ENSG00000140470.14"
0,0,"ENSG00000189419.8"
0.146939605709424,3.1189440470054e-12,"ENSG00000259430.2"
0.0881954269346059,4.3022531616946e-13,"ENSG00000270127.2"
0.491305009667846,0.156951058399252,"ENSG00000259205.2"
0.167050737395624,1.40305468635949e-18,"ENSG00000140471.17"
0,0,"ENSG00000183475.12"
0,0.0737464311283926,"ENSG00000259381.2"
0,0,"ENSG00000279588.2"
0,0,"ENSG00000184254.17"
0,0,"ENSG00000259583.3"
0,0,"ENSG00000154237.13"
0,0,"ENSG00000131873.7"
0.0195148917622924,2.71326197781086e-11,"ENSG00000131871.15"
0.35389381620109,0.0806638194185501,"ENSG00000131876.17"
0.208348629796194,0.151385209835992,"ENSG00000140479.17"
0,0,"ENSG00000279970.1"
0,0,"ENSG00000184277.13"
0.0255274850628508,0,"ENSG00000185418.16"
0,0,"ENSG00000259660.2"
0.0566241449031902,5.51147167672357e-13,"ENSG00000259236.1"
0.555618160442801,3.31006675682729e-12,"ENSG00000185596.16"
0,0,"ENSG00000161980.6"
0.234504170609251,6.49420705743632e-19,"ENSG00000161981.10"
0,0,"ENSG00000007384.15"
0.114685026072642,7.15678269243902e-08,"ENSG00000103152.11"
0,0,"ENSG00000103148.16"
0.692610495121431,3.68436283245512e-12,"ENSG00000228779.1"
0,0,"ENSG00000188536.13"
0,0,"ENSG00000206172.8"
0.0092203102256487,1.81298500497271e-11,"ENSG00000086506.3"
0.545592772218056,0,"ENSG00000007392.16"
0,0,"ENSG00000167930.17"
6.54904927234885e-25,0.0585947118850012,"ENSG00000076344.16"
0.22744791978692,8.66453208303109e-16,"ENSG00000185615.15"
0,0,"ENSG00000103126.15"
0.244822223918062,2.10486375852067e-12,"ENSG00000086504.17"
0.0186052371123706,0.0333325394308415,"ENSG00000129925.11"
0.0595694174412542,3.05595688393641e-11,"ENSG00000103202.13"
0.142479787970005,0,"ENSG00000242612.7"
0.114778229500256,0.0955889929939056,"ENSG00000090565.16"
0.0859264075572545,6.88546871077713e-11,"ENSG00000277142.1"
0.162841091006293,4.12212657732286e-20,"ENSG00000103326.12"
0.0505569881121615,1.14092655019792e-07,"ENSG00000266235.1"
0.746920903339452,0.0126148850730207,"ENSG00000007541.16"
0,0.3814868300077,"ENSG00000257108.2"
0.0206440684732486,6.16442912057345e-11,"ENSG00000197562.10"
0.0204268141949343,0.249676295905708,"ENSG00000127578.7"
0.0503149922681614,1.78088397097707e-12,"ENSG00000130731.16"
0,0,"ENSG00000172366.20"
0.0132485661083479,0,"ENSG00000161996.19"
0.247936435332027,0.244610095061264,"ENSG00000140983.14"
0,0,"ENSG00000103266.11"
0,0,"ENSG00000161999.12"
0,0,"ENSG00000127580.17"
0.119909860350315,0,"ENSG00000261659.2"
0,0,"ENSG00000127585.12"
0.24748285139455,1.43126049679987e-08,"ENSG00000103260.9"
0,0,"ENSG00000103254.10"
0.41677231034827,0,"ENSG00000162004.17"
0,0.0108636030227295,"ENSG00000103253.18"
0,0,"ENSG00000103245.14"
0.27934362644172,0,"ENSG00000007376.8"
0,0,"ENSG00000127586.17"
0.477611609486815,5.53087108071696e-11,"ENSG00000287855.1"
0,0,"ENSG00000103227.18"
0.0224117760644676,0,"ENSG00000260022.1"
0.600843620178879,0.0254277051342613,"ENSG00000260316.2"
0,0,"ENSG00000260807.7"
0,0,"ENSG00000196557.13"
0,0,"ENSG00000197253.13"
0.242936981401999,0.0548502673736298,"ENSG00000103275.20"
0.200143986461479,2.34470410814438e-11,"ENSG00000261505.1"
0,0.13478537015315,"ENSG00000007516.13"
0.262640464782627,0,"ENSG00000007520.4"
0.120336022768101,1.36246853307791e-12,"ENSG00000090581.10"
0,0,"ENSG00000059145.18"
0,0,"ENSG00000174109.5"
0,0,"ENSG00000197599.12"
0,0,"ENSG00000103249.18"
0,0,"ENSG00000260051.1"
0,0.0132868833471474,"ENSG00000100726.15"
0,2.7941885994575e-17,"ENSG00000187535.14"
0.141685911908115,0.0885597158404698,"ENSG00000131634.14"
0.0788048834370435,1.30637004328415e-10,"ENSG00000007545.15"
0,0,"ENSG00000261732.1"
0.364496101869429,3.14713781172357e-12,"ENSG00000206053.13"
0.104460135871438,7.72216295994368e-12,"ENSG00000138834.12"
0,0,"ENSG00000261207.1"
0.71434181424457,9.16736095710334e-12,"ENSG00000103024.7"
0.101936125518685,1.19099379508054e-20,"ENSG00000074071.14"
0,0,"ENSG00000197774.13"
0.156300750364629,0.0152761042887245,"ENSG00000162032.16"
0,0,"ENSG00000095906.17"
0.226382878467075,0,"ENSG00000063854.13"
0.449399667020412,0.147683758017657,"ENSG00000180185.11"
3.66753842514492e-20,0.198308531787697,"ENSG00000198736.11"
0.0101994183706718,6.28861380611378e-10,"ENSG00000140990.15"
0.541863767705212,0,"ENSG00000140988.16"
0.515806203255849,0,"ENSG00000255198.4"
0.139607909477599,0.168305910644893,"ENSG00000183751.15"
0,0,"ENSG00000127554.13"
0.0503622087310075,0,"ENSG00000127561.15"
0,0,"ENSG00000167962.14"
0,0.0893979915076197,"ENSG00000065054.14"
0.0515656345623938,0.332510644108668,"ENSG00000065057.9"
0.594290255220184,0,"ENSG00000103197.18"
0,0,"ENSG00000008710.19"
0.0964860937809647,0.0919715441008197,"ENSG00000261123.1"
0.577117569486226,0.0273992453262673,"ENSG00000167964.13"
0.48483061532325,0.0305598263861209,"ENSG00000260260.1"
0.343031463234814,0,"ENSG00000131653.13"
0,0,"ENSG00000167971.16"
0.323721178738446,6.92143271756396e-19,"ENSG00000167965.18"
0.380303964223202,0.356523176820289,"ENSG00000182685.7"
0,0,"ENSG00000184207.9"
1.42958160026573e-14,0.179177273435619,"ENSG00000167967.16"
0,0,"ENSG00000167969.13"
0.351248471941255,1.79819957811716e-12,"ENSG00000261663.1"
0,0,"ENSG00000205937.12"
0.212339671807149,3.79016232727609e-15,"ENSG00000260778.5"
2.60304828319601e-19,0.145017360667469,"ENSG00000167972.14"
0,0,"ENSG00000238098.9"
0.0792005074743266,0.116834352315744,"ENSG00000162063.13"
0.516039825723733,0.0967649096954109,"ENSG00000162062.15"
0.58777033287608,4.10933342262103e-10,"ENSG00000259895.1"
0.0138397905684186,0.0810173747116435,"ENSG00000162068.2"
0.107927273484727,4.96564522480877e-09,"ENSG00000162065.14"
2.33983538589027e-10,0.00795867540081713,"ENSG00000260293.2"
0,0,"ENSG00000185883.12"
0,0,"ENSG00000279520.1"
0.147961630481708,0.189292198699131,"ENSG00000162066.15"
0,0,"ENSG00000140992.19"
0,0,"ENSG00000279568.1"
0.0623234901859692,1.80170819368798e-11,"ENSG00000279162.1"
0.408349473594865,0.192996886715382,"ENSG00000215154.6"
0,0.201497857193918,"ENSG00000260565.7"
0.0744362457475908,2.30367658116914e-13,"ENSG00000167977.9"
0,0.0652445182370333,"ENSG00000279901.1"
0.408701960903759,5.40089681649455e-15,"ENSG00000172382.10"
0,0,"ENSG00000205913.7"
0,0,"ENSG00000167978.17"
0.119161985283865,0,"ENSG00000103363.14"
0.329510921777791,3.78358997113618e-15,"ENSG00000276791.1"
0,0,"ENSG00000162076.13"
0.41555985722474,0,"ENSG00000059122.16"
0.187354291596528,0,"ENSG00000127564.17"
0,0,"ENSG00000162073.14"
0,0.217788426541744,"ENSG00000006327.13"
0.641014670053586,0.0484386288483674,"ENSG00000103145.10"
0.233544480368896,8.92959953517506e-15,"ENSG00000131652.14"
0.294728711558828,0,"ENSG00000162069.16"
3.17633417860564e-13,0.561225387795055,"ENSG00000261971.8"
0,0.0633970833035232,"ENSG00000008516.17"
0.469608528742851,8.7917477509076e-10,"ENSG00000008517.16"
0,0,"ENSG00000262370.6"
0.635909356617659,0,"ENSG00000263072.7"
0,0,"ENSG00000122386.10"
0,0,"ENSG00000085644.14"
0.0803193059045788,0.0197073880203448,"ENSG00000261889.1"
0,0,"ENSG00000010539.11"
0.418369769140261,0.0485773012732604,"ENSG00000103313.12"
0,0,"ENSG00000281005.1"
0,0.0509420654606526,"ENSG00000006194.10"
0.185409095028344,0,"ENSG00000279330.1"
0.0149587464157577,4.02724267571601e-11,"ENSG00000140993.11"
0.311303320039636,1.21410492410498e-13,"ENSG00000162086.15"
0,0,"ENSG00000262118.1"
0.582592258177558,0,"ENSG00000263177.1"
0.118082357407929,0,"ENSG00000140987.20"
0,0,"ENSG00000103343.13"
5.36428221000776e-14,0.18344100095309,"ENSG00000167981.7"
0.114538415830156,0,"ENSG00000122390.19"
0,0,"ENSG00000103351.13"
0,0,"ENSG00000167984.18"
0,0,"ENSG00000262312.2"
0.092694609326691,4.47982460059415e-15,"ENSG00000188827.11"
0.286927532790872,0,"ENSG00000213918.10"
0,0.0890403785723561,"ENSG00000126602.11"
0,0,"ENSG00000005339.14"
0,0,"ENSG00000262185.3"
0.238405127832348,0.000160947321099475,"ENSG00000162104.10"
0.44105558548418,1.16111019481921e-18,"ENSG00000262468.6"
0.51035597759416,0.0705137843023784,"ENSG00000090447.12"
0,0,"ENSG00000126603.8"
0.594261471625119,0.0322269055609855,"ENSG00000217930.8"
0.708872375788826,0,"ENSG00000280063.1"
0,0.0417290221814945,"ENSG00000262246.6"
0,0,"ENSG00000168140.5"
0.087875054843644,0,"ENSG00000103423.14"
0,0,"ENSG00000153406.13"
0.144411255121051,0,"ENSG00000103415.12"
0.401709516166657,7.24536488774896e-12,"ENSG00000089486.17"
0.0494515617572923,0.503351139456466,"ENSG00000278434.1"
0.143677380859803,0,"ENSG00000153443.13"
0,0.0648373374529854,"ENSG00000102858.13"
0,0,"ENSG00000261442.1"
0.239483202189663,0,"ENSG00000168101.14"
0.0288145175208157,0.116383561450683,"ENSG00000168096.15"
0,0,"ENSG00000166246.14"
0.0325471990259309,3.10858758354668e-12,"ENSG00000103199.14"
0.00502846595852507,3.4963466725522e-23,"ENSG00000067836.12"
0.052037944978575,6.10324118939054e-11,"ENSG00000140632.17"
0,0,"ENSG00000275056.1"
0,0,"ENSG00000118900.15"
0.0219991297347935,4.89839730110721e-11,"ENSG00000118898.16"
0.0109477130483698,0.0461638448684949,"ENSG00000103184.12"
0.0600572309575234,0,"ENSG00000103174.13"
0.0197178105189527,4.90893913905936e-08,"ENSG00000033011.12"
6.31553854858948e-22,0.408588375251067,"ENSG00000153446.15"
0.316395173159551,2.06679054927291e-21,"ENSG00000118894.15"
1.31239704516186e-09,0.0463799375857986,"ENSG00000067365.14"
0.2362315262905,9.96111993465337e-14,"ENSG00000183044.12"
0,0,"ENSG00000243954.3"
0,0,"ENSG00000184857.8"
0,0,"ENSG00000140650.12"
0.324820260607877,0.0941644594636047,"ENSG00000260276.2"
0.175929707624969,6.47543578050102e-09,"ENSG00000153048.11"
0.0345571820586034,6.23687763965311e-13,"ENSG00000187555.15"
1.00292805993239e-12,0.0354844893694159,"ENSG00000182831.12"
0.112012832851696,6.85174410744e-12,"ENSG00000183454.17"
1.05344188574809e-22,0.0862932838636151,"ENSG00000266439.2"
0,0,"ENSG00000166669.13"
4.6140685432014e-13,0.0424299330932173,"ENSG00000279662.1"
0,0,"ENSG00000213853.10"
0.0990476891026144,3.83759979208166e-13,"ENSG00000103274.11"
0,0,"ENSG00000166676.16"
0,0,"ENSG00000179583.19"
4.21828579721472e-22,0.0936804465785017,"ENSG00000182108.11"
0.00886724775035465,1.27701531270704e-10,"ENSG00000038532.16"
0.131597235529707,4.54982815350512e-16,"ENSG00000229917.2"
0,0,"ENSG00000263179.1"
0.382803861444326,0.0628244194969745,"ENSG00000175643.10"
0.507570109114876,1.10524663896458e-12,"ENSG00000185338.5"
0.0297925045346821,0,"ENSG00000188897.9"
0,0,"ENSG00000262999.1"
0.0309731993817054,6.95191844617357e-15,"ENSG00000189067.12"
0.130703622802015,0.110999073392273,"ENSG00000184602.6"
0.168121859543409,0.0696268103770449,"ENSG00000153066.12"
2.26180660819264e-22,0.0690752536013229,"ENSG00000262420.3"
0,0,"ENSG00000122299.12"
0,0.359038581410219,"ENSG00000277369.1"
0.234346223997959,8.18441537300978e-13,"ENSG00000171490.13"
0.150280504329053,2.31611168634653e-09,"ENSG00000103342.13"
0,0,"ENSG00000261560.1"
0,0,"ENSG00000260318.1"
0.451540510795168,0.156681410909358,"ENSG00000234719.9"
1.77158865171004e-11,0.36825631237461,"ENSG00000048462.11"
0,0,"ENSG00000048471.14"
1.3483985633436e-14,0.247002966799837,"ENSG00000260488.1"
0,0.181234361019271,"ENSG00000175604.2"
0,0,"ENSG00000259876.1"
0.229043214920637,4.40732201991639e-13,"ENSG00000103381.12"
0.0907389255382568,4.62378234854051e-18,"ENSG00000260378.1"
0,0,"ENSG00000175595.14"
0,0,"ENSG00000186260.16"
0,0,"ENSG00000276564.1"
0.037946895533963,5.60984769814655e-10,"ENSG00000262454.4"
0,0,"ENSG00000140694.17"
0.33942446835596,4.54965314282137e-08,"ENSG00000103429.11"
0,0,"ENSG00000103512.15"
0.0932045188766828,0.127271408115505,"ENSG00000183458.14"
0,0,"ENSG00000183426.17"
0,0,"ENSG00000179889.19"
0.0425101134066942,2.17516325573859e-10,"ENSG00000261819.1"
0.653304629606808,0.293675105854447,"ENSG00000157045.9"
0,0,"ENSG00000085721.12"
0.021538213643808,0,"ENSG00000260735.2"
0,0,"ENSG00000188599.17"
0.400224044922334,0.277245751672586,"ENSG00000250251.6"
0.272817894340853,8.79834327015151e-16,"ENSG00000183793.14"
0.161466664835369,0.0809093647309602,"ENSG00000156968.9"
0.212651186665567,0.195234192371126,"ENSG00000166780.11"
0,0,"ENSG00000166783.22"
0,0,"ENSG00000072864.15"
0,0,"ENSG00000262380.1"
0,0,"ENSG00000280206.1"
0.0358639797048071,2.86451038042656e-12,"ENSG00000133392.18"
0,0,"ENSG00000133393.13"
0,0,"ENSG00000103222.19"
1.52431913431169e-14,0.0946662171662663,"ENSG00000091262.15"
0,0,"ENSG00000103226.18"
0.7584945251653,0.0497513363253134,"ENSG00000227827.3"
0.182378295885873,0.00651090254348836,"ENSG00000103489.12"
0,0,"ENSG00000279410.1"
0.220438807909882,0.0493573356825439,"ENSG00000279415.1"
0,0,"ENSG00000279620.1"
0.231602176116757,1.2448203723989e-14,"ENSG00000286849.1"
0,0,"ENSG00000275927.1"
0,0,"ENSG00000285850.1"
0.139618214117558,1.28574124421237e-11,"ENSG00000205746.9"
0.891212788015117,0,"ENSG00000254681.6"
0.0354471183713154,0,"ENSG00000185164.14"
0,0,"ENSG00000134419.15"
0,0,"ENSG00000170540.15"
0,0,"ENSG00000157106.16"
0,0,"ENSG00000170537.13"
0.122056156460432,0,"ENSG00000167186.11"
0,0,"ENSG00000205730.6"
0.445510484759549,0.165870203993121,"ENSG00000103528.17"
0,0.0791350221958602,"ENSG00000103534.17"
0,0,"ENSG00000006007.12"
0,0,"ENSG00000103540.16"
0,0,"ENSG00000103544.15"
0,0,"ENSG00000103550.14"
0,0,"ENSG00000174628.16"
0,0.024056485720886,"ENSG00000167191.12"
0.1280896390625,7.24257734469717e-18,"ENSG00000183549.10"
0,0,"ENSG00000005187.12"
0,0,"ENSG00000166743.9"
0,0,"ENSG00000066654.14"
0,0,"ENSG00000283399.1"
0,0,"ENSG00000196678.14"
0.0246256303887897,0.0650029541638216,"ENSG00000005189.19"
0,0,"ENSG00000188215.10"
0,0,"ENSG00000102897.10"
0,0.266425393281358,"ENSG00000158486.13"
0.61344095890394,0.0840896927198851,"ENSG00000011638.10"
0,0,"ENSG00000189149.12"
0.450237105143381,0.120046844576517,"ENSG00000169246.16"
0.147839074628198,0,"ENSG00000180747.15"
0,0,"ENSG00000287809.1"
0,0,"ENSG00000197006.14"
0.0806539570183046,3.76435271471075e-12,"ENSG00000261596.2"
0.0364473217389603,9.429481400678e-15,"ENSG00000140749.9"
0.348489963849305,0.00850358474858405,"ENSG00000155719.17"
0.480087257407258,0.118787347953747,"ENSG00000248124.7"
0.208713344795502,5.17172721373887e-20,"ENSG00000185864.16"
0.458849979455242,4.55455867332594e-19,"ENSG00000274460.1"
0.119270701412589,0,"ENSG00000140740.11"
0,0,"ENSG00000185716.12"
0,0,"ENSG00000183921.7"
0.448403084244264,0.175171492319751,"ENSG00000103319.12"
0,0,"ENSG00000058600.16"
0.157174048191939,0.0747662935787896,"ENSG00000286808.1"
0,0,"ENSG00000140743.8"
0,0,"ENSG00000230872.1"
0,0,"ENSG00000257122.5"
0.650963395579592,0.0977241598672956,"ENSG00000237296.9"
0,0,"ENSG00000243716.10"
0.5849044907473,2.13418010737847e-13,"ENSG00000283213.1"
0.47662475743479,0,"ENSG00000122254.7"
0.140014918822523,6.32254124769063e-12,"ENSG00000103404.14"
0,0,"ENSG00000168447.11"
0,0,"ENSG00000168434.13"
0,0,"ENSG00000280039.1"
0.0289368156308934,7.14574264412692e-12,"ENSG00000260136.6"
0.158542804691048,0.155559899521102,"ENSG00000103365.15"
0,0.0901151727605054,"ENSG00000261528.2"
0,0,"ENSG00000103356.15"
0.0852059737839499,0,"ENSG00000103353.16"
0,0,"ENSG00000260751.2"
0.0669158040575181,1.16105116096651e-18,"ENSG00000004779.10"
0,0,"ENSG00000083093.9"
0,0,"ENSG00000166847.10"
0.602745778625064,3.02893582132054e-07,"ENSG00000166851.15"
0,0,"ENSG00000166501.14"
0,0,"ENSG00000122257.20"
0,0.134335011197147,"ENSG00000090905.19"
0.315396918857529,0.154085017929921,"ENSG00000261669.1"
0,0,"ENSG00000140750.17"
0,0,"ENSG00000262155.2"
0,0,"ENSG00000205629.12"
0,0,"ENSG00000260034.1"
0,0,"ENSG00000155592.16"
0.547613425401951,3.84525438977805e-13,"ENSG00000274925.1"
0,0,"ENSG00000182601.7"
0,0,"ENSG00000155666.11"
0.0123108655865952,3.29268941341634e-15,"ENSG00000169189.17"
0,0,"ENSG00000245888.7"
0,0,"ENSG00000077238.14"
0,0.00244289457742175,"ENSG00000103522.16"
0,0,"ENSG00000077235.18"
0,0,"ENSG00000047578.13"
0.159029515107561,0.00332128281277463,"ENSG00000261329.6"
0.0689873822968024,9.79269080159042e-11,"ENSG00000169180.11"
0,0,"ENSG00000188322.7"
0.103103370500531,0,"ENSG00000188603.19"
0,1.61121579562214e-16,"ENSG00000184730.11"
0.369053224921523,1.81781939709099e-15,"ENSG00000176046.8"
0,0,"ENSG00000176476.9"
0.0454001586259199,1.37394833129799e-12,"ENSG00000197165.11"
0.302808263000085,0,"ENSG00000196502.11"
0,0,"ENSG00000184110.14"
0.338688330720436,1.304792063694e-13,"ENSG00000251417.2"
0,0,"ENSG00000275807.1"
0,0,"ENSG00000168488.18"
0.0864112430413151,2.01700162990365e-18,"ENSG00000178952.11"
0.661312640666773,9.89533272948643e-10,"ENSG00000178188.14"
0,0,"ENSG00000196296.13"
0.104846174498196,0.00295899188454487,"ENSG00000177548.13"
0,0,"ENSG00000177455.14"
0,0,"ENSG00000176953.12"
0.0986981375524865,1.08499018147108e-20,"ENSG00000260853.2"
0,0,"ENSG00000260367.2"
0.354462938907576,0.0615441289773364,"ENSG00000169682.18"
0.823719626299583,4.93887916163779e-10,"ENSG00000260908.1"
0,0.0447521615525616,"ENSG00000103472.10"
0,0,"ENSG00000284685.1"
0,0.287401093846618,"ENSG00000260517.3"
0.240293134479556,3.69689103992116e-12,"ENSG00000259807.2"
0,0,"ENSG00000254206.5"
0.580407404558548,0.262358540028178,"ENSG00000254634.4"
0,0,"ENSG00000205534.6"
6.47108380532675e-11,0.0158650810882623,"ENSG00000279583.1"
0,0,"ENSG00000260727.1"
0,0,"ENSG00000197471.12"
0.341435317067875,0.0285950707062901,"ENSG00000103485.19"
0,0,"ENSG00000185905.4"
0,0,"ENSG00000079616.12"
0.34122547510082,0,"ENSG00000103495.14"
0,0,"ENSG00000238045.9"
0.212163833140729,2.29300876189509e-11,"ENSG00000167371.21"
0.252530849029023,3.3274687309313e-11,"ENSG00000280789.2"
0,0,"ENSG00000013364.19"
0.0190621821118785,7.06110669220619e-11,"ENSG00000103502.14"
0,0,"ENSG00000174938.14"
0,0,"ENSG00000174939.11"
0.117912076846054,5.83626547254955e-12,"ENSG00000174943.11"
0.170610139489781,1.28026153285204e-18,"ENSG00000279789.1"
0.460102334098241,3.20183909133544e-14,"ENSG00000247735.2"
0,0,"ENSG00000149932.17"
4.20799675084387e-12,0.489661421281999,"ENSG00000149930.18"
0.125990073362795,1.22920233742524e-11,"ENSG00000149929.16"
0,0,"ENSG00000169592.15"
0.0482679308253279,4.10604908322536e-21,"ENSG00000285043.1"
0.170056181501086,9.83924168591742e-10,"ENSG00000149925.20"
0.37734791572611,0.101497127297273,"ENSG00000149923.14"
2.77906275688676e-10,0.00464109107257226,"ENSG00000149922.10"
0,0,"ENSG00000090238.12"
0,0.0534176356319958,"ENSG00000250616.2"
0.233928064037924,7.40099552528888e-22,"ENSG00000102886.15"
0,1.10112449637508e-16,"ENSG00000102882.12"
0,0,"ENSG00000102879.15"
0.429406532510906,8.61681179824887e-12,"ENSG00000183604.14"
0,0,"ENSG00000169217.9"
0.432009904164541,7.59668937644368e-14,"ENSG00000169221.14"
0.140380954032208,0.130576488330904,"ENSG00000274653.1"
0,0.0811474562899628,"ENSG00000180035.12"
0.403148016224355,1.10619524127129e-11,"ENSG00000180096.12"
0.557677305892055,1.75377409225347e-14,"ENSG00000179965.12"
0.0872691033295014,5.58769828149668e-11,"ENSG00000179958.9"
0.0274106375764154,8.5019582843629e-12,"ENSG00000179918.19"
0.150277230830812,0.0675706466379366,"ENSG00000005844.18"
0,0,"ENSG00000169957.10"
0,0.195409075223617,"ENSG00000278922.1"
0.273871557201656,3.22604797302274e-13,"ENSG00000169955.7"
0.110078637693652,6.07635336990017e-21,"ENSG00000235560.4"
0,0,"ENSG00000169951.9"
0,0,"ENSG00000229809.8"
0.123542879342014,2.52131338108003e-19,"ENSG00000197162.10"
0.108047363449691,0,"ENSG00000156853.13"
0.205413372253434,0.031053186980797,"ENSG00000156858.11"
0.211317705300199,0.0231063347255487,"ENSG00000156860.16"
0.154420859751274,0,"ENSG00000261840.3"
0.00197006085615617,0,"ENSG00000080603.17"
0.175136137482254,5.15830275376114e-19,"ENSG00000156873.16"
0,0,"ENSG00000196118.12"
0,0,"ENSG00000103549.21"
0,0,"ENSG00000102870.6"
0,0,"ENSG00000099385.11"
0.0353231343364302,0,"ENSG00000260083.2"
0.428628623833338,0.168857750580979,"ENSG00000150281.6"
0,0,"ENSG00000260852.1"
7.39277256400951e-10,0.0773361581896205,"ENSG00000099364.16"
0,0.0926117671762137,"ENSG00000175938.7"
0.0472916789840275,0,"ENSG00000099381.18"
0,0.181428757543691,"ENSG00000099377.14"
7.53373413292894e-23,0.218966604202487,"ENSG00000099365.11"
0.116059788515013,9.90371158150588e-10,"ENSG00000103496.15"
0.164631789316539,0,"ENSG00000260911.2"
0.0350270263076286,2.52164634328592e-09,"ENSG00000232748.3"
0,0,"ENSG00000167394.13"
0,0,"ENSG00000167395.10"
0.441520731622042,1.9757193601815e-12,"ENSG00000151006.7"
0,0,"ENSG00000167397.15"
0.688313892301353,0,"ENSG00000103507.14"
0,0,"ENSG00000103510.20"
0,0,"ENSG00000262766.1"
0,0,"ENSG00000278133.1"
0,0,"ENSG00000178226.11"
0,0,"ENSG00000089280.18"
0.0255861560994632,0,"ENSG00000260060.1"
0.117213690599179,0.328485411456467,"ENSG00000103490.14"
0,0,"ENSG00000177238.14"
0,0,"ENSG00000169896.18"
0.442011642889089,1.63160057166112e-09,"ENSG00000140678.16"
0,0,"ENSG00000156886.12"
0,0,"ENSG00000176723.10"
0,0,"ENSG00000261474.1"
0,0,"ENSG00000260267.1"
0,0.128368749284256,"ENSG00000140691.16"
0,0,"ENSG00000140682.19"
0.318588346231534,2.69572486560349e-15,"ENSG00000140675.13"
0,0.0733668827382187,"ENSG00000140688.17"
0,0,"ENSG00000260625.3"
0,0,"ENSG00000169877.10"
0,0.0395008419299943,"ENSG00000131797.12"
0,0,"ENSG00000197302.10"
0.433994130585691,0,"ENSG00000185947.15"
0.482777570776997,2.72320282002449e-11,"ENSG00000200434.1"
0.0367344328291847,0,"ENSG00000279800.2"
0.264990197469607,0,"ENSG00000171241.9"
0,0,"ENSG00000069329.18"
0.254073095312336,1.7084784801293e-12,"ENSG00000091651.9"
0,0,"ENSG00000155330.10"
0.265560233054259,0.248833503184677,"ENSG00000166123.14"
0,0,"ENSG00000069345.12"
0.257561743242804,0,"ENSG00000171208.10"
0,0,"ENSG00000129636.13"
0.0999485214765018,0.206986786699052,"ENSG00000260744.1"
0,0,"ENSG00000279509.1"
0,0,"ENSG00000260012.1"
0,0,"ENSG00000261369.1"
0,0,"ENSG00000102893.16"
0.338545809853281,0,"ENSG00000102910.14"
0.229462624373359,7.04202894314741e-13,"ENSG00000280067.1"
0.0600978569477259,0,"ENSG00000196470.12"
0.0169303093489056,1.33496622263285e-21,"ENSG00000102921.8"
0,0,"ENSG00000261267.1"
0.118092606460398,1.14647961359015e-21,"ENSG00000243609.1"
0.162145163039562,0,"ENSG00000260086.3"
0.250091155819147,0,"ENSG00000102935.11"
0.0428125117769972,7.64760187695425e-13,"ENSG00000205423.11"
0,0,"ENSG00000155393.13"
0.0695815769536862,1.22413969504024e-13,"ENSG00000279356.1"
0,0,"ENSG00000121274.12"
0,0,"ENSG00000121281.12"
0.0701448489584166,2.46328965998271e-19,"ENSG00000166164.15"
0.433395991947596,0.0219852724067688,"ENSG00000140807.7"
0,0,"ENSG00000278909.1"
0,0,"ENSG00000167208.15"
0.320335324355766,0,"ENSG00000167207.13"
0,0,"ENSG00000261644.2"
0.168136250522464,0,"ENSG00000083799.17"
0,0,"ENSG00000260616.6"
0,0,"ENSG00000103449.11"
0.638849600272811,0.195763215668213,"ENSG00000224578.5"
0,0.141915081012291,"ENSG00000277639.2"
0,0,"ENSG00000177200.17"
0,0,"ENSG00000261291.1"
0,0,"ENSG00000261056.2"
0,0,"ENSG00000279589.1"
0.0742369055765654,2.01061463009835e-22,"ENSG00000260078.3"
0,0,"ENSG00000103479.16"
0,0.146099557374707,"ENSG00000279722.1"
0.15098913308123,6.40960983803553e-21,"ENSG00000166971.17"
0,0,"ENSG00000103494.14"
0,0,"ENSG00000140718.21"
0.153790950344622,0.145788942582304,"ENSG00000261630.1"
4.93070035624924e-23,0.0570109258610462,"ENSG00000280392.1"
0,0,"ENSG00000260194.1"
0,0.183693951368537,"ENSG00000177508.12"
0,0.0655441076664892,"ENSG00000283689.1"
0,0,"ENSG00000277559.1"
0,0.198587494392406,"ENSG00000245694.10"
0,0,"ENSG00000176842.15"
0,0.00237679948932977,"ENSG00000159387.7"
0,0,"ENSG00000087245.13"
0,0.130633410751905,"ENSG00000260135.7"
0,0,"ENSG00000279030.1"
0.395209976865188,3.65391416733196e-12,"ENSG00000087253.13"
0,0.241215403563898,"ENSG00000261997.1"
0,0,"ENSG00000228695.10"
0,0,"ENSG00000198848.12"
0.0557376225040147,0.102289181526984,"ENSG00000246379.8"
0.372104427821186,0.159042127397869,"ENSG00000087258.15"
0,0,"ENSG00000159461.15"
0,0,"ENSG00000167005.14"
0,0.0948783710766907,"ENSG00000087263.17"
0,0.17208394823949,"ENSG00000125124.12"
0.441282963397031,2.04774309804715e-12,"ENSG00000125148.7"
0.871331985266151,0.00784908918912647,"ENSG00000260823.1"
0,0,"ENSG00000260549.1"
0.600837169877422,3.97802174384316e-23,"ENSG00000169715.15"
0.558902948354714,0.0827067787336436,"ENSG00000205364.4"
0,0,"ENSG00000205362.11"
0.604282361729995,0.0937558912640106,"ENSG00000198417.7"
0.0167386207175477,8.27522348905525e-23,"ENSG00000187193.9"
0,0,"ENSG00000261429.2"
2.78718409887529e-11,0.0559411641502637,"ENSG00000261302.6"
0.190828789806944,1.75446182926524e-20,"ENSG00000102900.13"
0,0,"ENSG00000051108.15"
0,0,"ENSG00000261270.1"
0,0,"ENSG00000087237.12"
0,0,"ENSG00000140853.15"
0.326682742432105,1.0447351685036e-15,"ENSG00000140848.17"
0.0156406078047331,1.02509261854734e-17,"ENSG00000279019.1"
0.152225105731209,1.03833476539515e-12,"ENSG00000172775.17"
0,1.6678081763786e-16,"ENSG00000285979.1"
0,0,"ENSG00000159579.14"
0,0,"ENSG00000102931.8"
0.503865580822903,2.119243377479e-21,"ENSG00000102934.10"
0.0208362047887945,4.01545144274508e-23,"ENSG00000102962.5"
0.265373616806475,0.087009843423171,"ENSG00000006210.7"
0.328262641496924,0,"ENSG00000005194.15"
0.0660328707620986,6.69517592527495e-13,"ENSG00000088682.14"
0.0233685519534445,6.53802720619615e-13,"ENSG00000102978.13"
0.121551983032592,8.73175309452804e-18,"ENSG00000125170.11"
0.27454124753393,0.231721062399975,"ENSG00000135736.6"
0.794341056916841,0,"ENSG00000205336.12"
0.0314509416798552,0,"ENSG00000140854.13"
0.356436942267882,0.30201411666353,"ENSG00000140859.16"
5.93589711502921e-13,0.0314815539250181,"ENSG00000166188.2"
0.460461476304076,0.266170650950082,"ENSG00000103005.11"
0.232791571058235,0.112005146698268,"ENSG00000102996.5"
0,0,"ENSG00000070761.8"
0.0129704940147623,0,"ENSG00000070770.9"
0.132024165297401,0,"ENSG00000103021.9"
0.513844640343428,1.55819439628925e-21,"ENSG00000181938.13"
0.236836932989249,0.18336807404537,"ENSG00000103034.14"
0,0,"ENSG00000103037.11"
0,0,"ENSG00000125107.18"
0,0,"ENSG00000276259.1"
8.23446063773461e-10,0.131505175563666,"ENSG00000103042.9"
0.000856886533880655,0,"ENSG00000125166.13"
0.29534210128898,1.31005557923365e-12,"ENSG00000224631.4"
0,0,"ENSG00000140937.14"
0,0,"ENSG00000278893.1"
0,0.400036247255808,"ENSG00000261742.6"
0.482534007943853,0.184952806821709,"ENSG00000179776.19"
0,0,"ENSG00000166546.14"
2.23778214214385e-12,0.00238077490806364,"ENSG00000166548.16"
0,0.338767131049667,"ENSG00000089505.17"
0.159238068561558,1.12892928357501e-19,"ENSG00000140931.20"
0,0,"ENSG00000183723.12"
0,0,"ENSG00000135720.13"
0,0,"ENSG00000159593.15"
0,0.0952522149954048,"ENSG00000172840.7"
0.132924937499728,1.95222347888286e-11,"ENSG00000166592.12"
0.068268190898553,2.75665934599392e-22,"ENSG00000166595.12"
0,0,"ENSG00000172831.13"
0,0.0941557188044982,"ENSG00000172824.16"
0.0349101952171015,1.75468784829459e-22,"ENSG00000067955.15"
0,0,"ENSG00000125149.12"
1.63245297631904e-11,0.230802842910869,"ENSG00000237172.4"
0,0,"ENSG00000102871.16"
0.0736625330112981,1.75348288678741e-12,"ENSG00000135722.9"
0.107919005067629,0.296936578756629,"ENSG00000102878.16"
0,0,"ENSG00000140939.14"
0.0193023524317235,1.25577678143351e-14,"ENSG00000196123.13"
1.35151922639054e-12,0.272988375435814,"ENSG00000179044.16"
0,0,"ENSG00000205250.9"
0,0.0947697909562779,"ENSG00000102890.16"
0.148030718192209,4.25920311232655e-21,"ENSG00000280163.1"
0,0.487571408048003,"ENSG00000125122.15"
0.301064537288842,0,"ENSG00000168701.19"
0.18159798759812,0,"ENSG00000135723.14"
0,0,"ENSG00000135740.17"
0,0,"ENSG00000262691.1"
0,0,"ENSG00000196155.13"
0.162822541887955,0,"ENSG00000159713.11"
0.206980224358812,0.105856374838228,"ENSG00000159714.11"
0.499501421425901,0,"ENSG00000176387.7"
0.439647769071721,0.00947931230835341,"ENSG00000159720.12"
0.476095437150862,0.0178389998559427,"ENSG00000270049.3"
0.0353065327174855,0,"ENSG00000039523.20"
0.218047616098217,0,"ENSG00000261396.1"
0.0692112902042724,0.514632040820004,"ENSG00000261386.2"
0,0,"ENSG00000280214.1"
0.0300113134553697,0,"ENSG00000102974.16"
6.14590746024899e-12,0.0190358631131666,"ENSG00000159753.14"
0,0,"ENSG00000102977.16"
0.362568681101526,0.0750954951958379,"ENSG00000102981.9"
0.251808646588248,0.0749023978330736,"ENSG00000124074.12"
0,0,"ENSG00000159761.15"
0,0,"ENSG00000141098.13"
0,0,"ENSG00000141084.11"
0.206513361780827,5.87812802186611e-12,"ENSG00000102904.14"
0,0,"ENSG00000102901.13"
0.0994957810962485,0.0741137521507752,"ENSG00000168286.3"
0.123831268363447,4.95922775632432e-12,"ENSG00000102898.12"
0,0,"ENSG00000038358.15"
0.0015925688696043,0,"ENSG00000159792.10"
0,0,"ENSG00000261884.2"
0.3102785394077,8.56505029497909e-14,"ENSG00000205220.12"
0,0,"ENSG00000213398.8"
0,0,"ENSG00000124067.17"
0,0,"ENSG00000167261.14"
0.132168510871469,4.81473566548149e-12,"ENSG00000167264.18"
0,0,"ENSG00000182810.6"
0.0897271052104359,1.78291046721227e-13,"ENSG00000072736.19"
0.277436168722278,0,"ENSG00000103067.14"
0,0,"ENSG00000103066.13"
3.67116678125095e-10,0.0731523477690456,"ENSG00000103064.15"
0,0,"ENSG00000252026.1"
3.37610507477295e-21,0.0120904774693103,"ENSG00000103061.13"
0.570522413521963,0.187900804091723,"ENSG00000279649.1"
1.10061104970745e-21,0.01039119777332,"ENSG00000132600.16"
0,0,"ENSG00000259797.1"
0.0383783494446431,1.56954538479882e-10,"ENSG00000103056.12"
0,0,"ENSG00000184939.16"
0,0,"ENSG00000039068.19"
0.0708355736549868,4.40472557988941e-08,"ENSG00000200558.1"
3.40237956632801e-12,0.0574194240258286,"ENSG00000103047.8"
0.199611743575828,3.16810575057572e-11,"ENSG00000103044.11"
1.15287250544511e-17,0.125026274586915,"ENSG00000168802.13"
0.464444550489209,6.15761494975868e-12,"ENSG00000141076.18"
0,0.124352686347858,"ENSG00000168807.16"
0.183962305787664,0.0763918785676844,"ENSG00000200164.1"
0,0,"ENSG00000132612.16"
0,0,"ENSG00000213380.15"
0,0.108783420324143,"ENSG00000258429.2"
1.95448457575394e-12,0.268680543062878,"ENSG00000132603.15"
0,0.0310511728424447,"ENSG00000157315.5"
0,0,"ENSG00000132604.11"
0.0853810657287551,8.67218579575794e-21,"ENSG00000103018.16"
0,0.125020698114166,"ENSG00000102908.22"
0,0,"ENSG00000181019.13"
0,0,"ENSG00000141101.13"
0.0357356643701132,1.00789670287819e-10,"ENSG00000260290.2"
0.00993973707404806,0,"ENSG00000198373.12"
0.138198320513607,0,"ENSG00000196696.12"
7.10560324424929e-12,0.0087643738190845,"ENSG00000090857.13"
0,0,"ENSG00000261556.10"
0,0.0462731386810938,"ENSG00000223496.3"
0,0,"ENSG00000090861.15"
4.62384210445435e-05,0,"ENSG00000157349.16"
0,0,"ENSG00000168872.17"
0,0,"ENSG00000157350.13"
0.400628459853374,0.133695873910992,"ENSG00000157353.17"
0,0,"ENSG00000103051.19"
0,0,"ENSG00000189091.13"
0.0738524101986954,0.182912353238919,"ENSG00000157368.10"
0,0,"ENSG00000132613.15"
0.159037017024852,0.0392896505400511,"ENSG00000103043.15"
0,0,"ENSG00000279412.1"
0.189784670812857,0,"ENSG00000214353.8"
0.154974923852441,3.9626111792687e-21,"ENSG00000279123.1"
0,0,"ENSG00000157423.18"
0,0,"ENSG00000180917.17"
0,0.28261323722265,"ENSG00000172137.19"
0,0.102382494718196,"ENSG00000167377.18"
0,0,"ENSG00000157429.16"
0,0,"ENSG00000140835.9"
0.165191639343668,2.31920668339374e-10,"ENSG00000140832.9"
0.180692430983363,0.14776279531075,"ENSG00000040199.18"
0.264178781964613,9.20778417143301e-09,"ENSG00000261513.1"
0,0,"ENSG00000166747.12"
0.793106493566289,0.00779085856122654,"ENSG00000223224.1"
0,0,"ENSG00000283057.1"
0,0,"ENSG00000224470.8"
0,0,"ENSG00000182149.21"
0.0292397739308595,1.3261743185114e-12,"ENSG00000102984.15"
0,0,"ENSG00000277481.1"
0.0585806915614176,1.49625800604949e-10,"ENSG00000102967.12"
5.90545511693908e-17,0.0364028650480592,"ENSG00000140830.9"
5.71336651405381e-15,0,"ENSG00000257017.9"
0,0,"ENSG00000261701.7"
0.00496834871208642,4.23476658729223e-09,"ENSG00000140829.12"
0,0,"ENSG00000118557.16"
0,0.15388559015569,"ENSG00000261008.7"
0,0,"ENSG00000259768.6"
0,0,"ENSG00000140836.17"
0,0,"ENSG00000259209.3"
0,0.106873389153043,"ENSG00000279757.1"
0.00013045087346569,0,"ENSG00000280092.1"
0,0,"ENSG00000279591.1"
0,0.0597738150312272,"ENSG00000271009.3"
0.16494368228157,0.144169550300339,"ENSG00000261404.7"
0.200284065260628,2.17440628747109e-11,"ENSG00000103035.11"
0.258949085882617,0,"ENSG00000259972.3"
2.27844532116498e-21,0.542946624718722,"ENSG00000239763.2"
0.00606137336467416,1.56193596048949e-11,"ENSG00000260884.1"
0,0,"ENSG00000214331.8"
0.858772210706501,0,"ENSG00000196436.8"
0.325340156503035,9.94117851095621e-20,"ENSG00000261170.2"
0,0,"ENSG00000090863.11"
0.220540293611057,9.41146424586035e-24,"ENSG00000168411.14"
0,0,"ENSG00000168404.13"
0,0,"ENSG00000103091.15"
0.359590848059222,1.37950870753004e-18,"ENSG00000186187.12"
0.33769182506902,0.327838516927691,"ENSG00000166816.14"
0.00679392592164876,8.62173420396256e-13,"ENSG00000184517.12"
0,0.0182297377000258,"ENSG00000168925.12"
0,0,"ENSG00000050820.17"
0,0,"ENSG00000280152.1"
0.134676607102442,9.39134352859696e-12,"ENSG00000153774.9"
0,0,"ENSG00000274220.1"
1.6312043576684e-15,0,"ENSG00000166822.13"
0,0,"ENSG00000183196.10"
0,0,"ENSG00000205084.11"
0,0,"ENSG00000034713.8"
0,0,"ENSG00000276523.1"
0,0,"ENSG00000065457.10"
0.181793975059418,0,"ENSG00000065427.14"
0,0,"ENSG00000166848.7"
0.00725947804782115,5.29259733830165e-22,"ENSG00000103111.15"
0.292373911342356,0,"ENSG00000205078.6"
0.158553433863398,0.169490004463938,"ENSG00000140873.16"
0,0,"ENSG00000140876.11"
0,0,"ENSG00000171724.3"
0.156957246391516,6.38815055754562e-21,"ENSG00000186153.17"
0,0,"ENSG00000287106.1"
0,0,"ENSG00000260733.1"
0,0,"ENSG00000279887.1"
0,0,"ENSG00000261837.1"
0,0,"ENSG00000279129.1"
0.0610449023946705,2.73416310029988e-09,"ENSG00000286894.1"
0,0.164410742110525,"ENSG00000280190.1"
0,0.108317714496606,"ENSG00000260816.2"
0.804995032357472,0.0184425693897948,"ENSG00000277954.1"
0.170670575191268,0.0264191679926579,"ENSG00000178573.7"
0.387069928652955,0.0634781074598134,"ENSG00000166446.15"
0,0,"ENSG00000103121.8"
0,0,"ENSG00000278985.1"
0.0933595675405535,0.0271382808213234,"ENSG00000166451.13"
0,0,"ENSG00000261061.1"
0.0069678640998304,0,"ENSG00000166454.10"
0.0553994273210415,0.0118550725584021,"ENSG00000140905.10"
3.99052854258773e-13,0.264931630743051,"ENSG00000166473.17"
2.65416183831771e-16,0,"ENSG00000261609.7"
0,0,"ENSG00000272923.1"
0.0714058742631803,0.181709140051659,"ENSG00000153815.16"
0.221923241105155,7.05687394894667e-12,"ENSG00000279021.1"
0.0191805875988653,9.0781682532283e-11,"ENSG00000260229.1"
0,0,"ENSG00000279476.1"
0.362531104008619,0.0478784711343068,"ENSG00000279681.1"
0,0,"ENSG00000279294.1"
0,0,"ENSG00000279841.1"
0.19629654109713,0.00751315242500113,"ENSG00000197943.10"
0.0893204609036368,7.49405897792895e-13,"ENSG00000135698.10"
5.72222729607259e-17,0.166605083015796,"ENSG00000140945.17"
1.63763227143932e-19,0.212627591428532,"ENSG00000260862.1"
0,0.0590662905932151,"ENSG00000260832.1"
0,0,"ENSG00000261103.2"
2.0597147814668e-12,0.104713344918752,"ENSG00000260788.6"
0.0522774028681614,1.46071588549152e-13,"ENSG00000230989.7"
0,0,"ENSG00000103150.7"
0.0298096894473939,1.57631994024136e-12,"ENSG00000140961.14"
0,0.0525017098010131,"ENSG00000103154.9"
0,0,"ENSG00000140943.17"
0,0,"ENSG00000103160.12"
0.116105353531927,8.64134986284887e-16,"ENSG00000154099.18"
0,0,"ENSG00000103168.16"
0.093685241797416,1.22596328875851e-09,"ENSG00000103175.11"
0.123975322494987,7.92017014955602e-10,"ENSG00000064270.12"
0.307027720265564,3.49234170900419e-15,"ENSG00000140950.16"
0.403549784136538,1.10171090432001e-11,"ENSG00000103187.8"
0.299179571053258,0,"ENSG00000261471.1"
0,6.86500806997629e-15,"ENSG00000135686.13"
0.0521511991985286,0,"ENSG00000103194.15"
2.66952476286403e-19,0.145498424206477,"ENSG00000103196.12"
1.59246995364559e-10,0.00649871872880595,"ENSG00000153786.12"
0.50400319283292,0.17250457561566,"ENSG00000135709.12"
0,0,"ENSG00000131149.19"
0,0.0145254835462898,"ENSG00000287787.1"
0.289072491836854,0.129724166119233,"ENSG00000179219.5"
0,0.200391613543989,"ENSG00000278716.1"
0,0,"ENSG00000270124.1"
0.463960247512337,4.84345983627127e-09,"ENSG00000260417.1"
0,0.0211611693093429,"ENSG00000263968.2"
0,0.0453989598301973,"ENSG00000131153.9"
0,0.34873164753559,"ENSG00000154102.11"
0.0301348850591197,3.3737091619329e-22,"ENSG00000131148.9"
0.378764009165558,0.0358561141117373,"ENSG00000131143.9"
0,0,"ENSG00000140968.11"
0,0,"ENSG00000103248.19"
0.156104474319937,4.7197544913121e-12,"ENSG00000176692.8"
0.0467566161850173,0.0801314606443841,"ENSG00000176678.5"
0.289673141533076,0.205603080925825,"ENSG00000270006.2"
0.343795323832603,6.25632792701489e-10,"ENSG00000103264.18"
0.0185844316471858,0,"ENSG00000140941.14"
0,0,"ENSG00000261592.1"
0,0,"ENSG00000140948.12"
0.0417052489717619,8.36812056118504e-13,"ENSG00000276337.1"
0.00443120769058221,0.279417718961615,"ENSG00000154118.13"
0,0.20980857766544,"ENSG00000226180.3"
0,4.39784107581408e-15,"ENSG00000104731.14"
0,0.0145141399805594,"ENSG00000103257.9"
0,0.134401027082972,"ENSG00000172530.20"
0.0137607456505537,0.45864315997762,"ENSG00000205037.2"
0,0.201993560231826,"ENSG00000261327.5"
0,0.189199777927876,"ENSG00000225614.3"
0.015604421529102,0,"ENSG00000179588.9"
0.368773831539674,2.01538749222190e-09,"ENSG00000158545.15"
0,0,"ENSG00000051523.11"
0.560624365545389,0.0565271544372872,"ENSG00000167508.12"
0,0,"ENSG00000260630.7"
0.421911927092108,0.207583787412933,"ENSG00000185669.6"
0.232015495909329,1.57634331519917e-12,"ENSG00000158717.11"
0,0,"ENSG00000174177.13"
0.467980547488714,3.15335977495259e-13,"ENSG00000278341.1"
0.706057548084284,0.10718099651286,"ENSG00000103335.22"
0.0420143314499409,0.3329029578328,"ENSG00000260121.1"
0.627266656694275,2.69246076992605e-23,"ENSG00000224888.4"
0,0,"ENSG00000182376.2"
0.439946774402203,5.29189720385206e-12,"ENSG00000167513.9"
0.171507934252346,6.77898580180924e-26,"ENSG00000198931.11"
0,0,"ENSG00000141012.13"
0.0532365258888705,4.85370778213163e-15,"ENSG00000167515.10"
1.63953701211323e-14,0.0660601440877285,"ENSG00000129993.15"
0,0,"ENSG00000261226.1"
0.0956907140648866,2.01104713379709e-20,"ENSG00000176715.16"
0,0,"ENSG00000261546.1"
0,0,"ENSG00000129910.8"
0,0,"ENSG00000259877.2"
0.22131852909195,0.188941501880932,"ENSG00000170100.13"
0,0,"ENSG00000167522.16"
0.550908088713407,0,"ENSG00000268218.1"
0,0,"ENSG00000260279.4"
0,0,"ENSG00000261253.2"
0,0,"ENSG00000261692.1"
0,0,"ENSG00000287351.1"
0,0.143427134352326,"ENSG00000270832.1"
0.0865106399682627,1.24578461831134e-15,"ENSG00000197912.15"
0.146260280390586,4.03520727992635e-13,"ENSG00000261118.1"
0.0967211764301399,6.76267073264732e-21,"ENSG00000167526.13"
0,0,"ENSG00000178773.15"
0,0,"ENSG00000015413.9"
0,0,"ENSG00000131165.15"
0,0.0558919865976713,"ENSG00000167523.13"
0.246817433287705,3.23611644699426e-11,"ENSG00000275734.2"
0.34635532779091,0.0721353068609282,"ENSG00000185324.22"
0,0.509995285050047,"ENSG00000158792.16"
0.41669541801307,0.10995562652986,"ENSG00000075399.14"
0,0,"ENSG00000261373.1"
0.236356590474205,0.0720160068908492,"ENSG00000158805.12"
0.175962876235965,8.94387970382136e-11,"ENSG00000187741.15"
0.159735337766351,1.51615195426691e-20,"ENSG00000204991.11"
0,0,"ENSG00000141002.20"
0.255418956430371,0.0746568569476298,"ENSG00000258839.3"
0,0,"ENSG00000258947.7"
0.182269008355608,2.22365838091809e-11,"ENSG00000140995.16"
0,0,"ENSG00000177946.6"
0.147721327969917,2.62653257373345e-14,"ENSG00000223959.8"
0.441134148634995,0.243131166829461,"ENSG00000003249.13"
0,0,"ENSG00000141013.17"
0,0,"ENSG00000272636.4"
0.2434593738998,0,"ENSG00000181031.16"
0,0,"ENSG00000262061.6"
0.456031909296133,2.28963605850602e-12,"ENSG00000187624.9"
0.465829476670623,0.124616781004041,"ENSG00000183688.4"
0,0,"ENSG00000141252.20"
0,0,"ENSG00000167695.15"
9.447733834317e-20,0.061918853616782,"ENSG00000179409.11"
0.0349906269586259,3.03230112893282e-13,"ENSG00000167699.13"
0.00300320202194665,1.06189706418986e-09,"ENSG00000171861.11"
0,0.0140236347260851,"ENSG00000167693.17"
0.249282779846118,0.0898002377928239,"ENSG00000177370.5"
0.121843049732966,0.143207271922548,"ENSG00000159842.15"
0,0.0701832180109238,"ENSG00000184811.4"
0.154818504618532,1.88347257607428e-23,"ENSG00000108953.17"
0.153664287641317,5.72793908785321e-23,"ENSG00000167193.8"
0,0,"ENSG00000262777.1"
0.145046751657308,5.04801262388064e-12,"ENSG00000197879.17"
0,0,"ENSG00000132376.20"
0,0,"ENSG00000174238.15"
0.625589704970969,0,"ENSG00000167703.14"
0,0,"ENSG00000074660.16"
0,0,"ENSG00000167705.12"
0,0,"ENSG00000174231.17"
0.22312187073622,1.44711226147158e-12,"ENSG00000185561.10"
0,0,"ENSG00000186594.14"
0.0433327090917879,0.0522482771952804,"ENSG00000167716.18"
0,0.0546814158636494,"ENSG00000167711.13"
0,0,"ENSG00000132386.11"
0.0522161256706507,1.09514088007763e-12,"ENSG00000186532.12"
0.198729145853285,0,"ENSG00000132383.12"
0.0129843958046587,0,"ENSG00000185924.7"
0,0,"ENSG00000228133.3"
0,0,"ENSG00000108963.17"
0,0,"ENSG00000177374.13"
0,0,"ENSG00000070366.14"
0,0,"ENSG00000262402.1"
0.0256341732091237,6.42617759223768e-10,"ENSG00000167720.13"
0.0150693268481747,1.37157624134707e-14,"ENSG00000262333.1"
0.020239903227328,1.16692103448164e-17,"ENSG00000167721.10"
0.802249282184711,1.77415321633872e-16,"ENSG00000275084.3"
0,0,"ENSG00000141258.13"
0,0,"ENSG00000263345.1"
0.227039822843295,0.135219537797184,"ENSG00000070444.15"
0,0,"ENSG00000127804.13"
0.0933062295189534,2.86640233451493e-12,"ENSG00000007168.13"
0,0,"ENSG00000262480.2"
0.0380293845192865,0,"ENSG00000279432.1"
0.217175156519891,1.4886168356681e-14,"ENSG00000239884.3"
0.162180385571621,6.89358184155278e-11,"ENSG00000132361.17"
0,0.135594308546059,"ENSG00000262050.1"
5.09804211502578e-17,0.0160275596383044,"ENSG00000132359.15"
0,0.166062673799911,"ENSG00000108381.11"
0,0.0981822122484338,"ENSG00000167723.14"
0,0,"ENSG00000196689.12"
0,0.110955065660096,"ENSG00000261916.1"
0,0.017987656539459,"ENSG00000197417.8"
0,0.227627960510915,"ENSG00000040531.14"
0.262341111669123,1.898196737908e-14,"ENSG00000262903.1"
0.0360684137569222,2.4655361334708e-16,"ENSG00000213977.8"
0.141751148920716,1.05820009273602e-19,"ENSG00000257950.3"
0.24736748202617,0.00706019429282157,"ENSG00000083454.22"
0.205886027733899,0.149081506048515,"ENSG00000083457.12"
0.167754747551851,0,"ENSG00000177602.5"
0,0,"ENSG00000074356.17"
0.243677458334403,2.72875717598076e-13,"ENSG00000004660.15"
6.0752506289004e-12,0.1979986550766,"ENSG00000108405.4"
0.0108813892678301,3.66269202945487e-10,"ENSG00000074370.18"
0,0,"ENSG00000074755.15"
0,0,"ENSG00000167740.9"
0,0,"ENSG00000185722.18"
0,0,"ENSG00000263219.1"
0.168837590801934,0.0288839127763954,"ENSG00000132388.12"
0,0,"ENSG00000261868.1"
0,0,"ENSG00000182557.8"
0,0,"ENSG00000183018.9"
0,0,"ENSG00000132382.14"
0.0676671785786869,4.26662299987551e-23,"ENSG00000161905.12"
0,0,"ENSG00000141456.16"
0.00198631028741605,0,"ENSG00000141480.18"
0,0,"ENSG00000161920.10"
0,0,"ENSG00000161921.15"
0.218245133431312,0.138313329554348,"ENSG00000141497.14"
0.188847729923925,0.297495072737865,"ENSG00000182853.12"
0.372980129455258,3.79058068493858e-13,"ENSG00000280254.1"
0.349719965246772,0,"ENSG00000182327.8"
0.150480633558842,1.63523336469275e-18,"ENSG00000142507.10"
0,0,"ENSG00000129219.14"
0,0,"ENSG00000141503.17"
0,0,"ENSG00000108556.10"
0.0291580996480557,0,"ENSG00000205710.4"
0,0,"ENSG00000185245.8"
0.134353916519404,1.6464356695335e-14,"ENSG00000108528.14"
0,0,"ENSG00000108523.15"
0.114215895790453,2.54399333605099e-10,"ENSG00000108518.7"
0.237188015977149,0,"ENSG00000108515.17"
0.322500419711835,9.76747386532294e-16,"ENSG00000091640.8"
8.52121470434909e-14,5.05817746163917e-21,"ENSG00000108509.21"
1.96111267240104e-13,0.0387629808380911,"ENSG00000196388.8"
0.298589232542537,0.055754662859808,"ENSG00000129250.12"
0,0,"ENSG00000180787.6"
0,0.0259840170306853,"ENSG00000167840.13"
0.123291482183612,1.61461943505203e-12,"ENSG00000234327.8"
0,0,"ENSG00000180626.10"
0.163724992184198,3.74741818178212e-20,"ENSG00000261879.7"
0.1741106158209,0,"ENSG00000161929.15"
0.017496422016963,0,"ENSG00000029725.17"
0.251026429260594,5.15676158818525e-11,"ENSG00000108559.12"
0,0,"ENSG00000129197.14"
0,0,"ENSG00000263272.1"
0.440624813397399,0,"ENSG00000108561.8"
0.0147038389619425,8.35510104341897e-14,"ENSG00000005100.13"
0,0,"ENSG00000072849.11"
0,0,"ENSG00000167842.15"
0.00733991041678928,0,"ENSG00000091592.16"
0.18192012913609,0,"ENSG00000286190.1"
0.475092414528055,8.62310658650039e-12,"ENSG00000179314.14"
0.281471662452368,0,"ENSG00000129195.16"
0,0.085788434781055,"ENSG00000091622.16"
0,0,"ENSG00000198920.11"
0.636526453789344,0.00961263294501855,"ENSG00000282936.2"
0.0574300238381923,1.86938481888054e-13,"ENSG00000129235.11"
0.0170588980265698,0,"ENSG00000108590.11"
9.59639406724143e-13,0.467223150799355,"ENSG00000256806.6"
0,0,"ENSG00000132530.17"
0,0,"ENSG00000262943.7"
0.227264259433242,0,"ENSG00000215067.10"
0,0,"ENSG00000262503.1"
0,0,"ENSG00000108839.12"
0.0839357323972158,8.63218665327922e-17,"ENSG00000219200.11"
0.279966112198057,1.0741939696069e-12,"ENSG00000258315.5"
0.347048273904596,2.66607070260717e-19,"ENSG00000267532.5"
0,0,"ENSG00000161940.11"
0.0303017334441035,0.431591941257474,"ENSG00000174327.7"
0,0,"ENSG00000161944.16"
0,0,"ENSG00000141505.12"
0,0,"ENSG00000132535.19"
0.0906181318299553,1.59045056424479e-18,"ENSG00000072778.20"
0,0,"ENSG00000004975.12"
0,0,"ENSG00000040633.13"
0,0,"ENSG00000170296.10"
0.329529657205159,1.00711274600593e-11,"ENSG00000279641.1"
0.324491056183572,1.40494629943988e-13,"ENSG00000175826.12"
0.0323823677250668,1.70878012054024e-08,"ENSG00000170291.15"
9.89970307525668e-14,0.106552478916667,"ENSG00000181885.18"
0.353011461531329,0.305239518100353,"ENSG00000181856.15"
0.32902352626279,0.323572399810871,"ENSG00000006047.13"
0.585079052337596,0,"ENSG00000132507.18"
0.162910457283102,0.00797619745800019,"ENSG00000132522.16"
0,0,"ENSG00000215041.10"
0.35198713679608,1.62609297858818e-12,"ENSG00000072818.12"
0,0,"ENSG00000213859.6"
0.243534467146113,0.0527251598119266,"ENSG00000174292.12"
0,0,"ENSG00000205544.4"
0.0723886805371102,0,"ENSG00000169992.10"
0,0,"ENSG00000181284.3"
7.93733260091186e-21,0.0751334387428451,"ENSG00000170175.11"
0.156487655647909,0.179414747900204,"ENSG00000174282.12"
0.30484918703682,0,"ENSG00000259224.2"
0,0,"ENSG00000181222.16"
0.0841392903805569,0,"ENSG00000239697.11"
0.183994123852643,0,"ENSG00000161955.16"
0,0.115670321444027,"ENSG00000161956.13"
0.00743265012544903,1.85147525326371e-15,"ENSG00000161960.15"
0,0.29781150934652,"ENSG00000233223.3"
0.691896891682714,1.65781036853965e-12,"ENSG00000129255.16"
0.00148500659330288,0,"ENSG00000129194.8"
0.366574593785692,0,"ENSG00000129245.12"
0.169304756095628,8.09007882300722e-11,"ENSG00000129214.15"
0,0.0393090809278474,"ENSG00000141504.11"
0.0206811220941707,2.66718688801265e-11,"ENSG00000129244.9"
0.167845731388395,3.13861228097716e-08,"ENSG00000141510.17"
0,0,"ENSG00000141499.16"
0.332102041778409,0.0334713395024774,"ENSG00000108947.5"
0,0,"ENSG00000183914.14"
0,0,"ENSG00000132510.10"
0,0,"ENSG00000167874.7"
0.188808896639761,2.11586874329797e-19,"ENSG00000183011.13"
0,0.0810316148408299,"ENSG00000182224.12"
0.316506710588475,0,"ENSG00000280046.1"
0.21165130787017,1.16133138112447e-18,"ENSG00000170004.17"
0.0405781807926337,4.69805904833671e-11,"ENSG00000252835.1"
0,0,"ENSG00000179859.9"
0,0,"ENSG00000170049.9"
0.0611881761824458,4.05072713287087e-16,"ENSG00000170043.12"
3.32593128006384e-17,8.62235133010978e-19,"ENSG00000170037.14"
0.244481667319509,2.48075824091418e-14,"ENSG00000179593.16"
0.442378120181452,0,"ENSG00000179094.16"
2.0193501873342e-16,0.0379406324425584,"ENSG00000220205.9"
0,0.190475822747667,"ENSG00000179029.15"
0,0.188953551426428,"ENSG00000283160.1"
0.212573150100658,0.0205920152346168,"ENSG00000196544.8"
0.434551761013223,1.07787127930581e-13,"ENSG00000178999.13"
0,0,"ENSG00000178977.3"
0,0.0217807410200907,"ENSG00000178971.16"
0,0,"ENSG00000178921.14"
0.106754246911967,0.333076315554098,"ENSG00000125434.11"
0,0.36250304445128,"ENSG00000198844.12"
0,0,"ENSG00000184619.5"
2.18088736289659e-12,0.0701970262678655,"ENSG00000265749.6"
0.0828921089916353,1.75639713877103e-20,"ENSG00000161970.15"
0,0,"ENSG00000166579.15"
0.266705404864749,0.0413530994561547,"ENSG00000133026.12"
0,0,"ENSG00000276231.4"
0,0,"ENSG00000141506.13"
0.111743160730421,8.65207794293081e-14,"ENSG00000065320.9"
0.166250799443567,0.127620746794129,"ENSG00000262966.2"
0.125896941860569,0.0399621420957254,"ENSG00000170310.15"
0.0171129487377976,0.177644001263198,"ENSG00000271851.1"
0.410315790532515,0.0463702928829552,"ENSG00000065325.13"
0.21525637279021,3.9369615901126e-15,"ENSG00000007237.18"
0.120327470163882,0.0154723721401235,"ENSG00000109061.10"
0.375700273234707,6.93720842199583e-12,"ENSG00000109063.15"
0,0,"ENSG00000133028.12"
0.0946240345064987,0,"ENSG00000170222.12"
0,0,"ENSG00000187824.8"
0,0,"ENSG00000263400.8"
0.218084093316018,5.34474503971364e-12,"ENSG00000188803.15"
0.189138446359838,0.007587427291403,"ENSG00000007174.18"
0,0,"ENSG00000154957.14"
0,0,"ENSG00000065559.15"
0.0407959244694305,0.310425995658618,"ENSG00000141052.17"
0.412458384504604,0.311364595478315,"ENSG00000006740.17"
0,0,"ENSG00000006744.19"
0.143760563336353,0,"ENSG00000153976.3"
0.264362186103381,0.0200829078827904,"ENSG00000236088.10"
0.199701671695303,4.88210349155079e-12,"ENSG00000006695.12"
0.429539110076125,3.83897896011645e-15,"ENSG00000125430.9"
0.466047555323076,0,"ENSG00000266709.1"
2.18084091468309e-11,0.0112088825012996,"ENSG00000266378.1"
8.28164525691588e-10,0.0254731101894419,"ENSG00000109099.15"
0.127293946386467,0,"ENSG00000279660.1"
0,0.144508103699131,"ENSG00000239704.11"
0.0746742328156007,9.51879601367731e-12,"ENSG00000175106.16"
0,0.0162473213859146,"ENSG00000266538.1"
0.379236431074672,0.201045744189994,"ENSG00000221926.12"
0,0,"ENSG00000187607.16"
4.63365926050913e-09,0.0225252078021316,"ENSG00000179277.9"
0,0,"ENSG00000265519.1"
0.113998300762,0,"ENSG00000276855.1"
0.319354316707281,3.55505199302991e-20,"ENSG00000170425.3"
0,0,"ENSG00000214941.8"
6.02464679117774e-14,0.103374979910852,"ENSG00000011295.16"
0,0.382256231181293,"ENSG00000275413.1"
0,0,"ENSG00000141027.21"
0,0,"ENSG00000227782.2"
0.163734615497852,0.0315791264442365,"ENSG00000108474.17"
0,0,"ENSG00000166582.10"
0.107165876900978,7.05981145293155e-12,"ENSG00000170315.14"
3.99849918311893e-15,0.0133797117571262,"ENSG00000187688.15"
0.197155383350199,2.00334666081373e-12,"ENSG00000175061.18"
0,0,"ENSG00000181350.12"
0.358189335137665,0,"ENSG00000141040.15"
0,0,"ENSG00000197566.10"
0.899556688120494,0,"ENSG00000170160.17"
0.875652946038925,0.00326959811439606,"ENSG00000188933.16"
0,0,"ENSG00000240505.8"
0.285076273352849,0,"ENSG00000287910.1"
0.0342365810088885,0.311231487348131,"ENSG00000133030.21"
0.132756461930474,1.24602064931559e-13,"ENSG00000225442.2"
9.69659395971555e-10,0.221075415279705,"ENSG00000263624.1"
0,0,"ENSG00000278864.1"
0,0,"ENSG00000179598.6"
0.247219851353333,7.89537642181739e-13,"ENSG00000154803.13"
0,0.153573124259738,"ENSG00000266498.1"
0.138022841207622,1.57344795631602e-13,"ENSG00000141030.13"
5.30114972803667e-16,0.0268766944597022,"ENSG00000205309.14"
0.785353601799135,0.027567783829385,"ENSG00000215030.5"
0.174533355842049,6.96394769802267e-22,"ENSG00000227158.1"
0,0,"ENSG00000141026.6"
0,0,"ENSG00000108551.5"
0.0943685866069951,4.15381421730382e-11,"ENSG00000133027.18"
0,0,"ENSG00000108557.19"
0,0.239139492696532,"ENSG00000237328.1"
1.46805412061386e-11,0.414912242916629,"ENSG00000226746.2"
0.273581614035246,0.108077212573787,"ENSG00000072310.17"
0,0,"ENSG00000175662.17"
0.185953072162359,0,"ENSG00000197815.4"
0,0,"ENSG00000171962.18"
0.0711499922538581,5.70056631370039e-22,"ENSG00000171953.16"
0,0,"ENSG00000141034.10"
0,0.355543862993941,"ENSG00000108591.10"
0.486188393222093,0.0167059552490478,"ENSG00000091536.19"
0.307845360861493,1.82165867429676e-13,"ENSG00000091542.9"
0,0,"ENSG00000131899.11"
0.350286880225476,7.74354999148536e-12,"ENSG00000177731.16"
0.0170962568070874,5.60686490788575e-12,"ENSG00000177427.13"
0,0,"ENSG00000177302.15"
0,0.287773919046966,"ENSG00000176994.11"
0.142510438040545,0.231107653280214,"ENSG00000176974.20"
0.0145101072375748,0,"ENSG00000220161.4"
0.945358895679481,0,"ENSG00000273018.6"
0.13467965290272,1.55927130659254e-14,"ENSG00000154874.15"
0.188262339720946,0.213050784514875,"ENSG00000249459.10"
0,0.115586962569634,"ENSG00000240445.4"
0,0.282647462831034,"ENSG00000108448.21"
3.64612600057589e-20,0.0443083082012828,"ENSG00000171928.14"
0.0137921538300156,0,"ENSG00000141127.15"
0,0,"ENSG00000235672.1"
0,0,"ENSG00000154025.15"
0.0324479327398667,0.126503092099854,"ENSG00000188522.15"
0.846420817610345,4.06656909862925e-08,"ENSG00000265185.5"
0.794259312248491,6.34054103119881e-15,"ENSG00000262074.6"
0.692263099124769,0.0364986001349814,"ENSG00000262202.4"
0.0381737480417951,0,"ENSG00000263934.4"
0.00393634344114253,0.0577147662887581,"ENSG00000072134.15"
2.42062237004234e-23,0.0965326984026545,"ENSG00000235397.1"
0,0.308937278373273,"ENSG00000108641.17"
0,0,"ENSG00000166484.20"
3.81800748092971e-12,0.0354735290664885,"ENSG00000166482.11"
0.597421929268466,0,"ENSG00000128482.16"
0.670596005613227,2.8043276592737e-12,"ENSG00000142494.13"
0,0,"ENSG00000227225.1"
0,0,"ENSG00000072210.19"
0,0,"ENSG00000264932.3"
0,0.289220421445968,"ENSG00000180638.17"
0.726617041922015,0.0282968469227824,"ENSG00000108602.18"
7.59777921100803e-13,0.0452813616267064,"ENSG00000083290.20"
0.197175238176111,0.154299390716236,"ENSG00000270091.1"
0,0,"ENSG00000108599.15"
0,0,"ENSG00000128487.16"
0,0,"ENSG00000225014.1"
0,0.135180784638898,"ENSG00000154898.15"
0,0,"ENSG00000189423.13"
0.0739780787800883,0,"ENSG00000188013.6"
0.394550099644198,0.231381465464497,"ENSG00000226549.3"
2.54058372383782e-21,0.0293204276866099,"ENSG00000233098.9"
0.0240637327484285,0,"ENSG00000124422.12"
0,0,"ENSG00000109016.17"
0.177109030964366,0.0362906257802098,"ENSG00000178307.9"
0.00662219455697754,0,"ENSG00000235530.7"
0,0,"ENSG00000274180.1"
0.117862611031011,7.50250256209481e-21,"ENSG00000034152.19"
0.473397469384314,0.160520887662198,"ENSG00000184185.10"
0.0720657629403973,0.0183605006932633,"ENSG00000212719.13"
0.42393350131035,0,"ENSG00000263563.6"
0.10998126353635,3.77564958311569e-11,"ENSG00000283879.1"
0,0,"ENSG00000256618.2"
0.307214170795691,0,"ENSG00000109046.15"
0,0,"ENSG00000141068.14"
0.00352607604593799,2.87215208644167e-12,"ENSG00000168961.17"
0,0,"ENSG00000232859.9"
0.0234921480357212,2.45662150055354e-11,"ENSG00000087095.13"
0.434873338743125,0.134659896617031,"ENSG00000109084.14"
0,0,"ENSG00000109083.13"
0,0,"ENSG00000109079.10"
0.264308399271133,1.11589549226062e-10,"ENSG00000004142.12"
2.03767605617164e-11,0.0564863518151859,"ENSG00000244045.13"
0.0991548528913273,6.25336710925034e-14,"ENSG00000004139.14"
0.0950101637877418,0.0683225232757244,"ENSG00000109072.14"
1.06670995513514e-22,0.0052071907438936,"ENSG00000076351.13"
0.581609328377978,0.0343223152812717,"ENSG00000258472.8"
0.196880219273185,9.23661907408993e-20,"ENSG00000263266.2"
0,0,"ENSG00000109103.11"
0.00500338995569591,0,"ENSG00000087111.21"
0.244209494621812,8.40399227831299e-15,"ENSG00000109107.14"
0.171437046648387,0,"ENSG00000076382.17"
0.204396277287561,0.0783462904288211,"ENSG00000227543.5"
0.197491229643307,0.107210472917015,"ENSG00000167524.14"
0.00733840430676659,4.68887602423252e-15,"ENSG00000007202.15"
0.141569081314561,7.3569056360943e-11,"ENSG00000132581.10"
0,0,"ENSG00000109111.15"
0.234466648120929,0,"ENSG00000167525.13"
0,0,"ENSG00000109113.20"
0.654127968809649,0,"ENSG00000198242.14"
0,0,"ENSG00000264577.1"
0.213006839381018,0,"ENSG00000160606.11"
0.125788625057746,0,"ENSG00000160602.14"
0,0,"ENSG00000076604.15"
0.0960834157673276,3.33560101228034e-19,"ENSG00000173065.13"
0.162319054546998,2.38083047652888e-21,"ENSG00000132591.12"
0,0,"ENSG00000132589.16"
0,0,"ENSG00000264304.1"
0,0,"ENSG00000167536.14"
0.0665077605727348,2.6356511988194e-22,"ENSG00000109118.14"
0.0366170531823501,0.104968629857499,"ENSG00000265908.1"
0.0644752071021799,0,"ENSG00000179761.12"
0,0.0976920088729517,"ENSG00000063015.20"
0,0,"ENSG00000196535.16"
0.341775401453743,1.3691654596766e-08,"ENSG00000221995.5"
0,0,"ENSG00000108255.7"
0,0,"ENSG00000108256.9"
0.0144543246492779,7.34900648307101e-11,"ENSG00000266111.2"
0,0,"ENSG00000160551.11"
0.0681028768207406,0,"ENSG00000253064.1"
0.129064441230806,0.362030757290142,"ENSG00000168792.5"
0.223317567692083,4.56949352997349e-13,"ENSG00000167543.16"
0,0,"ENSG00000264290.1"
0,0,"ENSG00000108262.15"
0.420074364124536,0.100656596288323,"ENSG00000198720.13"
0,0,"ENSG00000167549.18"
0,0,"ENSG00000264007.1"
4.70720691015534e-12,0.13119608114546,"ENSG00000141298.19"
1.23007654927214e-11,0.0871844219689629,"ENSG00000265625.1"
0.126222846178487,0.196294495048348,"ENSG00000240531.1"
0,0,"ENSG00000263657.1"
0.333303641829076,1.95758967710398e-09,"ENSG00000265713.1"
0,0,"ENSG00000176927.15"
0,0,"ENSG00000126653.18"
0,0,"ENSG00000108576.10"
0.22826732488157,0,"ENSG00000108578.15"
0,0,"ENSG00000108582.12"
0,0,"ENSG00000108587.15"
0.152070934351689,5.61543376248379e-13,"ENSG00000214719.13"
0,0,"ENSG00000264943.1"
0,2.63394223494063e-15,"ENSG00000250462.8"
0.0826856304125301,8.25618028100847e-23,"ENSG00000264538.6"
0.00372686517814798,0,"ENSG00000263603.1"
0.116455496328486,2.66072933804804e-12,"ENSG00000280069.1"
0,0,"ENSG00000176390.12"
0,0,"ENSG00000265791.1"
0.0932869137154681,9.38048256164857e-21,"ENSG00000266490.1"
0,0,"ENSG00000176208.9"
1.24165802357811e-12,0.0316026211794983,"ENSG00000172171.11"
0.568068175026517,8.5142800398528e-13,"ENSG00000184060.11"
0,0,"ENSG00000181481.14"
0,0,"ENSG00000264456.1"
0,0.343424677325687,"ENSG00000264743.2"
0.0155002573405241,0,"ENSG00000266865.6"
0,0,"ENSG00000264107.1"
0,0,"ENSG00000196712.17"
0,0,"ENSG00000266371.1"
0,0,"ENSG00000126861.5"
5.14423102629933e-12,0.0669171629611564,"ENSG00000185862.7"
0,0,"ENSG00000126860.11"
0.186251825603465,0.0315105573689155,"ENSG00000131242.18"
0,0,"ENSG00000207614.1"
0.0976671858993704,6.61950794171409e-11,"ENSG00000278546.1"
0,0,"ENSG00000221038.1"
0.560001553907732,3.9512966814552e-12,"ENSG00000228768.3"
0.454850696378955,0.187922335085467,"ENSG00000266877.1"
0.145372560246909,2.83264598814779e-12,"ENSG00000172301.11"
0,0.204561324389979,"ENSG00000108651.10"
0.616661003610495,0.0119458273850702,"ENSG00000178691.11"
0.40055899939772,0.228931845214613,"ENSG00000185158.12"
0.0707603398988276,1.11603991348966e-12,"ENSG00000266777.1"
0,0,"ENSG00000126858.18"
2.78629399618545e-10,0.375330965448413,"ENSG00000265293.2"
0,0.0791978767162594,"ENSG00000280033.1"
0.00159670518843178,2.15731157067618e-13,"ENSG00000280020.1"
0.207904640925652,0,"ENSG00000141314.13"
0,0,"ENSG00000108666.10"
0.091034203356591,2.90250966524068e-12,"ENSG00000010244.18"
0,0,"ENSG00000278668.1"
0,0,"ENSG00000279762.3"
0.109831687171806,1.09126021396984e-15,"ENSG00000108671.11"
0,0,"ENSG00000176749.9"
0.0571542711555649,0,"ENSG00000176658.17"
0,0,"ENSG00000266718.2"
0,0,"ENSG00000280245.1"
0,0.112470784178271,"ENSG00000006042.12"
0.371814061793484,0,"ENSG00000226049.3"
0.218061490346152,1.79962182045583e-12,"ENSG00000108691.9"
0.567186821483256,8.92071805329875e-13,"ENSG00000108688.11"
0.460014568972348,4.65340882185433e-12,"ENSG00000108700.5"
0.164439006240104,0,"ENSG00000181374.8"
2.63186375965635e-15,0,"ENSG00000132141.14"
0.0939954119676556,0.0540599882270334,"ENSG00000198783.6"
0,0,"ENSG00000005156.12"
0.42971762467941,0,"ENSG00000092871.16"
0,0,"ENSG00000267457.1"
0.0704006815386345,4.75105540987789e-16,"ENSG00000185379.20"
0.360151331609459,0.251102381209689,"ENSG00000073536.18"
0,0,"ENSG00000266947.1"
3.64993354201692e-14,0,"ENSG00000166750.10"
0,0,"ENSG00000172716.16"
0,0,"ENSG00000267745.1"
0.141639470774829,2.00690827456573e-12,"ENSG00000267102.1"
0,0,"ENSG00000172123.12"
0.0319812069623103,0,"ENSG00000154760.14"
0.0255840181191134,0,"ENSG00000236320.3"
0,0,"ENSG00000267321.3"
0,0.0207208963962151,"ENSG00000108733.10"
0,0,"ENSG00000006125.18"
0,0,"ENSG00000270647.6"
0,0,"ENSG00000270885.2"
0,0,"ENSG00000270765.5"
0,0,"ENSG00000271447.6"
0.0125185795950126,0.297359726151169,"ENSG00000270871.1"
0,0,"ENSG00000270379.6"
0.254698718825577,0,"ENSG00000271503.6"
0.326370665317316,6.37022174877637e-19,"ENSG00000270977.2"
0.221696581176047,0,"ENSG00000277632.2"
0,0,"ENSG00000275302.2"
0.133999340969888,1.67969921648743e-12,"ENSG00000276085.1"
0,0,"ENSG00000276070.5"
0.0397358412788251,6.56752656265145e-22,"ENSG00000273611.5"
0,0.0484107112626876,"ENSG00000278259.4"
0.142743884867098,0.07960463045112,"ENSG00000277161.2"
0,0,"ENSG00000278311.5"
7.91569358456633e-16,0.0161061910232216,"ENSG00000274756.1"
5.94543401830038e-19,0.0365713656868144,"ENSG00000278535.5"
0,0,"ENSG00000278619.5"
0.0173853055536232,1.57036660518667e-11,"ENSG00000275700.5"
2.86774966704374e-13,0.085500731153341,"ENSG00000278638.2"
0.0812455850285941,0,"ENSG00000278540.5"
0,0,"ENSG00000274308.1"
0.361378263946536,0.148553083247327,"ENSG00000275029.1"
0,0.17054154960273,"ENSG00000278505.5"
0,0,"ENSG00000276234.5"
0.0373204028125567,4.18964647384447e-17,"ENSG00000276023.5"
0.162669346533382,0.288469492061227,"ENSG00000275066.5"
0.260079375709373,0,"ENSG00000278053.5"
0.109201303160492,0,"ENSG00000278845.5"
0,0,"ENSG00000277399.4"
0,0,"ENSG00000274211.6"
0,0,"ENSG00000275832.5"
0.315450265015775,2.01903392974159e-08,"ENSG00000277363.5"
0.506019938433979,5.08558711762583e-10,"ENSG00000273604.2"
1.32588317019776e-10,0.0638989306636509,"ENSG00000277969.1"
0,0,"ENSG00000275532.1"
0.194312887016352,0,"ENSG00000275023.5"
0.130558282418101,6.04416387299372e-11,"ENSG00000277972.2"
0,0,"ENSG00000277258.5"
0.126916792787473,0,"ENSG00000277791.5"
0,0,"ENSG00000276293.4"
0,0,"ENSG00000273559.5"
0.0475221325490413,0,"ENSG00000125691.13"
0.201867329285088,0.0602003421424711,"ENSG00000002834.18"
0,0,"ENSG00000263466.1"
0,0,"ENSG00000263874.2"
0,0,"ENSG00000161381.14"
0,0.00293628398359016,"ENSG00000067191.16"
0.0572456549098395,2.576161014276e-15,"ENSG00000108298.11"
0,0.213966351679454,"ENSG00000141750.7"
0,0,"ENSG00000108306.13"
0.0222596679075515,0,"ENSG00000125686.12"
3.25778799920812e-15,0,"ENSG00000167258.14"
8.77998630393158e-20,0.0599109975727522,"ENSG00000273576.1"
0.0800858658788486,0,"ENSG00000171532.5"
0,0.297243974286149,"ENSG00000131771.14"
0,0,"ENSG00000131748.16"
0,0,"ENSG00000173991.5"
0,0,"ENSG00000161395.14"
4.87939906934382e-22,0.0198158310898707,"ENSG00000141736.13"
0.225183840626311,4.85636488184266e-13,"ENSG00000141741.12"
0,0,"ENSG00000161405.17"
0,0,"ENSG00000073605.18"
6.30592914663651e-20,0.100105010945955,"ENSG00000172057.10"
0.542923096391314,1.20711648769893e-12,"ENSG00000108344.15"
0.117331669235023,3.23849503316034e-13,"ENSG00000108342.12"
0.165551520730358,2.06261421651025e-12,"ENSG00000008838.20"
0.24067234775903,0,"ENSG00000126351.12"
0.107415072359969,0,"ENSG00000126368.6"
0.208086559672503,0,"ENSG00000279199.1"
0,2.04260507653904e-15,"ENSG00000188895.12"
0,0,"ENSG00000108349.17"
0,0,"ENSG00000108352.12"
0.244744150324789,7.77994081704468e-12,"ENSG00000171475.14"
0.395097289323608,5.69753793590137e-12,"ENSG00000094804.12"
0,0,"ENSG00000131759.18"
0,0,"ENSG00000287644.1"
2.21464196490822e-18,0.0231429141397295,"ENSG00000265666.1"
0.184633243565701,0,"ENSG00000278918.1"
0.527771353185341,0.152044083497484,"ENSG00000183153.7"
0.0585531715695145,1.0410855028278e-14,"ENSG00000131747.15"
4.41677317748124e-10,0.0231593417480724,"ENSG00000141753.7"
0.223698123539792,0.00912101018180513,"ENSG00000279806.1"
0.315695064456932,0,"ENSG00000131746.13"
0.408572618550943,0,"ENSG00000126353.3"
0.323817203139343,3.43835512603283e-14,"ENSG00000073584.20"
0.449523798811874,0.0703846016381093,"ENSG00000186395.8"
1.365419803257e-12,0.0334133988646304,"ENSG00000167920.10"
0,0,"ENSG00000221852.5"
0,0,"ENSG00000131737.5"
0,0,"ENSG00000171401.15"
0,0,"ENSG00000171345.13"
0.496481341120625,0,"ENSG00000186847.6"
0.0728142226599947,3.21885186776771e-13,"ENSG00000186832.9"
0.0122718639644476,0,"ENSG00000173812.11"
2.14484238421579e-15,0.0603597111338232,"ENSG00000173805.15"
0.239549259383184,1.11125255721285e-12,"ENSG00000173801.17"
0,0.0297798893267746,"ENSG00000141696.13"
0,0,"ENSG00000141756.18"
0,0,"ENSG00000141698.17"
0.469363785087296,7.14058590649364e-15,"ENSG00000161594.7"
0,0,"ENSG00000178502.6"
0.110004710104684,3.99636119734312e-13,"ENSG00000131473.17"
0,0,"ENSG00000204815.10"
0,0,"ENSG00000173786.17"
0.00685338874886115,0,"ENSG00000168259.16"
0.212943090530954,0.291817571624011,"ENSG00000168256.18"
0,0,"ENSG00000187595.16"
0,0,"ENSG00000267221.3"
0,0,"ENSG00000108771.13"
0.238345801107664,0.0622745412691539,"ENSG00000108773.11"
0.0859792459897977,4.73001022920845e-20,"ENSG00000108774.14"
0,0,"ENSG00000267658.1"
0,0,"ENSG00000089558.9"
0.219651458136082,2.47706809609475e-19,"ENSG00000167925.16"
0,0.0304652153984341,"ENSG00000173757.9"
0.661841774832397,0,"ENSG00000280295.1"
0.0574210281778786,7.09810788711892e-11,"ENSG00000267758.1"
0,0,"ENSG00000236194.3"
5.97725640368214e-14,0.0227178135084024,"ENSG00000278829.1"
0.244345551635607,0.06993112926387,"ENSG00000126561.16"
0,0,"ENSG00000168610.14"
0.262602522207551,7.19521429287784e-20,"ENSG00000177469.13"
0,0,"ENSG00000033627.16"
0,0,"ENSG00000267632.1"
0.171249419456242,0.173741090308735,"ENSG00000108784.10"
0,0.316512278195685,"ENSG00000108785.7"
0,0,"ENSG00000108786.10"
0,0,"ENSG00000068120.15"
0,0,"ENSG00000108788.11"
0.165716069741187,9.85435814478493e-21,"ENSG00000131470.14"
0.108708795053268,0,"ENSG00000287710.1"
0,0,"ENSG00000141699.11"
0,0,"ENSG00000280183.1"
0.258244693400815,5.6298016649044e-21,"ENSG00000131462.8"
0,0.0437499340059394,"ENSG00000037042.9"
0.106589898672343,6.69596106795856e-13,"ENSG00000068137.15"
0,0,"ENSG00000184451.5"
0,0,"ENSG00000267042.1"
0.070965658405578,1.76921351579378e-12,"ENSG00000108797.12"
7.56420053518232e-19,0.0421867173261229,"ENSG00000108799.13"
0,0.0231708918918129,"ENSG00000214578.5"
7.58414311562312e-12,0.0670994385380796,"ENSG00000197291.9"
0,0.0265807144869121,"ENSG00000131477.11"
0.23552542980778,4.78513010390158e-20,"ENSG00000131475.7"
0.0121477785445484,0,"ENSG00000126562.17"
0.219782390831196,3.97122601250117e-12,"ENSG00000183978.8"
0,0,"ENSG00000176563.10"
0.15654190798658,9.65738384705675e-15,"ENSG00000126581.13"
0.0582031859669837,0,"ENSG00000131467.11"
0,0.0581835176629989,"ENSG00000131480.9"
0.128599061938143,0.0865180751507383,"ENSG00000131471.7"
3.82504301140221e-12,0.316763429314146,"ENSG00000260105.6"
0,0.543535096359185,"ENSG00000213373.7"
0.0512453586524279,0,"ENSG00000266967.7"
0,0,"ENSG00000267060.5"
0.0726027147785593,7.37540852563733e-13,"ENSG00000198863.7"
0.0783818682889455,2.6881706945643e-20,"ENSG00000131469.14"
0.370780370736255,0.0341818678280591,"ENSG00000068079.7"
0.224507662467418,0.105045315767164,"ENSG00000108828.16"
0,0,"ENSG00000108830.10"
0,0,"ENSG00000012048.22"
0.315899793373501,0,"ENSG00000198496.12"
0.685599716807857,0,"ENSG00000267002.4"
0,0,"ENSG00000188554.14"
0,0.148343258435308,"ENSG00000184988.8"
6.24255363874474e-10,0.0176632968179572,"ENSG00000236383.8"
0.32368992370467,0,"ENSG00000188825.14"
0.646102384402337,0,"ENSG00000279602.1"
0,0,"ENSG00000175906.5"
0,0,"ENSG00000067596.12"
0.0254574894521688,0,"ENSG00000175832.13"
0,0,"ENSG00000005102.13"
0.259782737916588,6.07402377877697e-21,"ENSG00000108861.9"
0,0,"ENSG00000161647.18"
0,0,"ENSG00000108852.14"
0.123674753837373,1.45861799498917e-11,"ENSG00000091947.10"
0,0,"ENSG00000161654.9"
0.0850831041577582,8.11919315237292e-22,"ENSG00000141349.8"
0.266614815333576,2.01998458308176e-09,"ENSG00000108840.15"
0.62152246950511,3.76600026466967e-12,"ENSG00000125319.14"
0.130462093417868,2.26334551001752e-11,"ENSG00000161664.7"
8.77623941853549e-20,0.0551528285943988,"ENSG00000267080.6"
0.204672375544831,5.04697290461497e-13,"ENSG00000168591.16"
0,0.0753266632052733,"ENSG00000087152.15"
0.0507986556661039,0,"ENSG00000108312.15"
4.76899657214617e-20,0.304964424039542,"ENSG00000260793.2"
0,0,"ENSG00000004939.15"
0.0395008206983969,0.209511815606684,"ENSG00000108309.14"
0.811731216116199,0.0519187914453475,"ENSG00000013306.16"
0.159783036818206,0.000556139655325335,"ENSG00000030582.18"
0.308350748033354,0.177152548339129,"ENSG00000161682.15"
1.07175097143205e-21,0.423743496680131,"ENSG00000005961.19"
0,0,"ENSG00000186566.13"
0,0,"ENSG00000283045.1"
2.37600391936503e-11,0.0583973031635633,"ENSG00000180340.7"
0.318236048621334,0,"ENSG00000180336.18"
0.0646948750456758,9.62003439507624e-13,"ENSG00000180329.14"
0,0,"ENSG00000161692.18"
0.124236193994918,4.11283512112808e-20,"ENSG00000073670.14"
0,0,"ENSG00000267505.1"
0,0,"ENSG00000182963.10"
0.0775096570419265,0,"ENSG00000108883.13"
0.116879341469201,1.47455458494209e-33,"ENSG00000131095.13"
0.354965846877038,0.0908794801443385,"ENSG00000186185.14"
0,0,"ENSG00000172992.12"
0.0147662482131632,6.97533821781803e-15,"ENSG00000136448.12"
0.29742176100829,0.123138913506832,"ENSG00000161714.12"
0.536875881527021,0.124422325020212,"ENSG00000181513.14"
2.0129917393598e-11,0.00147477045113812,"ENSG00000276728.1"
0,0,"ENSG00000186834.3"
0.216337543850114,1.17962052833703e-12,"ENSG00000168517.10"
0.595462696681174,5.70350956486125e-13,"ENSG00000267288.2"
0.135597549836123,0.396151934868857,"ENSG00000267121.6"
1.21347326345675e-12,0.0101762079725626,"ENSG00000184922.14"
0,0,"ENSG00000233175.2"
0,0,"ENSG00000267278.6"
0,0,"ENSG00000006062.17"
0.0643716066352368,0.0646341054955283,"ENSG00000159314.11"
1.16834712450021e-11,0.05872014504331,"ENSG00000225190.11"
0,0,"ENSG00000236234.1"
0,0,"ENSG00000214425.8"
0.798781137831715,0.0338785783242806,"ENSG00000264070.1"
0.73328923815974,1.16876663248632e-12,"ENSG00000204650.14"
0.446482077596108,6.99226145168778e-10,"ENSG00000186868.15"
0.718394819751518,1.0590563065565e-16,"ENSG00000120071.14"
0.202286351775967,0.0150244065141903,"ENSG00000214401.4"
0.984298652495264,9.59730659026034e-14,"ENSG00000262539.1"
0.921278732626818,0,"ENSG00000228696.9"
0.621104604016161,0.0228449520262445,"ENSG00000176681.14"
0.733270504907113,0.0510745011642605,"ENSG00000260075.1"
0.473463533113216,0.185287054257992,"ENSG00000238083.7"
0.272375330019326,0.296509502833133,"ENSG00000185829.17"
0,0,"ENSG00000073969.18"
0,0.116840781222692,"ENSG00000108379.10"
0,0,"ENSG00000108433.16"
0.248100486347869,9.93472100234201e-13,"ENSG00000262879.6"
0,0,"ENSG00000004897.12"
0,0,"ENSG00000239291.1"
3.93203034457414e-10,0.0246737581992351,"ENSG00000262265.2"
2.32245667713974e-10,0.0202683932802776,"ENSG00000261872.1"
7.17617327382147e-11,0.0441049414960412,"ENSG00000198336.9"
0.303228765154455,0.077993064523181,"ENSG00000259207.7"
0,0,"ENSG00000178852.16"
1.32467293861867e-10,0.0304107201308415,"ENSG00000253347.1"
0,0,"ENSG00000228782.7"
0,0,"ENSG00000141279.16"
0.00779293872097194,1.52498457206578e-14,"ENSG00000263766.5"
0.0730609069565251,2.51584187091258e-21,"ENSG00000108424.10"
1.96809855245791e-13,0,"ENSG00000198933.9"
6.71793534053645e-17,0,"ENSG00000006025.12"
0.234641394237455,4.99455242552324e-13,"ENSG00000159111.13"
0,0,"ENSG00000141294.10"
0.247031501880948,0.249105148470443,"ENSG00000141295.14"
0.18258458617793,0.241525470600075,"ENSG00000189120.5"
0,0.216448199419114,"ENSG00000264920.2"
0.124616361991303,9.65972432100484e-11,"ENSG00000167182.15"
0,0,"ENSG00000234494.7"
0.229524618981829,3.75751613260112e-13,"ENSG00000108439.10"
0.0157500107297286,0,"ENSG00000108465.15"
0.132050024155546,0,"ENSG00000005243.10"
0,0,"ENSG00000263412.1"
0,0,"ENSG00000082641.16"
0,0,"ENSG00000278765.1"
0.0115905645762769,1.01218201374546e-15,"ENSG00000108468.15"
0.0136017577962525,0,"ENSG00000002919.14"
4.42334160461456e-13,0.3400516079419,"ENSG00000141293.16"
0.234344301880545,0.375916185829725,"ENSG00000173917.10"
0,0.177955349121436,"ENSG00000230148.8"
0,0.607935712963736,"ENSG00000120093.11"
0.00129550564271989,0.706378878529495,"ENSG00000182742.6"
0,0.286456517089606,"ENSG00000108511.10"
2.66647956126093e-22,0.524823432178847,"ENSG00000260027.5"
0,0,"ENSG00000244514.3"
0.0197100423190232,2.36910178953361e-12,"ENSG00000136436.14"
0,0.0835747749394267,"ENSG00000248278.1"
0.199264815183465,1.89040338018982e-13,"ENSG00000159199.14"
3.17641699589637e-12,0.0728505301819387,"ENSG00000159202.18"
0.345928777724764,1.37665234593427e-13,"ENSG00000159210.10"
0.0362167156744888,0,"ENSG00000159217.10"
0,0,"ENSG00000167083.7"
0.0613566570314222,2.91567304650647e-14,"ENSG00000108798.9"
0,0,"ENSG00000173868.11"
0.326423891964412,0.111079118195286,"ENSG00000198740.8"
0.167563264282667,5.99325274831797e-19,"ENSG00000167085.11"
0,0,"ENSG00000279036.1"
0.175955893058721,0.311298540433511,"ENSG00000064300.9"
0.565233657627378,2.71362846385372e-13,"ENSG00000182575.7"
0.0180975308120501,1.0844461283913e-11,"ENSG00000121067.19"
0,0.159537791259761,"ENSG00000121073.15"
0.152720860517805,0,"ENSG00000121104.8"
0.10507815026679,1.70466752405875e-21,"ENSG00000136504.12"
0,0.0451730124492595,"ENSG00000176358.15"
0,0,"ENSG00000204584.1"
0,0,"ENSG00000064195.7"
0,0.102586568635395,"ENSG00000005884.18"
4.19374646383357e-14,0.0373719207513581,"ENSG00000005882.12"
0,0,"ENSG00000167100.14"
0.179431792730965,0.0627702133347662,"ENSG00000108819.11"
0,0.0183244023273124,"ENSG00000108821.13"
0,0,"ENSG00000167105.8"
0.318630154467941,2.4296888317997e-15,"ENSG00000251179.1"
0,0,"ENSG00000015532.10"
0,0,"ENSG00000279792.1"
0.206428097585992,2.57935869858931e-11,"ENSG00000108826.16"
0,0,"ENSG00000154920.14"
0.340513151854828,8.77916332208044e-11,"ENSG00000108829.10"
0.169054379309448,0.19085615802298,"ENSG00000167107.12"
0,0.320667099866131,"ENSG00000136457.10"
2.1052346708901e-15,0,"ENSG00000136444.10"
0.79078748944718,1.80145795279577e-13,"ENSG00000136449.15"
0,0.109836185497021,"ENSG00000049283.18"
0.528854996953751,6.82477853355658e-13,"ENSG00000006282.21"
0.424237205050048,0.0314887645486285,"ENSG00000006283.18"
0.332254749875555,4.67898294566485e-22,"ENSG00000108846.16"
0.131255834205428,0.055619896315255,"ENSG00000154945.7"
0.349169769052773,0.120807135320683,"ENSG00000108848.16"
0,0,"ENSG00000278963.1"
0,0,"ENSG00000141232.5"
0,0,"ENSG00000229980.5"
0.0861366197577305,0,"ENSG00000008294.21"
0.337377964481506,0,"ENSG00000239672.7"
0.328937977526065,0.0241353286499911,"ENSG00000243678.11"
0,0,"ENSG00000011258.16"
0.078495715405519,1.04384394441838e-11,"ENSG00000279089.1"
0,0.0260392815868648,"ENSG00000264895.1"
0.396167891919757,0.0912692290165759,"ENSG00000011260.14"
4.4016335188765e-13,0.147206510337751,"ENSG00000262902.1"
4.70187038704404e-16,0,"ENSG00000141198.16"
0.212851510595357,0.104827097122277,"ENSG00000166260.11"
0,0,"ENSG00000279059.1"
0,0,"ENSG00000166263.13"
0.21186756361597,0,"ENSG00000108924.14"
0,0.165282550857,"ENSG00000108960.9"
0,0,"ENSG00000261873.2"
0.106783377325184,0.219361007213156,"ENSG00000236319.2"
0,0,"ENSG00000166292.12"
0,0,"ENSG00000141179.14"
0,0,"ENSG00000153930.12"
0,0,"ENSG00000183691.5"
5.33171929581008e-11,0.159048614628269,"ENSG00000214226.9"
0,0,"ENSG00000153933.10"
0,0,"ENSG00000121060.18"
0,0,"ENSG00000274213.1"
0,0,"ENSG00000121058.5"
0.17655880400306,0.13266562221971,"ENSG00000121064.12"
0,0,"ENSG00000263120.1"
0,0.196342894673977,"ENSG00000263004.2"
0,0,"ENSG00000121057.13"
0.66153508604705,0.112438857331314,"ENSG00000263089.1"
0.0620979588636604,0,"ENSG00000153944.11"
0.328919834451493,8.14223397319489e-16,"ENSG00000279555.1"
0,0,"ENSG00000279281.1"
0.705671507708349,0.0967015830003959,"ENSG00000181610.13"
0.437493404556822,0.0788851954862235,"ENSG00000180891.13"
0.151948709711421,0.174215169351925,"ENSG00000264914.1"
0,0,"ENSG00000136451.9"
0.269238707419119,5.45109169741703e-09,"ENSG00000264112.1"
0,0,"ENSG00000136450.13"
0,0.388651767274556,"ENSG00000279069.1"
0.109653443397682,0.0646814632569843,"ENSG00000264364.3"
0.485811710241995,0.209003766721336,"ENSG00000279207.1"
0.00254867128457534,1.11824964502503e-09,"ENSG00000121053.6"
0,0,"ENSG00000011143.16"
0,0,"ENSG00000005381.8"
0,0,"ENSG00000005379.17"
0,0.279446180605594,"ENSG00000265148.6"
0.0221172846497329,0,"ENSG00000265206.5"
0,0,"ENSG00000108389.9"
0,0,"ENSG00000108387.15"
0.213037961855075,1.21786967412655e-11,"ENSG00000121101.15"
0.634794782477166,2.37081413157614e-12,"ENSG00000212195.2"
0,0,"ENSG00000108384.15"
0.0271801217274617,1.2570194601738e-11,"ENSG00000175175.6"
0,0,"ENSG00000108395.14"
0.0575305818554405,0,"ENSG00000182628.13"
0.130956829518791,1.17205896078458e-20,"ENSG00000068489.12"
0.186221785996115,0.0453051542085787,"ENSG00000167447.12"
0,0,"ENSG00000153982.11"
0.095482064989141,2.22785770323318e-21,"ENSG00000175155.10"
0,0,"ENSG00000278863.1"
0,0,"ENSG00000265313.7"
0,0,"ENSG00000108406.10"
0,0,"ENSG00000273702.1"
0.0661232913165216,9.3039548913702e-15,"ENSG00000141367.12"
0.0384058076192562,1.47797965753344e-12,"ENSG00000141378.14"
0.60558598861729,0.0369373086929608,"ENSG00000062716.13"
0,0,"ENSG00000108423.15"
0,0,"ENSG00000108443.14"
0,0,"ENSG00000189050.16"
0,0,"ENSG00000068097.14"
0,0,"ENSG00000267526.1"
0.237968161602754,1.39024158368611e-12,"ENSG00000261040.7"
0.159471078041526,2.94697895505519e-11,"ENSG00000280852.2"
0.333937841435111,0,"ENSG00000167434.10"
0,0,"ENSG00000170832.13"
0.65185207126403,4.87498005004408e-09,"ENSG00000252577.1"
0.258888353958223,0,"ENSG00000241157.1"
1.06372471131659e-10,0.165087208640738,"ENSG00000275562.1"
0,0,"ENSG00000062725.10"
0,0,"ENSG00000170836.11"
3.2366505576693e-17,0.0176534188782564,"ENSG00000141376.22"
0.0135357182232069,3.79942277887448e-18,"ENSG00000286997.1"
1.95822417041303e-11,0.437603693564903,"ENSG00000266934.1"
0,0,"ENSG00000267280.5"
0.125023395255313,6.16295794264058e-14,"ENSG00000121068.14"
0.321393674227529,0.019280835088339,"ENSG00000187013.4"
0,0,"ENSG00000121075.11"
0.469250261847832,1.13987552543098e-35,"ENSG00000136492.8"
0.00451232961347951,0,"ENSG00000108506.12"
0,0,"ENSG00000108510.10"
0,0,"ENSG00000279133.1"
0.536575629336357,0.154812127580134,"ENSG00000285879.1"
0.136493784664838,0,"ENSG00000087995.15"
0,0,"ENSG00000146872.17"
0.164289643666865,0,"ENSG00000264546.1"
0,0,"ENSG00000277463.1"
0,0,"ENSG00000274565.1"
0,0,"ENSG00000011028.14"
0,0,"ENSG00000279713.1"
7.65834672009431e-19,0.117363250985686,"ENSG00000283538.3"
0,0,"ENSG00000170921.15"
0.00125575328923474,3.67358784658193e-15,"ENSG00000008283.16"
0,0,"ENSG00000159640.16"
0.0757053859859149,0,"ENSG00000136485.15"
0.325008336012678,1.35224041343165e-20,"ENSG00000136463.8"
0,0.188469722546028,"ENSG00000198909.7"
0,0,"ENSG00000263883.1"
0.168123392747334,1.49053645656725e-18,"ENSG00000266173.7"
0.482766877939188,6.75135818719848e-14,"ENSG00000136490.9"
0.0499027731629459,6.83495629579486e-15,"ENSG00000279369.1"
0.326245956841699,0,"ENSG00000108588.14"
0,0,"ENSG00000198231.13"
0,0,"ENSG00000108592.17"
0.0374503734608049,8.45717902114676e-09,"ENSG00000087191.13"
0.180571804927197,0.063266788571235,"ENSG00000108604.16"
0,0,"ENSG00000007312.12"
0,0,"ENSG00000007314.12"
0,0,"ENSG00000264954.2"
0.0552136540385607,9.16111493634442e-11,"ENSG00000224383.7"
3.98454975758529e-16,5.00012128450654e-18,"ENSG00000108622.11"
0,0,"ENSG00000178607.16"
0,0,"ENSG00000266402.3"
0.431014032886231,0.0500009036333805,"ENSG00000199753.1"
8.86315833290089e-12,0.0373810538517038,"ENSG00000136478.7"
0.224173876461501,0,"ENSG00000261371.6"
0.492753036516238,0,"ENSG00000271605.6"
0.253210593317613,0,"ENSG00000256525.8"
0,0,"ENSG00000108654.15"
0,0,"ENSG00000258890.7"
0,0,"ENSG00000108854.16"
0,0.149507712141871,"ENSG00000265298.1"
3.75891003692542e-21,0.125562055602274,"ENSG00000214176.9"
0,0,"ENSG00000176809.10"
0.317311516935529,3.19287249123836e-17,"ENSG00000265218.1"
0.465772228002536,3.24104583881304e-11,"ENSG00000264057.1"
0.46419885083623,0.0734829885121815,"ENSG00000214174.8"
0.428920402861085,0.111708521528885,"ENSG00000120063.10"
0,0,"ENSG00000266598.1"
0.224004298523437,5.18026875455279e-13,"ENSG00000108370.17"
0.189484940410731,0.199969954662671,"ENSG00000168646.13"
0.36292706390733,1.00744137081234e-10,"ENSG00000154240.17"
0,0,"ENSG00000154229.12"
2.90748040733623e-19,0.059286251047802,"ENSG00000244044.3"
0,0,"ENSG00000264630.5"
0,0,"ENSG00000198265.12"
0.134162398942212,0.435556271353067,"ENSG00000285877.1"
0,0,"ENSG00000197170.10"
0.290626724707212,0.135183951966407,"ENSG00000154217.15"
0,0,"ENSG00000279917.1"
0.201292944878303,1.58243221546914e-11,"ENSG00000130935.10"
0.159995166620049,2.00423927376778e-20,"ENSG00000200394.1"
8.58644176796265e-16,0,"ENSG00000171634.18"
4.76402316853777e-11,0.398235477045579,"ENSG00000266717.1"
0,0,"ENSG00000279573.1"
0.105656845397271,0,"ENSG00000279880.1"
0.00298764934215722,2.12065386386944e-13,"ENSG00000186665.9"
0.146670157336499,1.87577063396185e-12,"ENSG00000182481.9"
0,0,"ENSG00000237854.3"
0,0,"ENSG00000267023.5"
0,0,"ENSG00000278730.1"
0,0,"ENSG00000274561.1"
0.383637793693169,6.96926078474512e-11,"ENSG00000277476.1"
0,0.378670551138945,"ENSG00000274712.1"
0,0,"ENSG00000265100.1"
0,0,"ENSG00000196704.12"
0.179698050085525,0,"ENSG00000141337.12"
4.21704026602134e-10,0.0310690758540066,"ENSG00000108932.12"
0.0540973828063149,0,"ENSG00000267009.6"
0.370440861790491,0,"ENSG00000070540.13"
0.232552686445368,5.33713331504242e-13,"ENSG00000207561.1"
0,0,"ENSG00000108946.14"
0,0,"ENSG00000108950.12"
0.52339906231628,0.0575747782241122,"ENSG00000267659.5"
2.97631336668429e-21,0.0244810496601551,"ENSG00000141338.14"
0,0.0589677324474528,"ENSG00000231749.3"
0,0.0323023931735834,"ENSG00000154258.17"
1.19005353520735e-17,0.064151014862828,"ENSG00000154262.13"
0,0.0690110016815541,"ENSG00000267361.1"
0,0.26071208177324,"ENSG00000154263.17"
0.0588283256861661,0,"ENSG00000278873.1"
0,0,"ENSG00000154265.16"
0,0.0876560202674052,"ENSG00000267203.1"
0.415562991330526,6.76873021150717e-08,"ENSG00000108984.15"
3.90485753675924e-10,0.0665068615001604,"ENSG00000278972.1"
5.61909450494466e-20,0.0602309480858389,"ENSG00000267653.1"
0,0.00232326987119461,"ENSG00000123700.4"
1.08074751959843e-22,0.0846647720218717,"ENSG00000271239.1"
0,0,"ENSG00000234899.10"
0.494249463917757,3.57481882113023e-12,"ENSG00000125398.8"
0,0,"ENSG00000227036.8"
0,0,"ENSG00000133195.11"
0,0,"ENSG00000180616.9"
0,0,"ENSG00000166685.12"
0,0,"ENSG00000133193.12"
0,0,"ENSG00000141219.15"
0,0,"ENSG00000187959.9"
0,0,"ENSG00000179604.10"
0,0,"ENSG00000069188.17"
0.206473109502051,6.44256782609995e-16,"ENSG00000172809.13"
0,0,"ENSG00000246731.3"
0.139312948407094,7.00473907162211e-19,"ENSG00000141540.11"
0,0,"ENSG00000170412.18"
0,0.765934927731786,"ENSG00000178789.9"
0,0,"ENSG00000167850.4"
0.0891315759712184,1.45003692618138e-09,"ENSG00000186407.7"
0,0,"ENSG00000172794.20"
0.0793837698460756,1.48126574302143e-14,"ENSG00000109062.12"
0,0,"ENSG00000109065.12"
0.336462136225661,0.0653649793720354,"ENSG00000109066.13"
0.168307268125309,0,"ENSG00000161509.14"
0.204832224322359,0,"ENSG00000161513.12"
0.273312879152529,0.136451762432762,"ENSG00000167861.16"
0.0704650293830992,0.0265070141294495,"ENSG00000109089.7"
0.134765677944788,2.85293744211083e-12,"ENSG00000167862.10"
0,0,"ENSG00000180901.11"
0.421353200679936,4.91856633431162e-13,"ENSG00000167863.12"
0,0,"ENSG00000170190.16"
0,0,"ENSG00000125449.7"
0.479993588856676,0.0342602290415476,"ENSG00000125458.7"
0.0801775678665638,5.66976744715009e-13,"ENSG00000189159.16"
0.145096599914158,9.24853115459615e-13,"ENSG00000188612.12"
0,0,"ENSG00000125450.11"
0,0.085801199548291,"ENSG00000125447.17"
0.0853499495028959,4.6460122750643e-20,"ENSG00000125445.11"
0.0571811629618241,0,"ENSG00000125457.14"
0.13595261053818,1.78966630954446e-11,"ENSG00000263843.1"
5.38796865961456e-19,0.341708569417202,"ENSG00000125454.12"
0.90773452960102,0.0663861182260063,"ENSG00000177885.15"
0.231645308392777,1.06586172167158e-12,"ENSG00000264853.1"
0,0,"ENSG00000177728.17"
0,0,"ENSG00000177303.10"
0.276629924551514,4.70202502584278e-13,"ENSG00000182173.13"
0.468160772117585,0.404285594295449,"ENSG00000073350.13"
0.593054389326052,1.14172313994478e-11,"ENSG00000266714.9"
0,0,"ENSG00000108469.15"
0,0.0183071483638957,"ENSG00000204323.5"
0.0778703393044527,1.44887325184506e-18,"ENSG00000161526.15"
0,0,"ENSG00000264829.1"
0.461405205211902,0.0825341296869417,"ENSG00000264270.1"
0.420414266659113,0.00789639304736977,"ENSG00000132470.14"
0,0.32256384578394,"ENSG00000108479.12"
0.186809180227997,0,"ENSG00000132475.10"
0,0,"ENSG00000132478.10"
0.751166967719098,0.0729348925555279,"ENSG00000092929.11"
0,0,"ENSG00000132471.12"
0.00572297844375265,0,"ENSG00000132481.7"
0.0885851312522844,0,"ENSG00000267801.1"
0.183118978811281,3.15901310805529e-12,"ENSG00000141569.12"
0,0,"ENSG00000204316.12"
0,0,"ENSG00000188878.19"
0,0,"ENSG00000161533.12"
0,0,"ENSG00000261408.7"
1.88269607054673e-14,0.037999198459781,"ENSG00000167880.7"
0.306036269939529,0.0641152723965029,"ENSG00000167881.15"
0,0,"ENSG00000186919.13"
0,0,"ENSG00000182473.22"
0,0.305138233494928,"ENSG00000279382.1"
0,0,"ENSG00000129654.8"
1.01201436458652e-13,0.0403928889495881,"ENSG00000141576.16"
0,0,"ENSG00000228218.1"
0.176195854915401,3.40118709333136e-19,"ENSG00000185262.9"
0,0,"ENSG00000129646.14"
0.182376680287873,7.80309728279355e-19,"ENSG00000161542.17"
0.0147276822225503,3.90002980616871e-10,"ENSG00000176170.13"
0.150280129065019,5.03488076230048e-09,"ENSG00000175931.13"
9.86742353290984e-17,0.184117173637767,"ENSG00000242931.1"
0.19482334049339,0.231930088046589,"ENSG00000129667.12"
0,0.142906153111855,"ENSG00000161544.10"
0.348694986864829,2.78660392476103e-13,"ENSG00000214140.11"
0.00726917458628481,6.37510909440115e-12,"ENSG00000267546.2"
0,0,"ENSG00000163597.15"
0,0.236820688547892,"ENSG00000070731.11"
0.197134205607541,0,"ENSG00000182534.13"
0.641789494402192,3.48585851382385e-13,"ENSG00000277382.1"
0,0,"ENSG00000070495.14"
0,0,"ENSG00000181038.13"
0.0073244573490261,1.47032490853487e-21,"ENSG00000161547.16"
0,0,"ENSG00000092931.11"
0,0,"ENSG00000167889.12"
0.368137946431429,1.40157864575677e-09,"ENSG00000234912.12"
0,0,"ENSG00000129657.16"
0.0879733993720791,8.07820381354008e-12,"ENSG00000184640.18"
0,0,"ENSG00000266998.1"
0,0,"ENSG00000287257.1"
0.203526665259915,0,"ENSG00000279801.1"
0.240394044801757,0.0430246665276964,"ENSG00000267016.1"
0.0929043466346745,3.90759175001834e-11,"ENSG00000078687.17"
0,0,"ENSG00000204282.4"
0,0.108237550388737,"ENSG00000141524.15"
0.164067255197394,0,"ENSG00000108639.7"
0.515776480143737,3.36945602508624e-10,"ENSG00000167900.12"
0,0,"ENSG00000183077.15"
0.482480227396175,9.68603743524941e-11,"ENSG00000089685.15"
0,0,"ENSG00000204277.1"
2.06768949812096e-09,0.0573259413779789,"ENSG00000267737.1"
0.302187178987461,0,"ENSG00000184557.4"
0,0,"ENSG00000266970.1"
0,0.0859722006426911,"ENSG00000087157.19"
0.125104751819062,0.028580712027342,"ENSG00000187775.16"
0,0,"ENSG00000267123.7"
0.379187193495957,0.0836661385343646,"ENSG00000108669.16"
0.0624815117847592,0,"ENSG00000279570.1"
0,0,"ENSG00000055483.19"
0.376674225348145,0.17941038293748,"ENSG00000035862.12"
0.680197311942679,0.164951971595034,"ENSG00000178404.10"
0.331708294168629,0,"ENSG00000279339.1"
0.122570078337089,0,"ENSG00000267491.1"
0,0,"ENSG00000108679.13"
0.146295095041921,4.41109762556542e-22,"ENSG00000171302.17"
0.551948159290061,0.116780375007005,"ENSG00000265096.2"
0.317977981667216,6.95269430534877e-14,"ENSG00000173918.15"
0.400586459552801,0.0619301928552053,"ENSG00000167280.16"
0.182832905210878,6.03245468878043e-13,"ENSG00000167281.19"
0.318166494477772,3.15513971548345e-17,"ENSG00000173894.11"
0,0.0292622755178863,"ENSG00000141570.11"
0,0,"ENSG00000262772.2"
0,0,"ENSG00000141582.15"
0.0286449676045604,2.2784106155901e-10,"ENSG00000167291.16"
1.84623289151396e-12,0.0326169116810477,"ENSG00000262172.1"
0.678626679335472,0,"ENSG00000141519.15"
0,0,"ENSG00000171298.13"
0.0108362068804583,0,"ENSG00000141543.12"
0.231864676973953,7.34746035493218e-13,"ENSG00000141527.18"
0.15349265074985,0,"ENSG00000262580.5"
0.384711021232494,5.36222308438691e-13,"ENSG00000181523.13"
0.221244194657694,0,"ENSG00000181045.15"
0,0,"ENSG00000173821.19"
0.192764572417834,2.81661677741815e-19,"ENSG00000280248.1"
0.188348043395421,0.0405501564466252,"ENSG00000263069.6"
0.244055340674549,2.0394261790668e-14,"ENSG00000173818.17"
0,0,"ENSG00000260369.2"
0.0361002077793248,1.0112845266093e-13,"ENSG00000171246.6"
0,0,"ENSG00000141564.15"
0.740336093285848,5.57467245070368e-21,"ENSG00000262833.1"
0,0,"ENSG00000287403.1"
0.111537236083808,1.02220713703416e-12,"ENSG00000261924.1"
0.0178937444038298,7.47691378814386e-24,"ENSG00000176108.9"
0.302008787609842,1.55389441775962e-10,"ENSG00000280351.2"
0.312145871966147,6.31310196308444e-14,"ENSG00000226137.5"
0.595693894666058,0.0537764996852646,"ENSG00000175866.15"
0.40451003269877,1.4153232650497e-11,"ENSG00000181409.14"
0,0,"ENSG00000141577.14"
0,0,"ENSG00000167302.10"
0,0.0977072096897425,"ENSG00000260005.6"
0,0,"ENSG00000224877.4"
0.633857608021313,9.21237894581753e-13,"ENSG00000157637.13"
0,0,"ENSG00000279187.1"
0,0.0171256374500825,"ENSG00000185168.5"
0.706935690115705,0,"ENSG00000287431.1"
0,0,"ENSG00000262877.5"
0,0,"ENSG00000266074.8"
0.553365099157327,0,"ENSG00000279692.1"
0,0,"ENSG00000184009.12"
0.833946701148188,0.00867993337757495,"ENSG00000229848.1"
0,0,"ENSG00000186765.11"
0,0,"ENSG00000185504.17"
0,0,"ENSG00000182446.14"
0,0.29192413977369,"ENSG00000207021.1"
0.427305546056217,4.24441970405965e-16,"ENSG00000182612.10"
0.125504855052436,4.46023662089851e-10,"ENSG00000185527.12"
2.10068166695249e-13,0.0972668511851852,"ENSG00000204237.5"
0.111358491231521,2.23762064216936e-20,"ENSG00000185298.13"
0.480937484310187,0.0063541182257341,"ENSG00000214087.8"
0.160074889265854,1.18874540655629e-09,"ENSG00000185359.13"
1.36226857351199e-15,1.55826453270261e-21,"ENSG00000262049.1"
0.136143429921019,3.82473452290578e-13,"ENSG00000262814.8"
0.200150001835015,0.29535675214161,"ENSG00000183048.12"
0.504813104749666,2.60202146915657e-12,"ENSG00000225663.8"
0,0,"ENSG00000185624.15"
0.359828940722547,0,"ENSG00000141522.12"
0,0,"ENSG00000263731.1"
0.360132378505501,1.54783885922606e-15,"ENSG00000183684.8"
0.425144831822602,0.144979994895454,"ENSG00000141552.17"
0.225779560347517,0.086068617198655,"ENSG00000185813.10"
0.317572443684334,2.49840359248478e-13,"ENSG00000187531.14"
0,0,"ENSG00000197063.11"
0,0.102799035044521,"ENSG00000265688.2"
0,0,"ENSG00000183010.17"
0.215999298448769,0.00576183042578133,"ENSG00000185269.12"
0.552197177262991,0.162297833129456,"ENSG00000169696.16"
0.412086480953876,3.95849846900887e-12,"ENSG00000169689.15"
0,0,"ENSG00000169683.8"
0,0,"ENSG00000169750.9"
0.398924055486494,1.81254780881171e-11,"ENSG00000169738.8"
0,0,"ENSG00000169733.12"
0,0,"ENSG00000169727.12"
0.132634138769518,3.54125419106254e-20,"ENSG00000169718.18"
0.346192277992585,0.132438165987006,"ENSG00000169710.9"
0.51781085633516,0.150885073922413,"ENSG00000176155.19"
0.422121973743838,0.278138973211985,"ENSG00000141526.16"
0,0.147903106246974,"ENSG00000141551.14"
0.556516414645818,0.0539925461369387,"ENSG00000275888.1"
0,0,"ENSG00000280407.2"
0,0,"ENSG00000260563.3"
0.369144318978812,0.0978559883618458,"ENSG00000173762.8"
0.228526196454956,0.116866084457664,"ENSG00000141574.8"
0.129616424325188,5.02552264059251e-12,"ENSG00000181396.13"
0.0738144600371828,0,"ENSG00000169660.16"
0.481917571379678,0,"ENSG00000279066.1"
0.241552630475188,9.85435597131689e-09,"ENSG00000178927.18"
0,0,"ENSG00000265458.2"
0,0,"ENSG00000141562.18"
0,0,"ENSG00000279744.1"
0,0,"ENSG00000266236.1"
0.272330153609405,0.0248061422675348,"ENSG00000141568.21"
0,0,"ENSG00000262652.1"
0.072867335237904,1.23599284099445e-11,"ENSG00000141580.16"
0.648070532960041,0,"ENSG00000141542.11"
0.0479476949510947,8.12570384276044e-12,"ENSG00000141560.15"
0.428688662677413,0.131419029833173,"ENSG00000167363.14"
0.119997426513531,4.03892256528341e-14,"ENSG00000141556.21"
0.159607045168664,1.00350594393977e-20,"ENSG00000141579.7"
0.219113157024437,2.15868704197629e-10,"ENSG00000262663.1"
0,0,"ENSG00000175711.8"
0.113233835409369,0.20710499284122,"ENSG00000176845.13"
0.408312819552831,0.0469707503653632,"ENSG00000274370.1"
0,0.0125832763524715,"ENSG00000261888.1"
0,0,"ENSG00000101557.15"
0,0,"ENSG00000079134.12"
0.181020668832123,4.22965051226059e-12,"ENSG00000263884.1"
0.538217886074987,0.0241413471505223,"ENSG00000158270.12"
0.0710031139188123,2.00154893016977e-10,"ENSG00000176912.4"
0.517391326767106,0,"ENSG00000176890.16"
0.274637897812973,0.0689044300016589,"ENSG00000132199.20"
0,0,"ENSG00000176105.14"
0,0,"ENSG00000101574.15"
0.0366736837892777,6.93093231342605e-15,"ENSG00000080986.13"
0.041605016414821,8.6939392321454e-23,"ENSG00000266405.3"
5.28534909380417e-12,0.00126194661174025,"ENSG00000101596.15"
0.0505099151953904,0,"ENSG00000132205.11"
0.0110867884066628,5.66114030732077e-10,"ENSG00000101577.9"
0.265337943989575,0.0038426691346229,"ENSG00000272625.1"
0,0.16429961700386,"ENSG00000263606.1"
0,0,"ENSG00000265907.2"
0.287008115475993,0,"ENSG00000101605.12"
0.154197814271196,0,"ENSG00000265399.1"
0.0707197259866767,9.01397164951592e-12,"ENSG00000101608.12"
0.324225125144383,0.161591884993182,"ENSG00000264235.6"
0.0558969764417596,3.17884745987607e-11,"ENSG00000118680.13"
0,0,"ENSG00000177426.20"
0.318987931665777,0,"ENSG00000177337.8"
0.305351392137063,0,"ENSG00000262001.1"
0.434497264958068,4.44359698676941e-10,"ENSG00000263753.8"
0,0,"ENSG00000198081.11"
0,0,"ENSG00000082397.17"
0.241490146851463,0.0173662297316265,"ENSG00000154655.15"
0,0.156325440641225,"ENSG00000088756.12"
0,0.255402866994517,"ENSG00000287834.1"
0,0,"ENSG00000263797.1"
0,0,"ENSG00000101680.15"
1.19511857861881e-16,0.423736074971722,"ENSG00000173482.16"
0.326307646787439,0.00620729361814803,"ENSG00000266767.1"
0.00231449674599427,1.84753139280378e-11,"ENSG00000264596.1"
9.55961025434984e-12,0.229130410477433,"ENSG00000286627.1"
0.12223971737049,0.0153025105785038,"ENSG00000286649.1"
0.272539647730012,0.0291858206162101,"ENSG00000265413.1"
0,0,"ENSG00000206418.4"
0.490015320269148,2.36003153631633e-11,"ENSG00000168502.17"
0.107194880628353,0,"ENSG00000178127.13"
0,0,"ENSG00000266053.2"
0,0,"ENSG00000101745.17"
0,0,"ENSG00000273284.1"
0.112361143987127,0.0303629311335793,"ENSG00000128791.12"
0.0715377288306131,6.13513051955049e-10,"ENSG00000017797.13"
0,0,"ENSG00000266805.1"
0,0,"ENSG00000154845.15"
5.37403188634728e-21,0.010646273427435,"ENSG00000168461.13"
0,0,"ENSG00000266127.1"
0,0,"ENSG00000285653.1"
0,0,"ENSG00000101558.13"
0.249642270639587,0.0351812727754789,"ENSG00000154856.13"
0.0911003173888168,0,"ENSG00000134265.13"
2.02836363387613e-10,0.0792390437531593,"ENSG00000154864.12"
0.51648779522919,0.180664235870573,"ENSG00000141404.16"
0,0,"ENSG00000255112.3"
0,0,"ENSG00000154889.17"
0.124277565803403,1.02560436604625e-15,"ENSG00000273141.1"
0.0673619177295693,0,"ENSG00000141401.12"
0.694867312914639,0,"ENSG00000256616.3"
0.163867872840095,0.203740496582669,"ENSG00000176194.18"
0,0,"ENSG00000280302.1"
0.411148013788072,1.39921893212759e-09,"ENSG00000176014.13"
0.261678122325945,0.0816223729353776,"ENSG00000141385.9"
0,0,"ENSG00000141391.14"
0.611811514904624,0.0153775724389689,"ENSG00000267199.1"
0,0,"ENSG00000134278.15"
0.00118500420819575,2.28593251626226e-14,"ENSG00000128789.21"
0,0,"ENSG00000101624.11"
0.247323083414511,0.142690235704906,"ENSG00000175354.20"
0.0772809642695059,0.0575905173636271,"ENSG00000085415.16"
0.0170679862067822,0,"ENSG00000101639.18"
0.152287047969975,0,"ENSG00000168675.18"
0,0,"ENSG00000279020.1"
0,0,"ENSG00000267690.1"
0.0891163660699211,7.63465024903608e-12,"ENSG00000267694.1"
0.241587885432341,2.32847409629837e-12,"ENSG00000267529.3"
0,0,"ENSG00000267702.1"
0.0533257611719058,0.0923179329271054,"ENSG00000267366.1"
0,0,"ENSG00000267136.1"
0,0,"ENSG00000267503.1"
0.0956932230061991,1.04995959396329e-15,"ENSG00000177150.13"
0,0,"ENSG00000101654.17"
0.0756271424646175,0,"ENSG00000175322.11"
0,0,"ENSG00000186481.16"
0,0.110042251704328,"ENSG00000180777.14"
0.251369175969279,0.0649360972320415,"ENSG00000067900.8"
8.02610094176109e-20,0.142736402223564,"ENSG00000141449.14"
0,0,"ENSG00000141446.11"
0,0.101516638465663,"ENSG00000167088.11"
0,0,"ENSG00000158201.10"
0,0.229418652478683,"ENSG00000265656.1"
0,0,"ENSG00000101752.11"
0,0,"ENSG00000265142.9"
0,0.429884663040338,"ENSG00000141448.10"
0.0949760312350906,2.16341996319686e-14,"ENSG00000101773.19"
5.592345399857e-11,0.295129162194842,"ENSG00000134508.12"
0.212243824443714,2.12722313945871e-19,"ENSG00000134490.14"
0,0,"ENSG00000101782.15"
5.67850837643291e-19,0.249763295792478,"ENSG00000141452.10"
0,0,"ENSG00000141458.13"
0.499643092288586,0.0860643869393972,"ENSG00000154065.17"
5.97994784565492e-12,0.0174737263033771,"ENSG00000053747.16"
4.29834384667663e-09,0.0457605629557658,"ENSG00000168234.13"
3.6941457385104e-18,0.0620785864294996,"ENSG00000264745.1"
0,0.0384922403653784,"ENSG00000264924.1"
0,0,"ENSG00000154040.20"
1.47939480254522e-10,0.0636982281963444,"ENSG00000141447.18"
0,0,"ENSG00000154059.11"
8.04216015797977e-23,0.00772391172573095,"ENSG00000198795.11"
0,0,"ENSG00000285595.1"
0,0.132450198197652,"ENSG00000279439.1"
0,0,"ENSG00000141380.14"
0.113778798183512,1.30011038451931e-21,"ENSG00000141384.12"
0.0990821634880906,0.193745793966727,"ENSG00000134504.14"
3.46069919562495e-16,0.0675313480741466,"ENSG00000277534.1"
0,0.0420050778708066,"ENSG00000170558.9"
0,0,"ENSG00000134755.17"
0.288717130250157,1.12813366948743e-20,"ENSG00000046604.13"
0,0,"ENSG00000118276.11"
0,0,"ENSG00000153339.14"
0.107163202549614,1.73351516536014e-12,"ENSG00000263924.1"
0.317897011118136,0.233004897671837,"ENSG00000101695.9"
2.94706502779378e-16,9.8319382839968e-22,"ENSG00000134758.14"
0.424454055793115,0.154305904597172,"ENSG00000141441.16"
0.553055790928083,0.0655669641887814,"ENSG00000215492.6"
0,0,"ENSG00000141431.12"
0,0,"ENSG00000134769.21"
0,0,"ENSG00000278464.2"
0,0,"ENSG00000166974.13"
0.249894979254017,1.86057339406138e-11,"ENSG00000186812.13"
0,0,"ENSG00000186814.14"
0.33401965914528,2.18067131487166e-20,"ENSG00000279989.1"
0.0331145304738912,0.278639555660561,"ENSG00000274184.1"
0,0.13588228592018,"ENSG00000268573.1"
0.0604683543492404,0.011875771593042,"ENSG00000257267.3"
0,0,"ENSG00000172466.16"
0,0,"ENSG00000186496.12"
0.228580767867438,0.033665525328417,"ENSG00000153391.15"
0,0,"ENSG00000141429.13"
0,0,"ENSG00000266965.1"
0,0,"ENSG00000267397.1"
0.0388983051672805,4.71370453671287e-13,"ENSG00000141428.17"
0.699888835544653,1.40368140882967e-11,"ENSG00000141425.18"
0,0,"ENSG00000141424.13"
0,0,"ENSG00000134759.14"
0,0,"ENSG00000075643.6"
0,0,"ENSG00000134775.15"
0,0,"ENSG00000134779.15"
0.152193336782153,0,"ENSG00000150477.15"
0.297917921491376,2.95818389863971e-19,"ENSG00000267374.2"
0,0,"ENSG00000078142.13"
0.216412881467064,0.150421363151896,"ENSG00000267586.7"
0,0,"ENSG00000267414.1"
0,0,"ENSG00000152217.19"
0,0,"ENSG00000280365.1"
0,0,"ENSG00000279319.1"
0,0,"ENSG00000132874.14"
0,0,"ENSG00000141469.18"
0,0,"ENSG00000197046.12"
0,0.000667031768320226,"ENSG00000152223.15"
0,0,"ENSG00000152229.18"
0.271195459470199,5.47344116966769e-14,"ENSG00000152234.16"
0.0441979204817798,0,"ENSG00000152240.13"
0,0,"ENSG00000152242.11"
0.0262296098301277,3.48000645647258e-12,"ENSG00000141622.14"
0,0,"ENSG00000270112.4"
0.411500227491504,6.62683173104248e-10,"ENSG00000274776.1"
0.002309671969881,1.28170418649702e-13,"ENSG00000078043.16"
0,0,"ENSG00000167216.17"
0.194247402181057,3.96105648511904e-09,"ENSG00000278674.2"
0.438292750789426,0.0130332847051891,"ENSG00000274744.2"
0,0,"ENSG00000206181.5"
0,0.00602563860235691,"ENSG00000267724.1"
0.271097593664711,4.17274897112316e-21,"ENSG00000167220.12"
0.0777271528105021,0,"ENSG00000134049.6"
0,0,"ENSG00000215474.7"
0.424336967650075,0.134831807308973,"ENSG00000175387.16"
0,0,"ENSG00000279707.1"
0.119757397401749,0,"ENSG00000184828.10"
0.0438660162179288,0.138083049871754,"ENSG00000286583.1"
0,0,"ENSG00000134030.14"
0,0.240852367778831,"ENSG00000278983.1"
0,0.0961282775435192,"ENSG00000279629.1"
0.154989021076244,0.143984355944314,"ENSG00000267762.1"
0,0,"ENSG00000279250.1"
0,0,"ENSG00000267764.1"
0.0652627701429191,0.31266697991778,"ENSG00000101665.9"
0,0,"ENSG00000141627.13"
0,0,"ENSG00000177576.11"
0.253325489966708,0.290495445706688,"ENSG00000265681.7"
0.11622822749847,0,"ENSG00000101670.12"
0.029995401649121,2.77820938579434e-11,"ENSG00000167315.18"
0.0383668175162954,6.23703677349025e-23,"ENSG00000267322.2"
0,0.0773997081775715,"ENSG00000167306.20"
0,0,"ENSG00000172361.6"
0,0,"ENSG00000141644.17"
0.0651589095341879,2.77766567011183e-19,"ENSG00000154832.14"
0.301362483667591,0.0420402974083278,"ENSG00000154839.10"
0,0,"ENSG00000141639.12"
0.553402592241927,3.85168093661511e-12,"ENSG00000134042.13"
0,0,"ENSG00000082212.13"
0,0,"ENSG00000141642.9"
0.0322239988787325,3.00571354341507e-10,"ENSG00000141646.13"
0,0,"ENSG00000176624.11"
0,0,"ENSG00000134046.12"
0.597513455806269,0.0356927361687464,"ENSG00000207233.1"
0,0,"ENSG00000101751.10"
0,0,"ENSG00000166845.15"
0,0,"ENSG00000041353.10"
0,0,"ENSG00000166510.14"
0.0186547838958731,9.75186356532128e-14,"ENSG00000196628.18"
0,0,"ENSG00000267028.1"
0.0946983217008852,3.18214042078527e-11,"ENSG00000091164.13"
0,0,"ENSG00000091157.13"
0,0,"ENSG00000066926.11"
0,0,"ENSG00000134440.12"
4.7926972441345e-11,0.206169282305231,"ENSG00000267040.6"
0,0,"ENSG00000267787.7"
0.0776144142512475,7.75385768950012e-09,"ENSG00000081923.14"
0.724377013936027,9.08555725104324e-13,"ENSG00000049759.18"
0,0,"ENSG00000198796.7"
0,0.0190781347189868,"ENSG00000172175.15"
0.11683925455178,0,"ENSG00000266946.1"
0.348676240591548,2.80872884924207e-12,"ENSG00000074657.13"
0.136779348497137,4.74983288449599e-13,"ENSG00000166562.9"
0,0,"ENSG00000074695.6"
0,0,"ENSG00000183287.14"
0.249629536206197,4.80587026117836e-11,"ENSG00000141682.11"
6.20122707198809e-09,0.0881219685373665,"ENSG00000176641.11"
0,0,"ENSG00000197563.11"
0,0,"ENSG00000134444.14"
0,0,"ENSG00000266900.1"
7.87228528505329e-17,0,"ENSG00000141655.17"
0,0,"ENSG00000141664.10"
0,0.102164079731058,"ENSG00000279236.1"
2.2016714000115e-13,0.0611620212072389,"ENSG00000081913.14"
0.0716735144837277,7.56509622968749e-13,"ENSG00000171791.13"
0,0,"ENSG00000119537.18"
0,0,"ENSG00000267390.1"
0,0,"ENSG00000119541.10"
0,0,"ENSG00000267430.1"
0.0571889679740899,0,"ENSG00000166396.13"
0.317591024407634,9.28691711498446e-15,"ENSG00000197632.9"
0,0,"ENSG00000242550.6"
0.284728417533209,0,"ENSG00000166401.15"
0,0.01986238189806,"ENSG00000260578.1"
0,0,"ENSG00000171451.14"
0,0,"ENSG00000166479.10"
0.369743115372132,1.72800060430112e-09,"ENSG00000150636.17"
0,0,"ENSG00000264705.1"
0,0,"ENSG00000206052.11"
0,0,"ENSG00000150637.9"
0.113211246777738,2.90757879773765e-13,"ENSG00000176225.14"
0,0,"ENSG00000170677.6"
0.045807620907617,1.44220465293711e-15,"ENSG00000075336.12"
0,0.458957773993575,"ENSG00000166347.19"
0.246965279651543,2.33044354134793e-11,"ENSG00000235297.3"
0,0,"ENSG00000187773.8"
0.14737868843629,1.83515970400184e-19,"ENSG00000133313.15"
0.544274505239539,0.171891369836628,"ENSG00000264247.2"
0,0,"ENSG00000215421.9"
8.87121449901288e-13,0.0198794669118069,"ENSG00000180011.7"
0,0,"ENSG00000179981.10"
0,0,"ENSG00000287281.1"
9.69888329747008e-11,0.0976600290081869,"ENSG00000101493.11"
0,0,"ENSG00000280205.1"
0,0.0155621583399054,"ENSG00000265778.3"
0,0,"ENSG00000264278.1"
0,0,"ENSG00000130856.16"
0,0,"ENSG00000265261.1"
1.82514754955116e-10,0.0437147537416747,"ENSG00000197971.15"
1.03658567990391e-11,0.0287471391473901,"ENSG00000287680.1"
0.116695139993801,0.19481513652728,"ENSG00000279433.1"
0.0247816020052736,2.85701758829547e-11,"ENSG00000278330.1"
0,0,"ENSG00000166377.20"
0.426525927044926,0.064149848839882,"ENSG00000279416.1"
0,0.0984755320102112,"ENSG00000267655.1"
0,0,"ENSG00000279474.1"
0.0782969362862319,9.60309456668807e-11,"ENSG00000286245.1"
0,0,"ENSG00000279077.1"
0,0,"ENSG00000131196.17"
0,0,"ENSG00000279637.1"
0.115389065207815,9.92038972070126e-13,"ENSG00000286186.1"
0,0,"ENSG00000275186.1"
9.07391970799693e-19,0.00844128435086144,"ENSG00000279981.1"
0,0.147070120773942,"ENSG00000274828.1"
1.80541632028807e-19,0.0210397737465946,"ENSG00000060069.16"
7.95216337126404e-11,0.164930015962606,"ENSG00000178342.4"
0,0,"ENSG00000278075.1"
0.58076564094024,0.152311574820676,"ENSG00000122490.19"
2.2071240007255e-13,0.0219215925888587,"ENSG00000226742.4"
0.314641555159484,1.25766344235145e-14,"ENSG00000141759.15"
3.47158820451556e-12,0.0466640656953853,"ENSG00000267127.7"
0,0,"ENSG00000101546.13"
0.339062638257551,0.0126622506143872,"ENSG00000261126.7"
0.0536931138952534,1.05319272721928e-12,"ENSG00000101544.9"
0,0.0633235283262037,"ENSG00000267270.6"
0,0,"ENSG00000178184.16"
0,0,"ENSG00000282508.2"
0,0.278694146431005,"ENSG00000141934.10"
0.0969065295849038,0.338185731352969,"ENSG00000105556.11"
0.519912056291775,0,"ENSG00000129946.10"
0,0,"ENSG00000181781.9"
0,0,"ENSG00000099866.15"
0,0,"ENSG00000141933.9"
0.0889944771500085,0.0633318623590674,"ENSG00000099804.9"
9.75033106131512e-15,0.277917489358573,"ENSG00000197540.8"
0.0769168667474271,1.48089776810004e-21,"ENSG00000267751.5"
1.49225757525841e-12,0.0195751380812015,"ENSG00000172270.19"
0,0,"ENSG00000099822.3"
0,0,"ENSG00000099821.14"
0.000416253292806265,0,"ENSG00000070388.11"
0,0,"ENSG00000070423.18"
0.069137586182804,5.68332398945008e-12,"ENSG00000267666.2"
0.00285360810605723,0,"ENSG00000070404.10"
0.113769885305509,0.0240550869082956,"ENSG00000185198.11"
0,0.12989236317385,"ENSG00000099864.18"
0.055341134398271,6.26376784053771e-10,"ENSG00000267530.3"
0,0,"ENSG00000011304.20"
3.19151892415622e-21,0.00591292903335011,"ENSG00000129951.18"
0.0151111589968051,0.20626199329954,"ENSG00000172232.10"
0,0,"ENSG00000196415.10"
0.091615248552106,0,"ENSG00000197561.7"
2.14806936243196e-13,0.212587211219667,"ENSG00000197766.8"
0.0283227460721859,2.88092849689636e-12,"ENSG00000175221.15"
0.096442823575429,2.18989690005809e-20,"ENSG00000198858.10"
0.0893228642109789,6.41535280604146e-12,"ENSG00000116017.11"
0.324326111457694,1.89712540146657e-21,"ENSG00000065268.10"
0,0.375431132064659,"ENSG00000116032.5"
0,0,"ENSG00000182087.14"
0.768013355689538,0,"ENSG00000207357.1"
0,0,"ENSG00000064666.15"
0,0,"ENSG00000064687.12"
0.152422891123849,2.33695105861659e-21,"ENSG00000180448.10"
0.211877840989219,3.56854663936178e-23,"ENSG00000099817.12"
0.0055027170110047,0,"ENSG00000167468.17"
0.422758973747594,4.14116067729699e-13,"ENSG00000064932.16"
0,0,"ENSG00000118046.15"
0.0712959650395516,1.5441866189167e-12,"ENSG00000099625.13"
0.714753977575135,0.108903999368165,"ENSG00000099624.8"
0,0,"ENSG00000167470.12"
0.665106411902163,3.11048495565431e-22,"ENSG00000099622.14"
0,0,"ENSG00000267493.4"
0.109246092603613,1.02456093442808e-11,"ENSG00000228300.14"
0,0,"ENSG00000099617.4"
0,0,"ENSG00000160953.16"
0,0.311795101214862,"ENSG00000115286.20"
0.228123766399413,4.53386047534858e-17,"ENSG00000130005.13"
0.0194596939931512,1.07146934945022e-09,"ENSG00000071626.16"
0.361344055829535,0,"ENSG00000115268.9"
0.186460443322229,0,"ENSG00000115266.11"
0,0,"ENSG00000267317.2"
1.07633668953937e-12,0.00717614607762624,"ENSG00000119559.16"
0,0,"ENSG00000115257.15"
0.124593692029294,0.228894191333331,"ENSG00000115255.11"
0,0.0020597604922928,"ENSG00000185761.11"
0,0,"ENSG00000181588.16"
0.569825947033098,0.150810923880929,"ENSG00000071655.18"
0.233132663550845,0.150920928582876,"ENSG00000127540.12"
0.119861795541684,2.91363513695671e-18,"ENSG00000071564.16"
0.381891000264071,5.75518724283601e-11,"ENSG00000130270.16"
0.189824995920993,7.31198816672193e-20,"ENSG00000079313.15"
0.0732948729071044,0.1643643648285,"ENSG00000267244.5"
0.329635240107116,1.32810647617487e-19,"ENSG00000129911.9"
0.304160661108403,0.169290729087792,"ENSG00000267141.1"
0,0,"ENSG00000129968.15"
9.87439764891833e-15,0.21105330419643,"ENSG00000227500.10"
0,0,"ENSG00000213638.6"
0.274898523471605,0.0921851507582231,"ENSG00000133275.16"
0,0.119813489480013,"ENSG00000180846.8"
0.272698134045428,5.3340744527946e-10,"ENSG00000133243.10"
0,0,"ENSG00000275468.1"
0.137498980282493,0.109665601761949,"ENSG00000099875.14"
0.504958593137707,0.123309656984546,"ENSG00000172081.14"
0.183551226403351,0.0904103519392476,"ENSG00000099840.13"
0.0343218197196777,1.42619134973808e-15,"ENSG00000065000.18"
0.248895965647507,7.15162613694242e-15,"ENSG00000104885.18"
3.66333295079081e-19,0.0838880293591546,"ENSG00000267122.1"
0.581927096227702,4.96516825807513e-09,"ENSG00000104886.11"
1.22163341118153e-19,8.47021777771679e-16,"ENSG00000104897.10"
0.53379425085765,8.37527889120303e-12,"ENSG00000104899.8"
4.81709724822203e-23,0.0080190081262966,"ENSG00000167476.10"
0.0291576708119259,3.61659121736599e-22,"ENSG00000104904.12"
0,0,"ENSG00000188305.6"
0,0,"ENSG00000220008.3"
0,0,"ENSG00000288156.1"
0.0829569432439623,0.0937653152225429,"ENSG00000286880.1"
0.389741356371498,0,"ENSG00000130332.15"
0.672150815884273,0.0651823509386248,"ENSG00000005206.17"
0.330722769524964,5.02692740979972e-12,"ENSG00000178297.13"
0.234267239200842,3.80472553066428e-10,"ENSG00000099800.8"
0.117850350970801,2.60301682317315e-14,"ENSG00000176619.13"
0.565461518445226,0.16416264232472,"ENSG00000099860.9"
0,0,"ENSG00000176533.13"
0.410197298678355,0.19988289570225,"ENSG00000267412.1"
0,0,"ENSG00000267749.1"
0,0.157672099480846,"ENSG00000176490.5"
0,0.101730777006982,"ENSG00000141873.11"
0.0921174691841166,2.50368803319056e-09,"ENSG00000104969.10"
0.337938184471312,0,"ENSG00000172009.15"
0.327594632827628,3.99773333285729e-15,"ENSG00000172006.12"
0,0,"ENSG00000186300.12"
0,0,"ENSG00000175691.9"
5.72840689028128e-13,0.223045460740294,"ENSG00000279452.1"
0.159211739685441,0,"ENSG00000065717.15"
0,0,"ENSG00000104964.14"
0,0,"ENSG00000088256.9"
0.295541146699351,0,"ENSG00000060558.4"
0.17893473575132,4.98384949661584e-10,"ENSG00000125912.11"
4.16506273224251e-17,7.42117298711494e-19,"ENSG00000141905.19"
0.731189720107209,0.0514403692738851,"ENSG00000095932.7"
0,0,"ENSG00000129932.9"
0.0352330098978752,0,"ENSG00000105325.14"
0.372389001218545,0.0302389121436859,"ENSG00000161091.13"
0,0,"ENSG00000183397.5"
0.313319805857776,0,"ENSG00000064961.19"
0,0,"ENSG00000179855.8"
0.209636681818875,0.249875149663585,"ENSG00000006638.11"
0,0,"ENSG00000105298.14"
0.145175303203914,0.00426830242480614,"ENSG00000186111.9"
0.135163512691396,2.9862900487844e-11,"ENSG00000011132.12"
0.10245517858293,9.64667818127183e-13,"ENSG00000267138.1"
0.609762387323983,3.40267445702554e-19,"ENSG00000183617.5"
0.29906643506658,0.00195354864710995,"ENSG00000007264.15"
0,0,"ENSG00000077009.13"
0.0330441363792931,1.1674533889283e-09,"ENSG00000167657.14"
0.0905912634049627,2.28084024486149e-18,"ENSG00000167658.16"
0.243709310043783,4.59439164399679e-14,"ENSG00000105229.7"
0,0,"ENSG00000178951.9"
1.06158520404463e-19,0.169448226598169,"ENSG00000268670.1"
0.200843110918397,0.134931952233748,"ENSG00000126934.13"
0,0,"ENSG00000077463.15"
0.337253866356133,0.0234097614061786,"ENSG00000089847.12"
0.271078288995855,2.29064953171255e-16,"ENSG00000105246.6"
0.359439810164975,0,"ENSG00000105248.16"
0,0,"ENSG00000178078.11"
0.399548459620084,0.11423859724359,"ENSG00000008382.15"
0.414608402598593,1.0639410192849e-12,"ENSG00000269318.1"
0.543291367469999,0.000960066112891658,"ENSG00000141985.9"
0,0,"ENSG00000167670.16"
0,0,"ENSG00000167671.12"
0.059415926845765,3.45859654645277e-14,"ENSG00000280239.1"
0.759171540376727,0.113904372720509,"ENSG00000267769.1"
0,0,"ENSG00000167674.15"
0.213484198151681,0.24890566923816,"ENSG00000167676.4"
1.48063474075658e-15,0.00275751459752635,"ENSG00000214456.8"
0,0,"ENSG00000267385.1"
0.357354403741283,1.87534085207626e-15,"ENSG00000171236.10"
0,0,"ENSG00000167680.16"
0.299435048305453,2.02348165829333e-19,"ENSG00000185361.9"
0.136534140433837,0.108833814844318,"ENSG00000074842.7"
0.132693524980421,0,"ENSG00000142002.17"
0,0,"ENSG00000141965.5"
0.182525418901137,3.01998730112228e-12,"ENSG00000127666.9"
0,0,"ENSG00000105355.9"
0.0835966784222873,3.15273110552681e-21,"ENSG00000276043.5"
0.176854221224427,0.245760095020168,"ENSG00000127663.15"
0,0,"ENSG00000105426.16"
0,0.310416412872543,"ENSG00000223573.7"
0.213566661366279,1.37865448279758e-14,"ENSG00000130254.12"
0,0,"ENSG00000160633.13"
0.143974469955706,5.89369352929687e-14,"ENSG00000130255.13"
0.577172558854984,0.0518653165440839,"ENSG00000174917.8"
0.336798715479264,4.10407782432238e-12,"ENSG00000167733.13"
0.274252366176635,6.16821750683982e-12,"ENSG00000196365.12"
0.437623381688257,4.40922851298839e-13,"ENSG00000141994.16"
0.0141555438496087,7.85701402495118e-12,"ENSG00000174886.13"
0.144554862216155,3.19812121526182e-14,"ENSG00000187650.4"
0,0,"ENSG00000105519.17"
0,0,"ENSG00000031823.14"
0.0517573619245373,0,"ENSG00000087903.13"
0,0,"ENSG00000130382.9"
0,0,"ENSG00000125656.11"
0.224003360276749,0.000148350524239502,"ENSG00000125652.8"
0,0,"ENSG00000125650.4"
0.739385368897713,2.54087009418629e-21,"ENSG00000125651.14"
0.167061872239334,9.901406200717e-11,"ENSG00000088247.17"
0.232859903372076,0.116440220383474,"ENSG00000125648.15"
0,0,"ENSG00000205744.10"
0.35830315927051,3.28836618094687e-16,"ENSG00000125657.5"
0.25597209472054,0,"ENSG00000125735.10"
0.28660180438837,0,"ENSG00000125730.17"
0.131760920999494,7.06883459450319e-21,"ENSG00000276980.1"
0,0,"ENSG00000125734.15"
0,0,"ENSG00000125733.18"
0,0,"ENSG00000269680.1"
0.187160385204801,0,"ENSG00000125731.13"
0,0,"ENSG00000141968.8"
0,0,"ENSG00000174837.15"
0,0,"ENSG00000130544.12"
2.2115976506077e-20,0.0206851815272772,"ENSG00000171105.14"
0,0,"ENSG00000263264.2"
0.0464250792413834,1.29133316968543e-13,"ENSG00000104880.18"
0,0.043950746281164,"ENSG00000104883.8"
0.0484893228293049,2.67648002111997e-21,"ENSG00000198816.7"
0,0,"ENSG00000090674.16"
0.432159001729074,1.16512234183205e-15,"ENSG00000032444.16"
0,0,"ENSG00000076826.9"
0.0254881934320373,0,"ENSG00000076924.12"
0,0,"ENSG00000229833.10"
0,0,"ENSG00000076944.16"
0,0,"ENSG00000183019.7"
0,0,"ENSG00000181029.9"
0,0,"ENSG00000104921.15"
0,0.143524133269571,"ENSG00000090659.18"
0.0870641789544392,2.74890026674927e-12,"ENSG00000142459.8"
0,0,"ENSG00000076984.17"
0,0,"ENSG00000104976.12"
0.108128796648618,5.45603801890218e-11,"ENSG00000178531.6"
0.210268996193418,2.51613481192123e-09,"ENSG00000104980.8"
0,0,"ENSG00000286138.1"
0.280221409776759,2.17002362061801e-11,"ENSG00000066044.15"
0,0.0657498564533162,"ENSG00000090661.12"
0.16771265830894,0.010277532665351,"ENSG00000167775.11"
0,0,"ENSG00000267855.6"
0.0682918184933142,1.00816627376997e-21,"ENSG00000233927.5"
0.496552513358521,0.0895901663301416,"ENSG00000186994.11"
0.115237727365322,2.20468508596301e-12,"ENSG00000167772.12"
0.21706873758464,8.09159525485125e-13,"ENSG00000269386.5"
0.130646143070378,0.0176390971763454,"ENSG00000185236.12"
0,0,"ENSG00000099785.10"
5.37033673806025e-13,0.015706146540364,"ENSG00000279827.1"
0.182626205268014,2.93247568187125e-12,"ENSG00000099783.12"
0.598285691335991,3.64608155242985e-11,"ENSG00000133246.12"
0,0,"ENSG00000133250.14"
0.458533350913245,0.303623376468646,"ENSG00000142347.19"
0,0,"ENSG00000142303.14"
0,0,"ENSG00000167785.9"
0,0,"ENSG00000130803.15"
0.111350886692932,2.65609943214604e-11,"ENSG00000196110.8"
2.90341753702944e-13,0.0534078357795749,"ENSG00000188321.13"
0.187758611493312,0,"ENSG00000174652.19"
0,0,"ENSG00000198028.4"
0.0321283328346355,0,"ENSG00000130818.12"
0,0,"ENSG00000197961.11"
0.405157050304827,8.95963024715874e-12,"ENSG00000171469.11"
0.213172390334126,0.0305977966707027,"ENSG00000267106.7"
3.06152644897196e-21,0.0894019850165489,"ENSG00000171466.10"
0,0,"ENSG00000239830.1"
0,0,"ENSG00000196605.7"
0,0.322012515446823,"ENSG00000267370.1"
1.20524768346948e-14,1.24987429350584e-20,"ENSG00000127452.9"
0.0812700079371605,2.07668784718998e-20,"ENSG00000198258.10"
0.231123520155487,1.23674526601541e-18,"ENSG00000127445.13"
6.10527152379863e-14,0.0266248031746972,"ENSG00000105088.8"
0,0,"ENSG00000080573.7"
0,0,"ENSG00000130813.18"
0,0,"ENSG00000130810.20"
0,0.0560877703148528,"ENSG00000244165.2"
0,0,"ENSG00000130811.12"
0.322022226328191,5.96875855094796e-19,"ENSG00000130816.16"
0,0,"ENSG00000267534.4"
0.0422613101245511,0,"ENSG00000105364.14"
0.260447904893044,3.3525182541215e-09,"ENSG00000090339.9"
0,0,"ENSG00000267607.1"
0.105703244513958,0,"ENSG00000105376.5"
0.0902817523224775,0.429538383769435,"ENSG00000220201.7"
0.318299832153659,9.56938729014891e-16,"ENSG00000161847.14"
0.159734599421814,0.00427469527981355,"ENSG00000076662.10"
0.671126874465015,3.29269477192614e-16,"ENSG00000105397.14"
0.383358351243486,5.14868525477641e-10,"ENSG00000105401.9"
1.08195959066326e-11,0.0482193794270509,"ENSG00000065989.16"
0.0610714456364846,1.76727364514976e-10,"ENSG00000079999.14"
0,0,"ENSG00000180739.14"
0.283656701561949,0,"ENSG00000130734.10"
0,0,"ENSG00000129347.21"
0.168654658485276,0,"ENSG00000129355.7"
0.23459254936541,0.0626442077219862,"ENSG00000129353.15"
0,0,"ENSG00000267100.1"
0.10199099323532,2.56385247745851e-12,"ENSG00000129351.17"
0.471933564869019,0,"ENSG00000213339.9"
0,0,"ENSG00000079805.16"
0.580426287247675,0,"ENSG00000099203.7"
0,0,"ENSG00000214212.9"
0,0,"ENSG00000142453.11"
0,0,"ENSG00000130733.10"
0,0,"ENSG00000142444.7"
0.2994887686931,3.83160789925839e-11,"ENSG00000127616.18"
0,0,"ENSG00000266936.1"
0,0,"ENSG00000130164.13"
0.0429693718416343,0,"ENSG00000161888.11"
0.517098399862062,0.0742474766699993,"ENSG00000197256.10"
0,0,"ENSG00000130158.14"
3.47864439098407e-16,0,"ENSG00000273733.1"
0.346494119951266,5.7556888909224e-12,"ENSG00000130173.13"
0.0190052682672953,0.39346478471309,"ENSG00000105514.8"
0,0,"ENSG00000105518.14"
0.125978843305275,0.0761841808380037,"ENSG00000183401.12"
0,0,"ENSG00000105520.10"
0,0.0502160145028043,"ENSG00000173928.3"
0,0,"ENSG00000187266.14"
0,0,"ENSG00000205517.12"
0.0111187662772914,0,"ENSG00000130175.9"
0.184825732227331,0.208441845875772,"ENSG00000161914.10"
0.383543115650604,5.51066941313924e-13,"ENSG00000130159.14"
6.78199175302098e-20,0.138966824515376,"ENSG00000130176.8"
0.607686131596202,0,"ENSG00000130165.10"
0,0.0410900236924146,"ENSG00000198551.10"
0.032213893289794,1.81157934374565e-14,"ENSG00000102575.13"
0.262478378408517,0.0278034252403829,"ENSG00000197933.13"
8.96769127136063e-15,0.00395223689925557,"ENSG00000197044.11"
0.261500681451987,0,"ENSG00000177599.13"
0.0406614570895463,0,"ENSG00000171295.13"
0.0530573032125905,0,"ENSG00000171291.8"
0,0,"ENSG00000278897.1"
0,0,"ENSG00000198429.10"
0,0,"ENSG00000196757.8"
0.252817728671626,0.142709483649107,"ENSG00000197054.12"
0,0,"ENSG00000219665.8"
0.0400920316999201,1.13982236368035e-09,"ENSG00000197647.11"
0.00590216780475552,0,"ENSG00000223547.10"
0,0,"ENSG00000286132.1"
0.175806626616128,0,"ENSG00000214189.9"
1.16367999397825e-16,0,"ENSG00000237273.1"
0.0965212408234952,0.0225362393094333,"ENSG00000242615.1"
0,0,"ENSG00000196646.12"
0.163797570649599,0,"ENSG00000234773.7"
0.286032655429651,0,"ENSG00000197857.13"
0,0,"ENSG00000234750.1"
0,0,"ENSG00000188868.14"
0.214564050880481,4.46898005112164e-09,"ENSG00000198342.10"
0,0,"ENSG00000196466.10"
0,0.0147257130155195,"ENSG00000180855.16"
0.182430696268359,0.0927449208793009,"ENSG00000249709.8"
0,0.0138927543635879,"ENSG00000188033.10"
0.0155373555801951,2.45258335441232e-13,"ENSG00000173875.14"
0,0,"ENSG00000104774.13"
0.181168821961574,0.182175840821316,"ENSG00000123154.12"
0.00119365080083597,0,"ENSG00000285589.1"
0.473717738466513,7.67524907270294e-11,"ENSG00000095059.16"
1.06388006007983e-15,0.00883852819570863,"ENSG00000132004.13"
0,0,"ENSG00000105576.15"
0.769948961245527,0,"ENSG00000123144.11"
0.142705773577472,1.78461361233072e-20,"ENSG00000198356.11"
0.326683535722332,0.244619160389864,"ENSG00000095066.11"
0,0,"ENSG00000171223.6"
0.23347604404817,0.0587859820820836,"ENSG00000167815.12"
0,0,"ENSG00000104889.6"
0.183390764955164,0,"ENSG00000105613.10"
0,0.01075033889378,"ENSG00000105612.9"
0,0,"ENSG00000105610.5"
0,0,"ENSG00000105607.13"
0,0.142476457915897,"ENSG00000240616.1"
0,0,"ENSG00000161860.8"
0.257822690978243,0.269839280447787,"ENSG00000179115.11"
0,0,"ENSG00000179218.13"
0.0841117830454883,3.62324868621439e-12,"ENSG00000179262.10"
0.656582038568451,0,"ENSG00000179271.3"
0.583476633983642,0.173020803345014,"ENSG00000008441.16"
0,0,"ENSG00000267610.2"
0,0,"ENSG00000279044.1"
0.0987933480539995,0,"ENSG00000104903.5"
0,0,"ENSG00000104907.12"
0.293847110955368,0,"ENSG00000160877.6"
0.146261555319905,0,"ENSG00000104915.15"
0,0,"ENSG00000160888.7"
0,0,"ENSG00000141837.20"
0,0,"ENSG00000104957.14"
0.196330450567925,0.00562964554328635,"ENSG00000037757.14"
0.0836367420205929,6.99595799398023e-10,"ENSG00000104979.9"
0.527854430717657,0.19082379000487,"ENSG00000132003.9"
0.10044959281692,2.07087913871139e-13,"ENSG00000267519.6"
0,0,"ENSG00000132016.11"
0.0990766110702862,0.0571224858480314,"ENSG00000132024.17"
0,0,"ENSG00000132000.13"
0,0,"ENSG00000132017.10"
0.161758094579568,0,"ENSG00000132005.9"
0.147479962029536,0.0579305111667845,"ENSG00000104998.4"
0.31037185560313,0.273979178004802,"ENSG00000141854.9"
0.497167430920635,1.62288952158127e-09,"ENSG00000141858.12"
0.0973001964459221,3.17217243792901e-20,"ENSG00000072062.14"
0.104532606321788,9.90133326545158e-14,"ENSG00000105011.9"
0,2.48529494579148e-15,"ENSG00000267169.2"
0.110868123899766,5.5989635015171e-10,"ENSG00000072071.16"
0.263771441540963,4.30495760831817e-08,"ENSG00000123146.20"
0.517399674829984,0.0351997585116293,"ENSG00000123136.15"
0.117010763105115,3.09062477122126e-13,"ENSG00000123143.12"
0,0,"ENSG00000267474.1"
0,0,"ENSG00000160951.4"
0,0.0115486699025027,"ENSG00000123159.16"
0,0,"ENSG00000132002.8"
0.516491981204746,0.25645953981518,"ENSG00000099797.15"
0.428123583610544,7.30159997377357e-18,"ENSG00000099795.7"
0.408523895630666,1.3575053917948e-11,"ENSG00000160961.12"
0,0,"ENSG00000127507.18"
0,0.294148543463329,"ENSG00000105137.13"
0,0.335515509526261,"ENSG00000105135.16"
0,0,"ENSG00000074181.9"
1.17967572096498e-21,0.0940188506416043,"ENSG00000141867.17"
0,0,"ENSG00000273218.1"
0,0,"ENSG00000105127.9"
0.268084315171146,0.0945002211376367,"ENSG00000268189.2"
0,0,"ENSG00000011243.18"
0.106769715902389,5.87188899766377e-12,"ENSG00000279203.1"
0,0,"ENSG00000279716.1"
0.271345488190484,3.85865717047704e-10,"ENSG00000011451.19"
2.24946494991839e-11,0.196751809515641,"ENSG00000105122.13"
0,0,"ENSG00000186204.15"
0,0,"ENSG00000167460.17"
0,0,"ENSG00000279198.1"
0.0798107246621172,1.0126019306046e-13,"ENSG00000167461.12"
0.26379655379211,1.51453130430618e-14,"ENSG00000269243.1"
0,0,"ENSG00000196684.12"
0.0552871490635779,0,"ENSG00000105058.12"
0.229994005498301,0.19258661851197,"ENSG00000072958.8"
0,0,"ENSG00000267275.1"
0,0,"ENSG00000127528.5"
0.204240939949929,0.0700181690808914,"ENSG00000127527.14"
0.213136107513439,2.29296612993464e-12,"ENSG00000280332.1"
0,0,"ENSG00000105072.9"
0,0,"ENSG00000085872.15"
0.0816509204425472,6.84199442115606e-11,"ENSG00000269399.2"
0,0,"ENSG00000127526.15"
0.092935752877409,9.10005442579862e-14,"ENSG00000279529.1"
0,0,"ENSG00000105085.10"
0,0,"ENSG00000279748.1"
0,0,"ENSG00000279977.1"
9.23749087988592e-20,1.35056683336176e-15,"ENSG00000269427.1"
0,0,"ENSG00000214046.8"
0,0,"ENSG00000269044.2"
0.0173863277061145,0,"ENSG00000267904.1"
0,0,"ENSG00000072954.7"
0,0,"ENSG00000127511.9"
0,0,"ENSG00000127533.4"
0,0,"ENSG00000160111.13"
0.373832847522024,0,"ENSG00000131351.15"
0.161002965309756,2.33244415233061e-11,"ENSG00000099331.13"
0,0,"ENSG00000269066.1"
0.666524875633301,0.101214675917099,"ENSG00000053501.13"
0,0,"ENSG00000099330.9"
0,0,"ENSG00000160113.5"
0,0.127487015764169,"ENSG00000130307.12"
3.76223334022135e-16,0,"ENSG00000105393.16"
0.117029738614864,5.28905008265821e-10,"ENSG00000160117.16"
0,0,"ENSG00000127220.6"
0.304369011051416,1.89928486753036e-14,"ENSG00000130312.6"
0.268291105622905,0.0598056068854226,"ENSG00000130311.11"
0.119195301312676,0,"ENSG00000074855.11"
0.585686570857199,9.5852223714913e-11,"ENSG00000130299.17"
0,0,"ENSG00000130300.9"
0,0,"ENSG00000269720.2"
0,0.326993736600206,"ENSG00000130303.13"
0,0,"ENSG00000282851.2"
0.417827919093231,0,"ENSG00000141971.13"
0.108465748475404,0,"ENSG00000130304.17"
0.348881727935406,1.65192685172534e-19,"ENSG00000269439.6"
0.511926404715173,9.84019792221026e-22,"ENSG00000130313.7"
0,0,"ENSG00000167483.18"
0.279195268526684,0,"ENSG00000130309.11"
0.429104651732211,0,"ENSG00000130477.15"
0.32385332371345,1.49824192780473e-11,"ENSG00000130479.11"
0.0481167114684603,3.61091820195308e-10,"ENSG00000130475.14"
0.168583459515472,0.168278293191658,"ENSG00000105639.18"
0.080412339575639,7.43010296843184e-19,"ENSG00000105640.13"
0.419747981315123,0.00246111662778812,"ENSG00000007080.11"
0,0.379427393998636,"ENSG00000105643.10"
0,0.0447398764192524,"ENSG00000096996.16"
0,0,"ENSG00000099308.10"
0.662277727455506,1.84987682330037e-10,"ENSG00000216490.4"
0.239076556745662,5.83491191870478e-12,"ENSG00000254858.10"
0.132589627547841,0.233204057632053,"ENSG00000105649.10"
0,0,"ENSG00000285188.1"
1.87985110519741e-12,0.0326100293576804,"ENSG00000105650.22"
0,0,"ENSG00000284797.1"
0.602673956103559,0.0717632844050954,"ENSG00000130518.17"
0.171241869663727,0,"ENSG00000130522.6"
0,0,"ENSG00000267959.3"
0.506373459141009,5.06172065180929e-11,"ENSG00000130520.10"
0,0,"ENSG00000130517.14"
0,0,"ENSG00000130513.6"
0,0,"ENSG00000175489.10"
0.0591619016246606,0,"ENSG00000130511.16"
5.56121335264952e-13,0.106840850377612,"ENSG00000105655.19"
0,0,"ENSG00000105656.13"
0,0,"ENSG00000105701.16"
0.135968339249379,1.93591815887632e-19,"ENSG00000105700.11"
0.0683100659347381,2.60941771794206e-11,"ENSG00000268030.1"
0.136785932894831,2.50212302562702e-12,"ENSG00000221983.8"
0.525636041844935,9.45112435592133e-11,"ENSG00000006016.11"
0.10114886772058,0,"ENSG00000006015.17"
0.458535336722423,0.110911426116391,"ENSG00000105696.9"
0.201019740345757,0.0658899628191679,"ENSG00000167487.12"
0,0,"ENSG00000105662.16"
0,0,"ENSG00000105664.11"
0.402745720567851,6.0361818890769e-12,"ENSG00000005007.12"
0.491936705214428,0.0586618616451196,"ENSG00000223802.7"
0.578163618580358,0.0457533522636804,"ENSG00000105669.14"
0.058490824918654,1.44581962684276e-11,"ENSG00000105671.12"
0.0523361564639051,1.51811847370523e-11,"ENSG00000051128.19"
0,0,"ENSG00000269019.2"
0.299832697546548,0.134192113798572,"ENSG00000064607.17"
0.252031927207118,1.83343809258383e-10,"ENSG00000105676.14"
0.360471857842772,0.409800349263603,"ENSG00000181035.14"
0.149376474998309,5.43255292976422e-08,"ENSG00000064545.15"
0.502666976701861,0.113353274225924,"ENSG00000254901.8"
0.224974803146791,0,"ENSG00000064490.14"
0.330507147743129,1.00764975707943e-20,"ENSG00000184162.14"
0.0132163346852442,1.30121075090401e-11,"ENSG00000105705.16"
0,0,"ENSG00000129933.21"
0.207877457195438,0,"ENSG00000167491.17"
0.176090724494219,0.223155707578913,"ENSG00000178093.14"
0.0234255650195173,7.72483076556874e-11,"ENSG00000186010.19"
0,0,"ENSG00000250067.12"
0,0,"ENSG00000160161.9"
0,0,"ENSG00000105717.14"
0,0,"ENSG00000064547.14"
0.297226417112159,0,"ENSG00000089639.11"
0.0482882120551678,3.10466157032325e-21,"ENSG00000105726.17"
0,0,"ENSG00000181896.12"
0,0,"ENSG00000105708.9"
0,0,"ENSG00000266904.6"
0.165830316576325,6.19110752462185e-21,"ENSG00000267419.2"
0,0.00351627524822275,"ENSG00000081665.14"
0,0,"ENSG00000267481.1"
0.0467978402753624,3.13762024408589e-13,"ENSG00000256771.4"
0,0.208262580665016,"ENSG00000184635.16"
1.03257002260888e-11,0.119234496354792,"ENSG00000197124.12"
0.0774059739880967,9.68329200275968e-13,"ENSG00000213988.11"
0,0,"ENSG00000267383.7"
2.73003056432057e-15,0.0414751800738909,"ENSG00000256229.8"
0.69067132694153,8.83213604728558e-15,"ENSG00000231205.11"
0.584222812974791,2.53965065963759e-14,"ENSG00000237440.9"
0.104474313638293,0,"ENSG00000188171.16"
3.78158858749201e-16,0,"ENSG00000160229.13"
5.1611342899498e-08,0.150053527708896,"ENSG00000105750.15"
0.0207901495396769,0,"ENSG00000279404.1"
0,0,"ENSG00000118620.13"
0,0,"ENSG00000160352.16"
0.168743686512793,5.99612054617353e-12,"ENSG00000196705.8"
0.0313323624719863,0,"ENSG00000268521.1"
0,0,"ENSG00000182141.10"
0,0,"ENSG00000268322.1"
0,0,"ENSG00000172687.13"
0,0,"ENSG00000196268.11"
0.167323726103555,5.62703064664012e-14,"ENSG00000268119.6"
0,0,"ENSG00000268658.5"
0.12740641164399,0.18031353355119,"ENSG00000197013.10"
0.0688485845140754,0.111768589662531,"ENSG00000268555.2"
0.260537149601026,2.75417377570726e-10,"ENSG00000197020.11"
2.52715779281137e-13,0.0764577836044375,"ENSG00000269845.1"
0.450706389122035,5.25502547451311e-10,"ENSG00000198521.11"
0.211736918860196,5.96879524275058e-21,"ENSG00000268438.1"
0.219647994318828,3.17017492835973e-14,"ENSG00000160321.15"
0.519101074768102,3.36020436846918e-13,"ENSG00000197134.13"
0.0627440034219495,3.17424620385024e-09,"ENSG00000196109.9"
0.186593525973222,0,"ENSG00000197360.9"
0,0,"ENSG00000269067.2"
0.0121619201287242,0,"ENSG00000183850.14"
1.1947172529583e-21,0.0711637550594671,"ENSG00000196081.9"
0,0,"ENSG00000269837.1"
0.719870695245997,2.35736937124203e-15,"ENSG00000284428.1"
4.71985601605763e-15,0.467483822987561,"ENSG00000167232.14"
0.209979615872307,7.30678922095931e-21,"ENSG00000267934.1"
0.0399479320978816,1.97877062976655e-08,"ENSG00000268992.1"
0,0,"ENSG00000197372.10"
0,0,"ENSG00000196172.9"
0,0,"ENSG00000233836.7"
0.166133395294987,0.150057415364424,"ENSG00000225178.5"
0,0,"ENSG00000213967.11"
0,0,"ENSG00000268362.6"
0,0,"ENSG00000213096.10"
0,0,"ENSG00000279425.1"
0,0,"ENSG00000261824.7"
0.0116931943511245,0,"ENSG00000261770.1"
0,0,"ENSG00000267575.7"
0,0,"ENSG00000281468.1"
0.130549198357703,0.225886540506753,"ENSG00000267339.7"
0.284188617203539,1.99799860278214e-13,"ENSG00000169021.6"
0.0416551585668728,2.85397762445999e-12,"ENSG00000105171.10"
0.118299624111879,3.8766303845571e-18,"ENSG00000166289.6"
0.0757916697143179,0,"ENSG00000131943.17"
0,0,"ENSG00000105173.14"
0.000684234142531352,4.83221105094265e-12,"ENSG00000105176.18"
0,0,"ENSG00000267006.1"
0,0,"ENSG00000121297.8"
2.68807940296692e-21,0.0144531755576959,"ENSG00000278875.1"
0,0,"ENSG00000168813.17"
0.24815631563298,0,"ENSG00000178904.19"
0.109291926988322,3.01450890576091e-21,"ENSG00000105185.12"
0,0,"ENSG00000105186.16"
0,0,"ENSG00000267475.1"
0,0.27363351334736,"ENSG00000213965.3"
0.0347701212922886,1.64556636031607e-11,"ENSG00000121289.18"
0,0,"ENSG00000131944.10"
0,0,"ENSG00000131941.8"
0.0458941079449601,1.63290783706069e-14,"ENSG00000076650.7"
0.182049695626282,0.146480561622784,"ENSG00000130881.14"
0.213918732576599,0.149503072115148,"ENSG00000130876.11"
8.24026802581745e-20,0.192444634404615,"ENSG00000267714.2"
0.020801944772825,0.121950027988136,"ENSG00000245848.3"
0,0.178571699155325,"ENSG00000267296.2"
0,0,"ENSG00000153879.9"
0.199634605930631,0.0420112026957348,"ENSG00000124299.15"
0.128577944871,4.74507056564785e-12,"ENSG00000153885.14"
0.0844800318228142,1.38835413796941e-11,"ENSG00000257103.8"
0,0,"ENSG00000166398.13"
0.642086736530671,0.00125026384303208,"ENSG00000105220.17"
0.0145586187975597,0,"ENSG00000126249.8"
0.331003645127697,0.0910133816611647,"ENSG00000126261.13"
0.0312966941186492,1.27632967323091e-12,"ENSG00000142279.13"
0,0,"ENSG00000205209.7"
0,0.109786173199405,"ENSG00000271049.1"
0,0.00957752578629695,"ENSG00000279329.1"
0,0,"ENSG00000089335.21"
0.547026837841979,2.54870658742246e-13,"ENSG00000274104.1"
0,0,"ENSG00000197841.15"
0,0.10388162689266,"ENSG00000153896.18"
1.27281310580646e-19,0.0598241875791573,"ENSG00000168661.14"
0,0,"ENSG00000180884.10"
0.507784054478905,8.45442282147137e-22,"ENSG00000089351.14"
0.0130973136490429,1.39164109584023e-21,"ENSG00000269303.1"
0.380018461565366,0.0608293924306267,"ENSG00000105711.12"
0.32486911604326,0.161890973175819,"ENSG00000105707.14"
0.0560270588083953,4.53917491202252e-11,"ENSG00000153902.14"
0,0,"ENSG00000266964.5"
0,0,"ENSG00000089327.15"
0,0.309955007486695,"ENSG00000105699.16"
5.06678048057903e-17,0,"ENSG00000268947.1"
0.132184085011268,0.00555004726898273,"ENSG00000105698.16"
0.0156308500671803,9.50671345115949e-14,"ENSG00000012124.17"
0,0,"ENSG00000126262.4"
0,0,"ENSG00000161249.21"
0,0,"ENSG00000189001.11"
0.118069736480323,3.54058641414778e-12,"ENSG00000236144.8"
0.0316812082028663,8.85279973025413e-13,"ENSG00000105677.12"
0,0,"ENSG00000283907.1"
0,0,"ENSG00000249115.9"
0,0,"ENSG00000126254.12"
0,0,"ENSG00000105672.14"
0.0955475741390904,5.99885440791914e-12,"ENSG00000126267.11"
0.309867139236499,0.025152725961749,"ENSG00000011590.14"
0.663185829833112,0.113391737602263,"ENSG00000272333.5"
0,0,"ENSG00000126246.10"
0.0557225958304175,0.683992191170052,"ENSG00000161265.15"
0,0,"ENSG00000205155.8"
0,0,"ENSG00000267796.8"
0.358651135897786,0.260521059700265,"ENSG00000004776.13"
6.07956731057775e-05,0.0220983282694043,"ENSG00000167595.15"
0.502300609409952,0.206697129108493,"ENSG00000004777.18"
0.503329732549271,0.00251311077389063,"ENSG00000161270.19"
0.64699395042069,0.0522352214378179,"ENSG00000126259.19"
0,0,"ENSG00000105290.12"
0,0,"ENSG00000243968.2"
0.0508946602070547,0,"ENSG00000167604.14"
4.15501061826352e-21,0.302949898931802,"ENSG00000280194.1"
0,0,"ENSG00000011600.11"
0.315374603765152,0.174604934047101,"ENSG00000126243.8"
0,0,"ENSG00000205138.3"
0.496124019499888,0,"ENSG00000181392.17"
0.097896550592743,2.15204917014471e-20,"ENSG00000239382.10"
0,0.0377833470669109,"ENSG00000105270.15"
0.204253451468859,1.52519545447483e-23,"ENSG00000161277.11"
0.321459993835215,0.00904706752569413,"ENSG00000075702.18"
0,0,"ENSG00000105258.9"
0,0.134302804179331,"ENSG00000105254.12"
0.642946969915486,1.24141397815642e-13,"ENSG00000126247.11"
0,0,"ENSG00000270760.1"
0.0373571603621403,5.02551665909948e-12,"ENSG00000161281.11"
0,0,"ENSG00000196357.11"
0,0,"ENSG00000167635.11"
0.268942309073482,0.0183123249686835,"ENSG00000232677.8"
0.459627251592852,1.16897979722589e-20,"ENSG00000142065.14"
0,0,"ENSG00000181007.9"
0,0,"ENSG00000186017.14"
0.0944745486252327,1.13515346563717e-11,"ENSG00000267309.1"
0,0,"ENSG00000254004.7"
0,0,"ENSG00000186020.13"
0.0802387671583899,0,"ENSG00000233527.9"
0,0,"ENSG00000161298.18"
0,0,"ENSG00000197808.12"
0,0,"ENSG00000276071.1"
0.0260407189461049,0,"ENSG00000225975.7"
1.16731885178278e-19,2.78672166789458e-15,"ENSG00000189042.13"
0,0,"ENSG00000267041.6"
0.0587243937239149,0,"ENSG00000267254.7"
4.7228208713278e-13,0.0116894834635014,"ENSG00000197863.9"
0,0,"ENSG00000251247.11"
0.0527140485552535,0.0619596343296759,"ENSG00000185869.14"
0.701963801875308,0.0352384048077069,"ENSG00000198453.13"
0,0,"ENSG00000197050.11"
0,0,"ENSG00000196967.10"
0.483311033510618,9.71127579741682e-11,"ENSG00000245680.10"
0.0832891119262121,4.82963568250895e-22,"ENSG00000188283.11"
0.446297235954705,0,"ENSG00000267605.7"
0.00830800917637743,4.62856646546632e-12,"ENSG00000226686.8"
5.76643140960415e-21,0.0716281932720017,"ENSG00000286449.1"
0,0,"ENSG00000181666.18"
0.0840549131458385,1.59133901514279e-08,"ENSG00000267682.1"
0,0,"ENSG00000189164.15"
0,0,"ENSG00000196437.12"
0,0,"ENSG00000171827.10"
5.70525615081006e-20,0.218564207185312,"ENSG00000188227.13"
0,0,"ENSG00000267470.6"
0,0,"ENSG00000171817.17"
0,0,"ENSG00000180479.14"
0,0,"ENSG00000120784.16"
0,0,"ENSG00000196381.11"
1.40410088407458e-11,0.0891158183313748,"ENSG00000198182.13"
4.25652633199199e-11,0.100059406383631,"ENSG00000189144.13"
0.102284237013557,3.10386676897283e-12,"ENSG00000267640.6"
0.107579725625705,7.29500235534802e-22,"ENSG00000105738.11"
0.2085295018327,5.25330058513763e-12,"ENSG00000011332.19"
0.280412469800396,6.4539127070463e-13,"ENSG00000167642.13"
0.162615579235376,0.363737046598983,"ENSG00000167641.11"
0,0,"ENSG00000167645.17"
0,0,"ENSG00000099337.5"
0.265643081542429,0.44144177241654,"ENSG00000099338.23"
0.201794432282477,1.39533078288257e-09,"ENSG00000099341.11"
0,0.0189062485602337,"ENSG00000179168.15"
0,0,"ENSG00000188766.12"
0,0,"ENSG00000130244.12"
7.19853199437462e-17,9.38156875686656e-21,"ENSG00000171777.16"
0,0,"ENSG00000196218.12"
0.238967145988358,0.18545185363183,"ENSG00000104814.13"
0.792773835639715,0.0739647469694732,"ENSG00000178982.10"
0,0,"ENSG00000130402.12"
0.28037246380873,0.232385307839192,"ENSG00000182472.9"
0,0,"ENSG00000267892.1"
5.07212663977986e-20,0.342327491293017,"ENSG00000171747.9"
0,0,"ENSG00000104823.9"
0,0,"ENSG00000268756.1"
0.22941660718973,0,"ENSG00000104824.17"
0.249560709983079,0.154792342989175,"ENSG00000269688.1"
4.05728132705132e-13,0.0156904230278155,"ENSG00000187994.14"
0.275772076953271,0.213776069923009,"ENSG00000068903.20"
0,0,"ENSG00000104825.17"
0.217175852424324,0,"ENSG00000104835.14"
0.481674210699969,7.5801057645149e-22,"ENSG00000128626.11"
0,0,"ENSG00000269486.2"
0.780384956119374,0.0395930612789093,"ENSG00000269190.6"
0.0574253096235671,0,"ENSG00000287271.1"
0.304314154484051,0.00926129409606591,"ENSG00000161243.9"
0.135050641000673,0,"ENSG00000130669.17"
0,0,"ENSG00000128011.4"
0.0526789515434645,0.195848076847223,"ENSG00000130755.13"
3.59079459209276e-19,0.286256935638771,"ENSG00000269246.1"
0,0,"ENSG00000179134.15"
0,0,"ENSG00000241983.3"
0.0139746420568409,4.31705151945095e-22,"ENSG00000006712.15"
0,0,"ENSG00000063322.15"
0.0998827386795927,0,"ENSG00000128016.7"
0,0,"ENSG00000266559.1"
0,0,"ENSG00000090924.15"
0.140016461224663,1.45595686815824e-10,"ENSG00000105193.9"
0,0,"ENSG00000196235.14"
0,0,"ENSG00000105197.11"
0.634235857334395,0,"ENSG00000090932.10"
0.12940494320618,2.0612201643149e-10,"ENSG00000176401.6"
0,0,"ENSG00000176396.11"
0,0,"ENSG00000105204.14"
0.167832937913267,1.30527240703314e-17,"ENSG00000105202.9"
0,0,"ENSG00000275395.6"
0.0568269286170747,1.65628452694646e-10,"ENSG00000013275.8"
0.236795525097717,7.0784411991485e-13,"ENSG00000187187.14"
0,0.0251543143362755,"ENSG00000269069.1"
0,0.279021107706455,"ENSG00000128000.16"
0,0,"ENSG00000197782.14"
0.579808406630654,0.0903395727854074,"ENSG00000130758.8"
0,0,"ENSG00000105219.10"
0.0560899683281066,0.192476428648265,"ENSG00000105221.18"
0.282668261076521,0,"ENSG00000205041.1"
0,0,"ENSG00000160392.13"
0,0,"ENSG00000105223.20"
0.71334869421068,1.18673185662023e-10,"ENSG00000279759.1"
0,0,"ENSG00000160396.9"
0.406223353462977,8.91186978801225e-12,"ENSG00000105227.14"
0,0,"ENSG00000197019.5"
0.00286644625467924,3.17377787130497e-14,"ENSG00000167565.13"
0.0522018108141534,0.194477571209548,"ENSG00000268366.1"
0.0336613214712242,0.045286675272349,"ENSG00000090013.11"
0.861525396094665,1.85917941792207e-11,"ENSG00000160460.16"
0,0,"ENSG00000160410.15"
0,0,"ENSG00000090006.17"
0.892487313309888,3.17402579769066e-15,"ENSG00000105245.9"
0,0,"ENSG00000123815.12"
0,0,"ENSG00000086544.3"
0.100036691950293,0,"ENSG00000188493.15"
0.506804962257004,0.042156568054743,"ENSG00000077312.9"
0.283687991167682,0.284223118931179,"ENSG00000167578.18"
0,0.0861581440976614,"ENSG00000269858.6"
0.0823039180905644,2.11202876605361e-09,"ENSG00000233622.3"
0,0.0400507012486848,"ENSG00000237118.3"
0.0029695813484476,0,"ENSG00000279108.1"
0.135512112343865,0,"ENSG00000255974.8"
0,0,"ENSG00000198077.10"
2.72926254431128e-21,0.180185032047697,"ENSG00000130612.16"
0.00182308905439216,0.271514624667697,"ENSG00000167600.14"
0,0,"ENSG00000167601.12"
0,0,"ENSG00000269652.1"
0.282402735271033,5.60001699660058e-13,"ENSG00000105323.17"
0,0,"ENSG00000105329.10"
0.430463441769125,0,"ENSG00000286177.1"
0.20648181548734,1.5045385706052e-10,"ENSG00000142039.4"
0.457960917937135,1.6667278815588e-20,"ENSG00000142046.15"
0.092485770938437,6.53300170596973e-11,"ENSG00000123810.8"
3.3743939236212e-21,0.0154523081032027,"ENSG00000277744.1"
0,0,"ENSG00000077348.9"
0,0,"ENSG00000248098.12"
0.276770709485347,0.18670923699655,"ENSG00000177191.2"
0.0489653203524234,5.14856553292697e-14,"ENSG00000105341.18"
0,0,"ENSG00000267107.8"
0,0,"ENSG00000268355.1"
0.247513018069548,0,"ENSG00000105372.8"
0,0,"ENSG00000105369.9"
0.0541891792501729,1.66219557326858e-11,"ENSG00000076928.17"
0,0,"ENSG00000268041.2"
0.343948410873073,0.0147097528031311,"ENSG00000105404.11"
0,0.00361945177720404,"ENSG00000105737.9"
0,0.0547505095295218,"ENSG00000105732.13"
0.385206617318523,3.53871196248486e-14,"ENSG00000028277.21"
0.305023315979908,9.8214336479291e-13,"ENSG00000254887.1"
0,0,"ENSG00000160570.14"
0,0,"ENSG00000167625.11"
0,0.189917256101334,"ENSG00000105723.12"
2.71525592918413e-13,0.0879867913025715,"ENSG00000279539.1"
0,0,"ENSG00000105722.10"
0.0472622958737273,1.48695395836948e-09,"ENSG00000079432.7"
0.367104388197149,0.385652872925246,"ENSG00000079462.7"
0,0.0376945437471166,"ENSG00000105429.13"
0.454127643735626,0.244857617890139,"ENSG00000105427.10"
0,0,"ENSG00000213904.9"
0,0.225897304666539,"ENSG00000079435.10"
0,0.131372621527869,"ENSG00000189377.9"
3.96305306769225e-09,0.0962152351178059,"ENSG00000079385.22"
1.55292502426908e-08,0.153951927773141,"ENSG00000124469.12"
0,0,"ENSG00000221826.10"
0.293478678610439,0.0702130770077458,"ENSG00000225877.1"
0.317928614892355,0.14336680105071,"ENSG00000248257.7"
0.38814130811702,0,"ENSG00000170848.15"
0.109704017039282,0,"ENSG00000243137.8"
0,0,"ENSG00000204936.10"
0.424661494811551,0.179584188898567,"ENSG00000124466.9"
0.0908438035304625,5.32088213919391e-22,"ENSG00000176531.10"
0.0634599243037362,2.91865968456765e-09,"ENSG00000105755.8"
0,0,"ENSG00000176472.10"
0.0416128276724395,3.6070606249012e-12,"ENSG00000073050.11"
0.326780202321355,4.62630537664263e-15,"ENSG00000234465.11"
0,3.40479383477964e-15,"ENSG00000167378.8"
0,0,"ENSG00000124444.16"
0,0.308783153875752,"ENSG00000226763.5"
0,0.0812562122149854,"ENSG00000131116.12"
0,0,"ENSG00000105767.3"
0.224860934977706,1.5958595955198e-13,"ENSG00000011422.12"
0,0,"ENSG00000105771.14"
0,0,"ENSG00000104783.14"
0.459345027203617,0,"ENSG00000159871.15"
0.266027748842407,9.51181485702803e-14,"ENSG00000167637.17"
0.145138717084339,0,"ENSG00000176222.9"
0.0572983840597152,4.5516343547199e-14,"ENSG00000278917.1"
0,0.354777406261107,"ENSG00000267058.1"
0,0,"ENSG00000267191.2"
0.0491457247616175,0,"ENSG00000124459.12"
0,0,"ENSG00000159905.14"
0.0994179511848753,0,"ENSG00000204920.11"
0,0,"ENSG00000277806.1"
0,0,"ENSG00000159882.13"
0,0,"ENSG00000159885.14"
5.48529032422221e-21,0.0107736811526261,"ENSG00000186026.7"
0,0,"ENSG00000267680.5"
0,0,"ENSG00000186019.11"
0.324647285076713,0.0784648597481799,"ENSG00000256294.8"
0.388131734200268,0.0895839011516581,"ENSG00000263002.8"
0,0,"ENSG00000167380.16"
0,0,"ENSG00000131115.16"
0.289609719507756,0,"ENSG00000159917.17"
0,0,"ENSG00000279103.1"
0,0,"ENSG00000159915.12"
2.42682228764604e-24,0.0255883151030569,"ENSG00000062370.16"
0,0,"ENSG00000267508.5"
0,0,"ENSG00000278318.5"
3.69599159117366e-19,0.0563330675746701,"ENSG00000167384.10"
0,0,"ENSG00000073008.15"
0.017414306439143,0,"ENSG00000186567.13"
0.151705287264201,0,"ENSG00000069399.15"
0.0125799445570145,0,"ENSG00000187244.11"
0.381887356954525,0.367105079873364,"ENSG00000130202.10"
0.721324377629031,0.000101976898471168,"ENSG00000130204.13"
0.628475902160034,0.0814052254882859,"ENSG00000130203.10"
0,0,"ENSG00000280087.1"
0.583627411650588,0.200869653427717,"ENSG00000130208.9"
0,0,"ENSG00000104853.16"
0.680221365812449,3.8332941205964e-12,"ENSG00000104856.14"
0,0,"ENSG00000104859.15"
2.18300999534727e-10,0.115908571659673,"ENSG00000170684.9"
0,0,"ENSG00000267348.3"
0.307273269104301,0.0759930800195184,"ENSG00000007047.15"
0,0,"ENSG00000104866.11"
0.0867305852712922,0,"ENSG00000179846.9"
0.0508318417975754,0.278843703776203,"ENSG00000007255.10"
0,0,"ENSG00000189114.7"
0,0,"ENSG00000283632.2"
0,0,"ENSG00000104884.15"
0,0.1777233906332,"ENSG00000104881.16"
0,0,"ENSG00000117877.10"
0,0,"ENSG00000012061.15"
0,0,"ENSG00000125740.14"
0.215198413856204,0,"ENSG00000125744.12"
0.690170436596795,8.54492528486107e-11,"ENSG00000213889.10"
0,0,"ENSG00000125753.14"
0,0,"ENSG00000125741.4"
0.0228194576913154,0.620949282127167,"ENSG00000177464.5"
0,0,"ENSG00000125746.16"
1.4385984171805e-11,0.00681691754567517,"ENSG00000010310.9"
0.158945011336721,8.63603957934036e-14,"ENSG00000125743.10"
0,0.0156930841606376,"ENSG00000011478.12"
0,0,"ENSG00000177051.6"
0.234081956259563,0.0662657297112504,"ENSG00000279407.1"
0,0,"ENSG00000177045.10"
0.195289171650957,8.36752100410325e-19,"ENSG00000267395.5"
0.118727533370983,2.40892664923658e-18,"ENSG00000104936.17"
0,0,"ENSG00000185800.12"
0.317002749025971,0.0968681897537328,"ENSG00000125755.19"
0.0386780547395435,8.88191168341677e-11,"ENSG00000269148.1"
0,0,"ENSG00000170604.5"
0,0,"ENSG00000176182.6"
0,0,"ENSG00000104967.7"
0.414808558615957,2.94260596659552e-16,"ENSG00000104983.8"
0,0,"ENSG00000008438.5"
0,0,"ENSG00000124440.15"
0.125160354463629,7.64191135097589e-11,"ENSG00000011485.15"
0,0,"ENSG00000169515.8"
0.749128369261107,1.54738079692879e-10,"ENSG00000182013.18"
0,0,"ENSG00000230510.6"
0.147633106110216,0.382936337085638,"ENSG00000204851.7"
0.075244750649344,2.57360630022066e-11,"ENSG00000160014.17"
0,0,"ENSG00000160013.9"
0.158585746348486,0,"ENSG00000197380.11"
0,0,"ENSG00000105287.12"
0.0997948445884718,3.56600943246873e-12,"ENSG00000090372.15"
1.76482896087921e-13,0.0444795391421103,"ENSG00000181027.11"
0,0,"ENSG00000105281.12"
0.405507801673224,2.71586503723639e-10,"ENSG00000042753.11"
0,0,"ENSG00000160007.19"
0.16614444604441,0.0434492946331496,"ENSG00000279948.1"
0.235802331160842,0.264483280068362,"ENSG00000130751.10"
0,0,"ENSG00000130748.7"
0,0,"ENSG00000130749.10"
0.216253967868472,0,"ENSG00000142230.13"
0,0,"ENSG00000105327.17"
0,0,"ENSG00000105321.14"
0,0,"ENSG00000257704.4"
0.216714213762525,0.121515597273961,"ENSG00000197405.8"
0,0,"ENSG00000134830.6"
0,0,"ENSG00000134815.19"
0,0,"ENSG00000105419.18"
0,0,"ENSG00000118160.14"
0,0,"ENSG00000118162.14"
0,0,"ENSG00000268061.5"
0.0628476661568953,4.9340820417561e-19,"ENSG00000105402.8"
0,0,"ENSG00000279861.1"
8.25332733397206e-13,0.0323136464341799,"ENSG00000118156.12"
0.0438067214562443,0,"ENSG00000277383.1"
0.362796287049773,0.0756413990954074,"ENSG00000063169.10"
0.0765568752323652,9.57642900374664e-09,"ENSG00000278999.1"
0.231064187897526,0.0148354105268443,"ENSG00000024422.12"
0,0,"ENSG00000105373.19"
0,0,"ENSG00000269656.1"
0.438758945810071,5.03560689816364e-23,"ENSG00000178980.15"
0,0,"ENSG00000105499.14"
0.110914295613103,6.24829639771982e-11,"ENSG00000105486.14"
0,0,"ENSG00000185453.13"
0,0,"ENSG00000105483.18"
0.299353212640319,0.0449674885417771,"ENSG00000280353.1"
0,0,"ENSG00000268583.2"
0,0,"ENSG00000268001.1"
0,0,"ENSG00000105479.15"
0.15496616338241,3.52337913787068e-22,"ENSG00000142227.11"
0.384321176971335,0.132140298932288,"ENSG00000161558.11"
0,0,"ENSG00000105438.9"
9.86199521111103e-13,0.0724809911782855,"ENSG00000105464.3"
0.165789691595454,8.77186715818682e-15,"ENSG00000105447.13"
0.734229394078569,1.70450434792491e-22,"ENSG00000182324.6"
0.353548084107493,0.0143437806750563,"ENSG00000105443.15"
4.22230127528277e-13,0.000657104442886651,"ENSG00000142235.10"
0.0740508208240859,8.16751934883898e-10,"ENSG00000063177.13"
0.0422805252474126,0,"ENSG00000268093.1"
0.217622363548923,8.55801696876208e-13,"ENSG00000063176.16"
0,0,"ENSG00000105516.11"
0,0,"ENSG00000063180.9"
0,0,"ENSG00000176920.13"
0.153821972450515,0.334310135060329,"ENSG00000176909.12"
0.221001391101382,1.11115618418119e-14,"ENSG00000105538.10"
0.109423454359324,0.147882562482114,"ENSG00000174951.11"
0,0,"ENSG00000105552.15"
0.31602102482157,0.242413993963072,"ENSG00000087076.9"
0.431495055782279,0.0902802692272881,"ENSG00000105559.12"
0.298935498467657,0,"ENSG00000087074.8"
0,0,"ENSG00000104804.8"
0,0,"ENSG00000104805.16"
0.0838284685584486,7.031582333683e-11,"ENSG00000104808.8"
0,0.00349218716550856,"ENSG00000087088.20"
0,0,"ENSG00000267898.1"
0,0.00664707001055679,"ENSG00000087086.15"
0.391332933630694,2.6383372103906e-12,"ENSG00000104812.15"
0.239773054549783,9.97022865783998e-14,"ENSG00000183207.14"
0.259080809628661,4.91519192506461e-08,"ENSG00000104852.15"
0.0436506147226538,5.50842726886831e-14,"ENSG00000104863.12"
0.637640564775694,0,"ENSG00000177380.14"
7.14242073914032e-12,0.0174007693347668,"ENSG00000130528.12"
0,0,"ENSG00000130529.16"
0,0.572052250032354,"ENSG00000063127.16"
0,0.212809655702398,"ENSG00000197813.6"
0,0,"ENSG00000104894.12"
0.154830850518619,2.11523102051336e-20,"ENSG00000074219.13"
0,0,"ENSG00000104901.7"
0,0.460866225658274,"ENSG00000104888.10"
0.12011868713638,0,"ENSG00000104872.11"
0.00795126376523072,0,"ENSG00000161618.10"
0,0,"ENSG00000090554.13"
0.264282228814694,4.14000155115866e-16,"ENSG00000142541.17"
0.032655669487415,4.59892223531234e-14,"ENSG00000142534.7"
0,0,"ENSG00000104870.13"
0,0.130951868074921,"ENSG00000142552.8"
0.250307513143032,8.68842452043211e-11,"ENSG00000142546.14"
0,0,"ENSG00000126464.14"
0,0,"ENSG00000126458.4"
0,0,"ENSG00000126461.15"
0.0772781674391369,5.2504036549255e-20,"ENSG00000126456.16"
0.490527846924058,1.33570983275684e-11,"ENSG00000126453.9"
0.0663691537300461,4.1546484701455e-15,"ENSG00000126457.21"
0.300397847126888,0,"ENSG00000169169.14"
0,0,"ENSG00000126467.11"
0.0871043504150307,6.97325320541578e-20,"ENSG00000196961.12"
0.845305469180359,0.0690412909021879,"ENSG00000010361.14"
0,0,"ENSG00000104973.18"
0.520675115564216,0,"ENSG00000268006.1"
0.0803171740192184,0.0142447524539534,"ENSG00000104960.15"
0,0,"ENSG00000269352.1"
0,0,"ENSG00000039650.12"
0.417223898623817,1.94062436713241e-15,"ENSG00000204673.10"
0,0,"ENSG00000104946.13"
0.356605944176098,0,"ENSG00000104951.16"
0.394534740285094,7.04949243437048e-11,"ENSG00000213024.11"
0,0,"ENSG00000169136.11"
8.41104723031177e-17,3.26174652636445e-19,"ENSG00000161640.15"
0,0,"ENSG00000105053.11"
0,0,"ENSG00000142528.16"
0.0355903543734355,3.46760290579988e-11,"ENSG00000269091.6"
0.143019126278295,0,"ENSG00000287001.1"
0.354704418063273,1.19399076749462e-11,"ENSG00000105357.17"
0.75087048137642,0,"ENSG00000131398.14"
0,0,"ENSG00000131408.15"
0,0,"ENSG00000131401.11"
0.302891447852981,0,"ENSG00000062822.14"
0,0,"ENSG00000269404.7"
0,0,"ENSG00000086967.10"
0.748354265784225,0.0595516539722055,"ENSG00000161671.16"
0.0697144540134406,1.12564553200149e-15,"ENSG00000161677.11"
0.185657183935636,4.96220049506982e-20,"ENSG00000204653.10"
0,0,"ENSG00000161681.15"
0,0,"ENSG00000105472.13"
0.291604259219564,0.00816983873905434,"ENSG00000167747.14"
0,0.00543421626132681,"ENSG00000142544.7"
0,0,"ENSG00000129450.8"
0,0,"ENSG00000105383.15"
0,0,"ENSG00000186806.5"
0,0,"ENSG00000105379.9"
0,0,"ENSG00000268520.1"
0.0590528212703065,0.133545421028818,"ENSG00000160318.6"
0,0,"ENSG00000105374.10"
0.0939418508495599,4.5017222626455e-22,"ENSG00000142512.15"
0,0.0151506898950483,"ENSG00000105497.8"
0,0,"ENSG00000254415.3"
0.0476556341156396,9.78224695107618e-12,"ENSG00000269959.1"
0.401213092884421,9.39886801213083e-12,"ENSG00000182310.14"
0,0,"ENSG00000105509.10"
9.58594716298399e-11,0.10663986661618,"ENSG00000171051.8"
0,0,"ENSG00000171049.9"
0,0,"ENSG00000187474.5"
0,0,"ENSG00000161551.14"
0,0,"ENSG00000283236.1"
0,0,"ENSG00000198093.11"
0,0,"ENSG00000176024.18"
0,0.0232979391467166,"ENSG00000269235.2"
0.337432418308619,0,"ENSG00000256683.7"
0.455347605746963,7.22309627873702e-14,"ENSG00000197619.14"
0,0,"ENSG00000142556.19"
0,0,"ENSG00000256087.7"
0,0,"ENSG00000275055.1"
0,0,"ENSG00000197608.11"
0,0.00888309067439633,"ENSG00000204611.7"
0.0519219988468179,2.45790457634373e-10,"ENSG00000196267.12"
0.265476483410364,0.0238008729561688,"ENSG00000105568.18"
0.293651130372921,0.0956396219746243,"ENSG00000196214.11"
0,0.132906669876432,"ENSG00000269102.1"
0,0,"ENSG00000198464.14"
0,0,"ENSG00000167554.15"
0.132584895312905,6.5005410422936e-13,"ENSG00000221923.9"
0.00277641014579298,0,"ENSG00000269834.6"
0.0913034752711631,8.09392511866784e-19,"ENSG00000277977.1"
0,0,"ENSG00000167555.14"
0.560786721550453,0.0207898986866374,"ENSG00000198633.10"
0.400205947537943,0.00848824270788442,"ENSG00000258405.11"
0,0,"ENSG00000288253.1"
0,0,"ENSG00000198482.13"
6.31642305251825e-12,0.167056482099709,"ENSG00000167562.12"
0,0,"ENSG00000123870.10"
0.828928231542058,1.24952599801604e-12,"ENSG00000167766.18"
0,0,"ENSG00000268970.1"
0,0,"ENSG00000269825.1"
0,0,"ENSG00000213020.10"
0,0,"ENSG00000189190.10"
0,0,"ENSG00000198538.11"
0,0,"ENSG00000204604.11"
0,0,"ENSG00000268225.2"
0.215861583502761,0,"ENSG00000182986.13"
1.26951882171093e-10,0.00738998125413303,"ENSG00000213793.5"
0,0,"ENSG00000180257.13"
0.18778227608607,0.0816366796019301,"ENSG00000242779.7"
0.0726475628374508,2.24175439817102e-22,"ENSG00000170949.17"
0,0,"ENSG00000170954.11"
0.0325755673225975,6.18364184372787e-10,"ENSG00000197937.12"
0.634056863638223,9.34775938403461e-22,"ENSG00000197497.11"
0.348729178491182,0,"ENSG00000269001.2"
0.150213392988224,0,"ENSG00000197928.10"
3.88220396691799e-13,0.0453906643781138,"ENSG00000213799.13"
0.135664103704139,1.29961012774409e-14,"ENSG00000203326.12"
0.269902746868739,2.0060487505546e-12,"ENSG00000196417.13"
0,0,"ENSG00000241015.2"
0,0,"ENSG00000287608.1"
0,0,"ENSG00000160336.15"
0,0,"ENSG00000198346.11"
0.405606678284636,0.0141655917017984,"ENSG00000130844.18"
0,0,"ENSG00000142405.21"
0,0,"ENSG00000179820.16"
0.281569887873479,0.0603487753575681,"ENSG00000126583.11"
0.215207131723527,1.20904155483887e-12,"ENSG00000142408.4"
0.0472559835598466,4.3328207308451e-14,"ENSG00000170909.13"
0.388023557709321,0.154334321065657,"ENSG00000170906.16"
0,0,"ENSG00000105619.13"
0,0,"ENSG00000105618.14"
0.224056875622333,0,"ENSG00000237017.1"
0,0,"ENSG00000088038.19"
0.157073128461618,0,"ENSG00000105617.4"
0.0673958964176442,0.130041709628668,"ENSG00000167608.11"
0,0,"ENSG00000125505.17"
0.301868381207677,0,"ENSG00000170892.12"
0.650831736740708,1.40529054625112e-12,"ENSG00000170889.14"
0.454651282860618,7.02599734545959e-12,"ENSG00000204577.11"
0,0,"ENSG00000244482.10"
0,0,"ENSG00000105609.16"
0,0,"ENSG00000131042.14"
0.0535786362980593,7.97780032760923e-13,"ENSG00000167613.16"
0.0480202798886505,8.70718902541337e-14,"ENSG00000167614.14"
1.11926205101497e-11,0.00904007496192668,"ENSG00000267838.2"
0.153699951125194,0,"ENSG00000226696.6"
0,0,"ENSG00000167615.16"
0.0167402674143557,0,"ENSG00000275183.2"
0,0,"ENSG00000167617.3"
0,0,"ENSG00000239998.6"
0.189393460115497,1.29821384171078e-12,"ENSG00000186818.12"
0.398897823848562,0,"ENSG00000186431.19"
0,0,"ENSG00000189430.13"
0.587138456855177,0.0214456574984866,"ENSG00000022556.16"
0.02830082848167,5.20128526752794e-12,"ENSG00000088053.11"
0.423425459574105,0.192492032457029,"ENSG00000160439.16"
0.347930102360314,6.99767026160492e-15,"ENSG00000131037.15"
0,0,"ENSG00000125503.13"
9.10887901662782e-14,0.100901032098192,"ENSG00000080031.10"
0,0,"ENSG00000180089.5"
0.0249640034744642,4.80289522436048e-13,"ENSG00000105063.19"
0.29694346199112,1.96157334164505e-19,"ENSG00000133265.11"
0,0.00204418182274899,"ENSG00000160469.17"
0.118548611372195,0,"ENSG00000180061.10"
0.157622061074371,0,"ENSG00000133247.14"
0,0,"ENSG00000095752.7"
4.68986272830608e-12,0.0669516514605438,"ENSG00000233493.4"
0.0988109061623608,2.18689419010378e-14,"ENSG00000108107.14"
0.0809689420612557,0.493889244888257,"ENSG00000108106.14"
0,0,"ENSG00000187902.11"
0.276543154988213,4.41154137344988e-20,"ENSG00000063241.8"
7.81480679183871e-14,0.0210116356976897,"ENSG00000197483.10"
9.46196214311046e-20,0.421386540371156,"ENSG00000090971.5"
0.704802491564974,0,"ENSG00000179954.16"
0.0587726042470785,2.03967891867708e-13,"ENSG00000218891.5"
0.0663928418529661,0,"ENSG00000179943.8"
0.0352168009099049,4.69883779300128e-13,"ENSG00000171443.7"
0,0,"ENSG00000261221.3"
0,0,"ENSG00000276488.1"
0.00360633842421753,4.17789426644626e-10,"ENSG00000179922.5"
1.73594064671229e-14,0.0804154091810859,"ENSG00000213015.9"
0,0,"ENSG00000171425.10"
0.0163546718235781,0,"ENSG00000173581.7"
0.0137157517902216,3.56404243909668e-12,"ENSG00000063244.12"
0.0518747320856775,4.91472644420921e-12,"ENSG00000267523.1"
0,0,"ENSG00000267096.1"
0.744074328320692,0.0193286751942608,"ENSG00000063245.14"
0,0,"ENSG00000142409.6"
0.0752918534962859,0,"ENSG00000167685.15"
0,0,"ENSG00000131848.9"
0,0,"ENSG00000267710.9"
0.0480800814553327,3.50214277060131e-13,"ENSG00000240225.10"
1.44610732205774e-11,0.152304875350154,"ENSG00000018869.16"
0,0.0506095607538116,"ENSG00000285996.1"
0,0,"ENSG00000267454.6"
0.0985968475544956,0,"ENSG00000198440.9"
0,0,"ENSG00000198046.12"
0.292949704610018,2.02495257014426e-19,"ENSG00000166770.11"
0,0,"ENSG00000196263.8"
4.00674002651834e-17,3.89090084551792e-19,"ENSG00000196867.8"
0,0.147615097264468,"ENSG00000269696.2"
0,0,"ENSG00000197016.12"
0,0,"ENSG00000197951.9"
0,0.174504767012931,"ENSG00000127903.14"
0.730498776951887,0,"ENSG00000198300.14"
0.00524525801760866,0,"ENSG00000083844.10"
0.271186210689334,0.345727167177331,"ENSG00000105146.13"
0,0.0695722678316509,"ENSG00000204524.7"
0.0391305354785279,0,"ENSG00000267871.6"
0,0,"ENSG00000197714.9"
0.0635714134190467,1.12353165362887e-13,"ENSG00000279541.1"
0,0,"ENSG00000268205.1"
4.48580734096123e-24,0.00742955482171566,"ENSG00000178229.8"
0,0,"ENSG00000131845.14"
3.09104415546673e-12,0.000645723552648441,"ENSG00000152433.14"
2.59964135828412e-12,0.280026975472183,"ENSG00000256060.3"
0,0,"ENSG00000188785.12"
0,0.0542303161366512,"ENSG00000186272.12"
0,0,"ENSG00000186230.7"
0.0102588242203833,0,"ENSG00000276449.1"
0,0,"ENSG00000178201.4"
0.0144708710662451,0,"ENSG00000197128.11"
0.938968789467185,0,"ENSG00000268266.1"
0.209027658430178,3.49894938333338e-17,"ENSG00000105136.20"
0,0.0271985077666361,"ENSG00000152439.13"
0.272700385344332,8.51471059202144e-16,"ENSG00000121406.9"
0,0,"ENSG00000251369.8"
0,0,"ENSG00000083817.9"
0.000307351931642841,1.4800708977429e-13,"ENSG00000171649.12"
1.54425587655658e-12,0.0844014084871027,"ENSG00000183647.10"
0,0,"ENSG00000213762.12"
0,0,"ENSG00000121417.14"
0,0,"ENSG00000204519.11"
0.216663786919513,1.63686941792969e-12,"ENSG00000179909.15"
0,0.0909765198955512,"ENSG00000083814.13"
6.87571235381100e-13,0.035624156755186,"ENSG00000152443.13"
0.442935870638738,2.17757686594032e-12,"ENSG00000083828.16"
0.0167893150011316,1.08533976298357e-13,"ENSG00000178935.5"
0.0814992450023446,3.27370757798305e-08,"ENSG00000269343.8"
0.287142920184723,0,"ENSG00000269304.1"
0.143864102267333,9.71326164734102e-15,"ENSG00000204514.10"
0,0,"ENSG00000198466.12"
4.00704771853455e-14,0.00539280489149449,"ENSG00000269867.1"
0,0,"ENSG00000270804.1"
0,0,"ENSG00000173480.11"
0.493436582780196,1.36580034279484e-11,"ENSG00000196724.12"
0.00443141616135629,6.49286097085717e-12,"ENSG00000152454.4"
1.08617968165909e-09,0.162888714311975,"ENSG00000177025.3"
2.34748669647469e-22,0.315881093070878,"ENSG00000166704.11"
0.238770638521517,0,"ENSG00000176593.8"
0,0,"ENSG00000176293.19"
0.22879497812538,5.56978307646772e-13,"ENSG00000121413.12"
0,0,"ENSG00000181894.15"
0.00734974176600971,0,"ENSG00000171606.18"
0.0887369411047165,6.00400664196245e-13,"ENSG00000198131.14"
0,0,"ENSG00000268516.2"
0.597915713322221,1.4514494937552e-14,"ENSG00000268201.1"
0,0,"ENSG00000278129.2"
0,0,"ENSG00000267216.1"
0.00381272137887407,0.319048728269619,"ENSG00000142396.10"
0,0,"ENSG00000283103.3"
0.234918990412904,1.75966931123148e-13,"ENSG00000182318.6"
0.310182316858873,3.00281215175313e-13,"ENSG00000268230.5"
8.85176851569039e-20,0.150736485002294,"ENSG00000268895.6"
0,0.243817814632446,"ENSG00000174586.11"
0.383707361950041,7.46824912620399e-13,"ENSG00000268049.1"
0.444643121124471,0,"ENSG00000269054.2"
0,0,"ENSG00000152475.7"
0.179003515604453,8.26713549988214e-11,"ENSG00000083845.9"
0,0,"ENSG00000171574.18"
0.258385981809497,0,"ENSG00000232098.3"
0,0,"ENSG00000268912.1"
0,0,"ENSG00000131849.12"
0.0683569850489582,0,"ENSG00000269473.1"
0,0,"ENSG00000249471.8"
0,0,"ENSG00000083812.12"
0,0,"ENSG00000083838.16"
0.347823412809913,0,"ENSG00000083807.10"
0.0746217880238626,3.78723159556482e-20,"ENSG00000119574.13"
0.193779716925517,0.0597693765778065,"ENSG00000130726.12"
0.0963101598526956,4.08629334164487e-21,"ENSG00000130724.9"
0.26349529631452,0.0289142487841573,"ENSG00000130725.8"
0.334679094338587,0,"ENSG00000267858.6"
0,0,"ENSG00000099326.9"
0.530737734743298,0.0378402604075183,"ENSG00000213753.11"
0.0744373717606951,3.85448028439381e-14,"ENSG00000196476.12"
0,0,"ENSG00000247315.4"
0,0,"ENSG00000286158.1"
0.0332990480118801,1.4267530652416e-12,"ENSG00000225377.6"
0,0,"ENSG00000177732.8"
0,0,"ENSG00000125841.13"
0,0.0266709301499285,"ENSG00000101255.11"
0.0941690649501651,2.16853064501211e-21,"ENSG00000125826.20"
0.157349364647642,0.00584185082002272,"ENSG00000125875.14"
0,0,"ENSG00000101266.19"
0,0,"ENSG00000125878.6"
0.0372781652673894,5.53718771804745e-11,"ENSG00000271303.1"
0,0,"ENSG00000125898.13"
0,0,"ENSG00000101280.8"
0.255260880172715,4.8162041697544e-13,"ENSG00000286787.1"
0.134705404907658,2.29759336083682e-09,"ENSG00000125818.18"
0.270199179928032,0.0643045687753342,"ENSG00000215388.3"
0,0,"ENSG00000101298.15"
0,0,"ENSG00000125775.15"
0,0,"ENSG00000280162.1"
9.87611286010497e-21,0.0714843166720533,"ENSG00000234684.7"
0.0953397950863942,1.21978625283705e-20,"ENSG00000229728.1"
0.185357632855772,0,"ENSG00000088832.17"
0.127226723130789,5.82989834067313e-18,"ENSG00000088833.17"
0.142139397339423,0,"ENSG00000196209.13"
0.084098138578773,0.00125778283351907,"ENSG00000101307.15"
0,0,"ENSG00000276649.1"
0.0946846699920123,2.60502967161512e-12,"ENSG00000198053.11"
0.223957893071189,5.11308908127127e-13,"ENSG00000125834.13"
0.349678848663567,4.73356340669505e-21,"ENSG00000286108.1"
0.564880799396361,0.0896121200274056,"ENSG00000125835.18"
6.92669907263408e-10,0.102698285231521,"ENSG00000088876.12"
0,0,"ENSG00000101361.17"
0.428440692511735,7.96598243755888e-14,"ENSG00000101365.21"
0.0999205968096677,6.41109557356998e-22,"ENSG00000088881.20"
0,0,"ENSG00000088882.8"
0.359769805210024,4.82779447944936e-20,"ENSG00000132635.17"
0,0,"ENSG00000215305.10"
0,0,"ENSG00000132670.20"
0,0,"ENSG00000125901.6"
0,0.11328057619568,"ENSG00000263905.2"
0,0.243612091053537,"ENSG00000235958.5"
0.272667667484555,1.07121879984653e-15,"ENSG00000185019.17"
0,0,"ENSG00000215251.4"
1.24008790014143e-20,0.0504336160747227,"ENSG00000088899.15"
0.186141945254208,0,"ENSG00000198171.13"
0.54470773125095,4.60934492090193e-23,"ENSG00000125877.13"
0.357522450460268,0.226173369884449,"ENSG00000088836.14"
0,0,"ENSG00000277287.1"
0,0,"ENSG00000088854.12"
0,0,"ENSG00000088812.18"
0,0,"ENSG00000230568.1"
0,0.112510326216897,"ENSG00000149451.17"
8.1695912354645e-13,0.0360653961633816,"ENSG00000088827.12"
0.613366918916034,0,"ENSG00000132622.11"
0,0,"ENSG00000101220.17"
0.51560490484726,0.0624204217916614,"ENSG00000125817.8"
0,0,"ENSG00000101224.17"
0.113865718416526,0,"ENSG00000275491.1"
0,0,"ENSG00000125843.11"
0,0,"ENSG00000088888.18"
0,0,"ENSG00000125779.22"
0.0326370212158337,0,"ENSG00000101236.17"
1.12493342757008e-13,0.0503240015697718,"ENSG00000226608.3"
0.105871172703857,0.145638685909273,"ENSG00000088826.18"
0,0,"ENSG00000171867.17"
0.312832168232067,0.000968491186084732,"ENSG00000101265.16"
0,0,"ENSG00000089057.15"
1.59666299862458e-16,0.0106493798791995,"ENSG00000089063.15"
4.55659968867101e-17,0,"ENSG00000132646.11"
0,0,"ENSG00000101290.14"
0,0,"ENSG00000205181.7"
0,0,"ENSG00000125772.13"
0,0,"ENSG00000171984.15"
0,0,"ENSG00000089195.15"
0,0,"ENSG00000125885.13"
0.0692410550703374,7.3442566004657e-08,"ENSG00000088766.12"
0,0.0414345142881565,"ENSG00000125872.8"
0,0.0415069639341343,"ENSG00000101311.15"
0.455978760238523,1.04731617149628e-20,"ENSG00000234241.1"
0.419134596061233,0,"ENSG00000125845.7"
0,0,"ENSG00000125827.9"
0,0,"ENSG00000229766.7"
0.496901185528486,0,"ENSG00000182621.18"
0,0,"ENSG00000101333.16"
0,0,"ENSG00000132623.16"
0,0,"ENSG00000227906.8"
0,0,"ENSG00000132639.12"
8.41055722577036e-16,0.0883601886411986,"ENSG00000125863.20"
2.78691777972652e-17,0,"ENSG00000149346.15"
4.0298535190605e-23,0.0759979488557032,"ENSG00000235036.4"
0,0.223568258558174,"ENSG00000101384.12"
0.11821627305841,4.32424603293606e-09,"ENSG00000132640.15"
0,0.159659730992866,"ENSG00000236526.1"
0,0.0620458805638168,"ENSG00000172296.13"
6.44500712708784e-15,0.00434979010139525,"ENSG00000101230.6"
0,0,"ENSG00000089123.16"
0,0,"ENSG00000089048.14"
0.0165685777325075,1.07250319139454e-22,"ENSG00000101247.18"
0.0590755740442663,0,"ENSG00000172264.17"
0.116057250815798,0,"ENSG00000234187.1"
0,0,"ENSG00000125848.10"
0,0,"ENSG00000089177.18"
0.0263521407429546,3.0974962776434e-12,"ENSG00000125870.11"
0,0,"ENSG00000125851.10"
0.337906248545944,0.161041941911674,"ENSG00000125864.14"
0.0842603621153387,0.0367037097168439,"ENSG00000125868.16"
1.64994309328791e-12,0.0325402545034523,"ENSG00000202260.1"
0,0,"ENSG00000230495.1"
0,0.0214094026597843,"ENSG00000125844.16"
0.106693854279938,5.34465248723584e-13,"ENSG00000089006.16"
0,0,"ENSG00000212232.1"
0.133823079013998,5.65488896457565e-19,"ENSG00000125871.14"
0,0,"ENSG00000232838.4"
0,0,"ENSG00000149474.13"
0,0,"ENSG00000125846.15"
1.63405404662985e-12,0.18893742560215,"ENSG00000230010.2"
0.353580008933166,0,"ENSG00000089091.16"
0.00685069219836089,8.35992856905715e-11,"ENSG00000132664.12"
0,0,"ENSG00000089050.16"
0.283359354225585,0,"ENSG00000101310.17"
0.103534671507746,0.0443804791636369,"ENSG00000232388.4"
0.0762555565207065,4.60538584094267e-13,"ENSG00000125821.12"
0.0721645974444739,0.182826351051838,"ENSG00000273148.1"
0.451044588746192,0,"ENSG00000185052.12"
0.0413295409307427,1.21199914534993e-10,"ENSG00000132669.13"
0,0.0542955150235277,"ENSG00000173418.12"
0,0,"ENSG00000101343.14"
0,0,"ENSG00000188559.15"
8.93216278757528e-17,0.0793500184393996,"ENSG00000088970.16"
0,0,"ENSG00000232712.6"
0,0.0494663950998476,"ENSG00000275457.1"
0,0,"ENSG00000088930.8"
0.185356633881708,0,"ENSG00000178726.6"
0,0,"ENSG00000125810.10"
0,0.242443419159336,"ENSG00000132661.4"
0,0,"ENSG00000125812.16"
0,0,"ENSG00000125814.17"
0,0.014964357901707,"ENSG00000101439.9"
0,0,"ENSG00000101463.6"
0,0.00417861176878965,"ENSG00000077984.6"
0,0,"ENSG00000101474.12"
0,0,"ENSG00000286444.1"
0,0,"ENSG00000154930.15"
0.319261050083752,0,"ENSG00000197586.13"
0.398505178725822,0.0526999563013498,"ENSG00000100994.12"
0,0,"ENSG00000276952.1"
0,0,"ENSG00000100997.20"
0.215480643880868,0,"ENSG00000101003.10"
0.155705491412475,0,"ENSG00000101004.15"
0.134223333572408,0,"ENSG00000170191.5"
0.239759175113421,0.0350946141805573,"ENSG00000213742.7"
0,0.174343837456125,"ENSG00000130684.14"
0.257935482440798,0.150157017255123,"ENSG00000226465.3"
0.168714751640631,2.1043541721606e-11,"ENSG00000175170.16"
0.356097115659799,6.87019322573727e-13,"ENSG00000287569.1"
4.29532774678745e-18,0.00197241650628437,"ENSG00000227195.11"
0,0,"ENSG00000282826.2"
0.502526023182066,0.00909010859381449,"ENSG00000282870.1"
0.61563106170685,0.0619738445854891,"ENSG00000282995.1"
0.139000764202776,2.16706533389574e-12,"ENSG00000149531.15"
0.0082487462387225,2.36851930578754e-14,"ENSG00000101294.17"
0.609981817592116,0.0500999169867277,"ENSG00000125968.9"
0,0,"ENSG00000131055.5"
0.341348060728936,0.125640831451879,"ENSG00000171552.13"
0.147448651020606,0.02773574191441,"ENSG00000236559.1"
0,0,"ENSG00000281376.1"
0.0734169666682022,0,"ENSG00000088325.16"
0,0,"ENSG00000149599.15"
0.10698465264047,1.87968238538845e-12,"ENSG00000131044.17"
0,0,"ENSG00000088356.6"
0.263203295430977,1.81001537921496e-17,"ENSG00000101331.17"
0.540599411530904,0.117640773615883,"ENSG00000101336.14"
0,0,"ENSG00000101337.16"
0,0,"ENSG00000235217.6"
0,0,"ENSG00000126003.7"
0,0,"ENSG00000101346.14"
0.137441994139959,1.15255660071731e-11,"ENSG00000101350.8"
0,0,"ENSG00000171456.19"
0,0,"ENSG00000197183.14"
0.00517679708375556,0.255196484278793,"ENSG00000236772.1"
0,0,"ENSG00000277301.1"
0,0,"ENSG00000149600.11"
0,0,"ENSG00000088305.18"
0.0617433176282004,2.76689492538033e-22,"ENSG00000101367.9"
0,0,"ENSG00000260536.1"
0,0,"ENSG00000260257.2"
0.166743570971248,0.0115559762311521,"ENSG00000215529.12"
0,0,"ENSG00000186191.7"
0,0,"ENSG00000101391.21"
0.157089431606166,0.0163630839175542,"ENSG00000101400.5"
0.184128214519132,0,"ENSG00000078699.21"
0.0424862387392772,5.80967847202122e-09,"ENSG00000125967.16"
0.00436880571105051,2.481743930381e-11,"ENSG00000149609.6"
0,0,"ENSG00000182584.5"
0.574949211030366,0,"ENSG00000101412.13"
0.127122003166962,1.12216707378727e-17,"ENSG00000101417.12"
0,0,"ENSG00000131061.14"
0,0,"ENSG00000101421.4"
0,0,"ENSG00000285230.2"
0.262897565183284,1.21311579778091e-13,"ENSG00000125970.12"
0,0,"ENSG00000228386.2"
0,0,"ENSG00000264616.1"
0.0171887722061477,1.08984625109406e-12,"ENSG00000125977.7"
0.123217956882662,4.12547141911597e-11,"ENSG00000287853.1"
0.199318981030441,3.6993231948667e-11,"ENSG00000101444.13"
0.138749947795677,2.13915667526213e-10,"ENSG00000078747.15"
0,0,"ENSG00000125971.16"
0.120365737957586,4.47753863776454e-14,"ENSG00000101460.13"
0,0,"ENSG00000101464.10"
0,0.260156276450431,"ENSG00000198646.14"
0.645977506504731,4.88806961244102e-24,"ENSG00000078804.13"
0,0,"ENSG00000131067.17"
0.244361773828067,0.426736160725181,"ENSG00000131069.20"
0,0,"ENSG00000100983.12"
0.789651174365833,0,"ENSG00000078814.15"
0,0,"ENSG00000100991.12"
0,0,"ENSG00000088298.13"
0,0,"ENSG00000101000.6"
0.444912102095811,0.0457838179809469,"ENSG00000126005.17"
0,0.0236777006606453,"ENSG00000125966.10"
0,0,"ENSG00000279253.1"
0.270205865978423,0.00356974942504665,"ENSG00000242372.8"
0.267433378902257,0.209465809013132,"ENSG00000101019.22"
0.220135029397893,0,"ENSG00000125965.9"
0,0,"ENSG00000126001.16"
0,0,"ENSG00000125991.19"
4.02707252857417e-17,0,"ENSG00000088340.16"
0.278114728064792,6.92754266488942e-13,"ENSG00000061656.10"
0,0,"ENSG00000214078.12"
0.132256002258942,2.59407878577591e-14,"ENSG00000222460.1"
0,0,"ENSG00000244462.8"
0,0,"ENSG00000244005.13"
0,0,"ENSG00000125995.16"
0,0,"ENSG00000131051.24"
0.131308139773427,7.21774301194444e-13,"ENSG00000025293.17"
0.0495284816025563,2.34353079560812e-15,"ENSG00000199676.1"
0.215708620386241,2.9040361022465e-12,"ENSG00000171222.10"
0.51158063036242,0.150520249638595,"ENSG00000260032.2"
0,0,"ENSG00000234139.4"
1.1502740478232e-13,0.0388379871896509,"ENSG00000088367.23"
0,0.136186556338138,"ENSG00000232406.7"
0.176830440332031,0.0409001762796551,"ENSG00000131043.12"
0.05247033414857,1.7466513478781e-17,"ENSG00000080845.17"
0.545127519111819,0.0304541132656516,"ENSG00000232907.8"
0.0226022139310446,2.86944785014579e-11,"ENSG00000101335.10"
0,0,"ENSG00000118707.10"
0.741975091807273,0,"ENSG00000101084.18"
0,0,"ENSG00000101082.14"
0,0.050439795223621,"ENSG00000101079.21"
0,0,"ENSG00000149636.15"
0,0,"ENSG00000149639.15"
0.0980633131765736,0,"ENSG00000101347.9"
0,0,"ENSG00000080839.12"
0,0.115058039888221,"ENSG00000101353.14"
1.53993770149133e-15,2.0523612400268e-18,"ENSG00000118705.17"
0.0260415844689348,1.47088833509804e-20,"ENSG00000101363.12"
1.409772667933e-15,0,"ENSG00000197122.11"
0.321713566036338,0.0208956484841626,"ENSG00000166619.15"
0.484759241283381,0.135890421227838,"ENSG00000053438.11"
0.0346221024400273,0,"ENSG00000132792.19"
0,0,"ENSG00000132821.12"
0,0,"ENSG00000101407.13"
0,0,"ENSG00000101413.12"
0,0,"ENSG00000198959.12"
0,0,"ENSG00000149633.12"
0,0,"ENSG00000277829.1"
0.0696530892120103,0.264902482604279,"ENSG00000101425.13"
0.136536983682652,0,"ENSG00000129988.6"
0.424311121937457,0,"ENSG00000275285.1"
0.282924263409656,0,"ENSG00000224635.2"
0,0.0178589835038836,"ENSG00000196756.13"
0.537255557942581,0.111661927863252,"ENSG00000235408.5"
0,0,"ENSG00000174365.20"
0,0,"ENSG00000170471.15"
0,0.0659354532694245,"ENSG00000231307.1"
0,0,"ENSG00000101442.10"
8.28419811799668e-11,0.167171168914162,"ENSG00000101445.10"
0,0,"ENSG00000240474.3"
0.0444942523671994,2.1258848243729e-09,"ENSG00000101447.15"
0,0,"ENSG00000101452.15"
0,0.188566116465775,"ENSG00000204103.4"
0.0522279892490164,3.44734596216228e-14,"ENSG00000198900.6"
0.0836267290192099,0,"ENSG00000226648.2"
0.257205960133255,0.0702093442540951,"ENSG00000124181.14"
0.495685815190152,0.211262977359109,"ENSG00000174306.21"
0.101919220749876,0.268237101550601,"ENSG00000132793.11"
0,0,"ENSG00000124177.15"
0,0,"ENSG00000124193.16"
0.452172357135844,0.238238353664699,"ENSG00000185513.16"
0,0.309609041577923,"ENSG00000101049.17"
0,0,"ENSG00000101052.13"
0.43781456065682,1.95743263108478e-11,"ENSG00000101057.16"
0.433472375787634,2.89111378326621e-11,"ENSG00000124191.18"
0,0.154902196156836,"ENSG00000149596.6"
0,0,"ENSG00000132823.11"
0,0,"ENSG00000223891.6"
0,0,"ENSG00000124194.16"
0,0,"ENSG00000197296.6"
0,0,"ENSG00000124120.11"
0,0,"ENSG00000132824.14"
0,0,"ENSG00000168734.14"
0.0317308939557951,8.48620302283053e-13,"ENSG00000196839.13"
0.497397967317191,0.187793079821502,"ENSG00000064205.10"
0,0,"ENSG00000124249.7"
0.207427285055757,2.47581531866474e-17,"ENSG00000101098.12"
0.0633102819708696,4.59142058670717e-19,"ENSG00000166913.13"
0.305208674477019,1.99528997086889e-11,"ENSG00000101104.12"
0.0998164399958162,1.00714065021032e-20,"ENSG00000025772.8"
0.17849136567959,0.0228417054170724,"ENSG00000101109.12"
0,0,"ENSG00000124134.9"
0.136705627597075,0,"ENSG00000124102.5"
0.278105069951247,0.408523459260212,"ENSG00000124107.5"
0.560292866424553,0.0122156405521285,"ENSG00000124145.6"
0.848632557544458,0.0119015423827971,"ENSG00000275894.1"
0,0,"ENSG00000204070.10"
0.181622994789891,0.0236813827294913,"ENSG00000124251.11"
0,7.53586253996138e-15,"ENSG00000244274.7"
0,0,"ENSG00000124155.18"
0.000168117032435044,0,"ENSG00000124116.19"
0,0,"ENSG00000101457.13"
0.346954291091694,2.39480186097329e-13,"ENSG00000175063.17"
0.488346111104313,0.140436698030254,"ENSG00000101470.10"
7.15838717289867e-10,0.0582011020356053,"ENSG00000124104.19"
0,0,"ENSG00000101473.17"
0,0,"ENSG00000132801.7"
0,0,"ENSG00000168612.4"
0,0,"ENSG00000149634.4"
0,0,"ENSG00000124257.6"
0,0.0526710651772577,"ENSG00000064601.18"
0.246011096026894,0,"ENSG00000271984.1"
0,0,"ENSG00000100979.15"
0.0737205043510363,5.18594560675312e-11,"ENSG00000285796.1"
0,0,"ENSG00000100982.12"
0,0,"ENSG00000198026.8"
4.6660567345706e-13,0.0344999413687765,"ENSG00000100985.7"
0,0,"ENSG00000124140.13"
0.170717094433676,5.63261519882616e-11,"ENSG00000124160.12"
0.170979670426115,0,"ENSG00000101017.14"
0,0,"ENSG00000080189.15"
0.0779045656157721,1.05239057185931e-08,"ENSG00000273828.2"
0,0,"ENSG00000062598.18"
0.1292701118616,0.293477341802955,"ENSG00000198185.11"
0,0,"ENSG00000158296.14"
0.306488052488341,0.0396406687737875,"ENSG00000172315.6"
0,0,"ENSG00000197496.6"
0,0,"ENSG00000064655.19"
0,0,"ENSG00000236028.1"
0,0,"ENSG00000215450.2"
0.0312264510935195,0,"ENSG00000101040.19"
0.111343931985896,2.59477511891996e-10,"ENSG00000267882.2"
0,0.471444335541384,"ENSG00000231119.2"
0.0367588537202695,0.0703132340560412,"ENSG00000124151.19"
0,0,"ENSG00000229853.1"
0.26005163119629,0.107733930292866,"ENSG00000196562.14"
0.410185807835191,0.112582314098906,"ENSG00000255438.2"
0.159273381952221,0.23666306885481,"ENSG00000124126.14"
0,0,"ENSG00000286159.1"
0,0,"ENSG00000124198.9"
0.021965339081288,9.62214627789411e-22,"ENSG00000124207.17"
0.011302804216299,2.67839656953776e-12,"ENSG00000124214.19"
0,0,"ENSG00000124228.14"
0.0955323193442634,7.59185214515884e-13,"ENSG00000124201.15"
0.370056532416835,0,"ENSG00000177410.13"
0.476024061862793,1.36822869234792e-10,"ENSG00000209042.1"
0.51016984605637,0.184303871372385,"ENSG00000158445.10"
0.247971548628735,4.72687892616864e-13,"ENSG00000124212.6"
0,0,"ENSG00000158470.5"
0.0771446541486314,0,"ENSG00000197818.11"
0,0,"ENSG00000237788.1"
0,0,"ENSG00000158480.11"
0,0,"ENSG00000124226.11"
0,0,"ENSG00000229222.1"
0,0,"ENSG00000124216.4"
5.53676166842515e-19,0.155902369520529,"ENSG00000244687.11"
0.494426552874922,0.160258811048512,"ENSG00000240849.11"
0.103355864501723,0.213993380190106,"ENSG00000231742.6"
0.368270167815916,0,"ENSG00000277449.1"
0,0,"ENSG00000172216.6"
0,0,"ENSG00000224397.7"
0,0.025498996151343,"ENSG00000203999.9"
0,0,"ENSG00000196396.10"
0,0,"ENSG00000239742.3"
0,0,"ENSG00000232043.1"
0.0435308564866376,3.53266641740255e-14,"ENSG00000208018.1"
0,0,"ENSG00000042062.13"
0,0,"ENSG00000234693.1"
0,0,"ENSG00000124171.9"
4.19982628763774e-15,0,"ENSG00000124243.17"
0,0,"ENSG00000101126.17"
0,0,"ENSG00000228663.1"
0,0,"ENSG00000259456.4"
0,0,"ENSG00000000419.12"
0,0,"ENSG00000124217.5"
0,0.149443026111407,"ENSG00000026559.14"
0,0,"ENSG00000101096.20"
6.14352706378085e-19,0.059138620908672,"ENSG00000054793.14"
0,0,"ENSG00000101115.13"
0,0,"ENSG00000020256.20"
0,0,"ENSG00000182463.16"
0,0,"ENSG00000286865.1"
0,0.201393840464867,"ENSG00000223492.1"
0,0,"ENSG00000231703.2"
0.148514081261772,0,"ENSG00000197670.6"
0.0527926144045679,3.37496983778186e-12,"ENSG00000171940.13"
0.0292014475086462,0,"ENSG00000064787.13"
0.070041019290155,5.28925616840384e-20,"ENSG00000101132.10"
0.299257240522822,7.92686145107343e-11,"ENSG00000101134.12"
0,0,"ENSG00000054803.4"
0,0,"ENSG00000124098.10"
0.0732504073089128,2.76228579640546e-12,"ENSG00000087586.17"
0,0,"ENSG00000101138.12"
0.492451750721127,0,"ENSG00000087589.16"
0.0781752264686138,1.82273717535944e-21,"ENSG00000022277.12"
0,0,"ENSG00000124091.9"
0,0,"ENSG00000101144.13"
0,0,"ENSG00000101146.13"
0,0,"ENSG00000228995.1"
0.206818262534556,0,"ENSG00000256222.3"
0,0.0603690361361441,"ENSG00000218018.3"
0.121793340598774,0.039881972779821,"ENSG00000132819.17"
0.150454509110688,0.0882649275071541,"ENSG00000124253.11"
0,0,"ENSG00000124225.16"
0,0,"ENSG00000278709.2"
0,0,"ENSG00000124224.17"
0,0,"ENSG00000124209.4"
0,0,"ENSG00000124164.15"
0.224405673206402,0.0220309405459858,"ENSG00000198768.11"
0.472274446652094,0.12100170251386,"ENSG00000231290.6"
0,0,"ENSG00000124222.22"
0,0,"ENSG00000254995.4"
0,0,"ENSG00000215440.12"
0.149739675486124,2.18487751614139e-18,"ENSG00000087460.25"
0,0,"ENSG00000285091.1"
0.0360868374636921,0,"ENSG00000101158.15"
0,0,"ENSG00000101160.14"
0.168859309089234,1.49477132053723e-11,"ENSG00000101162.3"
0.119467231482482,2.39961759247164e-20,"ENSG00000124172.10"
0.0166841068013537,4.13307054169608e-13,"ENSG00000101166.16"
0.168248284147102,0.161921429569349,"ENSG00000124203.6"
0.170195089644554,6.6322312483765e-14,"ENSG00000087495.17"
0.0108221216501683,0,"ENSG00000196074.13"
2.87836562945839e-13,0.0844998394812901,"ENSG00000196227.11"
0,0.0267444147056215,"ENSG00000132825.7"
0,0.262636610473144,"ENSG00000124215.17"
0,1.4465601445225e-16,"ENSG00000228340.6"
0.22715464196268,9.61451404195036e-12,"ENSG00000179242.16"
0,0,"ENSG00000130699.18"
0.227564223713707,0,"ENSG00000149657.20"
0.222908718225355,1.085239727218e-12,"ENSG00000101182.15"
0,0,"ENSG00000184402.15"
0.265681093779479,0.0736146048384995,"ENSG00000101181.17"
0,0,"ENSG00000130703.16"
0.336877307323193,3.03674273053985e-08,"ENSG00000130706.13"
3.584512379898e-16,0,"ENSG00000226332.2"
0.0839499409422755,2.85728174313678e-12,"ENSG00000130702.15"
6.81447182581219e-20,0.32538772724162,"ENSG00000273619.1"
0.0909490131483296,3.28364720258368e-12,"ENSG00000171858.18"
0,0,"ENSG00000149679.11"
0,0,"ENSG00000275437.1"
0.134850813862993,0,"ENSG00000101187.16"
0,0,"ENSG00000277496.1"
0,6.79824489273979e-17,"ENSG00000101189.7"
0,0,"ENSG00000060491.16"
0,0,"ENSG00000092758.18"
0,0,"ENSG00000101190.13"
0,0,"ENSG00000101191.16"
0,0,"ENSG00000273759.1"
0,0,"ENSG00000101193.8"
0,0,"ENSG00000101194.18"
0,0,"ENSG00000149658.18"
0,0.0170639233385852,"ENSG00000101199.13"
0,0,"ENSG00000101210.12"
0,0,"ENSG00000125534.10"
0,0,"ENSG00000101213.7"
0,0,"ENSG00000125531.7"
0.550208902784687,0,"ENSG00000130589.16"
0,0.203387036648036,"ENSG00000101216.11"
0,0.0117785802413959,"ENSG00000232442.1"
0,0.0796683654554744,"ENSG00000197457.10"
0,0,"ENSG00000258366.8"
0,0,"ENSG00000026036.22"
0,0,"ENSG00000101246.20"
0,0,"ENSG00000197114.11"
0,0,"ENSG00000203896.10"
0.118043295665598,5.89283512650955e-24,"ENSG00000125520.14"
6.96419359234084e-17,2.55817732659589e-19,"ENSG00000130584.11"
0,0.0602530679949753,"ENSG00000268858.2"
0.33167411755005,7.75361754425668e-21,"ENSG00000101150.17"
0.310560339042827,1.55033637611343e-13,"ENSG00000101152.11"
0,0,"ENSG00000199805.1"
0,0,"ENSG00000198276.16"
0.435991994286335,1.19223599103889e-11,"ENSG00000280213.1"
0,0,"ENSG00000196700.9"
0,0,"ENSG00000130590.14"
0,0,"ENSG00000101161.8"
0,0.0699955193786663,"ENSG00000196421.8"
0,0,"ENSG00000203883.7"
0.102098712170735,0,"ENSG00000171703.17"
0,3.96819357641183e-15,"ENSG00000171700.14"
0.081473136529896,2.28829418623392e-13,"ENSG00000203880.12"
0.687014607451059,1.73851554641954e-22,"ENSG00000280071.4"
0.900271527286385,7.64382449778689e-12,"ENSG00000275464.5"
0.736396159725554,0,"ENSG00000280433.1"
0,0,"ENSG00000275993.3"
0.450482605577122,6.46350084714406e-11,"ENSG00000274276.4"
0.608415005111539,0.0428680108920409,"ENSG00000275895.7"
0,0,"ENSG00000281383.1"
0,0,"ENSG00000188681.11"
0.273348961406136,7.56418044956112e-12,"ENSG00000215559.8"
0.420762047622451,0,"ENSG00000224905.7"
0,0,"ENSG00000243064.8"
0,0,"ENSG00000155304.6"
0.177267633265631,0.0205516229546993,"ENSG00000155307.18"
0.0112516190788529,0,"ENSG00000226751.2"
0.0963103090311514,0.132828439843274,"ENSG00000235609.7"
0.297167961418011,0,"ENSG00000281903.2"
0,0,"ENSG00000226406.1"
0,0,"ENSG00000180530.11"
0,0,"ENSG00000231201.1"
0.153284629550935,3.75548582020507e-08,"ENSG00000279390.1"
0,0,"ENSG00000155313.15"
0.230321858026299,0.174415673803024,"ENSG00000215386.13"
0,0,"ENSG00000270071.3"
0.0287104029386977,8.19980060599947e-13,"ENSG00000270139.1"
0.00599156302334112,0,"ENSG00000287066.1"
0.285261286545121,0.442974181112703,"ENSG00000280432.1"
0.254589499828312,0.0951242112402244,"ENSG00000269950.1"
0.0320921628121301,9.00999700688857e-16,"ENSG00000154639.19"
0.0970946309495112,3.47587206169162e-11,"ENSG00000154640.14"
0,0,"ENSG00000280594.1"
0,0,"ENSG00000154642.11"
0,0,"ENSG00000154645.14"
0.238917626752379,0.311995583189116,"ENSG00000198618.5"
8.40526395305732e-12,0.0995401054761846,"ENSG00000229336.1"
0,0,"ENSG00000154654.15"
5.76941579771873e-19,0.0485899054048543,"ENSG00000237484.6"
0,0,"ENSG00000213885.4"
0.443879086499762,7.90013685437672e-13,"ENSG00000234883.6"
0,0,"ENSG00000260583.1"
0.188638621460241,9.63072472399494e-22,"ENSG00000154719.13"
1.40051967457942e-15,0.00886625251936868,"ENSG00000154721.15"
0.0593079806996648,0,"ENSG00000154723.12"
0,0,"ENSG00000154727.10"
0,0,"ENSG00000142192.21"
0,0.0901217280200343,"ENSG00000233783.8"
0,0,"ENSG00000166265.13"
1.03924268647373e-13,0.39312248012619,"ENSG00000154734.15"
0,0,"ENSG00000154736.6"
0.425804807495479,1.6461477668771e-12,"ENSG00000232079.7"
0.184554910893529,0.184955436856614,"ENSG00000236532.6"
3.78954071601408e-09,0.0562786858439919,"ENSG00000232855.7"
0,0,"ENSG00000156239.12"
0,0,"ENSG00000198862.14"
0.302397057759756,2.37662920253556e-10,"ENSG00000156253.7"
0.118838058959166,0,"ENSG00000273254.1"
0.0709165019808017,3.20563100471817e-13,"ENSG00000156256.15"
0.000938339009877661,0,"ENSG00000156261.13"
0.117668559601035,0.207760099049653,"ENSG00000231125.2"
0,0,"ENSG00000286018.1"
0,0,"ENSG00000156265.15"
0.0746978918070712,6.01990249879502e-12,"ENSG00000156273.16"
0.588143763128793,0,"ENSG00000248476.1"
0.0480334810064732,1.24977970187482e-15,"ENSG00000232118.2"
0.254373329131992,2.79465586788501e-19,"ENSG00000228817.4"
0,0,"ENSG00000171189.17"
0.492351859095025,0.360137876331692,"ENSG00000156299.13"
0,0,"ENSG00000142168.14"
0,0,"ENSG00000238390.1"
0,0,"ENSG00000273271.1"
0,0,"ENSG00000156304.15"
0.301667371905753,0.218706376764855,"ENSG00000142149.9"
0.473244480508919,2.27390680370273e-09,"ENSG00000159055.4"
0.582575094407865,7.51011689697433e-13,"ENSG00000170262.12"
0,0,"ENSG00000232623.1"
0,0,"ENSG00000142207.7"
0.674639004865478,0.194594200422189,"ENSG00000200792.1"
0,0,"ENSG00000256073.3"
0.620752073858,0.230813414950119,"ENSG00000166979.13"
0,0,"ENSG00000159079.19"
0,0,"ENSG00000159082.17"
0.753701740069758,0.00179042934151368,"ENSG00000238197.6"
0,0,"ENSG00000159086.15"
0.177830408026494,0,"ENSG00000205930.10"
0.580778875594705,7.27391106487141e-14,"ENSG00000205929.11"
0.510055784324498,8.3840892693356e-12,"ENSG00000159110.19"
0.343323188745268,0,"ENSG00000223799.1"
0,0,"ENSG00000243646.10"
0.191756477848847,3.32341381974623e-19,"ENSG00000142166.13"
0.317239720766596,0,"ENSG00000159128.14"
0.282795684958457,0.123031407289707,"ENSG00000142188.17"
1.48024541779151e-20,0.0454741823453849,"ENSG00000177692.11"
0.0912686684712742,6.67914451482325e-13,"ENSG00000159131.17"
0,0,"ENSG00000159140.20"
1.90331834405926e-19,0.227652785501675,"ENSG00000159147.18"
0.108097535436519,0,"ENSG00000205758.12"
0,0,"ENSG00000205726.15"
0.140023717852673,1.38835506983946e-20,"ENSG00000241837.7"
0,0,"ENSG00000237945.7"
4.10884665845836e-21,0.00950907861325444,"ENSG00000243927.6"
5.03541716385533e-20,0.0586021023845787,"ENSG00000198743.7"
0,0,"ENSG00000224598.1"
4.94682591397031e-10,0.0813819995507801,"ENSG00000227456.9"
0.526453949329868,3.20951829043162e-08,"ENSG00000180509.12"
0,0,"ENSG00000159200.18"
0.454560918463057,8.50085360317464e-14,"ENSG00000159212.12"
0.367426960778648,3.51695572029447e-15,"ENSG00000234380.2"
0.393214924086111,0,"ENSG00000159216.18"
0,0,"ENSG00000286153.1"
5.83025836207067e-11,0.186615356799321,"ENSG00000231106.2"
0,0,"ENSG00000185917.13"
0.0832546746890653,0.044607734016746,"ENSG00000159228.13"
0,0,"ENSG00000236830.7"
0,0,"ENSG00000159231.6"
0,0,"ENSG00000142197.12"
0,0,"ENSG00000273199.1"
0,0,"ENSG00000159256.13"
0,0.129865693853641,"ENSG00000228107.1"
0,0,"ENSG00000159259.8"
0,0,"ENSG00000159263.16"
0,0,"ENSG00000159267.14"
0,0,"ENSG00000237646.1"
0.234044095493606,4.72446120681463e-13,"ENSG00000224790.3"
0,0,"ENSG00000185808.13"
0,0,"ENSG00000182670.13"
0,0,"ENSG00000270116.1"
0,0,"ENSG00000228677.1"
0,0,"ENSG00000230366.9"
0,0,"ENSG00000263969.2"
0.317677960094874,0.100992054812312,"ENSG00000157538.14"
0,0,"ENSG00000157540.21"
0.056276482190359,2.49252557624311e-11,"ENSG00000157542.11"
0.247814467826684,6.5375742111808e-13,"ENSG00000157551.19"
0,0,"ENSG00000226012.1"
0,0,"ENSG00000231123.1"
0,0,"ENSG00000157554.19"
0,0,"ENSG00000157557.13"
0.195868485360156,0.262217678963617,"ENSG00000205622.11"
0.12959420932533,5.60768976181617e-23,"ENSG00000235888.3"
5.32721868952398e-12,0.267403284085822,"ENSG00000183527.12"
0,0,"ENSG00000185658.13"
0.00355176968378699,3.07594242358207e-11,"ENSG00000205581.11"
0,0,"ENSG00000182093.16"
0.403893605594647,0.0279215321413243,"ENSG00000157578.13"
9.34494115751243e-12,0.0868845511149405,"ENSG00000182240.16"
1.45026100603683e-21,0.050387072702238,"ENSG00000280109.3"
0,0,"ENSG00000183486.13"
0.411125220893368,0,"ENSG00000157601.14"
0.273696852739473,0.663734128957428,"ENSG00000183421.12"
2.73234227498662e-10,0.041694224931553,"ENSG00000141956.13"
0,0,"ENSG00000157617.17"
0,0,"ENSG00000173276.14"
0.126977847642262,0.185421309014005,"ENSG00000237232.8"
0.108951758324784,0.0900052247155481,"ENSG00000160179.18"
0,0.148913815917705,"ENSG00000160180.15"
0,0,"ENSG00000160190.14"
0.350248242749245,0,"ENSG00000160191.18"
0,0,"ENSG00000160193.12"
0.0300678260676049,0,"ENSG00000160194.18"
0,0,"ENSG00000233056.2"
0.330061637281302,2.08089959651072e-11,"ENSG00000160199.15"
0.862112548613712,0,"ENSG00000160200.17"
0.552607054566753,0.00322679498145066,"ENSG00000160201.11"
0.0188112504554026,5.35080186523895e-24,"ENSG00000237989.1"
0,0,"ENSG00000160207.9"
0,0,"ENSG00000160208.13"
0.21841458986951,7.70792963607363e-15,"ENSG00000160209.19"
0.155175034643803,1.36734858048554e-21,"ENSG00000160213.7"
0,0,"ENSG00000160214.13"
0.251319695484637,0.321646477202637,"ENSG00000215458.8"
0.0335988813560619,6.73323242096436e-16,"ENSG00000160216.19"
0.0393673683937643,5.78043004203608e-11,"ENSG00000160218.13"
0.747545812928113,0.0529074045883835,"ENSG00000241945.8"
0.687764892057405,7.70384995400386e-23,"ENSG00000160221.18"
0.458763898251632,4.0242435323941e-12,"ENSG00000141959.17"
0,0.170970495810647,"ENSG00000160226.16"
0.420590731116768,3.41282696068816e-13,"ENSG00000184441.4"
0.410123661658786,0.0240347977627404,"ENSG00000142185.16"
0.339562817911742,2.98369288436709e-22,"ENSG00000160233.8"
0.3753804417657,0.0726518063196592,"ENSG00000235890.2"
0.463649474773015,7.00382826131259e-21,"ENSG00000184787.19"
0,0,"ENSG00000184900.15"
0.0231250078713886,2.61007746793564e-19,"ENSG00000183255.12"
3.71823628461814e-12,0.0173603874994927,"ENSG00000160255.18"
0.17967457211899,0.0423271265203138,"ENSG00000227039.6"
0.0352633452418477,0.00352906649964421,"ENSG00000183250.12"
8.15163196633502e-16,0,"ENSG00000272825.1"
1.33680661850411e-18,0.259443035833858,"ENSG00000160256.13"
0.185039074006816,6.47190020506882e-17,"ENSG00000235374.2"
0,0,"ENSG00000197381.16"
0,0.124616528911587,"ENSG00000186866.16"
0,1.74563695866203e-14,"ENSG00000223768.2"
0,0,"ENSG00000182871.16"
2.15213320763788e-08,0.191279919313739,"ENSG00000224574.1"
0,0,"ENSG00000183535.9"
0.403932251500197,0.0274795411044459,"ENSG00000173638.19"
0.11246832443714,4.39549476886196e-22,"ENSG00000183570.16"
0,0,"ENSG00000275139.1"
0.0484193402502929,0,"ENSG00000286886.1"
0.0127555253636833,0,"ENSG00000280604.1"
0,0,"ENSG00000142156.14"
0,0.0748164867694544,"ENSG00000142173.15"
0.324125427949726,0.0730945908610273,"ENSG00000160284.15"
0.19309899754638,0,"ENSG00000160285.15"
0,0.0381754424609252,"ENSG00000223901.2"
0.30266637060791,3.2919347065919e-20,"ENSG00000215424.10"
0,0,"ENSG00000160294.11"
0.167367817637881,2.47550729395771e-14,"ENSG00000239415.1"
0.0389191516835292,2.92447424077332e-09,"ENSG00000182362.14"
0,0,"ENSG00000160298.17"
0,0,"ENSG00000160299.17"
0,0,"ENSG00000225043.1"
0.15256492346537,0,"ENSG00000160305.18"
0.402189504350898,0,"ENSG00000160307.10"
0.0142795458205064,8.81956247908568e-10,"ENSG00000160310.18"
8.15806879696018e-10,0.0534030371475547,"ENSG00000230982.1"
0,0,"ENSG00000286406.1"
0,0,"ENSG00000206195.11"
0,0.132313629918823,"ENSG00000100181.22"
0,0.115353988098169,"ENSG00000283633.1"
0,0.0308845192269321,"ENSG00000237438.7"
0,0.120968033845934,"ENSG00000273203.1"
0,0,"ENSG00000177663.13"
0.614523056535854,0.0873435878622209,"ENSG00000069998.12"
4.73013305439009e-12,0.23374643162285,"ENSG00000093072.18"
0,0,"ENSG00000099954.18"
0,0,"ENSG00000229492.1"
0,0.232133081364145,"ENSG00000182902.14"
1.44250534714413e-23,0.00633305896054965,"ENSG00000236754.5"
0.0455900133771137,2.2496118434132e-12,"ENSG00000131100.13"
0,0,"ENSG00000099968.18"
0.611960766998999,1.00331601681857e-12,"ENSG00000015475.18"
0,0,"ENSG00000269220.1"
5.22735049537781e-12,0.226743342805199,"ENSG00000243156.9"
0.222797227949198,0.443036840336362,"ENSG00000093100.13"
0,0.114403850412514,"ENSG00000235445.1"
0,0,"ENSG00000215193.12"
0.115327466943821,0,"ENSG00000280007.1"
0,0,"ENSG00000184979.10"
0.470037211359657,9.86871830897049e-10,"ENSG00000274602.5"
0,0,"ENSG00000070413.20"
0,0,"ENSG00000206739.1"
0.149518525000587,0,"ENSG00000273311.1"
0,0.314143154606378,"ENSG00000281530.1"
0,0,"ENSG00000100056.12"
0,0,"ENSG00000260924.2"
0.403959656165532,0.0958784089652187,"ENSG00000100075.10"
0.171323436141897,0,"ENSG00000070371.16"
1.00990406116501e-10,0.152534680933849,"ENSG00000233471.2"
0.134979276803082,1.07005653758811e-11,"ENSG00000100084.14"
1.51934119606329e-12,0.014993147235579,"ENSG00000242259.8"
0.109307912375933,3.10365990305311e-21,"ENSG00000185608.8"
0.103904051233032,9.85077478237212e-21,"ENSG00000070010.19"
0.638338582660899,3.61826025022326e-14,"ENSG00000093009.10"
0.293260049555199,1.36966664916669e-10,"ENSG00000184113.9"
0,0,"ENSG00000184058.14"
0.334420725520143,0.0868098569338879,"ENSG00000185838.14"
1.82298251578581e-13,0.0666914209643744,"ENSG00000215012.9"
0,0,"ENSG00000184470.21"
0,0.444039736222626,"ENSG00000093010.13"
0.0217444843041032,0,"ENSG00000099889.14"
0,0,"ENSG00000183597.16"
0.127001201552252,5.18133561988879e-10,"ENSG00000236540.7"
0,0,"ENSG00000128191.16"
0,0,"ENSG00000099899.15"
0.0443256980411512,0,"ENSG00000099901.17"
0,0,"ENSG00000099904.15"
0,0,"ENSG00000234409.7"
0.282918784430992,7.90229212107214e-20,"ENSG00000128185.10"
0.480534830326968,0.068676234333318,"ENSG00000185252.19"
0.0369653703119373,0,"ENSG00000244486.8"
0,0,"ENSG00000099910.17"
0,0,"ENSG00000215493.3"
0,0,"ENSG00000236670.1"
0,0,"ENSG00000099917.17"
0,0,"ENSG00000241973.11"
0,0.101939891702689,"ENSG00000099937.11"
0.229213303259391,0,"ENSG00000099940.12"
0,0,"ENSG00000099942.13"
7.67075302062459e-21,0.111037093531238,"ENSG00000183773.15"
1.00929173002949e-20,0.00525880213352026,"ENSG00000099949.21"
0,0,"ENSG00000184436.12"
0,0,"ENSG00000230513.2"
5.34852055592638e-13,0.0371052445831398,"ENSG00000099957.16"
0.0868630795531748,0,"ENSG00000099960.13"
0,0.00605922747304219,"ENSG00000169635.10"
0.344135153763952,0,"ENSG00000183506.17"
7.45440194147092e-15,0,"ENSG00000185651.14"
0,0,"ENSG00000161179.13"
0.412064285568319,0.257245391316758,"ENSG00000128228.5"
0.18427432523421,0,"ENSG00000100023.19"
0.0928938765855918,3.04109393213772e-21,"ENSG00000100027.16"
2.38432453576149e-12,0.0664223870313109,"ENSG00000244671.3"
0,0,"ENSG00000100030.14"
0,0,"ENSG00000100034.14"
0.443523494763371,2.60155326251255e-09,"ENSG00000224086.6"
0,0.369306065591739,"ENSG00000100038.19"
0,0.35215141245778,"ENSG00000279278.1"
0,0.107676562684679,"ENSG00000274422.1"
0.352317633837792,0.251530909731609,"ENSG00000234630.1"
0.716332501755427,0.0833890338491372,"ENSG00000275004.4"
0,0,"ENSG00000211677.2"
0,0.158084754193655,"ENSG00000128266.9"
6.41095697659422e-25,0.0584747354756525,"ENSG00000100228.12"
0,0.219894221554895,"ENSG00000186716.21"
0.276522606643576,0.124996886921118,"ENSG00000230701.2"
0,0,"ENSG00000128322.7"
0,0,"ENSG00000228315.12"
0.46012541822766,6.19178695255647e-14,"ENSG00000272578.5"
0,0,"ENSG00000159496.14"
0,0,"ENSG00000187792.5"
0.296852459898317,0.0373171508032896,"ENSG00000250479.8"
0.232723712716905,1.07188691761349e-12,"ENSG00000099953.10"
0.201334391082117,2.90910689957574e-13,"ENSG00000099956.19"
1.21051415344257e-21,0.0112107717706505,"ENSG00000099958.14"
0.566025945555275,0.181032599698907,"ENSG00000133460.19"
0.845268446042937,0.116039655646199,"ENSG00000218537.1"
0.967369517764429,3.99434672124718e-14,"ENSG00000273295.1"
0.635797522922904,0,"ENSG00000225282.1"
0.0550999119763008,3.18358255083249e-09,"ENSG00000099974.8"
0.0688584521650257,3.97241182413748e-20,"ENSG00000272787.1"
0.0489154387583458,3.59491702974252e-11,"ENSG00000099991.18"
0,4.27495503561927e-15,"ENSG00000232545.1"
0.599443862254928,0.0370914332262782,"ENSG00000099994.11"
0.200778162041688,0.0134415314594381,"ENSG00000099998.17"
0.401592718178255,0.459665230268586,"ENSG00000230712.3"
0.100699176938375,0.309734556770729,"ENSG00000128262.8"
0,0.00934728620686123,"ENSG00000100014.20"
0.246025367136386,2.70518961423785e-15,"ENSG00000128271.22"
0.374527342367752,0,"ENSG00000178803.12"
0.0551875124839754,0.354249125284988,"ENSG00000100024.15"
0.132160582552572,2.55940031844334e-10,"ENSG00000138867.16"
0,0,"ENSG00000100028.12"
0.211959412771404,0.255805492783491,"ENSG00000178026.13"
0,0,"ENSG00000197077.13"
7.29003557449977e-13,0.0353227770534001,"ENSG00000279006.1"
0.150945446899783,0,"ENSG00000279110.1"
0,0,"ENSG00000203280.4"
1.37550977657608e-09,0.137007019466995,"ENSG00000231466.2"
0.542878442547787,0,"ENSG00000100068.13"
0,0,"ENSG00000100058.12"
0.482774214241315,0.197896552508455,"ENSG00000272977.1"
0.213516553423062,0.217121099522241,"ENSG00000100077.15"
1.55553573466337e-09,0.0547384960742059,"ENSG00000237387.1"
1.06060611554993e-19,0.0589045447084966,"ENSG00000224003.1"
0.300355714839231,1.05318348235983e-16,"ENSG00000133454.15"
0,0,"ENSG00000128203.7"
0.8124504791064,8.54420141488965e-14,"ENSG00000100099.20"
0,0,"ENSG00000100104.13"
0,0,"ENSG00000100109.17"
1.35709431825394e-20,0.330522940468938,"ENSG00000261188.1"
1.03792986015213e-12,0.0353512756501963,"ENSG00000128294.16"
0.172056229800192,1.5576562508613e-13,"ENSG00000225783.8"
0.462482394071716,7.71543200743551e-13,"ENSG00000244625.7"
0,0,"ENSG00000223704.2"
0,0,"ENSG00000169184.6"
0.0169221597761913,9.38552155052311e-31,"ENSG00000180957.18"
0.270170422264334,0,"ENSG00000235954.7"
0,0,"ENSG00000100154.14"
0.131213344253468,0,"ENSG00000183765.22"
0.045260284131365,4.75094980967041e-09,"ENSG00000100209.10"
0.0416825868286381,3.72869828080515e-13,"ENSG00000159873.10"
0.0353185503010059,2.18059779258034e-21,"ENSG00000100219.16"
0,0,"ENSG00000226471.6"
0.209735148246341,1.59792022224833e-09,"ENSG00000183579.16"
2.10438746379343e-15,0.12173912281162,"ENSG00000235786.1"
0.10813380421038,0,"ENSG00000177993.3"
0.484854711811779,0.197613012672195,"ENSG00000183762.12"
0,0,"ENSG00000186998.16"
0.0220473829821585,0.165338140882608,"ENSG00000100263.14"
0.028164133559195,0,"ENSG00000182944.17"
0.0234472623005353,1.32137159494615e-22,"ENSG00000185340.15"
0,0,"ENSG00000100276.10"
0.140021104554084,4.2279408779377e-19,"ENSG00000100280.16"
0,0.093898982797839,"ENSG00000225465.9"
0.139778629091066,7.23691505965362e-12,"ENSG00000100285.10"
0,0,"ENSG00000100296.13"
0,0,"ENSG00000184117.12"
0.0508627489537837,1.15806957634657e-11,"ENSG00000186575.18"
0,0,"ENSG00000100319.13"
0.297154447429013,0,"ENSG00000184076.13"
0,0,"ENSG00000100325.15"
0.283583633832071,1.54247635062755e-12,"ENSG00000100330.15"
0.136649127569729,0,"ENSG00000279159.1"
0.589958358845911,0.147852528953107,"ENSG00000128342.5"
0.625184143538028,0.0984091365719131,"ENSG00000268812.3"
0.0072774134999096,0,"ENSG00000099985.4"
0,0,"ENSG00000279699.1"
0,0,"ENSG00000239282.7"
0,0,"ENSG00000099992.15"
0,0,"ENSG00000099995.19"
4.663989954799e-10,0.371897298250304,"ENSG00000187860.10"
0.0794277980352489,0.189023569040419,"ENSG00000099999.15"
0,0,"ENSG00000100003.18"
0.168769120148549,0.0860810074205149,"ENSG00000242114.6"
0,0,"ENSG00000133488.15"
0.482343043390037,3.60721577277919e-10,"ENSG00000100029.18"
1.28111532429601e-21,0.0246859058740052,"ENSG00000185339.9"
0,0,"ENSG00000100036.13"
0,5.23860264579574e-15,"ENSG00000167065.13"
0,0.298427674193297,"ENSG00000250318.1"
0,0,"ENSG00000184792.16"
0.213831347268264,0.088861091743493,"ENSG00000133422.13"
0,0,"ENSG00000253352.9"
0,0,"ENSG00000183963.18"
0,0,"ENSG00000273387.1"
0,0,"ENSG00000198832.10"
0,0.107101516144504,"ENSG00000185133.14"
0,0,"ENSG00000138942.16"
0.533637740273363,0.251075845381725,"ENSG00000182541.18"
5.68824466675613e-21,0.0525225170203715,"ENSG00000100100.13"
0.157810225667045,0,"ENSG00000100105.18"
3.59127214437146e-17,1.8619514403129e-19,"ENSG00000213888.3"
0.0269337125232138,2.37794598389223e-12,"ENSG00000185721.13"
0,0.0613335021904373,"ENSG00000184708.18"
0,0,"ENSG00000240591.2"
3.39671279158576e-13,0.202468821214637,"ENSG00000198089.16"
0,0,"ENSG00000241878.11"
0,0,"ENSG00000183530.14"
0,0.00610198188973449,"ENSG00000100150.19"
0,0,"ENSG00000128245.15"
0.0166753028652693,7.39126446773618e-09,"ENSG00000100220.12"
0.219059703258725,8.06751430945385e-13,"ENSG00000100225.18"
0.165967455481724,0.144650616106294,"ENSG00000185666.14"
0.228713198350868,0.353822309579903,"ENSG00000100234.11"
0.185039940427564,0,"ENSG00000133424.20"
0.0492634868053793,2.48260748194235e-12,"ENSG00000224973.6"
0,0,"ENSG00000100281.14"
0,0,"ENSG00000100284.21"
0,0,"ENSG00000100292.17"
0.594342285152746,0,"ENSG00000100297.16"
0.156119292462355,0.0816917979539717,"ENSG00000100302.7"
0.0927519979748652,0.577972680627626,"ENSG00000221963.6"
0,0,"ENSG00000100320.23"
0.274230778653125,4.99460054263359e-15,"ENSG00000237406.1"
0,0,"ENSG00000279652.1"
0,0,"ENSG00000279805.1"
0,0,"ENSG00000128284.19"
0.279640132353008,0,"ENSG00000100336.17"
0.230634537549426,7.47793966290171e-13,"ENSG00000128335.14"
0.374118204334766,0.0216595116919953,"ENSG00000100342.20"
0,0.122650507602326,"ENSG00000100345.21"
0,0,"ENSG00000287269.1"
0.271448273209951,1.72083747408947e-12,"ENSG00000100348.10"
0.422631650227341,3.95523930761102e-12,"ENSG00000100350.14"
0.0600093866384707,0,"ENSG00000100353.18"
0,0.13004065468628,"ENSG00000100360.15"
0,0,"ENSG00000100368.14"
0.172550192108638,0.331141745467283,"ENSG00000128311.14"
2.42200679997431e-09,0.0951962894278199,"ENSG00000128309.16"
0.0461357851585746,0.0178529444791111,"ENSG00000100379.17"
0,0,"ENSG00000100385.14"
0,0,"ENSG00000133466.14"
0,0,"ENSG00000128340.15"
2.48367131610266e-07,0.0829763744392411,"ENSG00000100055.21"
0,0,"ENSG00000100060.18"
0.577098443242539,0.0743646356299056,"ENSG00000100065.15"
0,0,"ENSG00000128283.7"
0,0,"ENSG00000100079.7"
0.189025598840509,1.08548722193528e-19,"ENSG00000100083.19"
0.399256641416557,2.47272520720624e-11,"ENSG00000100092.23"
7.12180913757981e-15,0.0430055828705237,"ENSG00000241360.2"
0.348449145196411,6.42551617134821e-22,"ENSG00000100097.12"
0.358964026743507,0,"ENSG00000273899.5"
0.289490820193496,0.00596107335954302,"ENSG00000100106.22"
0.0571291092817761,3.64541673346023e-12,"ENSG00000189060.5"
0.397373059934579,0.0747516016349076,"ENSG00000100116.16"
0.147182379125135,0.195821642952334,"ENSG00000100124.15"
0.0875161271161194,3.51400564867276e-20,"ENSG00000100129.18"
0.00592649417402587,6.76527761872109e-16,"ENSG00000279738.1"
0.506841039898798,0.16058999822064,"ENSG00000100139.13"
0.354245199021191,0.0194260829008563,"ENSG00000128346.11"
0.176418276503183,7.78644676060188e-10,"ENSG00000100142.15"
0,5.14578656995745e-17,"ENSG00000100146.17"
0,0,"ENSG00000100151.16"
0,0,"ENSG00000100156.10"
0,0,"ENSG00000128298.17"
0,0.0952532048387222,"ENSG00000184381.20"
0.00477535825340884,0,"ENSG00000279080.1"
0.241617156561159,2.3313137492795e-14,"ENSG00000185022.12"
0.210988063615009,0,"ENSG00000198792.13"
0.220210544679889,2.02903967812981e-09,"ENSG00000213923.12"
0.234686491017246,2.73505502605955e-13,"ENSG00000244627.5"
0,0,"ENSG00000100196.11"
0,0,"ENSG00000100201.21"
0,0,"ENSG00000100206.10"
0.164763001174366,0.0218131212018731,"ENSG00000184949.16"
0.0557792754286664,5.8692395912578e-10,"ENSG00000100211.10"
0.406390251400726,0.0445186928505645,"ENSG00000228274.4"
0.419674929123598,0,"ENSG00000100216.6"
0,0,"ENSG00000100221.10"
0,0,"ENSG00000100226.16"
0,0,"ENSG00000229598.1"
0,0,"ENSG00000100242.15"
0,0,"ENSG00000230149.2"
0.0222376321634846,2.2449652764112e-12,"ENSG00000272669.1"
0.145357889123368,0.10136019925623,"ENSG00000100246.13"
0.106038930297476,3.39572589585985e-09,"ENSG00000221890.4"
0.210146165298052,0,"ENSG00000183741.12"
0,0,"ENSG00000128383.13"
0.417188647420316,0,"ENSG00000179750.16"
0,0,"ENSG00000244509.4"
0.466918380554375,3.83588218061739e-10,"ENSG00000243811.10"
0.0425924852412227,1.27475135734538e-16,"ENSG00000128394.17"
0.151885699610262,0.121536440149198,"ENSG00000239713.9"
0,0,"ENSG00000100307.13"
0,0.174304374354053,"ENSG00000279833.1"
0.161368877997865,0,"ENSG00000100311.17"
0,0,"ENSG00000284633.1"
0.140971139582339,3.13083708849545e-11,"ENSG00000100316.16"
0.0455579964903567,0.382374620027773,"ENSG00000100321.15"
0.0507376244034867,1.15373124335364e-12,"ENSG00000100324.14"
0.163676588640327,0.35762388681033,"ENSG00000128268.12"
0.165899022056996,0.122048464182487,"ENSG00000100335.15"
0,0,"ENSG00000128272.14"
0,0.116938793770928,"ENSG00000187051.9"
0,0,"ENSG00000100351.17"
0,0,"ENSG00000133477.17"
0,0,"ENSG00000100354.21"
0,0,"ENSG00000239900.12"
0,0,"ENSG00000100359.21"
0,0,"ENSG00000196588.17"
0,0,"ENSG00000272834.1"
0,0,"ENSG00000232564.3"
0.0893483921268664,0.269615095459974,"ENSG00000230071.2"
0.0287033274061419,0,"ENSG00000100372.15"
0,0,"ENSG00000100380.14"
3.73873248493364e-21,0.0117662766626578,"ENSG00000196236.13"
0.0746046152243096,2.63775276336759e-11,"ENSG00000100387.9"
0,0,"ENSG00000284015.1"
0,0,"ENSG00000100393.13"
0,0,"ENSG00000231993.1"
0,0.00789161366621382,"ENSG00000100395.15"
0,0,"ENSG00000235513.2"
0.263297227567964,5.73246295367713e-11,"ENSG00000100399.16"
0,0,"ENSG00000100401.19"
0,0.267387657308934,"ENSG00000100403.12"
0.0441359312873839,1.623818543669e-13,"ENSG00000167074.15"
0.155524486152558,0.0103917288473058,"ENSG00000183864.5"
0.214067265459549,9.60343651420676e-12,"ENSG00000100410.8"
0.231081351337494,0.0259454658807123,"ENSG00000100412.16"
0.35898100817535,0.0698301714838384,"ENSG00000100413.17"
0,0.145471725115632,"ENSG00000172346.15"
0.115945906184699,0.113432442117264,"ENSG00000100417.12"
0,0,"ENSG00000100418.8"
0.0189669360960864,2.68139185444433e-11,"ENSG00000196419.12"
0.0245342960501193,0,"ENSG00000100138.15"
0.02411394477848,0,"ENSG00000184208.12"
0.227710474136445,3.84635250768444e-13,"ENSG00000100147.13"
0,0,"ENSG00000184068.2"
0.144313567259926,0,"ENSG00000198911.12"
0,0,"ENSG00000159958.6"
0.427276678034922,0,"ENSG00000100162.15"
0.346786516105513,0,"ENSG00000183066.14"
0,0,"ENSG00000198951.12"
0,0,"ENSG00000177096.9"
0.447730375757513,0.0882997063457702,"ENSG00000183172.9"
0.0955280256517149,1.91925240701269e-14,"ENSG00000184983.11"
0.639539876103789,0.167678679358496,"ENSG00000237037.9"
0.577714135431038,1.06870490552474e-11,"ENSG00000100197.22"
0.496338911195127,0.0593168770315701,"ENSG00000205702.11"
0,0,"ENSG00000100207.18"
0,0,"ENSG00000182057.5"
0.0792204539429251,0.280634861340283,"ENSG00000235568.6"
0.741840474988522,8.84168829468373e-15,"ENSG00000189306.11"
0.186210779939156,0.0846279933223834,"ENSG00000183569.18"
0,0,"ENSG00000182841.12"
0,0,"ENSG00000100227.18"
0.73893292273245,0.0402222777721738,"ENSG00000270022.3"
0,0,"ENSG00000100243.21"
0,0,"ENSG00000128274.17"
0.456886495410922,3.99847320111027e-12,"ENSG00000234009.1"
0,0,"ENSG00000274717.1"
0,0,"ENSG00000242247.11"
0.0270448444940039,5.43330544530667e-14,"ENSG00000100266.19"
0,0,"ENSG00000100271.17"
0,0,"ENSG00000100294.13"
0.381642801839357,1.09010165867617e-11,"ENSG00000100300.18"
0.0314655100570618,1.67022380440676e-14,"ENSG00000100304.13"
0,0,"ENSG00000159307.19"
0.182868776360725,0.0194512954367199,"ENSG00000186976.15"
0.361030043285984,0.10251373132994,"ENSG00000100344.11"
0,0,"ENSG00000100347.15"
0.00212993128846064,0,"ENSG00000188677.14"
0,0.117217857983307,"ENSG00000279175.1"
0.0571373914241901,1.74616755267963e-11,"ENSG00000280434.1"
0,0,"ENSG00000138964.17"
0,0,"ENSG00000280011.1"
0,0,"ENSG00000138944.8"
0.00172012685915114,4.4096837813011e-14,"ENSG00000188636.4"
0,0,"ENSG00000186654.21"
0.274175804296222,2.76925239943589e-14,"ENSG00000226328.7"
0,0,"ENSG00000093000.19"
0,0,"ENSG00000100364.18"
0.393246188534408,0.062833158436638,"ENSG00000100376.12"
0,0,"ENSG00000077935.17"
0,0,"ENSG00000128408.9"
0.252902422324798,0.143039641847985,"ENSG00000077942.19"
0.166903245287582,2.70879714677408e-10,"ENSG00000280383.1"
0,0,"ENSG00000130638.17"
0.0178668934707389,0.114491445984374,"ENSG00000235347.1"
0,0,"ENSG00000280424.1"
0.168561974434136,0,"ENSG00000273145.1"
0.181585778926869,0,"ENSG00000231711.2"
0.0545353585512773,0.229231691588595,"ENSG00000182257.8"
0,0,"ENSG00000241990.5"
0.680892621084203,0,"ENSG00000197182.14"
0,0,"ENSG00000231010.1"
0.0970082035156529,0.0706158456900919,"ENSG00000235159.1"
0,0,"ENSG00000266533.1"
0,0,"ENSG00000186951.16"
0,0,"ENSG00000280384.1"
3.4532263937587e-14,0.00842261285496439,"ENSG00000205643.11"
0.363636997851297,0.0904265854245345,"ENSG00000130943.7"
1.61227503804074e-13,0.00410024035883211,"ENSG00000075234.17"
1.41162900219996e-13,0.12096919515036,"ENSG00000277232.2"
0.401392478148414,1.99701335382547e-12,"ENSG00000075218.19"
0,0,"ENSG00000100416.15"
0,0,"ENSG00000075275.16"
9.35109217454792e-13,0.182192895896838,"ENSG00000075240.17"
0.318422128041989,0.167169512749808,"ENSG00000100422.14"
0,0,"ENSG00000260708.1"
0,0,"ENSG00000054611.14"
0.1565906341687,1.10848804961941e-10,"ENSG00000280080.2"
0.365138253666009,3.06909725784842e-19,"ENSG00000278881.2"
0.311530968300289,6.38522035558867e-14,"ENSG00000219438.8"
0.384496943414773,0.0305649639012698,"ENSG00000286381.1"
0,0,"ENSG00000188511.12"
0,0,"ENSG00000280224.1"
0,0,"ENSG00000100425.18"
0.0647547769119401,0,"ENSG00000279345.1"
0,0,"ENSG00000100426.7"
0.0390064869561053,0,"ENSG00000182858.14"
0,0,"ENSG00000184164.14"
0,2.26954368415007e-17,"ENSG00000278869.1"
0.0414841111303925,3.32808129921574e-09,"ENSG00000198355.5"
0.520930359087622,0.0650508526892942,"ENSG00000188263.10"
0,0,"ENSG00000100427.15"
0.213501384543457,1.79999789331756e-15,"ENSG00000073146.16"
0.543908943847208,0.0928345501713449,"ENSG00000073150.14"
0.199148773330106,2.35605751783436e-12,"ENSG00000170638.9"
0,0,"ENSG00000273188.1"
3.21511110635139e-14,0.0761382326295857,"ENSG00000273253.2"
2.27990510402614e-12,0.0477256792416508,"ENSG00000073169.14"
0.184439143227639,4.48952884080143e-11,"ENSG00000272836.1"
0,0,"ENSG00000128159.12"
0,0,"ENSG00000100429.18"
0,0,"ENSG00000188130.14"
0.568926113609188,0.138751183139751,"ENSG00000185386.15"
0,0,"ENSG00000196576.15"
0,0,"ENSG00000205593.12"
0,0,"ENSG00000100239.16"
0.108536193876128,1.4816751573103e-13,"ENSG00000100241.21"
0,0.0518438501808448,"ENSG00000128165.9"
0,0,"ENSG00000100258.18"
0,0,"ENSG00000025770.19"
0.341009833627096,5.89718359098452e-14,"ENSG00000025708.14"
0.31441186497769,0,"ENSG00000177989.13"
0,0,"ENSG00000130487.9"
0,0,"ENSG00000100288.19"
1.94602932200517e-12,0.212403394144339,"ENSG00000205559.5"
8.17228887151394e-14,0.07399364665588,"ENSG00000008735.14"
0.549295739105411,0.0345355865388947,"ENSG00000100299.18"
0,0.0137919314308875,"ENSG00000251322.8"
0.246339663145132,5.64142484438168e-12,"ENSG00000184319.16"
0,0,"ENSG00000079974.17"
0.198105049419713,5.48705970122419e-13,"ENSG00000182378.14"
0,0,"ENSG00000178605.13"
0.304707647054362,0,"ENSG00000167393.18"
1.09133775667677e-11,0.26538000958171,"ENSG00000185960.14"
0.109132878681294,8.87830033290594e-11,"ENSG00000205755.12"
0.429983110718388,0.182833633867327,"ENSG00000198223.16"
6.0456118072807e-18,0.164860199791261,"ENSG00000185291.12"
0.236618577435116,1.13843575767514e-09,"ENSG00000169100.14"
0.132822507064027,0.081844804071316,"ENSG00000236871.7"
0.63580684865061,0.0273601690135523,"ENSG00000236017.8"
0,0,"ENSG00000169093.16"
0,0,"ENSG00000182162.11"
0,0,"ENSG00000197976.12"
0,0.010019140957727,"ENSG00000169084.15"
0,0,"ENSG00000214717.12"
2.26681423793213e-15,0.249783798929163,"ENSG00000223773.7"
0,0.0241557398762821,"ENSG00000002586.20"
4.27889360718039e-17,0.113806516341438,"ENSG00000124343.13"
0.148773698594352,0.176622529815108,"ENSG00000056998.20"
0.0740517398690618,3.06790854958923e-10,"ENSG00000006756.16"
5.10998529851755e-23,0.0109336018768165,"ENSG00000101825.8"
9.41575021497151e-11,0.00166638418453806,"ENSG00000183943.6"
0.0487919706278243,0,"ENSG00000285756.2"
0.247733031147117,3.35537941284927e-12,"ENSG00000286431.1"
2.57354653869959e-21,0.0903712245425569,"ENSG00000146938.16"
0.413051766779446,1.22366126978717e-09,"ENSG00000130021.14"
0,0,"ENSG00000101846.7"
0.161573203787121,0,"ENSG00000006757.12"
0,0,"ENSG00000011201.12"
0.000934364470019713,0,"ENSG00000101849.17"
0,0,"ENSG00000146950.13"
0,0.137851265959385,"ENSG00000047644.18"
0,0,"ENSG00000073464.12"
8.77968417843321e-14,0.0727165110557631,"ENSG00000101871.14"
0,0,"ENSG00000004961.15"
0,0.0764489598719295,"ENSG00000047648.23"
2.57040589791127e-23,0.389823197399765,"ENSG00000125363.14"
0.00673214309823112,1.68430536091846e-11,"ENSG00000005302.19"
0,0,"ENSG00000169933.15"
1.79078686007921e-18,8.01419374190035e-16,"ENSG00000101911.12"
0,0,"ENSG00000196664.5"
0.376427421994934,1.33229667223956e-11,"ENSG00000101916.11"
0.145366211070309,0.021869833120776,"ENSG00000205542.11"
0.710738959278959,0.0680956284302002,"ENSG00000197582.5"
0.343189649063307,0,"ENSG00000176896.8"
0.0128754432901325,2.32224945162227e-14,"ENSG00000123595.8"
0.546248079402767,2.54348696005308e-13,"ENSG00000196459.14"
0,0,"ENSG00000046651.15"
0,0,"ENSG00000046653.15"
0.063295110819514,9.99041055068427e-12,"ENSG00000046647.13"
0.1567097777685,0,"ENSG00000181544.15"
0,0,"ENSG00000130150.12"
0.446019744394189,0,"ENSG00000102048.16"
0.684556087051705,1.21615235785668e-13,"ENSG00000165195.15"
8.97056900727638e-11,0.519943951916917,"ENSG00000165197.5"
0.064183093361713,6.69852646680334e-12,"ENSG00000087842.11"
0,0,"ENSG00000102010.15"
1.56132713137286e-12,0.229800854485832,"ENSG00000285602.1"
0.0660255027926535,1.43311614661987e-22,"ENSG00000186312.10"
0,0,"ENSG00000169239.13"
0.569967248807058,0.0392159149608922,"ENSG00000169249.12"
0.082187900643594,2.68624743797567e-22,"ENSG00000182287.15"
1.87275215777246e-09,0.0354628741419242,"ENSG00000047230.15"
0,0,"ENSG00000169895.6"
0.101013812634561,0,"ENSG00000086712.13"
0.240756583337248,0.0914304399769379,"ENSG00000102054.17"
0,0,"ENSG00000169891.18"
0,0,"ENSG00000188158.15"
0,0,"ENSG00000235834.1"
0.0788398193451001,1.56932488312871e-18,"ENSG00000047634.15"
0.240357579657035,0.184086053182317,"ENSG00000131831.18"
0,0,"ENSG00000102098.19"
0.187953325005178,0.079657305345717,"ENSG00000008086.12"
0.577278080143263,0.00754893121436843,"ENSG00000086717.18"
1.5786720636766e-13,0.0277344124240709,"ENSG00000044446.12"
0.0492723738613673,0,"ENSG00000286724.1"
0,0,"ENSG00000173698.18"
0.201960699245617,2.54889113192626e-16,"ENSG00000131828.14"
0.0362287510294855,2.93234388139992e-09,"ENSG00000147010.18"
0,0,"ENSG00000173681.16"
0.481713236209697,0.13450213569615,"ENSG00000184368.16"
0.184134555502223,3.49644088286636e-20,"ENSG00000173674.11"
0.10897255355492,0,"ENSG00000177189.14"
0.189691049573627,0.110242689937458,"ENSG00000149970.16"
0,0.0281440822377583,"ENSG00000012174.12"
0,0.0246638356306546,"ENSG00000230797.3"
0.14857244187887,2.86736270112619e-20,"ENSG00000102172.16"
0,0.0861815790588939,"ENSG00000102174.9"
0,0.118002337438938,"ENSG00000174028.6"
0,0,"ENSG00000123131.13"
0,0,"ENSG00000123130.17"
0.0618267526371249,0,"ENSG00000130066.16"
0.293872840750199,2.35083056700006e-14,"ENSG00000184831.14"
0,0,"ENSG00000174010.9"
0.420533856646846,7.62321847963766e-18,"ENSG00000130741.11"
0.213242666306312,0,"ENSG00000005889.15"
1.18155872553908e-12,0.265406119228411,"ENSG00000067992.15"
0.042588535778238,1.77948181190526e-11,"ENSG00000102230.14"
0.201007777379695,1.42603968924026e-20,"ENSG00000101868.11"
0.164632054822486,5.13692914389574e-21,"ENSG00000232472.1"
0.261696094910258,0,"ENSG00000238247.2"
0,0.30840096005825,"ENSG00000169297.8"
0,0,"ENSG00000120280.6"
0,0,"ENSG00000198814.12"
0.211420479665628,1.33715590124163e-20,"ENSG00000157625.15"
0.288404565947865,0.397319930492777,"ENSG00000198947.15"
0.551067893649544,0.0613761019742941,"ENSG00000226781.1"
0,0.0445479873794746,"ENSG00000147027.4"
0.0680464517613839,1.40541608691818e-08,"ENSG00000130962.17"
0.0728592803163728,0.0863665741583745,"ENSG00000147036.11"
0,0,"ENSG00000047597.7"
0,0,"ENSG00000165168.7"
0,0,"ENSG00000165169.11"
0,0,"ENSG00000101955.15"
0,0,"ENSG00000156313.14"
0,0.278981293727269,"ENSG00000156298.12"
0.110104654198375,2.11668674281616e-14,"ENSG00000165175.15"
0,0.00415600375113741,"ENSG00000238123.1"
0,0.0198795430061028,"ENSG00000264618.2"
0.384065348833569,2.80432718505115e-14,"ENSG00000228232.1"
0,0,"ENSG00000183337.17"
0,0,"ENSG00000182220.15"
0,0,"ENSG00000185753.13"
0,0,"ENSG00000180182.11"
1.36706065506674e-21,0.0494642077262985,"ENSG00000124486.13"
0.115192117753614,4.10671418740781e-14,"ENSG00000215301.10"
0,0,"ENSG00000264573.2"
0,0,"ENSG00000147044.21"
0,0,"ENSG00000171659.15"
0,0,"ENSG00000171657.6"
1.48072082919738e-21,0.08778136149409,"ENSG00000189221.9"
0.448733638764718,2.60067471367293e-09,"ENSG00000069535.14"
0.415852411713367,0.151873194215638,"ENSG00000124479.11"
0,0,"ENSG00000183690.13"
0.0452101098710771,0,"ENSG00000069509.6"
0.76882131708647,0,"ENSG00000147050.14"
0.301230398084791,0.114102779131682,"ENSG00000229563.7"
0,0,"ENSG00000270069.1"
0.274728379238313,0.290273553696898,"ENSG00000207870.1"
0.224491470988868,6.56097367099703e-13,"ENSG00000269902.1"
0,0,"ENSG00000231566.2"
2.09091100100936e-16,0,"ENSG00000147121.16"
0,0,"ENSG00000224072.1"
0.0469244930622478,2.17074848631241e-08,"ENSG00000251192.7"
0,0,"ENSG00000230844.3"
0,0,"ENSG00000147119.4"
0.144694376416541,0,"ENSG00000065923.10"
0.0641968440719133,9.05257540180314e-21,"ENSG00000102218.6"
0.0745987067627628,2.98797211616329e-11,"ENSG00000102221.14"
0.681266526265338,0.0420514520186711,"ENSG00000130988.13"
0.138683992325243,5.90738906361477e-11,"ENSG00000147123.10"
0,0,"ENSG00000182872.16"
0.327058780402448,1.20404654891538e-15,"ENSG00000237351.1"
0.299997480663116,1.3156114983354e-19,"ENSG00000130985.17"
0.286074826744315,3.19706183795838e-21,"ENSG00000224975.1"
0.0406517728022674,0,"ENSG00000102225.16"
0,0,"ENSG00000102226.9"
0.00570768094070164,3.58377650753974e-15,"ENSG00000147124.12"
0,0.47094536254168,"ENSG00000196741.5"
0,0,"ENSG00000078061.13"
0,0.235853512478305,"ENSG00000008056.14"
0,0,"ENSG00000102265.12"
0.101288277347502,0.0513784683147157,"ENSG00000126759.13"
0.071922897132569,2.58601438573678e-19,"ENSG00000126767.18"
0,0,"ENSG00000126756.12"
0.0834783594102036,2.64486532529391e-11,"ENSG00000267064.2"
0,0,"ENSG00000197779.13"
0,0,"ENSG00000147118.11"
0,0,"ENSG00000221994.10"
0,0,"ENSG00000017483.15"
0,0,"ENSG00000068438.15"
0,0,"ENSG00000102312.22"
0.285343547457382,0,"ENSG00000147155.11"
0,0,"ENSG00000068354.16"
0.102359619634237,0,"ENSG00000102317.18"
0,0,"ENSG00000101940.18"
0,0,"ENSG00000015285.10"
0,0,"ENSG00000101945.16"
0.179827472371625,0.0514752803060146,"ENSG00000233585.2"
0.0203820263866416,0,"ENSG00000102145.14"
0,0,"ENSG00000094631.21"
0.156481482075376,7.77193298832443e-13,"ENSG00000102103.16"
0.0438881951574672,6.20005235899298e-13,"ENSG00000126768.12"
0.00680704907603244,0,"ENSG00000102100.16"
0.50666720038664,0.0157997456728492,"ENSG00000102096.9"
0.163710786632023,2.73261581908141e-22,"ENSG00000068308.13"
4.02136905378558e-16,0.0153702482898938,"ENSG00000279155.1"
0,0,"ENSG00000102057.10"
0.107569472175354,0,"ENSG00000068400.13"
0,0,"ENSG00000068323.17"
0.118929243062674,9.17188482701436e-10,"ENSG00000147144.13"
0.0300310271128648,3.1701586211853e-14,"ENSG00000243279.4"
0.103375802825296,0,"ENSG00000196998.19"
0,0,"ENSG00000068394.11"
0,0,"ENSG00000269313.5"
0,0,"ENSG00000102007.11"
0,0,"ENSG00000012211.13"
0,0,"ENSG00000102003.10"
0.405439282538797,2.75601756488809e-09,"ENSG00000101997.13"
3.22336992119414e-14,0.246811065187924,"ENSG00000049769.14"
0,0.164023000051731,"ENSG00000270012.1"
0.0589327306457612,8.36862578960721e-11,"ENSG00000234390.4"
0,0.0817369139844149,"ENSG00000273820.2"
0.403209229671041,0.214790262488951,"ENSG00000171365.17"
0,0,"ENSG00000147082.17"
0,0,"ENSG00000158352.15"
0,0,"ENSG00000122824.11"
0,0,"ENSG00000196368.5"
0,0,"ENSG00000189369.9"
0,0,"ENSG00000179222.17"
0,0.607492351693652,"ENSG00000236576.1"
0,3.24976460139266e-05,"ENSG00000184194.5"
0,0,"ENSG00000270497.1"
0.101916414388534,0.036436334752985,"ENSG00000184205.14"
0.0825505302214151,1.13919803447289e-08,"ENSG00000232593.7"
0.157387246979918,0,"ENSG00000231340.1"
0.582290129032515,1.29018952813087e-09,"ENSG00000126012.11"
0,0,"ENSG00000124313.16"
0.215514616758564,5.16200215600587e-12,"ENSG00000072501.17"
0,0,"ENSG00000158423.17"
0.115714494391865,0,"ENSG00000072506.12"
0,0,"ENSG00000086758.16"
0,0,"ENSG00000172943.19"
7.70302545783785e-21,0.0455289984685194,"ENSG00000184083.12"
0.0320620758401786,3.87139971003183e-15,"ENSG00000196632.10"
0.13709502160891,0,"ENSG00000158526.8"
0,0,"ENSG00000102302.8"
0,4.11789430525569e-16,"ENSG00000130119.16"
0.0510581108314303,0,"ENSG00000102316.17"
0.292444216245269,0,"ENSG00000221716.1"
0.194585268436733,3.48308778154438e-21,"ENSG00000067445.21"
1.15221440002251e-11,0.216418406898221,"ENSG00000158571.11"
0.288115605192028,3.88054587518979e-12,"ENSG00000169188.5"
2.77729200271389e-12,0.358212683268382,"ENSG00000158578.21"
0.116821422750848,6.88727544441175e-13,"ENSG00000182518.13"
1.21257410082451e-16,0,"ENSG00000187601.5"
0.127158255851872,0.284953773643776,"ENSG00000247746.4"
0.197662741949589,0.0957384583653996,"ENSG00000083750.12"
0,0,"ENSG00000227486.2"
0,0.271615026444889,"ENSG00000102349.18"
0,0,"ENSG00000188021.8"
0,0,"ENSG00000204272.13"
0,0,"ENSG00000204271.13"
0,0,"ENSG00000186787.8"
0.500523400018857,0.019409358166855,"ENSG00000147059.8"
0,0,"ENSG00000286977.1"
0.0167583232800743,2.86258151081777e-12,"ENSG00000198455.4"
0,0,"ENSG00000198205.6"
0.192261054392329,3.32747463854551e-19,"ENSG00000235437.8"
0,0,"ENSG00000230823.3"
0,0,"ENSG00000186767.7"
0.0861190656193799,0,"ENSG00000131089.16"
0,0,"ENSG00000184675.11"
0.312348292358344,5.93000458978831e-14,"ENSG00000102043.16"
0.0555432381861176,0,"ENSG00000126970.16"
0.0521739704610098,2.2691742953658e-18,"ENSG00000102053.12"
0,0,"ENSG00000001497.16"
0.599681958910957,1.98141495869856e-15,"ENSG00000147065.17"
0.0675142021417657,1.76242310664845e-20,"ENSG00000155659.15"
0,0,"ENSG00000089472.16"
0,0.075691956840792,"ENSG00000131080.15"
0,0,"ENSG00000169083.17"
0.119083677857042,3.26816115807298e-11,"ENSG00000079482.13"
0.332264667144664,1.55572207431409e-08,"ENSG00000181704.12"
0.158278530887771,5.73844874596963e-22,"ENSG00000130052.13"
0,0,"ENSG00000090776.6"
0.0276984116915392,0,"ENSG00000181191.11"
0.434810282643311,0.215806808422827,"ENSG00000158813.18"
0.0296271521132848,1.0595621974212e-12,"ENSG00000089289.16"
0,0,"ENSG00000120500.18"
0.178852020770603,3.61108108219946e-11,"ENSG00000120509.10"
0.00167045277036442,0,"ENSG00000090889.12"
0.0322006839177845,6.63710733720826e-13,"ENSG00000082458.12"
0.176350567323594,2.47479736138422e-12,"ENSG00000230629.2"
0.0216823017374643,3.45703891144869e-09,"ENSG00000147164.12"
0,0,"ENSG00000184481.17"
0,0,"ENSG00000147168.12"
0,0,"ENSG00000184634.16"
0.20165421077886,0.262480026081498,"ENSG00000196338.12"
0,0,"ENSG00000147130.14"
0.0851986503037825,4.97040291195482e-12,"ENSG00000147140.16"
0,0.313179955265888,"ENSG00000147166.11"
0,0,"ENSG00000147133.15"
0,0,"ENSG00000147162.14"
0,0.0907483826081932,"ENSG00000147174.11"
0,0,"ENSG00000186810.8"
0.338812424256517,0.276154465602303,"ENSG00000204131.9"
0.348964125084903,0.168208622066181,"ENSG00000242732.4"
0.107136336281274,7.93669623538013e-14,"ENSG00000102309.15"
0.26783345038699,1.24893492550067e-12,"ENSG00000186871.7"
0.183213186146023,1.41753106744367e-10,"ENSG00000198034.11"
0.274578208629576,2.09570421701734e-12,"ENSG00000147099.21"
0.546100832404612,0.0657470193416012,"ENSG00000067177.15"
0.0925466473935735,2.43462508822245e-12,"ENSG00000186462.9"
0.175470920011003,6.95771387670719e-17,"ENSG00000204116.11"
0.784299093896954,2.17807592380596e-13,"ENSG00000270641.1"
0.996789365577097,4.37764308983096e-17,"ENSG00000229807.12"
0.745761552445327,0,"ENSG00000230590.11"
0.292508843480409,0,"ENSG00000225470.8"
0,0,"ENSG00000228906.1"
0,0,"ENSG00000203397.2"
0,0,"ENSG00000223650.1"
0,0.204311457406018,"ENSG00000232928.2"
0,0.00876092843809786,"ENSG00000280375.1"
0,7.08502697914749e-16,"ENSG00000224430.2"
0,0,"ENSG00000204113.6"
0,0,"ENSG00000228492.2"
0,0,"ENSG00000271533.1"
0,0,"ENSG00000265727.2"
2.30302596685417e-16,0.0215262963647279,"ENSG00000147100.11"
0.00374740851059298,5.05003512788382e-13,"ENSG00000131263.13"
0,0,"ENSG00000050030.15"
7.37060910164503e-21,0.0144820826703739,"ENSG00000131269.19"
0,0,"ENSG00000094841.14"
0,0,"ENSG00000102383.14"
0.320618007521602,8.79725706242449e-12,"ENSG00000215105.4"
0.102676574720097,1.49344284240602e-13,"ENSG00000102390.11"
0.0570948641674983,1.09540684109913e-17,"ENSG00000198934.5"
0,0,"ENSG00000085224.22"
0,0,"ENSG00000102158.19"
0.611523435700495,0.0329566656100911,"ENSG00000131174.7"
0,0,"ENSG00000165240.20"
0.372332518511212,0,"ENSG00000102144.15"
0,0,"ENSG00000187325.5"
0.137316772099308,0,"ENSG00000173198.6"
0,0,"ENSG00000179300.4"
0,0,"ENSG00000147138.2"
0,0,"ENSG00000078596.11"
0,0,"ENSG00000278530.4"
0,0,"ENSG00000165288.11"
0.185692917991992,0.369282407696833,"ENSG00000198157.11"
0,0,"ENSG00000131171.13"
0.223516735662952,0,"ENSG00000072133.11"
0.218125764554897,1.81018170183764e-12,"ENSG00000165259.14"
0,0,"ENSG00000155008.14"
0.148849078285142,0,"ENSG00000147180.16"
0.202621643275449,0,"ENSG00000188419.14"
5.34374475791376e-17,0,"ENSG00000102271.14"
0.28332063745374,0,"ENSG00000234161.1"
0.246674152135318,2.84829186550712e-14,"ENSG00000174740.8"
0.178851191990174,9.02378050815816e-11,"ENSG00000229132.2"
0.0508161171184403,6.11152266436432e-11,"ENSG00000186310.10"
0,0,"ENSG00000147202.18"
0,0,"ENSG00000204086.4"
0,0,"ENSG00000236256.9"
0.174604683418324,7.22436199509619e-20,"ENSG00000165194.15"
0.317864437269661,3.27930507338983e-13,"ENSG00000000005.6"
0,0,"ENSG00000000003.15"
0.350410155561475,3.34154107219992e-14,"ENSG00000102359.7"
0.32109523176304,0,"ENSG00000102362.15"
0.186340718251571,2.26744525148905e-20,"ENSG00000101811.13"
0.0650047730019917,1.20041117256503e-11,"ENSG00000188917.15"
0.23350207172899,1.10482915018191e-12,"ENSG00000126950.8"
0.497761993990313,0,"ENSG00000102384.13"
0,0.401007410831292,"ENSG00000102385.12"
0.0470439177893051,0.250063760254236,"ENSG00000102387.15"
0.473225368990024,0.288162972041855,"ENSG00000126953.8"
8.81600696490514e-13,0.0346930226357149,"ENSG00000010671.15"
0,0,"ENSG00000241343.9"
0.0373860934048406,4.09316555929799e-10,"ENSG00000102393.10"
0.0758590481253133,7.64343976072984e-11,"ENSG00000126945.9"
0.728261765310867,1.74809469461458e-12,"ENSG00000196440.11"
0,0,"ENSG00000126947.13"
0.117368702985618,4.43199308844848e-11,"ENSG00000198960.11"
0,0,"ENSG00000102401.20"
0.0446252737139775,0,"ENSG00000261101.2"
0,0,"ENSG00000184867.14"
0.00744095097280643,7.02990146176227e-19,"ENSG00000166432.15"
0.151348350338074,0.137220973089851,"ENSG00000184905.9"
0.23231378265318,0.00872733112363812,"ENSG00000184515.11"
0,0,"ENSG00000125962.14"
0,0,"ENSG00000271147.8"
1.3524191066048e-20,0.112556727669539,"ENSG00000198932.13"
0,0.260168667518207,"ENSG00000286327.1"
0.265830080445308,0.2545699592956,"ENSG00000158301.18"
2.28922339807093e-12,0.0471420657784452,"ENSG00000223546.7"
0,0,"ENSG00000239407.5"
0,0,"ENSG00000286846.1"
0,0.190780459386183,"ENSG00000133169.6"
0.0742274766875053,6.49073193457172e-12,"ENSG00000102409.10"
0.0530299417862037,0,"ENSG00000180964.17"
0.30160819523639,0.0908041548591161,"ENSG00000182916.8"
0.00856260034987102,1.21465299323176e-12,"ENSG00000185222.10"
0.16916083412746,1.40018785548829e-11,"ENSG00000166681.13"
0.151945168916379,0.0143907443859508,"ENSG00000172476.4"
0.326383285665866,0.0997755006295268,"ENSG00000133142.17"
0,0.215393571113421,"ENSG00000279894.1"
6.69225417789666e-13,0.0350261332051398,"ENSG00000196507.11"
0.0647846792887873,0.0322394884665636,"ENSG00000172465.14"
0,0,"ENSG00000123562.17"
0.430499910869779,0.0788500316602882,"ENSG00000123570.4"
0,0.0244657166210858,"ENSG00000269743.3"
0.401770257597833,1.01907848758209e-11,"ENSG00000166707.11"
0.0398375888505676,9.12597290620544e-14,"ENSG00000123575.9"
0,0,"ENSG00000123572.17"
0,0,"ENSG00000157502.13"
1.8829197090748e-19,0.160058710619264,"ENSG00000147231.14"
0,0,"ENSG00000133138.20"
0,0,"ENSG00000133131.15"
0.337464214167463,0.181080251626641,"ENSG00000165376.10"
1.42514934184491e-13,0.0189626661362335,"ENSG00000089682.16"
0,0,"ENSG00000215007.3"
0.0924713771873158,3.14052188746481e-21,"ENSG00000147224.11"
0.393765553785999,0.115210543136398,"ENSG00000157514.16"
0.556979464452139,9.4600819793065e-11,"ENSG00000080561.13"
0.0189475296636246,0.170130879770709,"ENSG00000236064.2"
0,0,"ENSG00000101843.19"
0,0,"ENSG00000101844.18"
0,0,"ENSG00000197565.15"
0.186566547921075,0.160631412705268,"ENSG00000188153.13"
0,0,"ENSG00000275110.1"
0.152151919055371,0,"ENSG00000101888.11"
0,0,"ENSG00000176076.7"
0,0,"ENSG00000068366.20"
0.4190745096681,1.03248334182472e-12,"ENSG00000157600.12"
0,0,"ENSG00000101935.10"
0,0.0515075917448999,"ENSG00000101938.15"
0,0,"ENSG00000077264.15"
0,0,"ENSG00000101901.12"
0,0,"ENSG00000229487.1"
0.0640477947000093,0,"ENSG00000126016.15"
1.10922663048991e-18,0.156111927338957,"ENSG00000123496.8"
0.185486240284759,0,"ENSG00000130224.15"
0,0,"ENSG00000271826.5"
0,0,"ENSG00000102024.18"
0.107850549891834,0,"ENSG00000235244.4"
0,0,"ENSG00000003096.14"
0.0128838149157049,0,"ENSG00000200291.1"
0,0,"ENSG00000131725.14"
3.81460310500718e-12,0.0217031420700519,"ENSG00000147251.15"
3.27752559048033e-12,0.292600294342235,"ENSG00000230399.1"
0,0.0775658714479818,"ENSG00000131724.11"
0,0,"ENSG00000250995.1"
0.0497335519148474,0.24154509820525,"ENSG00000175556.17"
9.1014634607663e-16,0,"ENSG00000101856.10"
0,0,"ENSG00000077713.19"
0,0,"ENSG00000266420.2"
0,0,"ENSG00000224281.5"
0.226131548186835,2.93939304526117e-13,"ENSG00000005022.6"
0,0,"ENSG00000018610.14"
0.0200198550320551,8.20317277983245e-14,"ENSG00000077721.16"
0,0,"ENSG00000186416.15"
0,0,"ENSG00000125354.23"
0,0.00406045882313796,"ENSG00000187808.5"
0.18741678837068,0,"ENSG00000198918.8"
0,0,"ENSG00000125351.11"
0,0,"ENSG00000125352.6"
0.233822549156999,0.0147573462742889,"ENSG00000125356.7"
0,0,"ENSG00000101882.10"
0,0,"ENSG00000258545.6"
0,0,"ENSG00000233382.7"
0,0,"ENSG00000177485.7"
0.694910259771318,0.0652023478227381,"ENSG00000125355.15"
0,0,"ENSG00000005893.15"
0,0,"ENSG00000158290.16"
0.00648696396508512,2.06469442701366e-11,"ENSG00000232119.8"
0,0,"ENSG00000171155.8"
0.140995255488566,0.0121728858318795,"ENSG00000182890.5"
6.90029279612479e-15,0.110205650653215,"ENSG00000286163.1"
0,0.0566826158486052,"ENSG00000260585.1"
0,0,"ENSG00000125675.18"
0,0,"ENSG00000125676.20"
0,0,"ENSG00000101966.12"
0,0,"ENSG00000232412.1"
0,0,"ENSG00000101972.18"
0,0,"ENSG00000183918.16"
0.0366672203719473,4.96215782225859e-12,"ENSG00000009694.13"
0,0.355998782403665,"ENSG00000225689.2"
0,0,"ENSG00000102038.15"
0,0,"ENSG00000122126.17"
0.53651425260065,0,"ENSG00000171388.12"
0,0,"ENSG00000122121.11"
0,0,"ENSG00000122122.10"
0,0,"ENSG00000188706.13"
0.0522806161934,3.31821884971604e-13,"ENSG00000156697.13"
0,0,"ENSG00000085185.15"
0.00937664906384632,2.92396810830833e-14,"ENSG00000102034.16"
0.127858728842453,7.93943990650776e-12,"ENSG00000156709.14"
0,0.0290733214068169,"ENSG00000134594.5"
3.51099184502254e-12,0.235110132456748,"ENSG00000056277.16"
0,0,"ENSG00000102078.16"
0,0,"ENSG00000134597.16"
4.10410281640548e-20,0.0645019107898223,"ENSG00000165675.16"
0.973478518804654,0,"ENSG00000227183.3"
0,0,"ENSG00000213468.7"
0,0,"ENSG00000134602.16"
0.43007604722505,7.80364976137734e-14,"ENSG00000123728.10"
0,0,"ENSG00000232160.7"
0,0.0561650368493201,"ENSG00000076770.14"
0.183450091856774,9.80695223194761e-13,"ENSG00000076716.9"
0.562408240269707,0.113627385219052,"ENSG00000147257.14"
0,0,"ENSG00000156531.16"
0,0.150078393925189,"ENSG00000165704.15"
0,0,"ENSG00000223749.10"
0,0,"ENSG00000156504.16"
0,0.0204577898753207,"ENSG00000156500.15"
0.0159687876332451,0.0445918301518171,"ENSG00000101928.13"
0.153972262232348,1.85194091659083e-10,"ENSG00000184785.6"
0,0,"ENSG00000212747.5"
0.440304328018712,0.116488310885315,"ENSG00000134590.14"
0,0,"ENSG00000286964.1"
0.073994732833809,4.00989010266077e-10,"ENSG00000203950.6"
0.129168431075306,2.04658226848834e-12,"ENSG00000196972.9"
0,0.244768440501042,"ENSG00000186376.15"
0,0,"ENSG00000173275.13"
0.613621295613867,0.0695203557543097,"ENSG00000178947.9"
0,0,"ENSG00000165359.15"
0,0,"ENSG00000169446.5"
0.18070807100868,7.01547833984476e-11,"ENSG00000198689.11"
0.068675479570335,3.52237839774509e-10,"ENSG00000022267.19"
0,0,"ENSG00000129680.16"
0.102347443296006,1.53493826616526e-11,"ENSG00000102241.12"
0.0273040093501625,3.26698803688085e-13,"ENSG00000129675.16"
0.158469480006332,3.44829225070003e-11,"ENSG00000232611.1"
0,0,"ENSG00000147274.14"
0.155646980065811,0,"ENSG00000234062.8"
0,0,"ENSG00000237307.2"
0,0,"ENSG00000129682.16"
1.80689942593703e-13,0.000327974069033146,"ENSG00000101974.14"
0.0698177320223174,0.0286071521386114,"ENSG00000203930.12"
0.0725692718540365,0.0476501784950024,"ENSG00000182195.9"
0.3615084956219,0.194683178129902,"ENSG00000179542.16"
0,0,"ENSG00000102081.14"
0,0,"ENSG00000219507.4"
0,0,"ENSG00000155966.14"
0.533831950056923,1.54822781684041e-14,"ENSG00000010404.18"
0.164131516976128,0.185522428902325,"ENSG00000241489.8"
0.600796727510572,0.1544367835898,"ENSG00000241769.7"
0.104150270254535,0,"ENSG00000197620.11"
0.0227227500005991,2.28191000712605e-14,"ENSG00000269556.8"
2.53346842746886e-15,0,"ENSG00000197021.9"
0.285624341940905,0.164351795912438,"ENSG00000235703.6"
0,0.0845095759407491,"ENSG00000183171.5"
0.207643166921519,0.15522022068342,"ENSG00000013619.14"
0,0,"ENSG00000171100.14"
0.232696765466149,0.0142803322639732,"ENSG00000063601.17"
0,0,"ENSG00000102181.21"
0,0,"ENSG00000029993.15"
0,0,"ENSG00000160131.13"
0,0,"ENSG00000130032.16"
0,1.55279367236868e-16,"ENSG00000102287.19"
0.0685138150816315,4.12637789788603e-11,"ENSG00000147400.9"
0.255924815776416,1.79540676160408e-08,"ENSG00000147383.11"
9.8894876889636e-21,0.0182567942318242,"ENSG00000147394.18"
0.0493459385959934,2.55544557323296e-19,"ENSG00000063587.14"
0.160341565371787,0.015976484808637,"ENSG00000189420.8"
0,0,"ENSG00000213397.10"
0,0,"ENSG00000182492.16"
0.144446342395917,0,"ENSG00000262919.8"
0.165395330592956,0,"ENSG00000260081.2"
0,0,"ENSG00000130821.16"
0.42959502956222,0.0433755456802356,"ENSG00000185825.17"
0,0,"ENSG00000101986.12"
0.346916464161151,3.18554480335244e-14,"ENSG00000198753.12"
0,0,"ENSG00000184343.11"
0.0778674846354846,2.27525268500695e-18,"ENSG00000067829.19"
0,0,"ENSG00000180879.14"
0.105917077119731,0.196483518790868,"ENSG00000067840.12"
0.268738884517306,9.70914053097582e-22,"ENSG00000089820.15"
0.310237140725834,8.19759792592817e-19,"ENSG00000102030.16"
0.674163053132108,0.0386861790889901,"ENSG00000102032.13"
0.518153623765006,0.141515772031673,"ENSG00000172534.14"
0,0,"ENSG00000177854.8"
0.33835194448128,0,"ENSG00000184216.14"
2.13457861184759e-10,0.129103434042792,"ENSG00000169057.22"
0,0,"ENSG00000196924.17"
0.132730030637401,1.8451843010968e-10,"ENSG00000102119.10"
0.061605660217946,1.86646948517715e-11,"ENSG00000147403.16"
0,0,"ENSG00000280195.1"
0,0,"ENSG00000013563.14"
0.148233967783657,6.81307006238351e-14,"ENSG00000102125.16"
0.264312824153864,0.463471050697841,"ENSG00000197180.2"
0,0.0103187335657199,"ENSG00000071553.17"
0,0.160329638707,"ENSG00000203879.12"
0.197030068639663,0,"ENSG00000071859.15"
0,0,"ENSG00000130827.6"
0,0,"ENSG00000196976.7"
0,0,"ENSG00000102178.13"
0.508543631278738,2.94322533987057e-11,"ENSG00000126903.16"
0.23091400621165,0,"ENSG00000071889.16"
0.191147899931362,0,"ENSG00000160211.19"
0,0.0111234877729721,"ENSG00000269335.5"
0,0.106916146638691,"ENSG00000160219.12"
0.337584576577838,0,"ENSG00000130826.18"
0,0,"ENSG00000130830.15"
0,0,"ENSG00000185010.15"
0.408690762487077,0.118881108136526,"ENSG00000277203.1"
0.17973946026278,1.02353766842212e-13,"ENSG00000165775.18"
0.0208948605615087,3.50201378671433e-13,"ENSG00000185515.14"
0.044167152207792,0,"ENSG00000155959.12"
0,0.0729404574310026,"ENSG00000155962.13"
0.293777413194651,0.216433056446745,"ENSG00000225008.1"
0,0,"ENSG00000185973.11"
0.217893755091388,2.14830758185453e-11,"ENSG00000168939.11"
0,0,"ENSG00000124333.16"
0.172327477649462,4.62457629247514e-12,"ENSG00000182484.15"
0.848843524695292,0,"ENSG00000129824.16"
0.667489422675886,0.00598515643435689,"ENSG00000067646.12"
0.445377583667976,2.16681060514263e-09,"ENSG00000231535.7"
0.11264036175996,3.25626435093512e-18,"ENSG00000273906.1"
0.985830256115348,0,"ENSG00000099725.14"
0,0,"ENSG00000225840.2"
0.753859963423014,0.0413531676209442,"ENSG00000251705.1"
0,0,"ENSG00000235649.2"
0.0454470774563589,1.54288354630174e-09,"ENSG00000206159.11"
0.954119840370539,0.00228202655330294,"ENSG00000114374.13"
0.139994668763763,5.60978464075836e-11,"ENSG00000286009.2"
0.529526653548736,0.0572649104702443,"ENSG00000228411.1"
0.870020930578774,0,"ENSG00000067048.17"
0.931232510572029,9.75715799233738e-16,"ENSG00000183878.15"
0.70519939506511,1.3516172234261e-20,"ENSG00000215414.4"
0.292589562925141,0.179319700843912,"ENSG00000241859.7"
0.844805076205608,0.00474771214240995,"ENSG00000165246.14"
0.652755859117926,0.0335746015772807,"ENSG00000226555.1"
0.996209032929389,0,"ENSG00000176728.9"
0.613332106859057,3.31568947896624e-10,"ENSG00000217896.2"
0.792969306367898,0.00606994486913462,"ENSG00000131002.12"
0.951549978589642,0.000322120097330847,"ENSG00000012817.15"
0.466778827819425,0,"ENSG00000288049.1"
0.712145562843432,7.76881482004677e-21,"ENSG00000229236.3"
0.691263899255685,3.02109827002518e-22,"ENSG00000198692.10"
1.03389941714193e-14,0.196046881383599,"ENSG00000210049.1"
0,0,"ENSG00000211459.2"
0.260339593189419,8.75386126668657e-21,"ENSG00000210077.1"
0,0,"ENSG00000210082.2"
0.180862726187187,2.22000414943555e-14,"ENSG00000209082.1"
0,0,"ENSG00000198888.2"
0,0,"ENSG00000198763.3"
0.722156958566278,0.105926190080883,"ENSG00000210117.1"
0.0640066066163577,0.0162676934737671,"ENSG00000210140.1"
0,0.0367814608249085,"ENSG00000210144.1"
0,0,"ENSG00000198804.2"
0,0,"ENSG00000198712.1"
0,0,"ENSG00000228253.1"
0,0,"ENSG00000198899.2"
0,0,"ENSG00000198938.2"
0,0,"ENSG00000198840.2"
0,0,"ENSG00000212907.2"
0,0,"ENSG00000198886.2"
0,0,"ENSG00000198786.2"
0,0,"ENSG00000198695.2"
0,0.0658447523590528,"ENSG00000210194.1"
0.0205905701621802,0,"ENSG00000198727.2"
0.171954863744179,0,"ENSG00000210195.2"
0.124635357346485,1.60586680542809e-09,"ENSG00000210196.2"
