library,term,overlap,pval,zscore,combined_score,adj_pval,genes
GO_Biological_Process_2023,Extracellular Matrix Organization (GO:0030198),23,2.5451549858463875e-11,6.546478666372916,159.6964010484439,5.9403917369654685e-08,COL28A1;ECM2;COL13A1;COL11A1;COL22A1;KLK4;DMP1;NPNT;COL1A1;COL1A2;MMP13;IBSP;COL4A2;COL5A1;MMP16;COL4A1;CREB3L1;PXDN;CYP1B1;COL8A1;HAS2;COL9A2;GAS6
GO_Biological_Process_2023,Extracellular Structure Organization (GO:0043062),18,7.51417534476919e-11,8.545494505494505,199.2095320423803,6.840977143839309e-08,COL28A1;ECM2;COL13A1;COL11A1;COL22A1;DMP1;NPNT;COL1A1;COL1A2;MMP13;IBSP;COL4A2;COL5A1;MMP16;COL4A1;PXDN;COL8A1;COL9A2
GO_Biological_Process_2023,External Encapsulating Structure Organization (GO:0045229),18,8.793029747865437e-11,8.452173913043477,195.7056638444297,6.840977143839309e-08,COL28A1;ECM2;COL13A1;COL11A1;COL22A1;DMP1;NPNT;COL1A1;COL1A2;MMP13;IBSP;COL4A2;COL5A1;MMP16;COL4A1;PXDN;COL8A1;COL9A2
GO_Biological_Process_2023,Skeletal System Development (GO:0001501),19,2.11639502955044e-09,6.315538804180229,126.14374052460542,1.2349164997426817e-06,COL13A1;DLX5;DLX6;SHOX2;RFLNB;EN1;MEPE;HOXA13;ETS2;BMP5;RFLNA;COL1A1;COL1A2;MMP16;CDH11;SHOX;ALX4;ALPL;COL9A2
GO_Biological_Process_2023,Regulation Of Cell Migration (GO:0030334),28,1.4587122128352975e-06,2.997805642633229,40.284381993469914,0.0006417164586509494,LRRC15;CSF1R;SEMA3C;SEMA3D;TNC;PIK3CD;FGF2;ACTG1;FGF7;MDK;PLAU;PDGFD;TMSB4X;CYP1B1;HAS2;TMSB10;PDGFRA;LIMCH1;TPM1;PRKCA;COL1A1;SFRP1;IL1B;KIT;CDH11;CNTN1;SNAI2;ROR2
GO_Biological_Process_2023,Positive Regulation Of Multicellular Organismal Process (GO:0051240),26,1.6496567060435717e-06,3.123839009287926,41.59373943894644,0.0006417164586509494,FOXC1;NPR1;PIK3CD;FGF2;TNF;ACADL;MDK;SPP1;APOE;CD36;PPARGC1A;WWTR1;FOXD1;ACSL1;DIO2;G0S2;PRKCA;COL1A1;FABP4;IL1B;AGO2;MFAP2;LCN2;TMEM119;ALPL;GAS6
GO_Biological_Process_2023,Regulation Of Mononuclear Cell Migration (GO:0071675),6,8.626412001081287e-06,15.840909090909092,184.7158018870093,0.002876292230074818,CSF1R;MDK;RARRES2;CXCL17;TNF;BMP5
GO_Biological_Process_2023,Positive Regulation Of Cell Differentiation (GO:0045597),20,1.2564394678454275e-05,3.270810700706138,36.90993292063279,0.0036656621474390346,WWTR1;FOXC1;DLX2;LMO3;RARRES2;NPNT;RUNX2;COL1A1;HEYL;SCUBE3;SFRP1;KITLG;MDK;IL1B;TMEM119;CD36;SP7;APOB;TP63;BEND6
GO_Biological_Process_2023,Positive Regulation Of Cell Motility (GO:2000147),17,1.8998490064862067e-05,3.5713229859571323,38.824391636627425,0.004080172901914304,LRRC15;PDGFRA;CSF1R;SEMA3C;SEMA3D;PIK3CD;PRKCA;COL1A1;PLAU;MDK;PDGFD;IL1B;KIT;CNTN1;SNAI2;HAS2;ROR2
GO_Biological_Process_2023,Regulation Of ERK1 And ERK2 Cascade (GO:0070372),18,1.915252801180088e-05,3.416991150442478,37.11903401183205,0.004080172901914304,PDGFRA;CSF1R;EPHA7;CCL20;LMO3;CXCL17;PRKCA;NPNT;FGF2;TNF;PDGFD;IL1B;CCL4;APOE;CD36;ROR2;GAS6;EPHB1
GO_Biological_Process_2023,Endochondral Ossification (GO:0001958),4,1.9229606649981723e-05,42.08620689655172,457.01662286582643,0.004080172901914304,FOXC1;COL13A1;DLX5;TMEM119
GO_Biological_Process_2023,Positive Regulation Of Cell Migration (GO:0030335),19,2.4255418022887265e-05,3.224565789589514,34.26704319984571,0.004717678805451573,LRRC15;PDGFRA;CSF1R;SEMA3C;SEMA3D;SEMA3A;PIK3CD;PRKCA;COL1A1;PLAU;MDK;PDGFD;IL1B;AGO2;KIT;CNTN1;SNAI2;HAS2;ROR2
GO_Biological_Process_2023,Regulation Of Angiogenesis (GO:0045765),16,2.78428779918068e-05,3.622793463501428,37.9992391856355,0.004998867479452083,PPP1R16B;FOXC1;SPARC;NPR1;PDE3B;ATP2B4;PIK3CD;PRKCA;FGF2;SFRP1;COL4A2;IL1B;AGO2;RHOJ;CNTN1;CYP1B1
GO_Biological_Process_2023,Negative Regulation Of Lipid Catabolic Process (GO:0050995),5,4.5728505766257346e-05,16.214487456388106,162.0279469649673,0.0076235951756031895,ALK;IL1B;PDE3B;TNF;MFSD2A
GO_Biological_Process_2023,Regulation Of Filopodium Assembly (GO:0051489),7,5.708922251469249e-05,8.223186309954206,80.34789169949347,0.00888308302328615,PPP1R16B;GPM6A;TENM1;DOCK11;TENM2;FSCN1;CLU
GO_Biological_Process_2023,Positive Regulation Of ERK1 And ERK2 Cascade (GO:0070374),14,8.539063872611072e-05,3.619516753437458,33.90862498323945,0.012456359424171401,PDGFRA;CSF1R;CCL20;CXCL17;PRKCA;NPNT;FGF2;TNF;PDGFD;CCL4;ROR2;APOE;CD36;GAS6
GO_Biological_Process_2023,Endochondral Bone Morphogenesis (GO:0060350),4,0.00012620305733224298,21.038793103448278,188.87825570193974,0.014827381329867632,FOXC1;COL13A1;DLX5;TMEM119
GO_Biological_Process_2023,Negative Regulation Of Extrinsic Apoptotic Signaling Pathway In Absence Of Ligand (GO:2001240),5,0.00013009022965509556,12.39677296404523,110.9174269959656,0.014827381329867632,EYA1;UNC5B;IL1B;SNAI2;TNF
GO_Biological_Process_2023,Negative Regulation Of Signal Transduction In Absence Of Ligand (GO:1901099),5,0.00013009022965509556,12.39677296404523,110.9174269959656,0.014827381329867632,EYA1;UNC5B;IL1B;SNAI2;TNF
GO_Biological_Process_2023,Transmembrane Receptor Protein Tyrosine Kinase Signaling Pathway (GO:0007169),18,0.00013727665514222357,2.8971428571428572,25.76577559935031,0.014827381329867632,ALK;PDGFRA;CSF1R;EPHA7;FOXC1;RARRES2;IGF2;SORBS1;FGF2;FGF7;NR4A3;GRB14;COL4A2;PDGFD;DOK6;KIT;ROR2;EPHB1
GO_Biological_Process_2023,Regulation Of Epithelial To Mesenchymal Transition (GO:0010717),9,0.00013817504985262153,5.155802861685214,45.81956434629846,0.014827381329867632,COL1A1;WWTR1;PHLDB1;SFRP1;FOXC1;MDK;IL1B;PHLDB2;BMP5
GO_Biological_Process_2023,Positive Regulation Of MAPK Cascade (GO:0043410),19,0.0001397610922266872,2.7979626355628007,24.83353023296816,0.014827381329867632,TENM1;PDGFRA;CSF1R;CCL20;IGF2;CXCL17;PRKCA;NPNT;FGF2;TNF;PDGFD;IL1B;DOK6;KIT;CCL4;APOE;CD36;ROR2;GAS6
GO_Biological_Process_2023,Positive Regulation Of Epithelial Cell Proliferation (GO:0050679),11,0.00014989120894001463,4.173569865582994,36.75079015031981,0.014915118901157121,PPP1R16B;FGF7;SFRP1;NR4A3;MDK;CNTN1;PIK3CD;PRKCA;FGF2;TNF;BMP5
GO_Biological_Process_2023,Regulation Of Lipid Catabolic Process (GO:0050994),5,0.00016304847821711473,11.707463402927766,102.10620876371667,0.014915118901157121,ALK;RARRES2;IL1B;PDE3B;TNF
GO_Biological_Process_2023,Long-Chain Fatty Acid Transport (GO:0015909),5,0.00016304847821711473,11.707463402927766,102.10620876371667,0.014915118901157121,FABP4;ACSL1;APOE;CD36;MFSD2A
GO_Biological_Process_2023,Regulation Of Cold-Induced Thermogenesis (GO:0120161),12,0.0001698819753546484,3.8095051060487037,33.0680533591665,0.014915118901157121,FABP4;ACADL;ACSL1;LAMA4;MFAP2;DIO2;LCN2;ALPL;G0S2;CD36;PPARGC1A;LGR4
GO_Biological_Process_2023,Regulation Of Nitrogen Compound Metabolic Process (GO:0051171),4,0.0001789303038699226,18.700191570881227,161.35486835873652,0.014915118901157121,ALDH2;APOE;TNF;MFSD2A
GO_Biological_Process_2023,Positive Regulation Of Macrophage Chemotaxis (GO:0010759),4,0.0001789303038699226,18.700191570881227,161.35486835873652,0.014915118901157121,CSF1R;MDK;RARRES2;CXCL17
GO_Biological_Process_2023,Regulation Of Anatomical Structure Morphogenesis (GO:0022603),11,0.0001990262345225988,4.028823662566966,34.333933023385,0.01601818039226709,BRSK1;PHLDB1;SFRP1;SPARC;CDH2;SDC2;TNIK;FGF2;PHLDB2;PPFIA2;SH3D19
GO_Biological_Process_2023,Generation Of Neurons (GO:0048699),13,0.00021304839493820784,3.4812219227313568,29.430219541025448,0.01657516512619257,BRSK1;GPM6A;FZD3;EMX2;SEMA3A;IRX3;EN1;LRP4;SEPTIN4;RUNX2;PTPRD;MAP1B;ADGRL3
GO_Biological_Process_2023,Positive Regulation Of Metabolic Process (GO:0009893),10,0.00022378660443545285,4.329828001069424,36.391414670399676,0.016848965637172482,FABP4;ACSL1;MFAP2;DIO2;LCN2;ALPL;G0S2;CD36;TNF;PPARGC1A
GO_Biological_Process_2023,Fatty Acid Transport (GO:0015908),6,0.00023246064130087447,7.913961038961039,66.21444716878814,0.01693242249065681,FABP4;ACSL1;CRABP1;APOE;CD36;MFSD2A
GO_Biological_Process_2023,Positive Regulation Of Membrane Protein Ectodomain Proteolysis (GO:0051044),4,0.00024588459238940167,16.829310344827586,139.86247888131908,0.01693242249065681,IL1B;APOE;TNF;SH3D19
GO_Biological_Process_2023,Cell-Cell Junction Assembly (GO:0007043),8,0.0002476760806285767,5.374465148378192,44.62627367616518,0.01693242249065681,CLDN11;GJD3;CDH2;CDH11;FSCN1;PRKCA;CDH15;ACTG1
GO_Biological_Process_2023,Regulation Of Phosphatidylinositol 3-Kinase Signaling (GO:0014066),9,0.0002570976179749079,4.708545146453643,38.92109177901876,0.01693242249065681,PPP1R16B;PDGFRA;UNC5B;PDGFD;KIT;ROR2;PTPN13;FGF2;TNF
GO_Biological_Process_2023,Synapse Organization (GO:0050808),11,0.0002611684702929071,3.8937272064186725,32.12459231701698,0.01693242249065681,PTPRD;GPM6A;C1QA;PTPRS;CDH2;TNC;LRP4;PTPRF;PPFIA2;ADGRL3;C1QC
GO_Biological_Process_2023,Regulation Of Extrinsic Apoptotic Signaling Pathway In Absence Of Ligand (GO:2001239),5,0.00036215460785169655,9.576870214019243,75.88175024426474,0.022243917229627888,EYA1;UNC5B;IL1B;SNAI2;TNF
GO_Biological_Process_2023,Positive Regulation Of Filopodium Assembly (GO:0051491),5,0.00036215460785169655,9.576870214019243,75.88175024426474,0.022243917229627888,GPM6A;TENM1;DOCK11;TENM2;FSCN1
GO_Biological_Process_2023,Response To Organic Cyclic Compound (GO:0014070),7,0.0003939907457862359,5.800136106503339,45.46832915721317,0.023578830786283967,SFRP1;IL1B;SPP1;CYP1B1;ALPL;CLU;TNF
GO_Biological_Process_2023,Collagen Fibril Organization (GO:0030199),6,0.0004081977966851726,7.033189033189033,54.885310143337826,0.02364748779758039,COL1A1;COL1A2;COL5A1;COL11A1;PXDN;CYP1B1
GO_Biological_Process_2023,Ethanol Oxidation (GO:0006069),3,0.0004154014565984558,31.496774193548386,245.2422349266969,0.02364748779758039,ACSS2;ADH1A;ADH6
GO_Biological_Process_2023,Negative Regulation Of Wnt Signaling Pathway (GO:0030178),11,0.00046273854487265093,3.6203925160721253,27.798634942969848,0.025247073732426153,WWTR1;SFRP1;IGFBP4;MDK;WIF1;IGFBP2;SNAI2;LRP4;APOE;APCDD1;TRABD2B
GO_Biological_Process_2023,Skeletal System Morphogenesis (GO:0048705),6,0.0004651346060386995,6.842751842751842,52.50569203237756,0.025247073732426153,PDGFRA;MMP13;RFLNB;HOXC9;IFITM5;RFLNA
GO_Biological_Process_2023,Positive Regulation Of Cold-Induced Thermogenesis (GO:0120162),9,0.00048612696435909315,4.2835426305353606,32.67932117410596,0.025786825791230077,FABP4;ACSL1;MFAP2;DIO2;LCN2;ALPL;G0S2;CD36;PPARGC1A
GO_Biological_Process_2023,Positive Regulation Of Osteoblast Differentiation (GO:0045669),6,0.000528071646578236,6.662337662337662,50.275856055230776,0.027389316069191174,SCUBE3;WWTR1;TMEM119;NPNT;TP63;RUNX2
GO_Biological_Process_2023,Extracellular Matrix Assembly (GO:0085029),4,0.000552929889946078,12.943633952254642,97.08087039130753,0.028055181807264042,MFAP4;PXDN;HAS2;GAS6
GO_Biological_Process_2023,Protein Localization To Membrane (GO:0072657),13,0.0006144084336128531,3.0890662410215484,22.843183499204134,0.030487001969677466,SH3GLB1;RAB3C;PLEKHF1;WDR72;TNF;SYNE3;EHD1;RAB34;BSG;CPE;TNIK;GAS6;SPTBN1
GO_Biological_Process_2023,Brain Development (GO:0007420),12,0.0006480152236280616,3.247569560844787,23.842344894786933,0.030487001969677466,CNTNAP2;EPHA7;DLX2;EMX2;CDH2;COL4A1;NNAT;CNTN1;SHROOM2;PHGDH;MFSD2A;ADGRL3
GO_Biological_Process_2023,Regulation Of Fibroblast Apoptotic Process (GO:2000269),3,0.0006531062975509311,25.196129032258064,184.78263180580933,0.030487001969677466,SFRP1;GAS6;TP63
GO_Biological_Process_2023,Regulation Of Gap Junction Assembly (GO:1903596),3,0.0006531062975509311,25.196129032258064,184.78263180580933,0.030487001969677466,CNTNAP2;IL1B;IRX3
GO_Biological_Process_2023,Positive Regulation Of Macrophage Migration (GO:1905523),4,0.0006978454013753962,12.018472906403941,87.34440769966068,0.031678879968209464,CSF1R;MDK;RARRES2;CXCL17
GO_Biological_Process_2023,Negative Chemotaxis (GO:0050919),5,0.0007057848150586512,8.101844160159494,58.78860290311209,0.031678879968209464,EPHA7;SEMA3C;SEMA3D;SEMA3A;UNC5C
GO_Biological_Process_2023,Cell-Cell Adhesion Via Plasma-Membrane Adhesion Molecules (GO:0098742),12,0.0007571292817874339,3.186184210526316,22.895844980532505,0.033342259314940954,PTPRD;CLDN11;TENM1;TENM2;PTPRS;CDH2;CD6;CDH11;FAT2;CDH15;PTPRF;ADGRL3
GO_Biological_Process_2023,Positive Regulation Of T Cell Proliferation (GO:0042102),7,0.0007929207208714593,5.098287082055502,36.400685436726505,0.034131485142434984,CD6;IL1B;IGFBP2;EBI3;IGF2;CD46;HLA-DPA1
GO_Biological_Process_2023,Regulation Of Neuron Apoptotic Process (GO:0043523),9,0.0008042980646246462,3.9697712418300655,28.28676627682555,0.034131485142434984,EPHA7;PTPRZ1;UNC5B;MDK;APOE;CLU;TNF;PPARGC1A;CPEB4
GO_Biological_Process_2023,Neuron Development (GO:0048666),11,0.000825327773045667,3.358200966579034,23.84231998010754,0.03439848254086762,EHD1;ALK;GPM6A;CNTNAP2;TENM1;TENM2;MAP1B;TMEM108;DMD;APOE;HDGFL3
GO_Biological_Process_2023,Regulation Of Granulocyte Chemotaxis (GO:0071622),4,0.000867706153143644,11.216666666666667,79.07365754983995,0.03491769243857354,CSF1R;MDK;RARRES2;CXCL17
GO_Biological_Process_2023,Eye Morphogenesis (GO:0048592),4,0.000867706153143644,11.216666666666667,79.07365754983995,0.03491769243857354,ALDH1A3;COL5A1;MFAP2;SHROOM2
GO_Biological_Process_2023,Negative Regulation Of Angiogenesis (GO:0016525),8,0.0009110133462825401,4.337569676700111,30.3671214870678,0.03603907034277031,FOXC1;SPARC;COL4A2;NPR1;CREB3L1;PDE3B;ATP2B4;TNF
GO_Biological_Process_2023,Negative Regulation Of Cell Adhesion Mediated By Integrin (GO:0033629),3,0.0009626750294994558,20.995698924731183,145.83181346395648,0.03744805864752883,PDE3B;CYP1B1;SNAI2
GO_Biological_Process_2023,Positive Regulation Of Cell Adhesion (GO:0045785),8,0.0010598023371795862,4.228695652173913,28.96518185291372,0.04008200460345141,ECM2;MEGF10;IBSP;MDK;TPM1;PRKCA;NPNT;TNF
GO_Biological_Process_2023,Regulation Of Macrophage Chemotaxis (GO:0010758),4,0.0010647319132022226,10.515086206896552,71.9761040526444,0.04008200460345141,CSF1R;MDK;RARRES2;CXCL17
GO_Biological_Process_2023,Central Nervous System Development (GO:0007417),16,0.001093354709785347,2.5541082496436975,17.415198833289665,0.04050618877204762,C1QA;CNTNAP2;EPHA7;DLX2;EMX2;SHROOM2;MARCKS;CDH2;PTPRZ1;COL4A1;NNAT;CNTN1;PHGDH;SPTBN1;MFSD2A;ADGRL3
GO_Biological_Process_2023,Positive Regulation Of Phosphatidylinositol 3-Kinase Signaling (GO:0014068),7,0.0011343804239382746,4.768385697292002,32.337611837774844,0.04136943608549895,PDGFRA;UNC5B;PDGFD;KIT;ROR2;FGF2;TNF
GO_Biological_Process_2023,Regulation Of Membrane Protein Ectodomain Proteolysis (GO:0051043),4,0.0012911441392081833,9.89604462474645,65.83073053621241,0.046362006475567694,IL1B;APOE;TNF;SH3D19
GO_Biological_Process_2023,Mast Cell Activation Involved In Immune Response (GO:0002279),3,0.0013514346683036246,17.995391705069125,118.88814849552418,0.04707833605702477,NR4A3;KIT;PIK3CD
GO_Biological_Process_2023,Mast Cell Degranulation (GO:0043303),3,0.0013514346683036246,17.995391705069125,118.88814849552418,0.04707833605702477,NR4A3;KIT;PIK3CD
GO_Biological_Process_2023,Protein Localization To Plasma Membrane (GO:0072659),10,0.0014560642299272254,3.336141388439982,21.791736321174206,0.04997726342132565,EHD1;RAB3C;PLEKHF1;RAB34;BSG;WDR72;TNIK;GAS6;TNF;SPTBN1
GO_Biological_Process_2023,Negative Regulation Of Cell Development (GO:0010721),4,0.0015491573220056387,9.345785440613026,60.4676445023484,0.05218343883153003,IL1B;RFLNB;TNF;RFLNA
GO_Biological_Process_2023,Positive Regulation Of Leukocyte Chemotaxis (GO:0002690),6,0.001587413949031119,5.271645021645021,33.979173641364085,0.05218343883153003,CSF1R;MDK;RARRES2;CXCL17;ANO6;GAS6
GO_Biological_Process_2023,Regulation Of Blood Vessel Endothelial Cell Migration (GO:0043535),6,0.001587413949031119,5.271645021645021,33.979173641364085,0.05218343883153003,TMSB4X;ATP2B4;PRKCA;APOE;FGF2;TNF
GO_Biological_Process_2023,Negative Regulation Of Neuron Apoptotic Process (GO:0043524),7,0.0017124561177186983,4.411402855570305,28.09987130939667,0.05551211914938113,PTPRZ1;MDK;UNC5B;APOE;CLU;PPARGC1A;CPEB4
GO_Biological_Process_2023,Regulation Of Muscle System Process (GO:0090257),3,0.0018260810060456145,15.745161290322581,99.28242349369171,0.05607990879092716,TPM1;DMD;PPP1R12B
GO_Biological_Process_2023,Regulation Of Phospholipase C Activity (GO:1900274),3,0.0018260810060456145,15.745161290322581,99.28242349369171,0.05607990879092716,PDGFRA;KIT;FGF2
GO_Biological_Process_2023,Ganglion Development (GO:0061548),3,0.0018260810060456145,15.745161290322581,99.28242349369171,0.05607990879092716,FZD3;SEMA3A;UNC5C
GO_Biological_Process_2023,Mast Cell Mediated Immunity (GO:0002448),3,0.0018260810060456145,15.745161290322581,99.28242349369171,0.05607990879092716,NR4A3;KIT;PIK3CD
GO_Biological_Process_2023,Protein Localization To Cell Periphery (GO:1990778),10,0.0019030557538750898,3.20894534868334,20.10177835588184,0.05768483285122675,EHD1;RAB3C;PLEKHF1;RAB34;BSG;WDR72;TNIK;GAS6;TNF;SPTBN1
GO_Biological_Process_2023,Regulation Of Nitric Oxide Biosynthetic Process (GO:0045428),5,0.00205168918474911,6.192986913988057,38.328964728556414,0.0613928532974926,IL1B;ATP2B4;CD36;CLU;TNF
GO_Biological_Process_2023,Regulation Of Cell Adhesion (GO:0030155),10,0.002110279923227721,3.1607247604770907,19.473018775765276,0.062346751149537985,SPN;EPHA7;IBSP;PLAU;MDK;TPM1;PDE3B;TNC;PRKCA;TNF
GO_Biological_Process_2023,Positive Regulation Of Endothelial Cell Proliferation (GO:0001938),7,0.0021556133350001186,4.221691973969631,25.91983771841961,0.06289001904862847,PPP1R16B;MDK;IGF2;CNTN1;PIK3CD;PRKCA;FGF2
GO_Biological_Process_2023,Retinoid Metabolic Process (GO:0001523),5,0.002300403276308153,6.015735883986424,36.54361531884729,0.0662856944062127,ALDH1A3;AKR1C1;RARRES2;CYP1B1;DHRS3
GO_Biological_Process_2023,Synaptic Membrane Adhesion (GO:0099560),3,0.002392709792994392,13.994982078853047,84.46431770616687,0.06728415249215557,PTPRD;PTPRS;PTPRF
GO_Biological_Process_2023,Positive Regulation Of Vascular Endothelial Cell Proliferation (GO:1905564),3,0.002392709792994392,13.994982078853047,84.46431770616687,0.06728415249215557,MDK;IGF2;FGF2
GO_Biological_Process_2023,Regulation Of Actin Cytoskeleton Reorganization (GO:2000249),4,0.002534679944187627,8.00944170771757,47.87794281936774,0.06948829535670122,CSF1R;PDGFRA;MDK;CLU
GO_Biological_Process_2023,Regulation Of Dendrite Development (GO:0050773),5,0.0025703421120491883,5.8483321334293255,34.877793504716074,0.06948829535670122,ALK;SDC2;TNIK;MFSD2A;BMP5
GO_Biological_Process_2023,Cellular Response To Cytokine Stimulus (GO:0071345),16,0.0025879245126857143,2.332403927748818,13.893894790342541,0.06948829535670122,CSF1R;FOXC1;CCL20;EBI3;MT1X;NPNT;LILRB4;GREM2;MT2A;SFRP1;IL1B;KIT;CCL4;HAS2;GAS6;HLA-DPA1
GO_Biological_Process_2023,Neuron Differentiation (GO:0030182),11,0.002590180675249788,2.878001999081503,17.141459474420518,0.06948829535670122,PTPRD;ALK;BRSK1;TENM1;FZD3;TENM2;EMX2;IRX3;EN1;DMD;RUNX2
GO_Biological_Process_2023,Positive Regulation Of Cellular Biosynthetic Process (GO:0031328),11,0.0027084204286772755,2.860197876253507,16.90774421322135,0.07103183124852504,IL1B;AGO2;IGF2;CD36;SORBS1;VIM;CLU;FGF2;TNF;PPARGC1A;MFSD2A
GO_Biological_Process_2023,Axon Guidance (GO:0007411),10,0.0027085831110191636,3.046244227325563,18.00735372489449,0.07103183124852504,ENAH;EPHA7;SEMA3C;UNC5B;SEMA3D;SEMA3A;CNTN1;UNC5C;NCAM1;EPHB1
GO_Biological_Process_2023,Acute Inflammatory Response (GO:0002526),4,0.0029408365603831323,7.644984326018808,44.56308146168904,0.0754276102410355,CD6;HP;CNTN1;ANO6
GO_Biological_Process_2023,Negative Regulation Of Lipid Metabolic Process (GO:0045833),4,0.0029408365603831323,7.644984326018808,44.56308146168904,0.0754276102410355,ALK;IL1B;PDE3B;TNF
GO_Biological_Process_2023,Positive Regulation Of Cell Junction Assembly (GO:1901890),6,0.002975853778852866,4.599055489964581,26.753737337947953,0.07549611652002815,PTPRD;CNTNAP2;SFRP1;CLSTN2;IRX3;EPHB1
GO_Biological_Process_2023,Positive Regulation Of Phosphorylation (GO:0042327),13,0.0032286410787263995,2.53132372214941,14.518898155928134,0.08102847610481093,ALK;PDGFRA;CSF1R;LIMCH1;RARRES2;IGF2;FGF2;TNF;IL1B;TMEM119;ROR2;TNIK;GAS6
GO_Biological_Process_2023,Supramolecular Fiber Organization (GO:0097435),16,0.0033285270412952467,2.2692625368731565,12.946654270963643,0.08264661823811814,TPM4;COL11A1;TPM1;SHROOM2;COL1A1;MFAP4;MYO1E;MARCKS;COL1A2;COL5A1;PXDN;FAT1;CYP1B1;CD36;VIM;HDGFL3
GO_Biological_Process_2023,Positive Regulation Of Nitric Oxide Biosynthetic Process (GO:0045429),4,0.003389304652006064,7.312218890554723,41.5855430461319,0.08293253282431706,IL1B;CD36;CLU;TNF
GO_Biological_Process_2023,Neural Crest Cell Development (GO:0014032),5,0.003517703834450467,5.397629728083292,30.49632092842853,0.08293253282431706,SEMA3C;CDH2;SEMA3D;SEMA3A;SNAI2
GO_Biological_Process_2023,Positive Regulation Of Biosynthetic Process (GO:0009891),5,0.003517703834450467,5.397629728083292,30.49632092842853,0.08293253282431706,CREB3L1;APOE;CD36;SORBS1;VIM
GO_Biological_Process_2023,Positive Regulation Of Chemotaxis (GO:0050921),5,0.003517703834450467,5.397629728083292,30.49632092842853,0.08293253282431706,MDK;TMSB4X;RARRES2;CNTN1;FGF2
GO_Biological_Process_2023,Positive Regulation Of Leukocyte Cell-Cell Adhesion (GO:1903039),5,0.003517703834450467,5.397629728083292,30.49632092842853,0.08293253282431706,NR4A3;MDK;HAS2;TNF;HLA-DPA1
GO_Biological_Process_2023,Regulation Of Osteoblast Differentiation (GO:0045667),7,0.0037738117862501806,3.787140552867234,21.130993409279085,0.08384057099569511,SCUBE3;WWTR1;TMEM119;SNAI2;NPNT;TP63;RUNX2
GO_Biological_Process_2023,Ethanol Metabolic Process (GO:0006067),3,0.003823475963548338,11.449266862170088,63.733435469832116,0.08384057099569511,ACSS2;ADH1A;ADH6
GO_Biological_Process_2023,Hyaluronan Metabolic Process (GO:0030212),3,0.003823475963548338,11.449266862170088,63.733435469832116,0.08384057099569511,IL1B;HAS2;FGF2
GO_Biological_Process_2023,Negative Regulation Of Chondrocyte Differentiation (GO:0032331),3,0.003823475963548338,11.449266862170088,63.733435469832116,0.08384057099569511,RFLNB;SNAI2;RFLNA
GO_Biological_Process_2023,Regulation Of Bone Remodeling (GO:0046850),3,0.003823475963548338,11.449266862170088,63.733435469832116,0.08384057099569511,CSF1R;SFRP1;MDK
GO_Biological_Process_2023,Regulation Of Nitric-Oxide Synthase Activity (GO:0050999),4,0.0038821107117140556,7.007183908045977,38.899514504460996,0.08384057099569511,IL1B;ATP2B4;APOE;TNF
GO_Biological_Process_2023,Negative Regulation Of Wound Healing (GO:0061045),4,0.0038821107117140556,7.007183908045977,38.899514504460996,0.08384057099569511,APOE;FGF2;TNF;PHLDB2
GO_Biological_Process_2023,Positive Regulation Of Nitric Oxide Metabolic Process (GO:1904407),4,0.0038821107117140556,7.007183908045977,38.899514504460996,0.08384057099569511,IL1B;CD36;CLU;TNF
GO_Biological_Process_2023,Regulation Of Bone Resorption (GO:0045124),4,0.0038821107117140556,7.007183908045977,38.899514504460996,0.08384057099569511,CSF1R;SPP1;TMEM119;PRKCA
GO_Biological_Process_2023,Plasma Membrane Bounded Cell Projection Organization (GO:0120036),9,0.003915433692601014,3.0940538817152876,17.149812135452688,0.08384057099569511,EHD1;CSF1R;GPM6A;CNTNAP2;MAP1B;TPM1;TMEM108;APOE;HDGFL3
GO_Biological_Process_2023,Regulation Of Protein Phosphorylation (GO:0001932),14,0.004030536364907562,2.368797936009267,13.061210283145668,0.08552065341540227,WWTR1;CSF1R;EPHA7;LIMCH1;RARRES2;IGF2;PTPN13;FGF2;TNF;KLHL31;IL1B;TMEM119;TNIK;GAS6
GO_Biological_Process_2023,Cell-Matrix Adhesion (GO:0007160),8,0.0041009580134136366,3.34584588893672,18.390557931554937,0.08623095498475161,ECM2;COL13A1;CDH11;ITGA8;ITGBL1;SORBS1;NPNT;PPFIA2
GO_Biological_Process_2023,Peptidyl-Tyrosine Dephosphorylation (GO:0035335),4,0.004421230774646676,6.726551724137931,36.46690486009304,0.09213529132165484,PTPRS;PTPRZ1;PTPN13;PTPRF
GO_Biological_Process_2023,Negative Regulation Of Neuron Death (GO:1901215),7,0.004573343764904962,3.6463137034359017,19.64455396300591,0.09446180838308124,PTPRZ1;MDK;UNC5B;APOE;CLU;PPARGC1A;CPEB4
GO_Biological_Process_2023,Positive Regulation Of Epithelial To Mesenchymal Transition (GO:0010718),5,0.0046927696889119295,5.011313380643834,26.86932091275499,0.09450825118151472,COL1A1;WWTR1;FOXC1;MDK;IL1B
GO_Biological_Process_2023,Platelet-Derived Growth Factor Receptor Signaling Pathway (GO:0048008),3,0.0046970681821147,10.494623655913978,56.259754341951265,0.09450825118151472,PDGFRA;NR4A3;PDGFD
GO_Biological_Process_2023,Regulation Of Amyloid-Beta Clearance (GO:1900221),3,0.0046970681821147,10.494623655913978,56.259754341951265,0.09450825118151472,APOE;CLU;TNF
GO_Biological_Process_2023,Negative Regulation Of Axon Extension (GO:0030517),4,0.005008586279453016,6.4675066312997345,34.25580586435084,0.09658052174266578,PTPRS;SEMA3C;SEMA3D;SEMA3A
GO_Biological_Process_2023,Negative Regulation Of Blood Coagulation (GO:0030195),4,0.005008586279453016,6.4675066312997345,34.25580586435084,0.09658052174266578,PDGFRA;SERPINB2;PLAU;APOE
GO_Biological_Process_2023,B Cell Chemotaxis (GO:0035754),2,0.005213858500246738,27.938483547925607,146.85682562537212,0.09658052174266578,PIK3CD;GAS6
GO_Biological_Process_2023,Regulation Of Neutrophil Extravasation (GO:2000389),2,0.005213858500246738,27.938483547925607,146.85682562537212,0.09658052174266578,MDK;OLFM4
GO_Biological_Process_2023,Regulation Of Peptidyl-Cysteine S-nitrosylation (GO:2000169),2,0.005213858500246738,27.938483547925607,146.85682562537212,0.09658052174266578,ATP2B4;DMD
GO_Biological_Process_2023,Regulation Of Vitamin D Biosynthetic Process (GO:0060556),2,0.005213858500246738,27.938483547925607,146.85682562537212,0.09658052174266578,SNAI2;TNF
GO_Biological_Process_2023,Transmembrane Receptor Protein Tyrosine Phosphatase Signaling Pathway (GO:0007185),2,0.005213858500246738,27.938483547925607,146.85682562537212,0.09658052174266578,PTPRD;PTPRF
GO_Biological_Process_2023,Positive Regulation Of Gap Junction Assembly (GO:1903598),2,0.005213858500246738,27.938483547925607,146.85682562537212,0.09658052174266578,CNTNAP2;IRX3
GO_Biological_Process_2023,Positive Regulation Of Podosome Assembly (GO:0071803),2,0.005213858500246738,27.938483547925607,146.85682562537212,0.09658052174266578,FSCN1;TNF
GO_Biological_Process_2023,Regulation Of Calcidiol 1-Monooxygenase Activity (GO:0060558),2,0.005213858500246738,27.938483547925607,146.85682562537212,0.09658052174266578,IL1B;TNF
GO_Biological_Process_2023,Negative Regulation Of Canonical Wnt Signaling Pathway (GO:0090090),8,0.005373094009851246,3.187202625102543,16.657440808317993,0.0987464678660851,WWTR1;SFRP1;IGFBP4;MDK;IGFBP2;SNAI2;LRP4;APOE
GO_Biological_Process_2023,Positive Regulation Of Mononuclear Cell Migration (GO:0071677),4,0.005646040352623669,6.22765006385696,32.23930384551866,0.10122801356748791,CXCL17;ANO6;GAS6;TNF
GO_Biological_Process_2023,Regulation Of Establishment Of Endothelial Barrier (GO:1903140),3,0.005681606588406563,9.686848635235732,50.08605658007049,0.10122801356748791,IL1B;S1PR3;TNF
GO_Biological_Process_2023,Regulation Of Fatty Acid Oxidation (GO:0046320),3,0.005681606588406563,9.686848635235732,50.08605658007049,0.10122801356748791,NR4A3;ACADL;PPARGC1A
GO_Biological_Process_2023,Retinal Metabolic Process (GO:0042574),3,0.005681606588406563,9.686848635235732,50.08605658007049,0.10122801356748791,ALDH1A3;AKR1C1;CYP1B1
GO_Biological_Process_2023,Negative Regulation Of Extrinsic Apoptotic Signaling Pathway (GO:2001237),6,0.005896381059141207,3.950487012987013,20.279495199983334,0.10425873781845135,EYA1;UNC5B;IL1B;SNAI2;TNF;BMP5
GO_Biological_Process_2023,Positive Regulation Of Cell Death (GO:0010942),5,0.006122735478225094,4.676505879529637,23.830287573482515,0.10744710230208548,C1QA;HP;MAP3K20;CLU;TNF
GO_Biological_Process_2023,Regulation Of Endothelial Cell Proliferation (GO:0001936),7,0.006181394616608876,3.4334359077838874,17.46318074153291,0.10766697787436653,PPP1R16B;SPARC;CNTN1;PIK3CD;PRKCA;APOE;FGF2
GO_Biological_Process_2023,Positive Regulation Of Protein Serine/Threonine Kinase Activity (GO:0071902),8,0.006269042378498367,3.099002792181891,15.7185501974294,0.10838477712159399,CSF1R;TENM1;PDGFD;IL1B;KIT;ATP2B4;FGF2;TNF
GO_Biological_Process_2023,Positive Regulation Of Cell-Substrate Adhesion (GO:0010811),6,0.006316643758504957,3.8895104895104895,19.698687493298696,0.10840475391434241,SFRP1;ECM2;MDK;CD36;NPNT;OLFM4
GO_Biological_Process_2023,Cholesterol Transport (GO:0030301),5,0.006660641675667809,4.5746079444079255,22.92582818796517,0.112651722253686,AKR1C1;CD36;APOE;APOB;CLU
GO_Biological_Process_2023,Positive Regulation Of Protein Localization To Cell Periphery (GO:1904377),5,0.006660641675667809,4.5746079444079255,22.92582818796517,0.112651722253686,EPB41L2;ATP2B4;SORBS1;TNF;SPTBN1
GO_Biological_Process_2023,Positive Regulation Of Cardiac Muscle Hypertrophy (GO:0010613),3,0.006780612562184362,8.994470046082949,44.91557563076507,0.11315720755112621,NR4A3;TRPC3;PRKCA
GO_Biological_Process_2023,Actin Filament Organization (GO:0007015),9,0.006878314468712438,2.8172839506172838,14.028331998273261,0.11315720755112621,ENAH;MYO1E;MARCKS;TPM4;TPM1;FAT1;SHROOM2;RFLNB;RFLNA
GO_Biological_Process_2023,Positive Regulation Of Angiogenesis (GO:0045766),8,0.006926426644357136,3.042851547199373,15.130309218213062,0.11315720755112621,MDK;IL1B;AGO2;CNTN1;CYP1B1;PIK3CD;PRKCA;FGF2
GO_Biological_Process_2023,Positive Regulation Of Protein Modification Process (GO:0031401),12,0.006941566294593643,2.386829750432419,11.863087672705719,0.11315720755112621,PPP1R16B;CSF1R;LIMCH1;IL1B;RARRES2;IGF2;TMEM119;TNIK;GAS6;FGF2;TNF;TRABD2B
GO_Biological_Process_2023,Actin Filament Bundle Organization (GO:0061572),4,0.007078385733703696,5.79756242568371,28.702046803644087,0.11315720755112621,RFLNB;SHROOM2;FSCN1;RFLNA
GO_Biological_Process_2023,Regulation Of Sprouting Angiogenesis (GO:1903670),4,0.007078385733703696,5.79756242568371,28.702046803644087,0.11315720755112621,PPP1R16B;CREB3L1;RHOJ;FGF2
GO_Biological_Process_2023,Negative Regulation Of Blood Vessel Endothelial Cell Migration (GO:0043537),4,0.007078385733703696,5.79756242568371,28.702046803644087,0.11315720755112621,ATP2B4;APOE;FGF2;TNF
GO_Biological_Process_2023,Regulation Of Cell Adhesion Mediated By Integrin (GO:0033628),4,0.007078385733703696,5.79756242568371,28.702046803644087,0.11315720755112621,PLAU;PDE3B;CYP1B1;SNAI2
GO_Biological_Process_2023,Monocarboxylic Acid Transport (GO:0015718),6,0.007221838607899525,3.77301802674937,18.60341512343374,0.11466511095807817,FABP4;ACSL1;AKR1C1;CRABP1;SLC16A2;MFSD2A
GO_Biological_Process_2023,Regulation Of Skeletal Muscle Satellite Cell Proliferation (GO:0014842),2,0.0077000139974579065,20.952789699570815,101.96744528649882,0.11532296546782794,EPHB1;FGF2
GO_Biological_Process_2023,Desmosome Organization (GO:0002934),2,0.0077000139974579065,20.952789699570815,101.96744528649882,0.11532296546782794,SNAI2;PRKCA
GO_Biological_Process_2023,Glandular Epithelial Cell Development (GO:0002068),2,0.0077000139974579065,20.952789699570815,101.96744528649882,0.11532296546782794,CDH2;BMP5
GO_Biological_Process_2023,Type B Pancreatic Cell Development (GO:0003323),2,0.0077000139974579065,20.952789699570815,101.96744528649882,0.11532296546782794,CDH2;BMP5
GO_Biological_Process_2023,Hyaluronan Biosynthetic Process (GO:0030213),2,0.0077000139974579065,20.952789699570815,101.96744528649882,0.11532296546782794,IL1B;HAS2
GO_Biological_Process_2023,Positive Regulation Of Fibroblast Apoptotic Process (GO:2000271),2,0.0077000139974579065,20.952789699570815,101.96744528649882,0.11532296546782794,SFRP1;TP63
GO_Biological_Process_2023,Positive Regulation Of Icosanoid Secretion (GO:0032305),2,0.0077000139974579065,20.952789699570815,101.96744528649882,0.11532296546782794,IL1B;CYP4A11
GO_Biological_Process_2023,Receptor-Mediated Virion Attachment To Host Cell (GO:0046813),2,0.0077000139974579065,20.952789699570815,101.96744528649882,0.11532296546782794,LRRC15;GAS6
GO_Biological_Process_2023,Positive Regulation Of Lymphocyte Proliferation (GO:0050671),6,0.007707961702219862,3.7173414820473645,18.086730545828136,0.11532296546782794,SASH3;CD6;IL1B;CD46;HLA-DPA1;HLA-E
GO_Biological_Process_2023,Cytokine-Mediated Signaling Pathway (GO:0019221),13,0.007788825541119138,2.2585480093676815,10.965397832433254,0.11579056568772018,CSF1R;FOXC1;CCL20;EBI3;CXCL3;LILRB4;TNF;OASL;GREM2;TMSB4X;IL1B;KIT;CCL4
GO_Biological_Process_2023,Positive Regulation Of Neuron Death (GO:1901216),4,0.007876683928099737,5.604022988505747,27.145037141915992,0.11617444925935873,C1QA;EPHA7;CLU;TNF
GO_Biological_Process_2023,Branching Involved In Ureteric Bud Morphogenesis (GO:0001658),3,0.007997169971875946,8.394408602150538,40.53380844721421,0.11617444925935873,FOXD1;NPNT;FGF2
GO_Biological_Process_2023,Regulation Of Vascular Endothelial Cell Proliferation (GO:1905562),3,0.007997169971875946,8.394408602150538,40.53380844721421,0.11617444925935873,MDK;IGF2;FGF2
GO_Biological_Process_2023,Regulation Of Neuron Projection Development (GO:0010975),10,0.008013747356793811,2.578549366279689,12.445618100580031,0.11617444925935873,BRSK1;PTPRS;CDH2;MDK;SEMA3A;ROR2;APOE;ADCY6;MFSD2A;PPFIA2
GO_Biological_Process_2023,Negative Regulation Of Neuron Projection Development (GO:0010977),5,0.008471513062839319,4.293868735399127,20.48624589172909,0.1220525400534998,PTPRS;SEMA3A;LRP4;APOE;ADCY6
GO_Biological_Process_2023,Enzyme-Linked Receptor Protein Signaling Pathway (GO:0007167),8,0.008797241645746173,2.910944527736132,13.778423382146583,0.1246908043018218,PTPRD;ALK;PDGFRA;CSF1R;NPR1;DOK6;ROR2;PTPRF
GO_Biological_Process_2023,Neuron Projection Guidance (GO:0097485),8,0.008797241645746173,2.910944527736132,13.778423382146583,0.1246908043018218,ENAH;EPHA7;SEMA3C;SEMA3D;SEMA3A;CNTN1;UNC5C;EPHB1
GO_Biological_Process_2023,Regulation Of MAPK Cascade (GO:0043408),11,0.008814902617738046,2.4118660786158888,11.411289739609245,0.1246908043018218,CSF1R;EPHA7;IL1B;DOK6;KIT;IGF2;TNIK;EPHB1;LILRB4;FGF2;TNF
GO_Biological_Process_2023,Embryonic Organ Development (GO:0048568),6,0.00930750024051007,3.5597219681726724,16.648587289193653,0.12665951118774685,KITLG;RARRES2;KIT;IGF2;TNF;MFSD2A
GO_Biological_Process_2023,Negative Regulation Of Blood Vessel Morphogenesis (GO:2000181),6,0.00930750024051007,3.5597219681726724,16.648587289193653,0.12665951118774685,FOXC1;SPARC;COL4A2;NPR1;PDE3B;ATP2B4
GO_Biological_Process_2023,Regulation Of T Cell Proliferation (GO:0042129),6,0.00930750024051007,3.5597219681726724,16.648587289193653,0.12665951118774685,SPN;CD6;IL1B;CD46;LILRB4;HLA-DPA1
GO_Biological_Process_2023,Regulation Of Insulin-Like Growth Factor Receptor Signaling Pathway (GO:0043567),3,0.00933394855368143,7.869354838709677,36.78212897029497,0.12665951118774685,IGFBP4;IGFBP2;BMP5
GO_Biological_Process_2023,Cardiac Epithelial To Mesenchymal Transition (GO:0060317),3,0.00933394855368143,7.869354838709677,36.78212897029497,0.12665951118774685,HEYL;HAS2;SNAI2
GO_Biological_Process_2023,Cellular Response To Catecholamine Stimulus (GO:0071870),3,0.00933394855368143,7.869354838709677,36.78212897029497,0.12665951118774685,NR4A3;ATP2B4;ADCY6
GO_Biological_Process_2023,Embryonic Digestive Tract Development (GO:0048566),3,0.00933394855368143,7.869354838709677,36.78212897029497,0.12665951118774685,PDGFRA;RARRES2;TNF
GO_Biological_Process_2023,Cellular Response To Organic Cyclic Compound (GO:0071407),9,0.009649541580005172,2.658576717400247,12.338042118912517,0.13018514478457846,SFRP1;NR4A3;IL1B;SPP1;CYP1B1;LCOR;CLU;TNF;ADCY6
GO_Biological_Process_2023,Negative Regulation Of Protein Modification Process (GO:0031400),6,0.00988967149582744,3.51010101010101,16.203554156740605,0.1326580073060991,PPP1R16B;WWTR1;ATP2B4;DMD;PTPN13;KLHL31
GO_Biological_Process_2023,Positive Regulation Of Cell Population Proliferation (GO:0008284),20,0.010294396629165571,1.8386493366244987,8.41394536328838,0.13471331668003034,CSF1R;WWTR1;PDGFRA;MEGF10;CLEC11A;IGF2;TNF;FGF2;BMP5;FGF7;SFRP1;KITLG;NR4A3;MDK;PDGFD;IL1B;TMEM119;HAS2;S1PR3;GAS6
GO_Biological_Process_2023,Positive Regulation Of Endocytosis (GO:0045807),6,0.010497292103691916,3.461839530332681,15.774349380605496,0.13471331668003034,IL1B;APOE;GAS6;CLU;TNF;F3
GO_Biological_Process_2023,Negative Regulation Of Signal Transduction (GO:0009968),13,0.010518704564422209,2.168503937007874,9.876668507523892,0.13471331668003034,APCDD1;FGF2;TNF;BMP5;SFRP1;GRB14;WIF1;CREB3L1;IL1B;SNAI2;LGR4;TRABD2B;BEND6
GO_Biological_Process_2023,Sinoatrial Node Development (GO:0003163),2,0.01061387030481904,16.76137339055794,76.19039184442887,0.13471331668003034,SHOX2;CACNA1G
GO_Biological_Process_2023,"Negative Regulation Of Complement Activation, Classical Pathway (GO:0045959)",2,0.01061387030481904,16.76137339055794,76.19039184442887,0.13471331668003034,SVEP1;CD46
GO_Biological_Process_2023,Negative Regulation Of Glial Cell Apoptotic Process (GO:0034351),2,0.01061387030481904,16.76137339055794,76.19039184442887,0.13471331668003034,PRKCA;GAS6
GO_Biological_Process_2023,Positive Regulation Of Epithelial Tube Formation (GO:1905278),2,0.01061387030481904,16.76137339055794,76.19039184442887,0.13471331668003034,PIK3CD;FGF2
GO_Biological_Process_2023,Positive Regulation Of Oligodendrocyte Differentiation (GO:0048714),2,0.01061387030481904,16.76137339055794,76.19039184442887,0.13471331668003034,PTPRZ1;MDK
GO_Biological_Process_2023,Negative Regulation Of Endothelial Cell Migration (GO:0010596),4,0.010619068760763505,5.093782654127482,23.1517716837393,0.13471331668003034,ATP2B4;APOE;FGF2;TNF
GO_Biological_Process_2023,Hydrogen Peroxide Catabolic Process (GO:0042744),3,0.010793226314981008,7.40607210626186,33.54088993329185,0.13471331668003034,HBM;PXDN;MPO
GO_Biological_Process_2023,Lipopolysaccharide-Mediated Signaling Pathway (GO:0031663),3,0.010793226314981008,7.40607210626186,33.54088993329185,0.13471331668003034,CD6;IL1B;TNF
GO_Biological_Process_2023,Microglial Cell Activation (GO:0001774),3,0.010793226314981008,7.40607210626186,33.54088993329185,0.13471331668003034,C1QA;CLU;TNF
GO_Biological_Process_2023,Positive Regulation Of Phospholipase Activity (GO:0010518),3,0.010793226314981008,7.40607210626186,33.54088993329185,0.13471331668003034,PDGFRA;KIT;FGF2
GO_Biological_Process_2023,Positive Regulation Of Vasculature Development (GO:1904018),7,0.0111559433986516,3.042355256390187,13.677768685238926,0.13849985049177038,IL1B;AGO2;CNTN1;CYP1B1;PIK3CD;PRKCA;FGF2
GO_Biological_Process_2023,Renal System Development (GO:0072001),5,0.01138014629797401,3.9689881413260526,17.764734465733234,0.14053577491783778,FOXC1;CYP4A11;ITGA8;LRP4;HAS2
GO_Biological_Process_2023,Positive Regulation Of Proteolysis (GO:0045862),5,0.012201355765789014,3.8952883769298454,17.16345160755713,0.14988402293342926,ASPH;IL1B;APOE;TNF;SH3D19
GO_Biological_Process_2023,Positive Regulation Of Macromolecule Metabolic Process (GO:0010604),16,0.012274317897606756,1.9513782931543078,8.58654487095443,0.14999087943986475,FOXD1;TNC;PIK3CD;CLU;FGF2;TNF;ACTG1;ACTA2;FGF7;IL1B;CNTN1;TMEM119;CD36;CD46;GAS6;PPARGC1A
GO_Biological_Process_2023,Digestive Tract Development (GO:0048565),4,0.012751277101993959,4.802216748768473,20.9478642008186,0.1534069533828751,CLMP;RARRES2;KIT;TNF
GO_Biological_Process_2023,Negative Regulation Of Protein Secretion (GO:0050709),4,0.012751277101993959,4.802216748768473,20.9478642008186,0.1534069533828751,SFRP1;IL1B;BMP8A;APOE
GO_Biological_Process_2023,Axonogenesis (GO:0007409),10,0.013329628675147401,2.3740248270447966,10.250483684948843,0.1534069533828751,ENAH;BRSK1;EPHA7;SEMA3C;SEMA3D;MAP1B;SEMA3A;CNTN1;UNC5C;EPHB1
GO_Biological_Process_2023,Lipid Transport (GO:0006869),7,0.013534821670001066,2.9212645776508235,12.568710264007292,0.1534069533828751,FABP4;ACSL1;AKR1C1;CRABP1;APOE;CD36;MFSD2A
GO_Biological_Process_2023,"Regulation Of Complement Activation, Classical Pathway (GO:0030450)",2,0.0139341362969878,13.967095851216023,59.68717737439796,0.1534069533828751,SVEP1;CD46
GO_Biological_Process_2023,Regulation Of Endothelial Cell Development (GO:1901550),2,0.0139341362969878,13.967095851216023,59.68717737439796,0.1534069533828751,IL1B;TNF
GO_Biological_Process_2023,Regulation Of Glial Cell Proliferation (GO:0060251),2,0.0139341362969878,13.967095851216023,59.68717737439796,0.1534069533828751,IL1B;TNF
GO_Biological_Process_2023,Regulation Of Podosome Assembly (GO:0071801),2,0.0139341362969878,13.967095851216023,59.68717737439796,0.1534069533828751,FSCN1;TNF
GO_Biological_Process_2023,Regulation Of Urine Volume (GO:0035809),2,0.0139341362969878,13.967095851216023,59.68717737439796,0.1534069533828751,NPR1;HAS2
GO_Biological_Process_2023,Detection Of Mechanical Stimulus Involved In Sensory Perception Of Sound (GO:0050910),2,0.0139341362969878,13.967095851216023,59.68717737439796,0.1534069533828751,COL11A1;KIT
GO_Biological_Process_2023,Response To Vitamin D (GO:0033280),2,0.0139341362969878,13.967095851216023,59.68717737439796,0.1534069533828751,SFRP1;SPP1
GO_Biological_Process_2023,Sequestering Of Actin Monomers (GO:0042989),2,0.0139341362969878,13.967095851216023,59.68717737439796,0.1534069533828751,TMSB4X;TMSB10
GO_Biological_Process_2023,Skin Morphogenesis (GO:0043589),2,0.0139341362969878,13.967095851216023,59.68717737439796,0.1534069533828751,COL1A1;COL1A2
GO_Biological_Process_2023,Epithelial To Mesenchymal Transition Involved In Endocardial Cushion Formation (GO:0003198),2,0.0139341362969878,13.967095851216023,59.68717737439796,0.1534069533828751,HEYL;SNAI2
GO_Biological_Process_2023,Sympathetic Ganglion Development (GO:0061549),2,0.0139341362969878,13.967095851216023,59.68717737439796,0.1534069533828751,FZD3;SEMA3A
GO_Biological_Process_2023,Type B Pancreatic Cell Differentiation (GO:0003309),2,0.0139341362969878,13.967095851216023,59.68717737439796,0.1534069533828751,CDH2;BMP5
GO_Biological_Process_2023,Negative Regulation Of cAMP-mediated Signaling (GO:0043951),2,0.0139341362969878,13.967095851216023,59.68717737439796,0.1534069533828751,PDE11A;PDE3B
GO_Biological_Process_2023,Positive Regulation Of ATP Biosynthetic Process (GO:2001171),2,0.0139341362969878,13.967095851216023,59.68717737439796,0.1534069533828751,TMSB4X;PPARGC1A
GO_Biological_Process_2023,"Positive Regulation Of CD8-positive, Alpha-Beta T Cell Activation (GO:2001187)",2,0.0139341362969878,13.967095851216023,59.68717737439796,0.1534069533828751,LILRB4;HLA-E
GO_Biological_Process_2023,Positive Regulation Of Extracellular Matrix Assembly (GO:1901203),2,0.0139341362969878,13.967095851216023,59.68717737439796,0.1534069533828751,PHLDB1;PHLDB2
GO_Biological_Process_2023,Presynaptic Membrane Assembly (GO:0097105),2,0.0139341362969878,13.967095851216023,59.68717737439796,0.1534069533828751,PTPRD;LRP4
GO_Biological_Process_2023,Regulation Of Neural Precursor Cell Proliferation (GO:2000177),3,0.014086560775966673,6.625806451612903,28.242725758304942,0.1536356675285337,PTPRZ1;MDK;SLC16A2
GO_Biological_Process_2023,Regulation Of Regulatory T Cell Differentiation (GO:0045589),3,0.014086560775966673,6.625806451612903,28.242725758304942,0.1536356675285337,MDK;CD46;LILRB4
GO_Biological_Process_2023,Response To Interleukin-1 (GO:0070555),6,0.014708409826554244,3.197928653624856,13.493135019539798,0.15967176062873306,SFRP1;CCL20;IL1B;CCL4;HAS2;PRKCA
GO_Biological_Process_2023,Regulation Of Chemokine Production (GO:0032642),4,0.015138668437747303,4.542171481826654,19.033983152028508,0.16282789001706086,CSF1R;SNAI2;TNF;LILRB4
GO_Biological_Process_2023,Stem Cell Differentiation (GO:0048863),4,0.015138668437747303,4.542171481826654,19.033983152028508,0.16282789001706086,GPM6A;SFRP1;KIT;SP7
GO_Biological_Process_2023,Cytoskeleton Organization (GO:0007010),7,0.015542965725140384,2.83655931920574,11.811850284741205,0.16591618016882703,FMNL3;MDK;TPM1;TNIK;APOE;SYNE3;SH3D19
GO_Biological_Process_2023,Regulation Of Signal Transduction (GO:0009966),10,0.015758375778999797,2.308564201684683,9.58142621631828,0.16591618016882703,IGFBP4;GNG4;IGFBP2;TMEM108;NCAM1;KCTD12;CD36;CD46;CLU;MGLL
GO_Biological_Process_2023,Regulation Of Cell Differentiation (GO:0045595),10,0.015758375778999797,2.308564201684683,9.58142621631828,0.16591618016882703,ALK;PHLDB1;DLX2;MEGF10;MDK;IGF2;SNAI2;TNF;PHLDB2;RUNX2
GO_Biological_Process_2023,Response To BMP (GO:0071772),3,0.015923403752278173,6.2941935483870965,26.057742994369026,0.16591618016882703,SFRP1;DLX5;RUNX2
GO_Biological_Process_2023,Negative Regulation Of Actin Filament Polymerization (GO:0030837),3,0.015923403752278173,6.2941935483870965,26.057742994369026,0.16591618016882703,TMSB4X;TMSB10;KANK4
GO_Biological_Process_2023,Positive Regulation Of Morphogenesis Of An Epithelium (GO:1905332),3,0.015923403752278173,6.2941935483870965,26.057742994369026,0.16591618016882703,MDK;PIK3CD;FGF2
GO_Biological_Process_2023,Regulation Of Axon Extension Involved In Axon Guidance (GO:0048841),3,0.015923403752278173,6.2941935483870965,26.057742994369026,0.16591618016882703,SEMA3C;SEMA3D;SEMA3A
GO_Biological_Process_2023,Calcium Ion Transport (GO:0006816),7,0.016256997730186202,2.80939985538684,11.572569316920505,0.16835252187478528,TRPC3;ATP2B4;ANO6;KCNN4;GAS6;CLU;CACNA1G
GO_Biological_Process_2023,Regulation Of Insulin Secretion (GO:0050796),6,0.01634026946767863,3.118646785313452,12.830495527738595,0.16835252187478528,SFRP1;IL1B;NNAT;BMP8A;MYRIP;TNF
GO_Biological_Process_2023,Lysosome Localization (GO:0032418),4,0.016430896756532715,4.422413793103448,18.1698929049827,0.16835252187478528,NR4A3;RAB34;KIT;PIK3CD
GO_Biological_Process_2023,Positive Regulation Of Protein Phosphorylation (GO:0001934),16,0.016584626897835186,1.879832324173265,7.705957364000029,0.16835252187478528,TENM1;CSF1R;LIMCH1;RARRES2;IGF2;BMP8A;ATP2B4;FGF2;TNF;BMP5;FGF7;PDGFD;IL1B;TMEM119;TNIK;GAS6
GO_Biological_Process_2023,Regulation Of Endothelial Cell Migration (GO:0010594),6,0.017201265450136238,3.080456129236617,12.515191910814355,0.16835252187478528,SPARC;RHOJ;PIK3CD;PRKCA;APOE;FGF2
GO_Biological_Process_2023,Apical Protein Localization (GO:0045176),2,0.017640279347373927,11.971183323114653,48.3344953487166,0.16835252187478528,INSC;SHROOM2
GO_Biological_Process_2023,Biomineral Tissue Development (GO:0031214),2,0.017640279347373927,11.971183323114653,48.3344953487166,0.16835252187478528,COL1A1;MEPE
GO_Biological_Process_2023,Regulation Of Receptor Binding (GO:1900120),2,0.017640279347373927,11.971183323114653,48.3344953487166,0.16835252187478528,GREM2;PTPRF
GO_Biological_Process_2023,Cellular Response To Purine-Containing Compound (GO:0071415),2,0.017640279347373927,11.971183323114653,48.3344953487166,0.16835252187478528,CASQ2;CLU
GO_Biological_Process_2023,Sequestering Of Extracellular Ligand From Receptor (GO:0035581),2,0.017640279347373927,11.971183323114653,48.3344953487166,0.16835252187478528,GREM2;LTBP1
GO_Biological_Process_2023,Hematopoietic Stem Cell Differentiation (GO:0060218),2,0.017640279347373927,11.971183323114653,48.3344953487166,0.16835252187478528,SFRP1;SP7
GO_Biological_Process_2023,Intestinal Cholesterol Absorption (GO:0030299),2,0.017640279347373927,11.971183323114653,48.3344953487166,0.16835252187478528,AKR1C1;CD36
GO_Biological_Process_2023,Negative Regulation Of Humoral Immune Response Mediated By Circulating Immunoglobulin (GO:0002924),2,0.017640279347373927,11.971183323114653,48.3344953487166,0.16835252187478528,SVEP1;CD46
GO_Biological_Process_2023,Positive Regulation Of ATP Metabolic Process (GO:1903580),2,0.017640279347373927,11.971183323114653,48.3344953487166,0.16835252187478528,TMSB4X;PPARGC1A
GO_Biological_Process_2023,Presynaptic Membrane Organization (GO:0097090),2,0.017640279347373927,11.971183323114653,48.3344953487166,0.16835252187478528,PTPRD;LRP4
GO_Biological_Process_2023,Protein O-linked Glycosylation Via Serine (GO:0018242),2,0.017640279347373927,11.971183323114653,48.3344953487166,0.16835252187478528,GALNT13;GALNT16
GO_Biological_Process_2023,Protein O-linked Glycosylation Via Threonine (GO:0018243),2,0.017640279347373927,11.971183323114653,48.3344953487166,0.16835252187478528,GALNT13;GALNT16
GO_Biological_Process_2023,Regulation Of MAP Kinase Activity (GO:0043405),7,0.017754203402176504,2.756603888337016,11.112236846260805,0.16835252187478528,TENM1;PDGFD;IL1B;KIT;APOE;FGF2;TNF
GO_Biological_Process_2023,Mononuclear Cell Differentiation (GO:1903131),3,0.017888357080097148,5.994162826420891,24.11814483922118,0.16835252187478528,CSF1R;GAS6;CLU
GO_Biological_Process_2023,Negative Regulation Of Cell Junction Assembly (GO:1901889),3,0.017888357080097148,5.994162826420891,24.11814483922118,0.16835252187478528,IL1B;TNF;PHLDB2
GO_Biological_Process_2023,Negative Regulation Of Ossification (GO:0030279),3,0.017888357080097148,5.994162826420891,24.11814483922118,0.16835252187478528,SFRP1;MDK;LRP4
GO_Biological_Process_2023,Positive Regulation Of Lipid Metabolic Process (GO:0045834),3,0.017888357080097148,5.994162826420891,24.11814483922118,0.16835252187478528,IL1B;SORBS1;APOE
GO_Biological_Process_2023,Positive Regulation Of Vascular Endothelial Growth Factor Production (GO:0010575),3,0.017888357080097148,5.994162826420891,24.11814483922118,0.16835252187478528,IL1B;CXCL17;CYP1B1
GO_Biological_Process_2023,Protein Kinase B Signaling (GO:0043491),3,0.017888357080097148,5.994162826420891,24.11814483922118,0.16835252187478528,IL1B;GAS6;TNF
GO_Biological_Process_2023,Regulation Of Cell-Matrix Adhesion (GO:0001952),5,0.01797992090200787,3.5046796256299495,14.083553846044602,0.16853468026219426,SFRP1;PLAU;LIMCH1;CD36;ACTG1
GO_Biological_Process_2023,Positive Regulation Of Cytokine Production (GO:0001819),14,0.019086739843277807,1.937491002274625,7.670064658672225,0.17658845101963241,CSF1R;EBI3;CXCL17;PIK3CD;TNF;HLA-E;CD6;MDK;IL1B;CNTN1;CYP1B1;CD46;SPTBN1;HLA-DPA1
GO_Biological_Process_2023,Regulation Of Insulin Receptor Signaling Pathway (GO:0046626),4,0.019217423547123667,4.200862068965518,16.601546170230122,0.17658845101963241,GRB14;IL1B;IGF2;SORBS1
GO_Biological_Process_2023,Cellular Response To Ketone (GO:1901655),4,0.019217423547123667,4.200862068965518,16.601546170230122,0.17658845101963241,SFRP1;SPP1;GAS6;ADCY6
GO_Biological_Process_2023,Embryonic Organ Morphogenesis (GO:0048562),4,0.019217423547123667,4.200862068965518,16.601546170230122,0.17658845101963241,PDGFRA;ALDH1A3;MFAP2;HOXC9
GO_Biological_Process_2023,Lymphocyte Chemotaxis (GO:0048247),4,0.019217423547123667,4.200862068965518,16.601546170230122,0.17658845101963241,CCL20;CCL4;PIK3CD;GAS6
GO_Biological_Process_2023,Positive Regulation Of MAP Kinase Activity (GO:0043406),6,0.01997023571420667,2.971275783040489,11.628124407436662,0.1807678019502893,TENM1;IL1B;PDGFD;KIT;FGF2;TNF
GO_Biological_Process_2023,Regulation Of Actin Cytoskeleton Organization (GO:0032956),6,0.01997023571420667,2.971275783040489,11.628124407436662,0.1807678019502893,PDGFRA;CSF1R;MDK;ARHGEF19;FSCN1;CLU
GO_Biological_Process_2023,Regulation Of Keratinocyte Proliferation (GO:0010837),3,0.0199820449456618,5.721407624633431,22.38741696723107,0.1807678019502893,FGF7;MDK;SNAI2
GO_Biological_Process_2023,Negative Regulation Of Response To Wounding (GO:1903035),3,0.0199820449456618,5.721407624633431,22.38741696723107,0.1807678019502893,PTPRS;MDK;FGF2
GO_Biological_Process_2023,Negative Regulation Of Multicellular Organismal Process (GO:0051241),11,0.02057098762422436,2.112910284463895,8.206276396140106,0.1853771626059446,SFRP1;DLX2;MDK;IL1B;LAMA4;ATP2B4;LRP4;GAS6;TNF;LGR4;BMP5
GO_Biological_Process_2023,Sensory Perception Of Sound (GO:0007605),6,0.020956740036098757,2.936575052854123,11.350728763952802,0.186378292955008,COL1A1;EYA1;COL11A1;KIT;SNAI2;CCDC50
GO_Biological_Process_2023,Cell-Cell Junction Organization (GO:0045216),5,0.0214484114870034,3.3372758750728515,12.82216330112066,0.186378292955008,CSF1R;CDH2;CDH11;FSCN1;CDH15
GO_Biological_Process_2023,Regulation Of Gene Expression By Genomic Imprinting (GO:0006349),2,0.021712501636118656,10.474248927038627,40.114981070237064,0.186378292955008,DIRAS3;IGF2
GO_Biological_Process_2023,Notch Signaling Involved In Heart Development (GO:0061314),2,0.021712501636118656,10.474248927038627,40.114981070237064,0.186378292955008,HEYL;SNAI2
GO_Biological_Process_2023,Basement Membrane Organization (GO:0071711),2,0.021712501636118656,10.474248927038627,40.114981070237064,0.186378292955008,COL4A1;PXDN
GO_Biological_Process_2023,Very-Low-Density Lipoprotein Particle Assembly (GO:0034379),2,0.021712501636118656,10.474248927038627,40.114981070237064,0.186378292955008,APOB;MFSD2A
GO_Biological_Process_2023,Negative Regulation Of Steroid Biosynthetic Process (GO:0010894),2,0.021712501636118656,10.474248927038627,40.114981070237064,0.186378292955008,SNAI2;BMP5
GO_Biological_Process_2023,Omega-Hydroxylase P450 Pathway (GO:0097267),2,0.021712501636118656,10.474248927038627,40.114981070237064,0.186378292955008,CYP4A11;CYP1B1
GO_Biological_Process_2023,Positive Regulation Of Bone Resorption (GO:0045780),2,0.021712501636118656,10.474248927038627,40.114981070237064,0.186378292955008,SPP1;PRKCA
GO_Biological_Process_2023,Neuron Projection Morphogenesis (GO:0048812),8,0.02172144490348333,2.4441083805923127,9.359603699024962,0.186378292955008,BRSK1;GPM6A;CNTNAP2;MAP1B;SDC2;LRP4;TNIK;EPHB1
GO_Biological_Process_2023,Positive Regulation Of Developmental Process (GO:0051094),11,0.021759488331587223,2.0936582096319514,8.01390677497655,0.186378292955008,ALK;PHLDB1;DLX2;FOXD1;MDK;AGO2;TMEM119;APOE;TNF;PHLDB2;BMP5
GO_Biological_Process_2023,Regulation Of Protein-Containing Complex Assembly (GO:0043254),7,0.02191669470981953,2.632863340563991,10.058871814433369,0.186378292955008,SH3GLB1;FBLIM1;APOE;CD36;CLU;TNF;TRABD2B
GO_Biological_Process_2023,Cellular Response To Tumor Necrosis Factor (GO:0071356),7,0.02191669470981953,2.632863340563991,10.058871814433369,0.186378292955008,SFRP1;CCL20;TMSB4X;CCL4;HAS2;NPNT;TNF
GO_Biological_Process_2023,Positive Regulation Of Protein Kinase B Signaling (GO:0051897),6,0.021975730869431716,2.902672040603075,11.081869433720303,0.186378292955008,IGF2;CNTN1;PIK3CD;GAS6;FGF2;TNF
GO_Biological_Process_2023,Cell-Cell Adhesion Mediated By Cadherin (GO:0044331),3,0.022204815913341946,5.472370266479663,20.83575472268383,0.186378292955008,CDH2;CDH11;CDH15
GO_Biological_Process_2023,Regulation Of Vascular Endothelial Growth Factor Production (GO:0010574),3,0.022204815913341946,5.472370266479663,20.83575472268383,0.186378292955008,IL1B;CXCL17;CYP1B1
GO_Biological_Process_2023,Positive Regulation Of Monooxygenase Activity (GO:0032770),3,0.022204815913341946,5.472370266479663,20.83575472268383,0.186378292955008,IL1B;APOE;TNF
GO_Biological_Process_2023,Positive Regulation Of Phosphatidylinositol 3-Kinase Activity (GO:0043552),3,0.022204815913341946,5.472370266479663,20.83575472268383,0.186378292955008,PDGFRA;KIT;FGF2
GO_Biological_Process_2023,Positive Regulation Of Blood Vessel Endothelial Cell Migration (GO:0043536),4,0.022279153270971394,4.000410509031199,15.217977093558183,0.186378292955008,TMSB4X;RHOJ;PRKCA;FGF2
GO_Biological_Process_2023,Positive Regulation Of Cell-Cell Adhesion (GO:0022409),4,0.022279153270971394,4.000410509031199,15.217977093558183,0.186378292955008,MEGF10;MDK;IL1B;TNF
GO_Biological_Process_2023,Inflammatory Response (GO:0006954),11,0.023635730309650643,2.0654218332117678,7.734995916523665,0.19632283455680494,CSF1R;SCUBE1;CCL20;IL1B;KIT;CCL4;HP;PIK3CD;CXCL3;TNF;MGLL
GO_Biological_Process_2023,Positive Regulation Of Cellular Process (GO:0048522),22,0.023636125325819272,1.6350465677819939,6.1232150655732545,0.19632283455680494,CSF1R;WWTR1;PDGFRA;DLX2;TPM1;CLEC11A;HP;IGF2;PRKCA;TNF;FGF2;BMP5;FGF7;SFRP1;KITLG;IBSP;MDK;PDGFD;IL1B;HAS2;S1PR3;MFSD2A
GO_Biological_Process_2023,Insulin Receptor Signaling Pathway (GO:0008286),4,0.023915098750896622,3.907177225340818,14.586450905765957,0.1979356045552933,GRB14;RARRES2;IGF2;SORBS1
GO_Biological_Process_2023,Cell Junction Assembly (GO:0034329),6,0.024112832916138652,2.8371516124325113,10.568421231838872,0.19886696829069828,GPM6A;CDH2;CDH11;FSCN1;CDH15;ADGRL3
GO_Biological_Process_2023,Regulation Of Canonical Wnt Signaling Pathway (GO:0060828),10,0.024300410114066303,2.1429521423979785,7.96591467745089,0.19970830002193926,COL1A1;WWTR1;SFRP1;IGFBP4;MDK;IGFBP2;SNAI2;LRP4;APOE;LGR4
GO_Biological_Process_2023,Negative Regulation Of Neurogenesis (GO:0050768),3,0.024556759498642642,5.244086021505376,19.438610917906043,0.20110693568362079,IL1B;LRP4;TNF
GO_Biological_Process_2023,Synapse Assembly (GO:0007416),5,0.02532545225222989,3.185090647293671,11.70821922136011,0.20595681378642705,PTPRD;GPM6A;CDH2;CBLN4;ADGRL3
GO_Biological_Process_2023,Kidney Development (GO:0001822),5,0.02532545225222989,3.185090647293671,11.70821922136011,0.20595681378642705,FOXC1;CYP4A11;ITGA8;LRP4;HAS2
GO_Biological_Process_2023,Regulation Of Epithelial Cell Apoptotic Process (GO:1904035),2,0.02613171713909911,9.309966618979495,33.93115541748625,0.20745383606346027,MDK;TNF
GO_Biological_Process_2023,Cellular Response To UV-B (GO:0071493),2,0.02613171713909911,9.309966618979495,33.93115541748625,0.20745383606346027,MFAP4;MAP3K20
GO_Biological_Process_2023,Digestive System Development (GO:0055123),2,0.02613171713909911,9.309966618979495,33.93115541748625,0.20745383606346027,CLMP;KIT
GO_Biological_Process_2023,Intestinal Lipid Absorption (GO:0098856),2,0.02613171713909911,9.309966618979495,33.93115541748625,0.20745383606346027,AKR1C1;CD36
GO_Biological_Process_2023,Negative Regulation Of Bone Remodeling (GO:0046851),2,0.02613171713909911,9.309966618979495,33.93115541748625,0.20745383606346027,SFRP1;TMEM119
GO_Biological_Process_2023,Positive Regulation Of Keratinocyte Proliferation (GO:0010838),2,0.02613171713909911,9.309966618979495,33.93115541748625,0.20745383606346027,FGF7;MDK
GO_Biological_Process_2023,Regulation Of Cell Communication By Electrical Coupling Involved In Cardiac Conduction (GO:1901844),2,0.02613171713909911,9.309966618979495,33.93115541748625,0.20745383606346027,GJD3;IRX3
GO_Biological_Process_2023,Negative Regulation Of Growth (GO:0045926),7,0.0267110438652341,2.519698907985242,9.128058231916786,0.21062035978023325,MT2A;SFRP1;NPR1;GNG4;FHL1;MT1X;RERG
GO_Biological_Process_2023,Negative Regulation Of Cell Adhesion (GO:0007162),5,0.02671106533631064,3.1373907997807935,11.36575464292192,0.21062035978023325,SPN;MDK;PDE3B;CYP1B1;SNAI2
GO_Biological_Process_2023,Diterpenoid Metabolic Process (GO:0016101),3,0.027037722040705165,5.034064516129032,18.175602071349356,0.21176524578189884,AKR1C1;RARRES2;DHRS3
GO_Biological_Process_2023,Hematopoietic Progenitor Cell Differentiation (GO:0002244),3,0.027037722040705165,5.034064516129032,18.175602071349356,0.21176524578189884,SFRP1;KIT;SP7
GO_Biological_Process_2023,Heterophilic Cell-Cell Adhesion Via Plasma Membrane Cell Adhesion Molecules (GO:0007157),4,0.0274002492799232,3.7331417624521075,13.428869373821628,0.21388689571685868,PTPRD;TENM1;TENM2;CD6
GO_Biological_Process_2023,Positive Regulation Of Protein-Containing Complex Assembly (GO:0031334),6,0.027572162434815233,2.7442123094297006,9.854325412888128,0.21451142374286253,SH3GLB1;FSCN1;CD36;CLU;TNF;TRABD2B
GO_Biological_Process_2023,Granulocyte Chemotaxis (GO:0071621),5,0.028144098735920716,3.0910938889594717,11.036495971079967,0.2182336426898304,CCL20;BSG;CCL4;PIK3CD;CXCL3
GO_Biological_Process_2023,Cell Chemotaxis (GO:0060326),4,0.029250470736250707,3.651799100449775,12.897641753602883,0.22452592313162087,PDGFRA;CCL20;KIT;EPHB1
GO_Biological_Process_2023,Negative Regulation Of Cell Projection Organization (GO:0031345),4,0.029250470736250707,3.651799100449775,12.897641753602883,0.22452592313162087,PTPRS;SEMA3A;APOE;ADCY6
GO_Biological_Process_2023,Maintenance Of Blood-Brain Barrier (GO:0035633),3,0.029647321878829434,4.840198511166253,17.029674491817488,0.22452592313162087,DMD;ACTG1;MFSD2A
GO_Biological_Process_2023,Cellular Response To Growth Factor Stimulus (GO:0071363),8,0.029673030449727005,2.293404318249039,8.067088015393493,0.22452592313162087,EHD1;SFRP1;FOXC1;IBSP;DLX5;SNAI2;HAS2;RUNX2
GO_Biological_Process_2023,Regulation Of Leukocyte Adhesion To Vascular Endothelial Cell (GO:1904994),2,0.03087952927388616,8.378540772532189,29.13773116479746,0.22452592313162087,MDK;TNF
GO_Biological_Process_2023,Astrocyte Activation (GO:0048143),2,0.03087952927388616,8.378540772532189,29.13773116479746,0.22452592313162087,C1QA;TNF
GO_Biological_Process_2023,Atrial Cardiac Muscle Tissue Development (GO:0003228),2,0.03087952927388616,8.378540772532189,29.13773116479746,0.22452592313162087,SHOX2;CACNA1G
GO_Biological_Process_2023,Regulation Of Tube Diameter (GO:0035296),2,0.03087952927388616,8.378540772532189,29.13773116479746,0.22452592313162087,NPR1;ADCY6
GO_Biological_Process_2023,Regulation Of Vascular Associated Smooth Muscle Cell Migration (GO:1904752),2,0.03087952927388616,8.378540772532189,29.13773116479746,0.22452592313162087,NR4A3;TPM1
GO_Biological_Process_2023,Fibrinolysis (GO:0042730),2,0.03087952927388616,8.378540772532189,29.13773116479746,0.22452592313162087,SERPINB2;PLAU
GO_Biological_Process_2023,Vascular Process In Circulatory System (GO:0003018),2,0.03087952927388616,8.378540772532189,29.13773116479746,0.22452592313162087,NPR1;ADCY6
GO_Biological_Process_2023,Low-Density Lipoprotein Particle Remodeling (GO:0034374),2,0.03087952927388616,8.378540772532189,29.13773116479746,0.22452592313162087,APOB;MPO
GO_Biological_Process_2023,Negative Regulation Of Complement Activation (GO:0045916),2,0.03087952927388616,8.378540772532189,29.13773116479746,0.22452592313162087,SVEP1;CD46
GO_Biological_Process_2023,Positive Regulation Of Fatty Acid Oxidation (GO:0046321),2,0.03087952927388616,8.378540772532189,29.13773116479746,0.22452592313162087,NR4A3;PPARGC1A
GO_Biological_Process_2023,Positive Regulation Of Insulin Receptor Signaling Pathway (GO:0046628),2,0.03087952927388616,8.378540772532189,29.13773116479746,0.22452592313162087,IGF2;SORBS1
GO_Biological_Process_2023,Positive Regulation Of Neuroinflammatory Response (GO:0150078),2,0.03087952927388616,8.378540772532189,29.13773116479746,0.22452592313162087,IL1B;TNF
GO_Biological_Process_2023,Positive Regulation Of Neuron Migration (GO:2001224),2,0.03087952927388616,8.378540772532189,29.13773116479746,0.22452592313162087,MDK;SEMA3A
GO_Biological_Process_2023,Positive Regulation Of Protein Export From Nucleus (GO:0046827),2,0.03087952927388616,8.378540772532189,29.13773116479746,0.22452592313162087,IL1B;GAS6
GO_Biological_Process_2023,Positive Regulation Of Purine Nucleotide Biosynthetic Process (GO:1900373),2,0.03087952927388616,8.378540772532189,29.13773116479746,0.22452592313162087,TMSB4X;PPARGC1A
GO_Biological_Process_2023,Regulation Of Cell Communication By Electrical Coupling (GO:0010649),2,0.03087952927388616,8.378540772532189,29.13773116479746,0.22452592313162087,IRX3;CASQ2
GO_Biological_Process_2023,Regulation Of Fat Cell Differentiation (GO:0045598),5,0.031154107804080938,3.0024683739586546,10.41498983039323,0.22456114387359602,WWTR1;SFRP1;LMO3;RARRES2;TNF
GO_Biological_Process_2023,Regulation Of Stress Fiber Assembly (GO:0051492),5,0.031154107804080938,3.0024683739586546,10.41498983039323,0.22456114387359602,SFRP1;LIMCH1;TPM1;PHLDB2;ACTG1
GO_Biological_Process_2023,Positive Regulation Of Protein Localization To Plasma Membrane (GO:1903078),4,0.03117301226008788,3.5739178283198827,12.395070926211684,0.22456114387359602,ATP2B4;SORBS1;TNF;SPTBN1
GO_Biological_Process_2023,Positive Regulation Of Lipid Kinase Activity (GO:0090218),3,0.03238496384334698,4.660692951015531,15.986461323781473,0.23257386341652875,PDGFRA;KIT;FGF2
GO_Biological_Process_2023,Arachidonic Acid Metabolic Process (GO:0019369),4,0.03316820112261919,3.4992816091954024,11.919125851781068,0.23746804116623677,CYP4A11;CYP1B1;PTGDS;MGLL
GO_Biological_Process_2023,Endocytosis (GO:0006897),9,0.034228994814115836,2.1080610021786494,7.11403592478131,0.24421959609245045,EHD1;MYO1E;RAB34;RHOJ;TMEM108;APOE;CD36;GAS6;ASGR1
GO_Biological_Process_2023,Cell Morphogenesis Involved In Neuron Differentiation (GO:0048667),5,0.034358542141520496,2.9187664986801054,9.838883450902959,0.24421959609245045,BRSK1;MAP1B;SDC2;LRP4;MFSD2A
GO_Biological_Process_2023,Positive Regulation Of Gene Expression (GO:0010628),18,0.034425127298378835,1.6510822510822512,5.562444155114896,0.24421959609245045,FOXD1;TNC;PIK3CD;CLU;TNF;FGF2;ACTG1;ACTA2;FGF7;IL1B;AGO2;CNTN1;TMEM119;VIM;CD36;GAS6;CD46;PPARGC1A
GO_Biological_Process_2023,Blood Vessel Morphogenesis (GO:0048514),4,0.035236294296562665,3.427691766361717,11.46795512589595,0.24448985335906956,CDH2;COL4A1;CYP1B1;HAS2
GO_Biological_Process_2023,Regulation Of Dendrite Morphogenesis (GO:0048814),3,0.035249853165241554,4.494009216589862,15.033781687369627,0.24448985335906956,PTPRD;SDC2;TNIK
GO_Biological_Process_2023,Endodermal Cell Differentiation (GO:0035987),3,0.035249853165241554,4.494009216589862,15.033781687369627,0.24448985335906956,COL4A2;COL11A1;COL8A1
GO_Biological_Process_2023,Negative Regulation Of Chemotaxis (GO:0050922),3,0.035249853165241554,4.494009216589862,15.033781687369627,0.24448985335906956,SEMA3C;SEMA3D;SEMA3A
GO_Biological_Process_2023,Positive Regulation Of Extrinsic Apoptotic Signaling Pathway (GO:2001238),3,0.035249853165241554,4.494009216589862,15.033781687369627,0.24448985335906956,SFRP1;G0S2;TNF
GO_Biological_Process_2023,Regulation Of Cell Morphogenesis (GO:0022604),3,0.035249853165241554,4.494009216589862,15.033781687369627,0.24448985335906956,SPARC;MFSD2A;SH3D19
GO_Biological_Process_2023,Regulation Of Gastrulation (GO:0010470),2,0.03593820921763448,7.616465079984393,25.33201421894807,0.24448985335906956,PHLDB1;PHLDB2
GO_Biological_Process_2023,Embryonic Hemopoiesis (GO:0035162),2,0.03593820921763448,7.616465079984393,25.33201421894807,0.24448985335906956,KITLG;KIT
GO_Biological_Process_2023,Microtubule-Based Transport (GO:0099111),2,0.03593820921763448,7.616465079984393,25.33201421894807,0.24448985335906956,SPAG17;DYNC1I1
GO_Biological_Process_2023,Negative Regulation Of T Cell Differentiation (GO:0045581),2,0.03593820921763448,7.616465079984393,25.33201421894807,0.24448985335906956,MDK;LILRB4
GO_Biological_Process_2023,Negative Regulation Of Bone Mineralization (GO:0030502),2,0.03593820921763448,7.616465079984393,25.33201421894807,0.24448985335906956,RFLNB;RFLNA
GO_Biological_Process_2023,Negative Regulation Of Fibroblast Growth Factor Receptor Signaling Pathway (GO:0040037),2,0.03593820921763448,7.616465079984393,25.33201421894807,0.24448985335906956,CREB3L1;FGF2
GO_Biological_Process_2023,Positive Regulation Of Cellular Response To Insulin Stimulus (GO:1900078),2,0.03593820921763448,7.616465079984393,25.33201421894807,0.24448985335906956,IGF2;SORBS1
GO_Biological_Process_2023,Positive Regulation Of Glycogen Biosynthetic Process (GO:0045725),2,0.03593820921763448,7.616465079984393,25.33201421894807,0.24448985335906956,IGF2;SORBS1
GO_Biological_Process_2023,Long-Chain Fatty Acid Metabolic Process (GO:0001676),5,0.03603449423972576,2.8786354625876505,9.566507704734635,0.24448985335906956,ACADL;ACSL1;CYP4A11;CYP1B1;MGLL
GO_Biological_Process_2023,Neuron Projection Development (GO:0031175),9,0.03726610179305448,2.0731811850423227,6.820084363537914,0.250686889539214,EHD1;GPM6A;CNTNAP2;MAP1B;TMEM108;TNIK;APOE;EPHB1;HDGFL3
GO_Biological_Process_2023,Regulation Of Focal Adhesion Assembly (GO:0051893),4,0.037377479674227276,3.3589655172413795,11.039867975407617,0.250686889539214,SFRP1;LIMCH1;PHLDB2;ACTG1
GO_Biological_Process_2023,Regulation Of Smooth Muscle Cell Proliferation (GO:0048660),4,0.037377479674227276,3.3589655172413795,11.039867975407617,0.250686889539214,NR4A3;APOE;TNF;PPARGC1A
GO_Biological_Process_2023,Mesenchymal Cell Differentiation (GO:0048762),4,0.037377479674227276,3.3589655172413795,11.039867975407617,0.250686889539214,HEYL;FOXC1;SEMA3C;SNAI2
GO_Biological_Process_2023,Mesenchymal Cell Migration (GO:0090497),3,0.038241008689772246,4.338820912124583,14.161246807414015,0.2550128979483669,SEMA3C;SEMA3D;SEMA3A
GO_Biological_Process_2023,Positive Regulation Of Synapse Assembly (GO:0051965),3,0.038241008689772246,4.338820912124583,14.161246807414015,0.2550128979483669,PTPRD;CLSTN2;EPHB1
GO_Biological_Process_2023,Calcium Ion Transmembrane Transport (GO:0070588),5,0.03953525555589381,2.8015838732901366,9.050691688018881,0.25880824592415663,TRPC3;ATP2B4;GAS6;CLU;CACNA1G
GO_Biological_Process_2023,Regulation Of Protein Localization To Plasma Membrane (GO:1903076),5,0.03953525555589381,2.8015838732901366,9.050691688018881,0.25880824592415663,LRRC15;ATP2B4;SORBS1;TNF;SPTBN1
GO_Biological_Process_2023,Neuron Migration (GO:0001764),4,0.03959187743619875,3.2929344151453686,10.63331757894136,0.25880824592415663,GPM6A;MAP1B;SEMA3A;SEPTIN4
GO_Biological_Process_2023,Regulation Of Cholesterol Storage (GO:0010885),2,0.041290674812658926,6.9814020028612305,22.250556149267673,0.25880824592415663,EHD1;APOB
GO_Biological_Process_2023,Regulation Of Endothelial Cell Chemotaxis (GO:2001026),2,0.041290674812658926,6.9814020028612305,22.250556149267673,0.25880824592415663,TMSB4X;FGF2
GO_Biological_Process_2023,Regulation Of Macrophage Differentiation (GO:0045649),2,0.041290674812658926,6.9814020028612305,22.250556149267673,0.25880824592415663,PRKCA;C1QC
GO_Biological_Process_2023,Bone Morphogenesis (GO:0060349),2,0.041290674812658926,6.9814020028612305,22.250556149267673,0.25880824592415663,MMP13;IFITM5
GO_Biological_Process_2023,Respiratory Electron Transport Chain (GO:0022904),2,0.041290674812658926,6.9814020028612305,22.250556149267673,0.25880824592415663,SLC25A18;PPARGC1A
GO_Biological_Process_2023,Response To Muscle Stretch (GO:0035994),2,0.041290674812658926,6.9814020028612305,22.250556149267673,0.25880824592415663,CDH2;DMD
GO_Biological_Process_2023,Detection Of Mechanical Stimulus Involved In Sensory Perception (GO:0050974),2,0.041290674812658926,6.9814020028612305,22.250556149267673,0.25880824592415663,COL11A1;KIT
GO_Biological_Process_2023,Vascular Endothelial Growth Factor Signaling Pathway (GO:0038084),2,0.041290674812658926,6.9814020028612305,22.250556149267673,0.25880824592415663,FOXC1;PIK3CD
GO_Biological_Process_2023,Negative Regulation Of Androgen Receptor Signaling Pathway (GO:0060766),2,0.041290674812658926,6.9814020028612305,22.250556149267673,0.25880824592415663,HEYL;SFRP1
GO_Biological_Process_2023,Positive Regulation Of Acute Inflammatory Response (GO:0002675),2,0.041290674812658926,6.9814020028612305,22.250556149267673,0.25880824592415663,IL1B;TNF
GO_Biological_Process_2023,Positive Regulation Of Endothelial Cell Chemotaxis (GO:2001028),2,0.041290674812658926,6.9814020028612305,22.250556149267673,0.25880824592415663,TMSB4X;FGF2
GO_Biological_Process_2023,Positive Regulation Of Glycogen Metabolic Process (GO:0070875),2,0.041290674812658926,6.9814020028612305,22.250556149267673,0.25880824592415663,IGF2;SORBS1
GO_Biological_Process_2023,Positive Regulation Of Heterotypic Cell-Cell Adhesion (GO:0034116),2,0.041290674812658926,6.9814020028612305,22.250556149267673,0.25880824592415663,IL1B;TNF
GO_Biological_Process_2023,Positive Regulation Of Transcription From RNA Polymerase II Promoter Involved In Cellular Response To Chemical Stimulus (GO:1901522),2,0.041290674812658926,6.9814020028612305,22.250556149267673,0.25880824592415663,DLX5;RUNX2
GO_Biological_Process_2023,Positive Regulation Of Transporter Activity (GO:0032411),2,0.041290674812658926,6.9814020028612305,22.250556149267673,0.25880824592415663,PPARGC1A;SGK2
GO_Biological_Process_2023,Regulation Of ATP Biosynthetic Process (GO:2001169),2,0.041290674812658926,6.9814020028612305,22.250556149267673,0.25880824592415663,TMSB4X;PPARGC1A
GO_Biological_Process_2023,Cardiac Muscle Contraction (GO:0060048),3,0.04135727557691354,4.193978494623656,13.359947524990181,0.25880824592415663,TPM1;CASQ2;DMD
GO_Biological_Process_2023,Regulation Of Activated T Cell Proliferation (GO:0046006),3,0.04135727557691354,4.193978494623656,13.359947524990181,0.25880824592415663,IGFBP2;IGF2;LILRB4
GO_Biological_Process_2023,Regulation Of Amyloid-Beta Formation (GO:1902003),3,0.04135727557691354,4.193978494623656,13.359947524990181,0.25880824592415663,APOE;CLU;TNF
GO_Biological_Process_2023,Cellular Response To Interleukin-1 (GO:0071347),5,0.0413605294471767,2.7645788336933044,8.806367510439209,0.25880824592415663,SFRP1;CCL20;IL1B;CCL4;HAS2
GO_Biological_Process_2023,Peptidyl-Serine Modification (GO:0018209),8,0.041858280185411136,2.132526141992295,6.767498454486823,0.260658265991988,BRSK1;DYRK3;GALNT13;GALNT16;MAP3K20;PRKCA;GAS6;SGK2
GO_Biological_Process_2023,Peptide Metabolic Process (GO:0006518),4,0.041879541451154884,3.2294429708222814,10.246886400055045,0.260658265991988,ENPEP;CPE;CPXM1;DMD
GO_Biological_Process_2023,Chemokine-Mediated Signaling Pathway (GO:0070098),4,0.04424046073039816,3.1683474300585557,9.879273254757477,0.2733438089795303,FOXC1;CCL20;CCL4;CXCL3
GO_Biological_Process_2023,Regulation Of Phosphatidylinositol 3-Kinase Activity (GO:0043551),3,0.04459733738268012,4.058480749219563,12.622204360841913,0.2733438089795303,PDGFRA;KIT;FGF2
GO_Biological_Process_2023,Semaphorin-Plexin Signaling Pathway (GO:0071526),3,0.04459733738268012,4.058480749219563,12.622204360841913,0.2733438089795303,SEMA3C;SEMA3D;SEMA3A
GO_Biological_Process_2023,Embryonic Skeletal System Development (GO:0048706),3,0.04459733738268012,4.058480749219563,12.622204360841913,0.2733438089795303,COL1A1;PDGFRA;HOXC9
GO_Biological_Process_2023,Negative Regulation Of Interleukin-6 Production (GO:0032715),3,0.04459733738268012,4.058480749219563,12.622204360841913,0.2733438089795303,GAS6;TNF;LILRB4
GO_Biological_Process_2023,Regulation Of JNK Cascade (GO:0046328),6,0.044620390411825646,2.426073926073926,7.544032967478479,0.2733438089795303,IL1B;SEMA3A;TNFRSF19;TNIK;EPHB1;KLHL31
GO_Biological_Process_2023,Regulation Of Phagocytosis (GO:0050764),4,0.046674560932463506,3.109514687100894,9.52928188058741,0.2779501963009643,IL1B;OLFM4;GAS6;TNF
GO_Biological_Process_2023,Eye Development (GO:0001654),4,0.046674560932463506,3.109514687100894,9.52928188058741,0.2779501963009643,FOXC1;COL5A1;MAB21L2;SHROOM2
GO_Biological_Process_2023,Regulation Of Intrinsic Apoptotic Signaling Pathway In Response To DNA Damage (GO:1902229),2,0.04692047015534701,6.4440409376031695,19.714262398064516,0.2779501963009643,SNAI2;CLU
GO_Biological_Process_2023,Astrocyte Development (GO:0014002),2,0.04692047015534701,6.4440409376031695,19.714262398064516,0.2779501963009643,C1QA;TNF
GO_Biological_Process_2023,Cellular Response To Zinc Ion (GO:0071294),2,0.04692047015534701,6.4440409376031695,19.714262398064516,0.2779501963009643,MT2A;MT1X
GO_Biological_Process_2023,Sympathetic Nervous System Development (GO:0048485),2,0.04692047015534701,6.4440409376031695,19.714262398064516,0.2779501963009643,FZD3;SEMA3A
GO_Biological_Process_2023,Negative Regulation Of Platelet Activation (GO:0010544),2,0.04692047015534701,6.4440409376031695,19.714262398064516,0.2779501963009643,PDGFRA;APOE
GO_Biological_Process_2023,Positive Regulation Of Collagen Biosynthetic Process (GO:0032967),2,0.04692047015534701,6.4440409376031695,19.714262398064516,0.2779501963009643,CREB3L1;VIM
GO_Biological_Process_2023,Positive Regulation Of Potassium Ion Transport (GO:0043268),2,0.04692047015534701,6.4440409376031695,19.714262398064516,0.2779501963009643,FHL1;KCNN4
GO_Biological_Process_2023,Positive Regulation Of Secretion (GO:0051047),2,0.04692047015534701,6.4440409376031695,19.714262398064516,0.2779501963009643,NPR1;CYP4A11
GO_Biological_Process_2023,Positive Regulation Of Transmembrane Transport (GO:0034764),2,0.04692047015534701,6.4440409376031695,19.714262398064516,0.2779501963009643,NR4A3;ANO6
GO_Biological_Process_2023,Presynapse Assembly (GO:0099054),2,0.04692047015534701,6.4440409376031695,19.714262398064516,0.2779501963009643,PTPRD;LRP4
GO_Biological_Process_2023,Regulation Of Bicellular Tight Junction Assembly (GO:2000810),2,0.04692047015534701,6.4440409376031695,19.714262398064516,0.2779501963009643,SNAI2;TNF
GO_Biological_Process_2023,Adherens Junction Organization (GO:0034332),3,0.04795972758814071,3.931451612903226,11.941366081043778,0.2812512668108553,CDH2;CDH11;CDH15
GO_Biological_Process_2023,Dendrite Morphogenesis (GO:0048813),3,0.04795972758814071,3.931451612903226,11.941366081043778,0.2812512668108553,SDC2;LRP4;EPHB1
GO_Biological_Process_2023,Macrophage Activation (GO:0042116),3,0.04795972758814071,3.931451612903226,11.941366081043778,0.2812512668108553,C1QA;CLU;TNF
GO_Biological_Process_2023,Regulation Of Axon Extension (GO:0030516),3,0.04795972758814071,3.931451612903226,11.941366081043778,0.2812512668108553,PTPRS;SEMA3A;APOE
GO_Biological_Process_2023,Transport Across Blood-Brain Barrier (GO:0150104),5,0.04916494117125006,2.625809935205184,7.910448019319646,0.28620445452627935,ATP2B4;CD36;SLC16A2;SLC4A4;MFSD2A
GO_Biological_Process_2023,Positive Regulation Of Endothelial Cell Migration (GO:0010595),5,0.04916494117125006,2.625809935205184,7.910448019319646,0.28620445452627935,SPARC;TMSB4X;PIK3CD;PRKCA;FGF2
GO_Biological_Process_2023,Cellular Response To Chemokine (GO:1990869),4,0.049181705948043324,3.0528213166144202,9.195810807185518,0.28620445452627935,FOXC1;CCL20;CCL4;CXCL3
GO_Biological_Process_2023,Positive Regulation Of Signal Transduction (GO:0009967),11,0.049294854635631664,1.8195992620242845,5.476876545234983,0.28620445452627935,SFRP1;IL1B;LMO3;RAB34;IGF2;CNTN1;TMEM108;PRKCA;SORBS1;GAS6;TP63
GO_Biological_Process_2023,Positive Regulation Of Cellular Component Organization (GO:0051130),6,0.04971910680943559,2.3576890399320307,7.076287668592635,0.28795135308491976,SH3GLB1;LRP4;APOE;CLU;TNF;TRABD2B
GO_Biological_Process_2023,Defense Response To Bacterium (GO:0042742),9,0.051242421069340634,1.9443941679235797,5.777159750780067,0.2893488603890789,SPN;GSDMB;IL1B;RARRES2;LCN2;RNASE2;F3;MPO;HLA-E
GO_Biological_Process_2023,Neural Crest Cell Migration (GO:0001755),3,0.05144284067060912,3.812121212121212,11.311646193348475,0.2893488603890789,SEMA3C;SEMA3D;SEMA3A
GO_Biological_Process_2023,Positive Regulation Of Phospholipase C Activity (GO:0010863),3,0.05144284067060912,3.812121212121212,11.311646193348475,0.2893488603890789,PDGFRA;KIT;FGF2
GO_Biological_Process_2023,Positive Regulation Of Phagocytosis (GO:0050766),4,0.05176169947541614,2.998152709359606,8.877844365531528,0.2893488603890789,IL1B;ANO6;GAS6;TNF
GO_Biological_Process_2023,acetyl-CoA Metabolic Process (GO:0006084),2,0.05281174572654139,5.983445738810546,17.59744349574797,0.2893488603890789,ACSS2;ACACB
GO_Biological_Process_2023,Regulation Of Osteoblast Proliferation (GO:0033688),2,0.05281174572654139,5.983445738810546,17.59744349574797,0.2893488603890789,SFRP1;TMEM119
GO_Biological_Process_2023,Cell Surface Receptor Signaling Pathway Involved In Heart Development (GO:0061311),2,0.05281174572654139,5.983445738810546,17.59744349574797,0.2893488603890789,HEYL;SNAI2
GO_Biological_Process_2023,Regulation Of Transforming Growth Factor Beta Production (GO:0071634),2,0.05281174572654139,5.983445738810546,17.59744349574797,0.2893488603890789,CD46;LTBP1
GO_Biological_Process_2023,Response To UV-B (GO:0010224),2,0.05281174572654139,5.983445738810546,17.59744349574797,0.2893488603890789,MFAP4;MAP3K20
GO_Biological_Process_2023,Reverse Cholesterol Transport (GO:0043691),2,0.05281174572654139,5.983445738810546,17.59744349574797,0.2893488603890789,APOE;CLU
GO_Biological_Process_2023,Ruffle Organization (GO:0031529),2,0.05281174572654139,5.983445738810546,17.59744349574797,0.2893488603890789,CSF1R;TPM1
GO_Biological_Process_2023,Stabilization Of Membrane Potential (GO:0030322),2,0.05281174572654139,5.983445738810546,17.59744349574797,0.2893488603890789,KCNK17;KCNN4
GO_Biological_Process_2023,Mesonephric Tubule Development (GO:0072164),2,0.05281174572654139,5.983445738810546,17.59744349574797,0.2893488603890789,FOXC1;NPNT
GO_Biological_Process_2023,Negative Regulation Of Amyloid-Beta Formation (GO:1902430),2,0.05281174572654139,5.983445738810546,17.59744349574797,0.2893488603890789,APOE;CLU
GO_Biological_Process_2023,Negative Regulation Of Cytokine Production Involved In Immune Response (GO:0002719),2,0.05281174572654139,5.983445738810546,17.59744349574797,0.2893488603890789,LILRB4;TNF
GO_Biological_Process_2023,Positive Regulation Of Cell Migration Involved In Sprouting Angiogenesis (GO:0090050),2,0.05281174572654139,5.983445738810546,17.59744349574797,0.2893488603890789,RHOJ;FGF2
GO_Biological_Process_2023,Positive Regulation Of Collagen Metabolic Process (GO:0010714),2,0.05281174572654139,5.983445738810546,17.59744349574797,0.2893488603890789,CREB3L1;VIM
GO_Biological_Process_2023,Positive Regulation Of Lymphocyte Migration (GO:2000403),2,0.05281174572654139,5.983445738810546,17.59744349574797,0.2893488603890789,SPN;CCL20
GO_Biological_Process_2023,Positive Regulation Of Muscle Hypertrophy (GO:0014742),2,0.05281174572654139,5.983445738810546,17.59744349574797,0.2893488603890789,NR4A3;PRKCA
GO_Biological_Process_2023,Positive Regulation Of Myeloid Leukocyte Cytokine Production Involved In Immune Response (GO:0061081),2,0.05281174572654139,5.983445738810546,17.59744349574797,0.2893488603890789,NR4A3;KIT
GO_Biological_Process_2023,Positive Regulation Of Smooth Muscle Cell Migration (GO:0014911),2,0.05281174572654139,5.983445738810546,17.59744349574797,0.2893488603890789,NR4A3;MDK
GO_Biological_Process_2023,Regulation Of Blood Vessel Endothelial Cell Proliferation Involved In Sprouting Angiogenesis (GO:1903587),2,0.05281174572654139,5.983445738810546,17.59744349574797,0.2893488603890789,PPP1R16B;FGF2
GO_Biological_Process_2023,Regulation Of Cardiac Muscle Contraction By Regulation Of The Release Of Sequestered Calcium Ion (GO:0010881),2,0.05281174572654139,5.983445738810546,17.59744349574797,0.2893488603890789,CASQ2;DMD
GO_Biological_Process_2023,Regulation Of Type II Interferon Production (GO:0032649),5,0.053370623922975716,2.56150239688142,7.506469449602111,0.29172608017851365,IL1B;EBI3;GAS6;LILRB4;HLA-DPA1
GO_Biological_Process_2023,Positive Regulation Of Apoptotic Process (GO:0043065),11,0.05375551941574867,1.7911256051299815,5.236013477019211,0.2931434166270033,EPHA7;SFRP1;CSRNP3;MAP3K20;CYP1B1;ANO6;PLEKHN1;SEPTIN4;CLU;TNF;TP63
GO_Biological_Process_2023,Aortic Valve Morphogenesis (GO:0003180),3,0.05504494255661374,3.699810246679317,10.727989363384793,0.2960251058228951,HEYL;CDH11;SNAI2
GO_Biological_Process_2023,Regulation Of Ossification (GO:0030278),3,0.05504494255661374,3.699810246679317,10.727989363384793,0.2960251058228951,SFRP1;MDK;LRP4
GO_Biological_Process_2023,Regulation Of Vascular Associated Smooth Muscle Cell Proliferation (GO:1904705),3,0.05504494255661374,3.699810246679317,10.727989363384793,0.2960251058228951,NR4A3;TPM1;FGF2
GO_Biological_Process_2023,Negative Regulation Of Smooth Muscle Cell Proliferation (GO:0048662),3,0.05504494255661374,3.699810246679317,10.727989363384793,0.2960251058228951,TPM1;APOE;PPARGC1A
GO_Biological_Process_2023,Positive Regulation Of Receptor Signaling Pathway Via JAK-STAT (GO:0046427),3,0.05504494255661374,3.699810246679317,10.727989363384793,0.2960251058228951,KIT;CYP1B1;TNF
GO_Biological_Process_2023,Positive Regulation Of Receptor Signaling Pathway Via STAT (GO:1904894),3,0.05504494255661374,3.699810246679317,10.727989363384793,0.2960251058228951,KIT;CYP1B1;TNF
GO_Biological_Process_2023,Positive Regulation Of Plasma Membrane Bounded Cell Projection Assembly (GO:0120034),5,0.055549502946594,2.5305108121470763,7.3143926909633015,0.2980518158100009,TENM1;DOCK11;GPM6A;TENM2;FSCN1
GO_Biological_Process_2023,Positive Regulation Of Cellular Catabolic Process (GO:0031331),7,0.056142680585355334,2.118494358526194,6.100964962151736,0.3004094412925494,SH3GLB1;PLEKHF1;IL1B;APOE;SLC4A4;TNF;SH3D19
GO_Biological_Process_2023,Regulation Of Inflammatory Response (GO:0050727),10,0.056669956509978525,1.8323523827605848,5.2597878102646956,0.3004094412925494,AKNA;MDK;TMSB4X;IL1B;CXCL17;TNC;APOE;DNASE1L3;TNF;MGLL
GO_Biological_Process_2023,Positive Regulation Of Apoptotic Signaling Pathway (GO:2001235),4,0.057139155753137834,2.8944708680142686,8.284744561710058,0.3004094412925494,PLEKHF1;G0S2;SEPTIN4;TNF
GO_Biological_Process_2023,Sensory Perception Of Mechanical Stimulus (GO:0050954),5,0.05777906175539326,2.5002571222873597,7.12855514451511,0.3004094412925494,COL1A1;EYA1;COL11A1;SNAI2;CCDC50
GO_Biological_Process_2023,Calcium-Dependent Cell-Cell Adhesion Via Plasma Membrane Cell Adhesion Molecules (GO:0016339),3,0.058764180670299364,3.5939170506912443,10.185961581587437,0.3004094412925494,CDH2;CDH11;CDH15
GO_Biological_Process_2023,Membrane Assembly (GO:0071709),3,0.058764180670299364,3.5939170506912443,10.185961581587437,0.3004094412925494,PTPRD;LRP4;SPTBN1
GO_Biological_Process_2023,Regulation Of Glucose Transmembrane Transport (GO:0010827),2,0.05894923912253111,5.5842632331902715,15.809487908685345,0.3004094412925494,NR4A3;IL1B
GO_Biological_Process_2023,Regulation Of Hematopoietic Progenitor Cell Differentiation (GO:1901532),2,0.05894923912253111,5.5842632331902715,15.809487908685345,0.3004094412925494,FOXC1;KITLG
GO_Biological_Process_2023,Epoxygenase P450 Pathway (GO:0019373),2,0.05894923912253111,5.5842632331902715,15.809487908685345,0.3004094412925494,CYP4A11;CYP1B1
GO_Biological_Process_2023,Leukocyte Tethering Or Rolling (GO:0050901),2,0.05894923912253111,5.5842632331902715,15.809487908685345,0.3004094412925494,SPN;TNF
GO_Biological_Process_2023,Long-Chain fatty-acyl-CoA Biosynthetic Process (GO:0035338),2,0.05894923912253111,5.5842632331902715,15.809487908685345,0.3004094412925494,ACSL1;HACD2
GO_Biological_Process_2023,Membrane Lipid Metabolic Process (GO:0006643),2,0.05894923912253111,5.5842632331902715,15.809487908685345,0.3004094412925494,AGMO;CYP1B1
GO_Biological_Process_2023,Negative Regulation Of Insulin Secretion (GO:0046676),2,0.05894923912253111,5.5842632331902715,15.809487908685345,0.3004094412925494,SFRP1;BMP8A
GO_Biological_Process_2023,Positive Regulation Of Alpha-Beta T Cell Proliferation (GO:0046641),2,0.05894923912253111,5.5842632331902715,15.809487908685345,0.3004094412925494,EBI3;HLA-E
GO_Biological_Process_2023,Positive Regulation Of Amyloid-Beta Formation (GO:1902004),2,0.05894923912253111,5.5842632331902715,15.809487908685345,0.3004094412925494,CLU;TNF
GO_Biological_Process_2023,Positive Regulation Of Fatty Acid Metabolic Process (GO:0045923),2,0.05894923912253111,5.5842632331902715,15.809487908685345,0.3004094412925494,NR4A3;PPARGC1A
GO_Biological_Process_2023,Positive Regulation Of Glial Cell Differentiation (GO:0045687),2,0.05894923912253111,5.5842632331902715,15.809487908685345,0.3004094412925494,PTPRZ1;MDK
GO_Biological_Process_2023,Positive Regulation Of Leukocyte Adhesion To Vascular Endothelial Cell (GO:1904996),2,0.05894923912253111,5.5842632331902715,15.809487908685345,0.3004094412925494,MDK;TNF
GO_Biological_Process_2023,Positive Regulation Of Macrophage Derived Foam Cell Differentiation (GO:0010744),2,0.05894923912253111,5.5842632331902715,15.809487908685345,0.3004094412925494,CD36;APOB
GO_Biological_Process_2023,Positive Regulation Of Nitric-Oxide Synthase Activity (GO:0051000),2,0.05894923912253111,5.5842632331902715,15.809487908685345,0.3004094412925494,APOE;TNF
GO_Biological_Process_2023,Positive Regulation Of Potassium Ion Transmembrane Transport (GO:1901381),2,0.05894923912253111,5.5842632331902715,15.809487908685345,0.3004094412925494,ANO6;KCNN4
GO_Biological_Process_2023,Positive Regulation Of Regulatory T Cell Differentiation (GO:0045591),2,0.05894923912253111,5.5842632331902715,15.809487908685345,0.3004094412925494,CD46;LILRB4
GO_Biological_Process_2023,Positive Regulation Of Stem Cell Differentiation (GO:2000738),2,0.05894923912253111,5.5842632331902715,15.809487908685345,0.3004094412925494,FOXC1;SP7
GO_Biological_Process_2023,Regulation Of Cell Population Proliferation (GO:0042127),25,0.059798304058770325,1.4310933611159344,4.031072264982061,0.304072421945904,ALK;CSF1R;TENM1;CLU;FGF2;RERG;FGF7;PDGFD;CYP1B1;HAS2;S1PR3;WWTR1;PDGFRA;H2AC8;CLEC11A;P3H2;IGF2;BMP5;AZGP1;SFRP1;KITLG;NR4A3;IL1B;KIT;SGK2
GO_Biological_Process_2023,Regulation Of Protein Tyrosine Kinase Activity (GO:0061097),3,0.06259859351014403,3.4939068100358424,9.6816593361947,0.31420455323156166,CSF1R;GAS6;LILRB4
GO_Biological_Process_2023,Retina Homeostasis (GO:0001895),3,0.06259859351014403,3.4939068100358424,9.6816593361947,0.31420455323156166,AZGP1;F3;ACTG1
GO_Biological_Process_2023,Vesicle Cytoskeletal Trafficking (GO:0099518),3,0.06259859351014403,3.4939068100358424,9.6816593361947,0.31420455323156166,MYO1E;DYNC1I1;PPFIA2
GO_Biological_Process_2023,Neuron Projection Extension (GO:1990138),3,0.06259859351014403,3.4939068100358424,9.6816593361947,0.31420455323156166,SEMA3A;MAP1B;TMEM108
GO_Biological_Process_2023,Odontogenesis (GO:0042476),3,0.06259859351014403,3.4939068100358424,9.6816593361947,0.31420455323156166,COL1A1;FOXC1;COL1A2
GO_Biological_Process_2023,Positive Regulation Of Lipid Biosynthetic Process (GO:0046889),3,0.06259859351014403,3.4939068100358424,9.6816593361947,0.31420455323156166,APOE;SORBS1;MFSD2A
GO_Biological_Process_2023,Positive Regulation Of Neuron Projection Development (GO:0010976),5,0.0647712400337015,2.4136689754474814,6.605955173314322,0.3182730904416363,ALK;MDK;ROR2;APOE;BMP5
GO_Biological_Process_2023,Regulation Of Collagen Biosynthetic Process (GO:0032965),2,0.06531825635027583,5.234978540772532,14.283553645570034,0.3182730904416363,CREB3L1;VIM
GO_Biological_Process_2023,Regulation Of Oligodendrocyte Differentiation (GO:0048713),2,0.06531825635027583,5.234978540772532,14.283553645570034,0.3182730904416363,PTPRZ1;MDK
GO_Biological_Process_2023,Response To Organophosphorus (GO:0046683),2,0.06531825635027583,5.234978540772532,14.283553645570034,0.3182730904416363,TRPC3;AKR1C1
GO_Biological_Process_2023,Ureteric Bud Development (GO:0001657),2,0.06531825635027583,5.234978540772532,14.283553645570034,0.3182730904416363,FOXC1;NPNT
GO_Biological_Process_2023,Ureteric Bud Morphogenesis (GO:0060675),2,0.06531825635027583,5.234978540772532,14.283553645570034,0.3182730904416363,NPNT;FGF2
GO_Biological_Process_2023,Negative Regulation Of Amyloid Precursor Protein Catabolic Process (GO:1902992),2,0.06531825635027583,5.234978540772532,14.283553645570034,0.3182730904416363,APOE;CLU
GO_Biological_Process_2023,Negative Regulation Of Nervous System Development (GO:0051961),2,0.06531825635027583,5.234978540772532,14.283553645570034,0.3182730904416363,IL1B;TNF
GO_Biological_Process_2023,Negative Regulation Of Peptide Hormone Secretion (GO:0090278),2,0.06531825635027583,5.234978540772532,14.283553645570034,0.3182730904416363,SFRP1;BMP8A
GO_Biological_Process_2023,Nitric Oxide Mediated Signal Transduction (GO:0007263),2,0.06531825635027583,5.234978540772532,14.283553645570034,0.3182730904416363,APOE;CD36
GO_Biological_Process_2023,Positive Regulation Of Cytokine Production Involved In Inflammatory Response (GO:1900017),2,0.06531825635027583,5.234978540772532,14.283553645570034,0.3182730904416363,CD6;TNF
GO_Biological_Process_2023,Positive Regulation Of Monocyte Chemotaxis (GO:0090026),2,0.06531825635027583,5.234978540772532,14.283553645570034,0.3182730904416363,CXCL17;ANO6
GO_Biological_Process_2023,Positive Regulation Of Natural Killer Cell Activation (GO:0032816),2,0.06531825635027583,5.234978540772532,14.283553645570034,0.3182730904416363,GAS6;HLA-E
GO_Biological_Process_2023,Regulation Of cAMP-mediated Signaling (GO:0043949),2,0.06531825635027583,5.234978540772532,14.283553645570034,0.3182730904416363,PDE11A;PDE3B
GO_Biological_Process_2023,Regulation Of Cytosolic Calcium Ion Concentration (GO:0051480),3,0.06654611971042579,3.399302528334786,9.211634092954158,0.3222378493861697,CALB2;TRPC3;ATP2B4
GO_Biological_Process_2023,Cyclic-Nucleotide-Mediated Signaling (GO:0019935),3,0.06654611971042579,3.399302528334786,9.211634092954158,0.3222378493861697,APOE;CD36;PDE7B
GO_Biological_Process_2023,Positive Regulation Of Monoatomic Ion Transport (GO:0043270),3,0.06654611971042579,3.399302528334786,9.211634092954158,0.3222378493861697,FHL1;CCL4;ANO6
GO_Biological_Process_2023,Positive Regulation Of Macromolecule Biosynthetic Process (GO:0010557),6,0.06708593110513508,2.173757277205553,5.873015952682965,0.3234048387735787,IL1B;AGO2;IGF2;SORBS1;VIM;FGF2
GO_Biological_Process_2023,Regulation Of Peptidyl-Serine Phosphorylation (GO:0033135),5,0.06720280497223036,2.3861182014529745,6.442615284600546,0.3234048387735787,TENM1;ATP2B4;DMD;GAS6;TNF
GO_Biological_Process_2023,Positive Regulation Of Cellular Component Biogenesis (GO:0044089),5,0.06720280497223036,2.3861182014529745,6.442615284600546,0.3234048387735787,SH3GLB1;PRKCA;CLU;TNF;TRABD2B
GO_Biological_Process_2023,Response To Reactive Oxygen Species (GO:0000302),4,0.06875332008512322,2.707174638487208,7.247729838127643,0.32950769831350635,PDGFRA;TPM1;HP;APOE
GO_Biological_Process_2023,Peptidyl-Threonine Modification (GO:0018210),4,0.06875332008512322,2.707174638487208,7.247729838127643,0.32950769831350635,DYRK3;GALNT13;GALNT16;PRKCA
GO_Biological_Process_2023,Regulation Of Cell Motility (GO:2000145),6,0.06920829934496248,2.155067155067155,5.755396674353946,0.331008546457259,CSF1R;FGF7;TMSB4X;TNC;FGF2;TMSB10
GO_Biological_Process_2023,Positive Regulation Of Intracellular Signal Transduction (GO:1902533),18,0.06949611594896553,1.5009861932938855,4.00235628944611,0.33170538778095204,PDGFRA;PLEKHF1;UNC5B;TNFRSF19;IGF2;PIK3CD;SEPTIN4;TNF;FGF2;FRMD6;PDGFD;IL1B;DOK6;CCL4;KIT;CNTN1;ROR2;GAS6
GO_Biological_Process_2023,Heart Contraction (GO:0060047),3,0.07060460673843129,3.3096774193548386,8.772829168962842,0.3349809615592742,TPM1;CASQ2;DMD
GO_Biological_Process_2023,Visual System Development (GO:0150063),3,0.07060460673843129,3.3096774193548386,8.772829168962842,0.3349809615592742,C1QA;FOXC1;MAB21L2
GO_Biological_Process_2023,Negative Regulation Of Cellular Catabolic Process (GO:0031330),4,0.07183305032675213,2.6640667761357415,7.015581681738523,0.3349809615592742,DAP;HP;ATP2B4;MFSD2A
GO_Biological_Process_2023,Regulation Of Fibroblast Growth Factor Receptor Signaling Pathway (GO:0040036),2,0.07190465370231207,4.926786165109821,12.969342313184953,0.3349809615592742,CREB3L1;FGF2
GO_Biological_Process_2023,Regulation Of Neuroinflammatory Response (GO:0150077),2,0.07190465370231207,4.926786165109821,12.969342313184953,0.3349809615592742,IL1B;TNF
GO_Biological_Process_2023,Cortical Actin Cytoskeleton Organization (GO:0030866),2,0.07190465370231207,4.926786165109821,12.969342313184953,0.3349809615592742,FMNL3;TNF
GO_Biological_Process_2023,Cyclic Nucleotide Biosynthetic Process (GO:0009190),2,0.07190465370231207,4.926786165109821,12.969342313184953,0.3349809615592742,NPR1;ADCY6
GO_Biological_Process_2023,Leukocyte Adhesion To Vascular Endothelial Cell (GO:0061756),2,0.07190465370231207,4.926786165109821,12.969342313184953,0.3349809615592742,SPN;TNF
GO_Biological_Process_2023,Negative Regulation Of Axon Extension Involved In Axon Guidance (GO:0048843),2,0.07190465370231207,4.926786165109821,12.969342313184953,0.3349809615592742,SEMA3C;SEMA3D
GO_Biological_Process_2023,Negative Regulation Of Protein Dephosphorylation (GO:0035308),2,0.07190465370231207,4.926786165109821,12.969342313184953,0.3349809615592742,PPP1R16B;PPP1R1B
GO_Biological_Process_2023,Positive Regulation Of Activated T Cell Proliferation (GO:0042104),2,0.07190465370231207,4.926786165109821,12.969342313184953,0.3349809615592742,IGFBP2;IGF2
GO_Biological_Process_2023,Positive Regulation Of Alpha-Beta T Cell Activation (GO:0046635),2,0.07190465370231207,4.926786165109821,12.969342313184953,0.3349809615592742,EBI3;HLA-E
GO_Biological_Process_2023,Positive Regulation Of Epithelial Cell Migration (GO:0010634),5,0.07221632288234663,2.3328533717302617,6.130946704613196,0.3357627442378427,FGF7;SPARC;PIK3CD;PRKCA;FGF2
GO_Biological_Process_2023,Negative Regulation Of Cell Growth (GO:0030308),6,0.07356851234985085,2.118629269889774,5.528643939641636,0.3413695980607393,SFRP1;PTPRS;NPR1;GNG4;FHL1;RERG
GO_Biological_Process_2023,Branching Morphogenesis Of An Epithelial Tube (GO:0048754),3,0.07477181914619982,3.22464846980976,8.362526713110375,0.34421583015232815,COL4A1;NPNT;FGF2
GO_Biological_Process_2023,Cardiac Ventricle Morphogenesis (GO:0003208),3,0.07477181914619982,3.22464846980976,8.362526713110375,0.34421583015232815,HEYL;TPM1;CPE
GO_Biological_Process_2023,Positive Regulation Of Neuron Differentiation (GO:0045666),3,0.07477181914619982,3.22464846980976,8.362526713110375,0.34421583015232815,HEYL;DLX2;BEND6
GO_Biological_Process_2023,Regulation Of Axonogenesis (GO:0050770),3,0.07477181914619982,3.22464846980976,8.362526713110375,0.34421583015232815,BRSK1;CDH2;LRP4
GO_Biological_Process_2023,Regulation Of Defense Response (GO:0031347),5,0.07742904730475002,2.2819044041694054,5.838008894631377,0.35479244591709647,AKNA;TMSB4X;TNC;APOE;MGLL
GO_Biological_Process_2023,Regulation Of Response To External Stimulus (GO:0032101),6,0.07808224933664351,2.0833959429000752,5.3126440897394085,0.35479244591709647,PDGFRA;AKNA;TMSB4X;TNC;CD36;MGLL
GO_Biological_Process_2023,Ameboidal-Type Cell Migration (GO:0001667),2,0.07869482010939396,4.652837386742966,11.828340581144582,0.35479244591709647,FAT2;TNS1
GO_Biological_Process_2023,Calcium-Mediated Signaling Using Intracellular Calcium Source (GO:0035584),2,0.07869482010939396,4.652837386742966,11.828340581144582,0.35479244591709647,CCL20;CLU
GO_Biological_Process_2023,Cellular Response To Copper Ion (GO:0071280),2,0.07869482010939396,4.652837386742966,11.828340581144582,0.35479244591709647,MT2A;MT1X
GO_Biological_Process_2023,Cellular Response To Estradiol Stimulus (GO:0071392),2,0.07869482010939396,4.652837386742966,11.828340581144582,0.35479244591709647,SFRP1;LCOR
GO_Biological_Process_2023,Regulation Of Toll-Like Receptor Signaling Pathway (GO:0034121),2,0.07869482010939396,4.652837386742966,11.828340581144582,0.35479244591709647,CD36;LGR4
GO_Biological_Process_2023,Negative Regulation Of Phosphoprotein Phosphatase Activity (GO:0032515),2,0.07869482010939396,4.652837386742966,11.828340581144582,0.35479244591709647,PPP1R1B;TNF
GO_Biological_Process_2023,Positive Regulation Of Vascular Associated Smooth Muscle Cell Proliferation (GO:1904707),2,0.07869482010939396,4.652837386742966,11.828340581144582,0.35479244591709647,NR4A3;FGF2
GO_Biological_Process_2023,Regulation Of Cardiac Muscle Contraction By Calcium Ion Signaling (GO:0010882),2,0.07869482010939396,4.652837386742966,11.828340581144582,0.35479244591709647,CASQ2;DMD
GO_Biological_Process_2023,Regulation Of Endothelial Cell Apoptotic Process (GO:2000351),3,0.07904544639112689,3.1438709677419356,7.978302968351757,0.35479244591709647,ANO6;GAS6;TNF
GO_Biological_Process_2023,Learning (GO:0007612),3,0.07904544639112689,3.1438709677419356,7.978302968351757,0.35479244591709647,BRSK1;CNTNAP2;GPR88
GO_Biological_Process_2023,Positive Regulation Of Stress Fiber Assembly (GO:0051496),3,0.07904544639112689,3.1438709677419356,7.978302968351757,0.35479244591709647,SFRP1;LIMCH1;TPM1
GO_Biological_Process_2023,Negative Regulation Of Epithelial Cell Proliferation (GO:0050680),4,0.08148542331812299,2.5425809822361547,6.375092446605285,0.3643428697787338,SFRP1;SPARC;SNAI2;APOE
GO_Biological_Process_2023,Neutrophil Chemotaxis (GO:0030593),4,0.08148542331812299,2.5425809822361547,6.375092446605285,0.3643428697787338,CCL20;CCL4;PIK3CD;CXCL3
GO_Biological_Process_2023,Negative Regulation Of Cellular Process (GO:0048523),18,0.08191298587432791,1.4653564547206166,3.6664650780585903,0.3655543193703276,TENM1;H2AC8;NPR1;FHL1;PDE3B;P3H2;CLU;RERG;BMP5;SPN;AZGP1;SFRP1;GNG4;MDK;IL1B;CYP1B1;HOXC9;APOBEC3A
GO_Biological_Process_2023,Cellular Response To Insulin Stimulus (GO:0032869),5,0.08283905720269945,2.233123477781352,5.56238817251738,0.3689816021204208,GRB14;RARRES2;PDE3B;IGF2;SORBS1
GO_Biological_Process_2023,Negative Regulation Of Supramolecular Fiber Organization (GO:1902904),4,0.08483825982173412,2.504503345342254,6.178631443939354,0.3732097778337584,APOE;CLU;HDGFL3;KANK4
GO_Biological_Process_2023,Positive Regulation Of Peptidyl-Tyrosine Phosphorylation (GO:0050731),6,0.08513902385083155,2.032677000418936,5.0074383709032615,0.3732097778337584,CSF1R;FGF7;KIT;IGF2;GAS6;TNF
GO_Biological_Process_2023,Regulation Of Dendritic Spine Development (GO:0060998),2,0.0856756600501935,4.407725321888412,10.830603188099262,0.3732097778337584,PTPRS;PPFIA2
GO_Biological_Process_2023,Regulation Of Lipid Storage (GO:0010883),2,0.0856756600501935,4.407725321888412,10.830603188099262,0.3732097778337584,APOB;TNF
GO_Biological_Process_2023,Regulation Of Lipopolysaccharide-Mediated Signaling Pathway (GO:0031664),2,0.0856756600501935,4.407725321888412,10.830603188099262,0.3732097778337584,PRKCA;CD36
GO_Biological_Process_2023,Regulation Of Steroid Metabolic Process (GO:0019218),2,0.0856756600501935,4.407725321888412,10.830603188099262,0.3732097778337584,ACADL;APOE
GO_Biological_Process_2023,Cellular Response To Nerve Growth Factor Stimulus (GO:1990090),2,0.0856756600501935,4.407725321888412,10.830603188099262,0.3732097778337584,EHD1;TMEM108
GO_Biological_Process_2023,Focal Adhesion Assembly (GO:0048041),2,0.0856756600501935,4.407725321888412,10.830603188099262,0.3732097778337584,CDH11;SORBS1
GO_Biological_Process_2023,Positive Regulation Of Amyloid Precursor Protein Catabolic Process (GO:1902993),2,0.0856756600501935,4.407725321888412,10.830603188099262,0.3732097778337584,CLU;TNF
GO_Biological_Process_2023,Positive Regulation Of Blood Coagulation (GO:0030194),2,0.0856756600501935,4.407725321888412,10.830603188099262,0.3732097778337584,PLAU;CNTN1
GO_Biological_Process_2023,Positive Regulation Of Smoothened Signaling Pathway (GO:0045880),2,0.0856756600501935,4.407725321888412,10.830603188099262,0.3732097778337584,SFRP1;RAB34
GO_Biological_Process_2023,Nervous System Development (GO:0007399),15,0.08570712978530184,1.514148103552077,3.719988226546438,0.3732097778337584,GPM6A;TENM1;EMX2;DLX5;DLX6;SHOX2;FGF2;MARCKS;CDH2;PTPRZ1;MDK;MAB21L2;EPHB1;SPTBN1;ADGRL3
GO_Biological_Process_2023,Protein Autophosphorylation (GO:0046777),7,0.08675804868893476,1.8982436498495556,4.640507330019029,0.3770824686033031,ALK;PDGFRA;CSF1R;KIT;MAP3K20;TNIK;EPHB1
GO_Biological_Process_2023,Cholesterol Homeostasis (GO:0042632),4,0.08825750892525472,2.467545638945233,5.989958401677509,0.38217630024405286,EHD1;AKR1C1;APOE;APOB
GO_Biological_Process_2023,Negative Regulation Of Catabolic Process (GO:0009895),4,0.08825750892525472,2.467545638945233,5.989958401677509,0.38217630024405286,ALK;IL1B;PDE3B;TNF
GO_Biological_Process_2023,Hemopoiesis (GO:0030097),5,0.08844404807099296,2.1863750899928007,5.302801680175393,0.3822748299957362,CSF1R;SFRP1;KITLG;KIT;RUNX2
GO_Biological_Process_2023,Negative Regulation Of Cell Migration (GO:0030336),7,0.08893457028227358,1.885978085544246,4.56379226484939,0.38368444923997513,SFRP1;LIMCH1;TPM1;CDH11;CYP1B1;FGF2;PHLDB2
GO_Biological_Process_2023,Cellular Response To Reactive Oxygen Species (GO:0034614),4,0.09174234661019079,2.4316591704147927,5.808677421784709,0.38970486100768975,PDGFRA;TPM1;CYP1B1;CLU
GO_Biological_Process_2023,Sterol Homeostasis (GO:0055092),4,0.09174234661019079,2.4316591704147927,5.808677421784709,0.38970486100768975,EHD1;AKR1C1;APOE;APOB
GO_Biological_Process_2023,Regulation Of Cytokine Production Involved In Inflammatory Response (GO:1900015),3,0.09248074002184713,2.9240810202550636,6.961520135456815,0.38970486100768975,CD6;TNF;LILRB4
GO_Biological_Process_2023,Regulation Of Fibroblast Proliferation (GO:0048145),3,0.09248074002184713,2.9240810202550636,6.961520135456815,0.38970486100768975,PDGFRA;SFRP1;GAS6
GO_Biological_Process_2023,Regulation Of Nervous System Development (GO:0051960),3,0.09248074002184713,2.9240810202550636,6.961520135456815,0.38970486100768975,HEYL;PTPRZ1;IL1B
GO_Biological_Process_2023,Cellular Component Disassembly (GO:0022411),3,0.09248074002184713,2.9240810202550636,6.961520135456815,0.38970486100768975,DYRK3;MMP13;KLK4
GO_Biological_Process_2023,Response To Hydrogen Peroxide (GO:0042542),3,0.09248074002184713,2.9240810202550636,6.961520135456815,0.38970486100768975,HP;CYP1B1;CLU
GO_Biological_Process_2023,Development Of Primary Male Sexual Characteristics (GO:0046546),3,0.09248074002184713,2.9240810202550636,6.961520135456815,0.38970486100768975,LHCGR;KITLG;KIT
GO_Biological_Process_2023,Epithelial Cell Migration (GO:0010631),3,0.09248074002184713,2.9240810202550636,6.961520135456815,0.38970486100768975,KIT;CYP1B1;FAT2
GO_Biological_Process_2023,Homotypic Cell-Cell Adhesion (GO:0034109),3,0.09248074002184713,2.9240810202550636,6.961520135456815,0.38970486100768975,PDGFRA;MEGF10;ACTG1
GO_Biological_Process_2023,Male Gonad Development (GO:0008584),3,0.09248074002184713,2.9240810202550636,6.961520135456815,0.38970486100768975,LHCGR;KITLG;KIT
GO_Biological_Process_2023,Regulation Of Protein Export From Nucleus (GO:0046825),2,0.09283457700097493,4.1871244635193134,9.952527341076623,0.38970486100768975,IL1B;GAS6
GO_Biological_Process_2023,Regulation Of Release Of Sequestered Calcium Ion Into Cytosol By Sarcoplasmic Reticulum (GO:0010880),2,0.09283457700097493,4.1871244635193134,9.952527341076623,0.38970486100768975,CASQ2;DMD
GO_Biological_Process_2023,Dendritic Cell Differentiation (GO:0097028),2,0.09283457700097493,4.1871244635193134,9.952527341076623,0.38970486100768975,GAS6;CLU
GO_Biological_Process_2023,Negative Regulation Of Axonogenesis (GO:0050771),2,0.09283457700097493,4.1871244635193134,9.952527341076623,0.38970486100768975,PTPRS;LRP4
GO_Biological_Process_2023,Regulation Of Interleukin-2 Production (GO:0032663),3,0.09715567353106822,2.8574780058651026,6.662040536978154,0.4012106000159673,IL1B;LILRB4;SPTBN1
GO_Biological_Process_2023,Cognition (GO:0050890),3,0.09715567353106822,2.8574780058651026,6.662040536978154,0.4012106000159673,LHCGR;TNF;MFSD2A
GO_Biological_Process_2023,Positive Regulation Of Smooth Muscle Cell Proliferation (GO:0048661),3,0.09715567353106822,2.8574780058651026,6.662040536978154,0.4012106000159673,NR4A3;FGF2;TNF
GO_Biological_Process_2023,Positive Regulation Of Kinase Activity (GO:0033674),5,0.0972111837590593,2.119794052839409,4.9409633355978375,0.4012106000159673,ALK;PDGFRA;CSF1R;ROR2;GAS6
GO_Biological_Process_2023,Regulation Of Cholesterol Metabolic Process (GO:0090181),2,0.1001594572837572,3.9875332107091763,9.175281180743909,0.4012106000159673,ACADL;APOE
GO_Biological_Process_2023,Adaptive Immune Response Based On Somatic Recombination Of Immune Receptors Built From Immunoglobulin Superfamily Domains (GO:0002460),2,0.1001594572837572,3.9875332107091763,9.175281180743909,0.4012106000159673,EBI3;CD46
GO_Biological_Process_2023,Axon Extension (GO:0048675),2,0.1001594572837572,3.9875332107091763,9.175281180743909,0.4012106000159673,SEMA3A;MAP1B
GO_Biological_Process_2023,Cellular Lipid Catabolic Process (GO:0044242),2,0.1001594572837572,3.9875332107091763,9.175281180743909,0.4012106000159673,ACADL;CYP1B1
GO_Biological_Process_2023,Long-Chain fatty-acyl-CoA Metabolic Process (GO:0035336),2,0.1001594572837572,3.9875332107091763,9.175281180743909,0.4012106000159673,ACSL1;HACD2
GO_Biological_Process_2023,Positive Regulation Of Neuron Apoptotic Process (GO:0043525),2,0.1001594572837572,3.9875332107091763,9.175281180743909,0.4012106000159673,EPHA7;TNF
GO_Biological_Process_2023,Regulation Of T Cell Migration (GO:2000404),2,0.1001594572837572,3.9875332107091763,9.175281180743909,0.4012106000159673,SPN;CCL20
GO_Biological_Process_2023,Regulation Of Cardiac Muscle Hypertrophy (GO:0010611),2,0.1001594572837572,3.9875332107091763,9.175281180743909,0.4012106000159673,NR4A3;PRKCA
GO_Biological_Process_2023,Regulation Of Protein Kinase B Signaling (GO:0051896),6,0.10026859237612111,1.9382617382617382,4.457813540580838,0.4012106000159673,IGF2;CNTN1;PIK3CD;GAS6;FGF2;TNF
GO_Biological_Process_2023,Wnt Signaling Pathway (GO:0016055),4,0.10258161801466228,2.3299808429118776,5.305591278258434,0.4012106000159673,SFRP1;FZD3;DIXDC1;CPE
GO_Biological_Process_2023,Neutrophil Migration (GO:1990266),4,0.10631987085976734,2.297945205479452,5.150391664908756,0.4012106000159673,CCL20;CCL4;PIK3CD;CXCL3
GO_Biological_Process_2023,Positive Regulation Of JNK Cascade (GO:0046330),4,0.10631987085976734,2.297945205479452,5.150391664908756,0.4012106000159673,IL1B;SEMA3A;TNFRSF19;TNIK
GO_Biological_Process_2023,Positive Regulation Of T Cell Activation (GO:0050870),5,0.10640046075980954,2.0571295472832762,4.609092086018389,0.4012106000159673,CD6;MDK;IL1B;CD46;HLA-DPA1
GO_Biological_Process_2023,Antibacterial Humoral Response (GO:0019731),3,0.10678487822070373,2.732959326788219,6.113463172801425,0.4012106000159673,RNASE2;F3;HLA-E
GO_Biological_Process_2023,Fatty Acid Beta-Oxidation (GO:0006635),3,0.10678487822070373,2.732959326788219,6.113463172801425,0.4012106000159673,ECHS1;ACADL;ECHDC2
GO_Biological_Process_2023,Unsaturated Fatty Acid Metabolic Process (GO:0033559),3,0.10678487822070373,2.732959326788219,6.113463172801425,0.4012106000159673,CYP4A11;CYP1B1;MGLL
GO_Biological_Process_2023,Positive Regulation Of Nervous System Development (GO:0051962),3,0.10678487822070373,2.732959326788219,6.113463172801425,0.4012106000159673,PTPRD;CLSTN2;EPHB1
GO_Biological_Process_2023,Regulation Of Cell Communication (GO:0010646),3,0.10678487822070373,2.732959326788219,6.113463172801425,0.4012106000159673,CASQ2;LTBP1;MGLL
GO_Biological_Process_2023,Regulation Of Heterotypic Cell-Cell Adhesion (GO:0034114),2,0.10763865444908072,3.8060866172454157,8.483673644399483,0.4012106000159673,IL1B;TNF
GO_Biological_Process_2023,Regulation Of Microtubule Depolymerization (GO:0031114),2,0.10763865444908072,3.8060866172454157,8.483673644399483,0.4012106000159673,MAP1B;HDGFL3
GO_Biological_Process_2023,Regulation Of Muscle Cell Differentiation (GO:0051147),2,0.10763865444908072,3.8060866172454157,8.483673644399483,0.4012106000159673,MEGF10;IGF2
GO_Biological_Process_2023,Regulation Of Ryanodine-Sensitive Calcium-Release Channel Activity (GO:0060314),2,0.10763865444908072,3.8060866172454157,8.483673644399483,0.4012106000159673,CASQ2;DMD
GO_Biological_Process_2023,Regulation Of Supramolecular Fiber Organization (GO:1902903),2,0.10763865444908072,3.8060866172454157,8.483673644399483,0.4012106000159673,MAP1B;APOE
GO_Biological_Process_2023,Response To Copper Ion (GO:0046688),2,0.10763865444908072,3.8060866172454157,8.483673644399483,0.4012106000159673,MT2A;MT1X
GO_Biological_Process_2023,Response To Purine-Containing Compound (GO:0014074),2,0.10763865444908072,3.8060866172454157,8.483673644399483,0.4012106000159673,TRPC3;CLU
GO_Biological_Process_2023,Iron Ion Transport (GO:0006826),2,0.10763865444908072,3.8060866172454157,8.483673644399483,0.4012106000159673,HEPH;F3
GO_Biological_Process_2023,Neuromuscular Junction Development (GO:0007528),2,0.10763865444908072,3.8060866172454157,8.483673644399483,0.4012106000159673,TNC;LRP4
GO_Biological_Process_2023,Positive Regulation Of BMP Signaling Pathway (GO:0030513),2,0.10763865444908072,3.8060866172454157,8.483673644399483,0.4012106000159673,SCUBE3;FOXD1
GO_Biological_Process_2023,Response To Tumor Necrosis Factor (GO:0034612),5,0.10955531392713849,2.0370525697750006,4.504586714565927,0.4012106000159673,SFRP1;CCL20;CCL4;HAS2;NPNT
GO_Biological_Process_2023,Regulation Of Circadian Sleep/Wake Cycle (GO:0042749),1,0.11166135399510033,10.453961456102784,22.91805884636622,0.4012106000159673,PTGDS
GO_Biological_Process_2023,"Regulation Of Circadian Sleep/Wake Cycle, Sleep (GO:0045187)",1,0.11166135399510033,10.453961456102784,22.91805884636622,0.4012106000159673,PTGDS
GO_Biological_Process_2023,His-Purkinje System Development (GO:0003164),1,0.11166135399510033,10.453961456102784,22.91805884636622,0.4012106000159673,IRX3
GO_Biological_Process_2023,Regulation Of Glomerular Filtration (GO:0003093),1,0.11166135399510033,10.453961456102784,22.91805884636622,0.4012106000159673,GAS6
GO_Biological_Process_2023,Regulation Of Glycogen (Starch) Synthase Activity (GO:2000465),1,0.11166135399510033,10.453961456102784,22.91805884636622,0.4012106000159673,IGF2
GO_Biological_Process_2023,Regulation Of Hepatocyte Proliferation (GO:2000345),1,0.11166135399510033,10.453961456102784,22.91805884636622,0.4012106000159673,MDK
GO_Biological_Process_2023,Regulation Of Immature T Cell Proliferation In Thymus (GO:0033084),1,0.11166135399510033,10.453961456102784,22.91805884636622,0.4012106000159673,IL1B
GO_Biological_Process_2023,T-helper 1 Cell Differentiation (GO:0045063),1,0.11166135399510033,10.453961456102784,22.91805884636622,0.4012106000159673,SPN
GO_Biological_Process_2023,Ammonium Homeostasis (GO:0097272),1,0.11166135399510033,10.453961456102784,22.91805884636622,0.4012106000159673,RHD
GO_Biological_Process_2023,Axonemal Central Apparatus Assembly (GO:1904158),1,0.11166135399510033,10.453961456102784,22.91805884636622,0.4012106000159673,SPAG17
GO_Biological_Process_2023,Regulation Of Protein Depolymerization (GO:1901879),1,0.11166135399510033,10.453961456102784,22.91805884636622,0.4012106000159673,MAP1B
GO_Biological_Process_2023,Cell Junction Disassembly (GO:0150146),1,0.11166135399510033,10.453961456102784,22.91805884636622,0.4012106000159673,C1QC
GO_Biological_Process_2023,Regulation Of Renal Sodium Excretion (GO:0035813),1,0.11166135399510033,10.453961456102784,22.91805884636622,0.4012106000159673,NPR1
GO_Biological_Process_2023,Cell-Cell Signaling Involved In Cardiac Conduction (GO:0086019),1,0.11166135399510033,10.453961456102784,22.91805884636622,0.4012106000159673,CASQ2
GO_Biological_Process_2023,Regulation Of Ribonuclease Activity (GO:0060700),1,0.11166135399510033,10.453961456102784,22.91805884636622,0.4012106000159673,OASL
GO_Biological_Process_2023,Cellular Response To Iron Ion (GO:0071281),1,0.11166135399510033,10.453961456102784,22.91805884636622,0.4012106000159673,F3
GO_Biological_Process_2023,Regulation Of Type B Pancreatic Cell Proliferation (GO:0061469),1,0.11166135399510033,10.453961456102784,22.91805884636622,0.4012106000159673,NR4A3
GO_Biological_Process_2023,Cholesterol Import (GO:0070508),1,0.11166135399510033,10.453961456102784,22.91805884636622,0.4012106000159673,CD36
GO_Biological_Process_2023,Renal System Process Involved In Regulation Of Blood Volume (GO:0001977),1,0.11166135399510033,10.453961456102784,22.91805884636622,0.4012106000159673,CYP4A11
GO_Biological_Process_2023,Reproductive System Development (GO:0061458),1,0.11166135399510033,10.453961456102784,22.91805884636622,0.4012106000159673,LHCGR
GO_Biological_Process_2023,Response To Catecholamine (GO:0071869),1,0.11166135399510033,10.453961456102784,22.91805884636622,0.4012106000159673,NR4A3
GO_Biological_Process_2023,Response To Heparin (GO:0071503),1,0.11166135399510033,10.453961456102784,22.91805884636622,0.4012106000159673,SFRP1
GO_Biological_Process_2023,Dendrite Extension (GO:0097484),1,0.11166135399510033,10.453961456102784,22.91805884636622,0.4012106000159673,TMEM108
GO_Biological_Process_2023,Response To Testosterone (GO:0033574),1,0.11166135399510033,10.453961456102784,22.91805884636622,0.4012106000159673,SPP1
GO_Biological_Process_2023,Retinal Ganglion Cell Axon Guidance (GO:0031290),1,0.11166135399510033,10.453961456102784,22.91805884636622,0.4012106000159673,EPHB1
GO_Biological_Process_2023,Ear Development (GO:0043583),1,0.11166135399510033,10.453961456102784,22.91805884636622,0.4012106000159673,SHROOM2
GO_Biological_Process_2023,Embryonic Brain Development (GO:1990403),1,0.11166135399510033,10.453961456102784,22.91805884636622,0.4012106000159673,MFSD2A
GO_Biological_Process_2023,Tight Junction Organization (GO:0120193),1,0.11166135399510033,10.453961456102784,22.91805884636622,0.4012106000159673,CLDN11
GO_Biological_Process_2023,Humoral Immune Response Mediated By Circulating Immunoglobulin (GO:0002455),1,0.11166135399510033,10.453961456102784,22.91805884636622,0.4012106000159673,C1QC
GO_Biological_Process_2023,Induction Of Bacterial Agglutination (GO:0043152),1,0.11166135399510033,10.453961456102784,22.91805884636622,0.4012106000159673,RNASE2
GO_Biological_Process_2023,Inflammatory Response To Wounding (GO:0090594),1,0.11166135399510033,10.453961456102784,22.91805884636622,0.4012106000159673,TNF
GO_Biological_Process_2023,Interleukin-27-Mediated Signaling Pathway (GO:0070106),1,0.11166135399510033,10.453961456102784,22.91805884636622,0.4012106000159673,OASL
GO_Biological_Process_2023,Iron Coordination Entity Transport (GO:1901678),1,0.11166135399510033,10.453961456102784,22.91805884636622,0.4012106000159673,LCN2
GO_Biological_Process_2023,Leukocyte Chemotaxis Involved In Inflammatory Response (GO:0002232),1,0.11166135399510033,10.453961456102784,22.91805884636622,0.4012106000159673,MDK
GO_Biological_Process_2023,Lipoprotein Metabolic Process (GO:0042157),1,0.11166135399510033,10.453961456102784,22.91805884636622,0.4012106000159673,APOE
GO_Biological_Process_2023,Multinuclear Osteoclast Differentiation (GO:0072674),1,0.11166135399510033,10.453961456102784,22.91805884636622,0.4012106000159673,SH3PXD2A
GO_Biological_Process_2023,Negative Regulation Of Arp2/3 Complex-Mediated Actin Nucleation (GO:0034316),1,0.11166135399510033,10.453961456102784,22.91805884636622,0.4012106000159673,GMFG
GO_Biological_Process_2023,Negative Regulation Of Amyloid Precursor Protein Biosynthetic Process (GO:0042985),1,0.11166135399510033,10.453961456102784,22.91805884636622,0.4012106000159673,AGO2
GO_Biological_Process_2023,Negative Regulation Of Axon Regeneration (GO:0048681),1,0.11166135399510033,10.453961456102784,22.91805884636622,0.4012106000159673,PTPRS
GO_Biological_Process_2023,Negative Regulation Of Cardiac Muscle Cell Apoptotic Process (GO:0010667),1,0.11166135399510033,10.453961456102784,22.91805884636622,0.4012106000159673,MDK
GO_Biological_Process_2023,Negative Regulation Of Insulin-Like Growth Factor Receptor Signaling Pathway (GO:0043569),1,0.11166135399510033,10.453961456102784,22.91805884636622,0.4012106000159673,BMP5
GO_Biological_Process_2023,Negative Regulation Of Morphogenesis Of An Epithelium (GO:1905331),1,0.11166135399510033,10.453961456102784,22.91805884636622,0.4012106000159673,TNF
GO_Biological_Process_2023,Negative Regulation Of Vitamin Metabolic Process (GO:0046137),1,0.11166135399510033,10.453961456102784,22.91805884636622,0.4012106000159673,SNAI2
GO_Biological_Process_2023,Neutrophil Extravasation (GO:0072672),1,0.11166135399510033,10.453961456102784,22.91805884636622,0.4012106000159673,PIK3CD
GO_Biological_Process_2023,Nucleoside Triphosphate Biosynthetic Process (GO:0009142),1,0.11166135399510033,10.453961456102784,22.91805884636622,0.4012106000159673,AK5
GO_Biological_Process_2023,Positive Regulation Of I-kappaB Phosphorylation (GO:1903721),1,0.11166135399510033,10.453961456102784,22.91805884636622,0.4012106000159673,TNF
GO_Biological_Process_2023,Positive Regulation Of T-helper 1 Cell Cytokine Production (GO:2000556),1,0.11166135399510033,10.453961456102784,22.91805884636622,0.4012106000159673,IL1B
GO_Biological_Process_2023,Positive Regulation Of Cholesterol Storage (GO:0010886),1,0.11166135399510033,10.453961456102784,22.91805884636622,0.4012106000159673,EHD1
GO_Biological_Process_2023,Positive Regulation Of Extrinsic Apoptotic Signaling Pathway Via Death Domain Receptors (GO:1902043),1,0.11166135399510033,10.453961456102784,22.91805884636622,0.4012106000159673,SFRP1
GO_Biological_Process_2023,Positive Regulation Of Fever Generation (GO:0031622),1,0.11166135399510033,10.453961456102784,22.91805884636622,0.4012106000159673,TNF
GO_Biological_Process_2023,Positive Regulation Of Osteoblast Proliferation (GO:0033690),1,0.11166135399510033,10.453961456102784,22.91805884636622,0.4012106000159673,TMEM119
GO_Biological_Process_2023,Positive Regulation Of Peroxisome Proliferator Activated Receptor Signaling Pathway (GO:0035360),1,0.11166135399510033,10.453961456102784,22.91805884636622,0.4012106000159673,LMO3
GO_Biological_Process_2023,Positive Regulation Of Urine Volume (GO:0035810),1,0.11166135399510033,10.453961456102784,22.91805884636622,0.4012106000159673,NPR1
GO_Biological_Process_2023,Positive Regulation Of Vascular Associated Smooth Muscle Cell Differentiation (GO:1905065),1,0.11166135399510033,10.453961456102784,22.91805884636622,0.4012106000159673,KIT
GO_Biological_Process_2023,Protection From Natural Killer Cell Mediated Cytotoxicity (GO:0042270),1,0.11166135399510033,10.453961456102784,22.91805884636622,0.4012106000159673,HLA-E
GO_Biological_Process_2023,Protein Import (GO:0017038),1,0.11166135399510033,10.453961456102784,22.91805884636622,0.4012106000159673,CLU
GO_Biological_Process_2023,Regulation Of T-helper 1 Cell Cytokine Production (GO:2000554),1,0.11166135399510033,10.453961456102784,22.91805884636622,0.4012106000159673,IL1B
GO_Biological_Process_2023,Regulation Of cGMP-mediated Signaling (GO:0010752),1,0.11166135399510033,10.453961456102784,22.91805884636622,0.4012106000159673,PDE11A
GO_Biological_Process_2023,Plasma Membrane Bounded Cell Projection Morphogenesis (GO:0120039),3,0.11173388603700889,2.6746739876458476,5.861909800062403,0.4012106000159673,CNTNAP2;GPM6A;TNIK
GO_Biological_Process_2023,Positive Regulation Of Fat Cell Differentiation (GO:0045600),3,0.11173388603700889,2.6746739876458476,5.861909800062403,0.4012106000159673,SFRP1;LMO3;RARRES2
GO_Biological_Process_2023,Positive Regulation Of Transport (GO:0051050),3,0.11173388603700889,2.6746739876458476,5.861909800062403,0.4012106000159673,APOE;TNF;SGK2
GO_Biological_Process_2023,Positive Regulation Of Protein Localization To Membrane (GO:1905477),4,0.11397823642227442,2.2364367816091955,4.85697656500326,0.4014893594168269,ATP2B4;SORBS1;TNF;SPTBN1
GO_Biological_Process_2023,Regulation Of Chondrocyte Differentiation (GO:0032330),2,0.1152609741925176,3.6404179884306775,7.865328313971379,0.4014893594168269,MDK;SNAI2
GO_Biological_Process_2023,Regulation Of Glycogen Biosynthetic Process (GO:0005979),2,0.1152609741925176,3.6404179884306775,7.865328313971379,0.4014893594168269,IGF2;SORBS1
GO_Biological_Process_2023,Regulation Of Monocyte Chemotaxis (GO:0090025),2,0.1152609741925176,3.6404179884306775,7.865328313971379,0.4014893594168269,CXCL17;ANO6
GO_Biological_Process_2023,Cardiac Conduction System Development (GO:0003161),2,0.1152609741925176,3.6404179884306775,7.865328313971379,0.4014893594168269,SHOX2;CACNA1G
GO_Biological_Process_2023,Response To Zinc Ion (GO:0010043),2,0.1152609741925176,3.6404179884306775,7.865328313971379,0.4014893594168269,MT2A;MT1X
GO_Biological_Process_2023,Sterol Transport (GO:0015918),2,0.1152609741925176,3.6404179884306775,7.865328313971379,0.4014893594168269,CD36;APOB
GO_Biological_Process_2023,fatty-acyl-CoA Biosynthetic Process (GO:0046949),2,0.1152609741925176,3.6404179884306775,7.865328313971379,0.4014893594168269,ACSL1;HACD2
GO_Biological_Process_2023,Ventricular Cardiac Muscle Tissue Development (GO:0003229),2,0.1152609741925176,3.6404179884306775,7.865328313971379,0.4014893594168269,IRX3;TPM1
GO_Biological_Process_2023,Lamellipodium Assembly (GO:0030032),2,0.1152609741925176,3.6404179884306775,7.865328313971379,0.4014893594168269,KIT;ARHGEF6
GO_Biological_Process_2023,Negative Regulation Of Intrinsic Apoptotic Signaling Pathway In Response To DNA Damage (GO:1902230),2,0.1152609741925176,3.6404179884306775,7.865328313971379,0.4014893594168269,SNAI2;CLU
GO_Biological_Process_2023,Negative Regulation Of Lipid Biosynthetic Process (GO:0051055),2,0.1152609741925176,3.6404179884306775,7.865328313971379,0.4014893594168269,ACADL;BMP5
GO_Biological_Process_2023,Negative Regulation Of Response To Endoplasmic Reticulum Stress (GO:1903573),2,0.1152609741925176,3.6404179884306775,7.865328313971379,0.4014893594168269,CREB3L1;CLU
GO_Biological_Process_2023,Negative Regulation Of Signaling Receptor Activity (GO:2000272),2,0.1152609741925176,3.6404179884306775,7.865328313971379,0.4014893594168269,TNF;LILRB4
GO_Biological_Process_2023,Positive Regulation Of T Cell Migration (GO:2000406),2,0.1152609741925176,3.6404179884306775,7.865328313971379,0.4014893594168269,SPN;CCL20
GO_Biological_Process_2023,Positive Regulation Of Interleukin-2 Production (GO:0032743),2,0.1152609741925176,3.6404179884306775,7.865328313971379,0.4014893594168269,IL1B;SPTBN1
GO_Biological_Process_2023,Response To Lipid (GO:0033993),5,0.11599977076309227,1.998045870616065,4.304124606958148,0.4014893594168269,CD6;IL1B;SPP1;ALPL;CD36
GO_Biological_Process_2023,SMAD Protein Signal Transduction (GO:0060395),3,0.11676894363090959,2.618817204301075,5.624062197760932,0.4014893594168269,BMP8A;RUNX2;BMP5
GO_Biological_Process_2023,Regulation Of Synapse Assembly (GO:0051963),3,0.11676894363090959,2.618817204301075,5.624062197760932,0.4014893594168269,PTPRD;CLSTN2;EPHB1
GO_Biological_Process_2023,Positive Regulation Of Actin Filament Bundle Assembly (GO:0032233),3,0.11676894363090959,2.618817204301075,5.624062197760932,0.4014893594168269,SFRP1;LIMCH1;TPM1
GO_Biological_Process_2023,Positive Regulation Of Transferase Activity (GO:0051347),6,0.11958227424868566,1.8385628969570575,3.9046491604818883,0.4014893594168269,ALK;PDGFRA;CSF1R;IGF2;ROR2;APOE
GO_Biological_Process_2023,Regulation Of Interleukin-8 Production (GO:0032677),4,0.12187217554382868,2.178123600537394,4.58447649160898,0.4014893594168269,TMSB4X;IL1B;CNTN1;TNF
GO_Biological_Process_2023,Fatty Acid Oxidation (GO:0019395),3,0.1218873592910555,2.5652402896642528,5.3989533570867385,0.4014893594168269,ECHS1;ECHDC2;PPARGC1A
GO_Biological_Process_2023,Icosanoid Metabolic Process (GO:0006690),3,0.1218873592910555,2.5652402896642528,5.3989533570867385,0.4014893594168269,CYP4A11;CYP1B1;MGLL
GO_Biological_Process_2023,Positive Regulation Of Programmed Cell Death (GO:0043068),9,0.12260849359369339,1.6031904287138585,3.364710307270286,0.4014893594168269,SFRP1;CSRNP3;MAP3K20;CYP1B1;ANO6;PLEKHN1;SEPTIN4;CLU;TNF
GO_Biological_Process_2023,Regulation Of Potassium Ion Transmembrane Transporter Activity (GO:1901016),2,0.12301565954521516,3.488555078683834,7.310070476847426,0.4014893594168269,FHL1;CASQ2
GO_Biological_Process_2023,Camera-Type Eye Development (GO:0043010),2,0.12301565954521516,3.488555078683834,7.310070476847426,0.4014893594168269,SHROOM2;CYP1B1
GO_Biological_Process_2023,Cellular Response To Xenobiotic Stimulus (GO:0071466),2,0.12301565954521516,3.488555078683834,7.310070476847426,0.4014893594168269,IL1B;GAS6
GO_Biological_Process_2023,Negative Regulation Of Insulin Receptor Signaling Pathway (GO:0046627),2,0.12301565954521516,3.488555078683834,7.310070476847426,0.4014893594168269,GRB14;IL1B
GO_Biological_Process_2023,Nucleic Acid Phosphodiester Bond Hydrolysis (GO:0090305),2,0.12301565954521516,3.488555078683834,7.310070476847426,0.4014893594168269,ANKLE1;RNASE2
GO_Biological_Process_2023,Positive Regulation Of Nuclear Division (GO:0051785),2,0.12301565954521516,3.488555078683834,7.310070476847426,0.4014893594168269,IL1B;IGF2
GO_Biological_Process_2023,Cellular Response To Organic Substance (GO:0071310),4,0.1259048021548207,2.1500884173297967,4.4554759924743355,0.4014893594168269,CSF1R;IL1B;CYP1B1;TNF
GO_Biological_Process_2023,Actin Cytoskeleton Reorganization (GO:0031532),3,0.12708642592803693,2.5138064516129033,5.185700924174408,0.4014893594168269,FGF7;KIT;TNIK
GO_Biological_Process_2023,Regulation Of Receptor Signaling Pathway Via JAK-STAT (GO:0046425),3,0.12708642592803693,2.5138064516129033,5.185700924174408,0.4014893594168269,KIT;CYP1B1;TNF
GO_Biological_Process_2023,Gonad Development (GO:0008406),3,0.12708642592803693,2.5138064516129033,5.185700924174408,0.4014893594168269,LHCGR;KITLG;KIT
GO_Biological_Process_2023,Negative Regulation Of Metabolic Process (GO:0009892),3,0.12708642592803693,2.5138064516129033,5.185700924174408,0.4014893594168269,IL1B;LAMA4;LGR4
GO_Biological_Process_2023,Negative Regulation Of Viral Genome Replication (GO:0045071),3,0.12708642592803693,2.5138064516129033,5.185700924174408,0.4014893594168269,TNF;APOBEC3A;OASL
GO_Biological_Process_2023,Positive Regulation Of Chemokine Production (GO:0032722),3,0.12708642592803693,2.5138064516129033,5.185700924174408,0.4014893594168269,CSF1R;IL1B;TNF
GO_Biological_Process_2023,Protein Homotetramerization (GO:0051289),3,0.12708642592803693,2.5138064516129033,5.185700924174408,0.4014893594168269,ALDH1A3;CLU;ACACB
GO_Biological_Process_2023,Protein Phosphorylation (GO:0006468),16,0.1292644778714601,1.393110509763768,2.8501574883869396,0.4014893594168269,ALK;BRSK1;CSF1R;PDGFRA;EPHA7;DYRK3;GMFG;PIK3CD;PRKCA;KIT;MAP3K20;COQ8A;TNIK;GAS6;EPHB1;SGK2
GO_Biological_Process_2023,Calcium Ion Transmembrane Import Into Cytosol (GO:0097553),4,0.12999305714649134,2.1227629855958097,4.331018629745558,0.4014893594168269,ATP2B4;CLU;FGF2;CACNA1G
GO_Biological_Process_2023,Vascular Transport (GO:0010232),4,0.12999305714649134,2.1227629855958097,4.331018629745558,0.4014893594168269,ATP2B4;SLC16A2;SLC4A4;MFSD2A
GO_Biological_Process_2023,Regulation Of Immunoglobulin Production (GO:0002637),2,0.13089237668812928,3.348841201716738,6.809466205145836,0.4014893594168269,SASH3;HLA-E
GO_Biological_Process_2023,Cardiac Muscle Cell Differentiation (GO:0055007),2,0.13089237668812928,3.348841201716738,6.809466205145836,0.4014893594168269,IRX3;SHOX2
GO_Biological_Process_2023,Cellular Response To Epidermal Growth Factor Stimulus (GO:0071364),2,0.13089237668812928,3.348841201716738,6.809466205145836,0.4014893594168269,FOXC1;SNAI2
GO_Biological_Process_2023,Cortical Cytoskeleton Organization (GO:0030865),2,0.13089237668812928,3.348841201716738,6.809466205145836,0.4014893594168269,FMNL3;TNF
GO_Biological_Process_2023,Negative Regulation Of Cellular Response To Insulin Stimulus (GO:1900077),2,0.13089237668812928,3.348841201716738,6.809466205145836,0.4014893594168269,GRB14;IL1B
GO_Biological_Process_2023,Positive Regulation Of Immune System Process (GO:0002684),2,0.13089237668812928,3.348841201716738,6.809466205145836,0.4014893594168269,C7;PIK3CD
GO_Biological_Process_2023,Regulation Of Androgen Receptor Signaling Pathway (GO:0060765),2,0.13089237668812928,3.348841201716738,6.809466205145836,0.4014893594168269,HEYL;SFRP1
GO_Biological_Process_2023,Inorganic Cation Transmembrane Transport (GO:0098662),10,0.131382935976329,1.5345998151276576,3.1146837025552347,0.4014893594168269,TRPC3;ATP2B4;ANO6;KCNK17;KCNN4;GAS6;SLC4A4;CLU;RHD;CACNA1G
GO_Biological_Process_2023,AV Node Cell Action Potential (GO:0086016),1,0.13245364470906457,8.362740899357602,16.905469274578557,0.4014893594168269,CACNA1G
GO_Biological_Process_2023,AV Node Cell To Bundle Of His Cell Communication (GO:0086067),1,0.13245364470906457,8.362740899357602,16.905469274578557,0.4014893594168269,GJD3
GO_Biological_Process_2023,Regulation Of Cortisol Biosynthetic Process (GO:2000064),1,0.13245364470906457,8.362740899357602,16.905469274578557,0.4014893594168269,BMP5
GO_Biological_Process_2023,Regulation Of Endothelial Cell Chemotaxis To Fibroblast Growth Factor (GO:2000544),1,0.13245364470906457,8.362740899357602,16.905469274578557,0.4014893594168269,FGF2
GO_Biological_Process_2023,Regulation Of Glial Cell Apoptotic Process (GO:0034350),1,0.13245364470906457,8.362740899357602,16.905469274578557,0.4014893594168269,PRKCA
GO_Biological_Process_2023,Regulation Of Glucocorticoid Receptor Signaling Pathway (GO:2000322),1,0.13245364470906457,8.362740899357602,16.905469274578557,0.4014893594168269,LMO3
GO_Biological_Process_2023,SA Node Cell Action Potential (GO:0086015),1,0.13245364470906457,8.362740899357602,16.905469274578557,0.4014893594168269,CACNA1G
GO_Biological_Process_2023,Regulation Of Myosin-Light-Chain-Phosphatase Activity (GO:0035507),1,0.13245364470906457,8.362740899357602,16.905469274578557,0.4014893594168269,TNF
GO_Biological_Process_2023,Regulation Of Natural Killer Cell Chemotaxis (GO:2000501),1,0.13245364470906457,8.362740899357602,16.905469274578557,0.4014893594168269,CCL4
GO_Biological_Process_2023,Regulation Of Natural Killer Cell Cytokine Production (GO:0002727),1,0.13245364470906457,8.362740899357602,16.905469274578557,0.4014893594168269,HLA-E
GO_Biological_Process_2023,Axon Extension Involved In Axon Guidance (GO:0048846),1,0.13245364470906457,8.362740899357602,16.905469274578557,0.4014893594168269,SEMA3A
GO_Biological_Process_2023,Regulation Of Nuclease Activity (GO:0032069),1,0.13245364470906457,8.362740899357602,16.905469274578557,0.4014893594168269,OASL
GO_Biological_Process_2023,Regulation Of Prostaglandin Biosynthetic Process (GO:0031392),1,0.13245364470906457,8.362740899357602,16.905469274578557,0.4014893594168269,IL1B
GO_Biological_Process_2023,Cardiac Pacemaker Cell Development (GO:0060926),1,0.13245364470906457,8.362740899357602,16.905469274578557,0.4014893594168269,SHOX2
GO_Biological_Process_2023,Regulation Of Skeletal Muscle Contraction (GO:0014819),1,0.13245364470906457,8.362740899357602,16.905469274578557,0.4014893594168269,DMD
GO_Biological_Process_2023,Cellular Response To Bacterial Lipopeptide (GO:0071221),1,0.13245364470906457,8.362740899357602,16.905469274578557,0.4014893594168269,CD36
GO_Biological_Process_2023,Cellular Response To Caffeine (GO:0071313),1,0.13245364470906457,8.362740899357602,16.905469274578557,0.4014893594168269,CASQ2
GO_Biological_Process_2023,Cellular Response To Gonadotropin Stimulus (GO:0071371),1,0.13245364470906457,8.362740899357602,16.905469274578557,0.4014893594168269,LHCGR
GO_Biological_Process_2023,Regulation Of Systemic Arterial Blood Pressure By Renin-Angiotensin (GO:0003081),1,0.13245364470906457,8.362740899357602,16.905469274578557,0.4014893594168269,ENPEP
GO_Biological_Process_2023,Cellular Response To Monoamine Stimulus (GO:0071868),1,0.13245364470906457,8.362740899357602,16.905469274578557,0.4014893594168269,NR4A3
GO_Biological_Process_2023,Cellular Response To Prostaglandin E Stimulus (GO:0071380),1,0.13245364470906457,8.362740899357602,16.905469274578557,0.4014893594168269,SFRP1
GO_Biological_Process_2023,Regulation Of Vascular Associated Smooth Muscle Cell Differentiation (GO:1905063),1,0.13245364470906457,8.362740899357602,16.905469274578557,0.4014893594168269,KIT
GO_Biological_Process_2023,Regulation Of Vitamin D Receptor Signaling Pathway (GO:0070562),1,0.13245364470906457,8.362740899357602,16.905469274578557,0.4014893594168269,SNAI2
GO_Biological_Process_2023,Cholesterol Catabolic Process (GO:0006707),1,0.13245364470906457,8.362740899357602,16.905469274578557,0.4014893594168269,APOE
GO_Biological_Process_2023,Response To Caffeine (GO:0031000),1,0.13245364470906457,8.362740899357602,16.905469274578557,0.4014893594168269,CASQ2
GO_Biological_Process_2023,Delamination (GO:0060232),1,0.13245364470906457,8.362740899357602,16.905469274578557,0.4014893594168269,AKNA
GO_Biological_Process_2023,Dendrite Arborization (GO:0140059),1,0.13245364470906457,8.362740899357602,16.905469274578557,0.4014893594168269,SEMA3A
GO_Biological_Process_2023,Dense Core Granule Cytoskeletal Transport (GO:0099519),1,0.13245364470906457,8.362740899357602,16.905469274578557,0.4014893594168269,PPFIA2
GO_Biological_Process_2023,Detection Of Muscle Stretch (GO:0035995),1,0.13245364470906457,8.362740899357602,16.905469274578557,0.4014893594168269,CDH2
GO_Biological_Process_2023,Detection Of Stimulus Involved In Sensory Perception Of Pain (GO:0062149),1,0.13245364470906457,8.362740899357602,16.905469274578557,0.4014893594168269,EPHB1
GO_Biological_Process_2023,Elastic Fiber Assembly (GO:0048251),1,0.13245364470906457,8.362740899357602,16.905469274578557,0.4014893594168269,MFAP4
GO_Biological_Process_2023,Skeletal Muscle Cell Differentiation (GO:0035914),1,0.13245364470906457,8.362740899357602,16.905469274578557,0.4014893594168269,MEGF10
GO_Biological_Process_2023,Sterol Catabolic Process (GO:0016127),1,0.13245364470906457,8.362740899357602,16.905469274578557,0.4014893594168269,APOE
GO_Biological_Process_2023,Exocrine System Development (GO:0035272),1,0.13245364470906457,8.362740899357602,16.905469274578557,0.4014893594168269,IGSF3
GO_Biological_Process_2023,Gap Junction Assembly (GO:0016264),1,0.13245364470906457,8.362740899357602,16.905469274578557,0.4014893594168269,GJD3
GO_Biological_Process_2023,Glomerular Epithelial Cell Development (GO:0072310),1,0.13245364470906457,8.362740899357602,16.905469274578557,0.4014893594168269,MYO1E
GO_Biological_Process_2023,Long-Chain Fatty Acid Catabolic Process (GO:0042758),1,0.13245364470906457,8.362740899357602,16.905469274578557,0.4014893594168269,ACADL
GO_Biological_Process_2023,Macropinocytosis (GO:0044351),1,0.13245364470906457,8.362740899357602,16.905469274578557,0.4014893594168269,RAB34
GO_Biological_Process_2023,Maintenance Of Lens Transparency (GO:0036438),1,0.13245364470906457,8.362740899357602,16.905469274578557,0.4014893594168269,FOXC1
GO_Biological_Process_2023,Maintenance Of Protein Location In Extracellular Region (GO:0071694),1,0.13245364470906457,8.362740899357602,16.905469274578557,0.4014893594168269,LTBP1
GO_Biological_Process_2023,Marginal Zone B Cell Differentiation (GO:0002315),1,0.13245364470906457,8.362740899357602,16.905469274578557,0.4014893594168269,DOCK11
GO_Biological_Process_2023,Membrane Biogenesis (GO:0044091),1,0.13245364470906457,8.362740899357602,16.905469274578557,0.4014893594168269,SPTBN1
GO_Biological_Process_2023,Mitotic Nuclear Membrane Disassembly (GO:0007077),1,0.13245364470906457,8.362740899357602,16.905469274578557,0.4014893594168269,PRKCA
GO_Biological_Process_2023,Monoacylglycerol Catabolic Process (GO:0052651),1,0.13245364470906457,8.362740899357602,16.905469274578557,0.4014893594168269,MGLL
GO_Biological_Process_2023,Negative Regulation Of Dendritic Cell Apoptotic Process (GO:2000669),1,0.13245364470906457,8.362740899357602,16.905469274578557,0.4014893594168269,GAS6
GO_Biological_Process_2023,Negative Regulation Of Dendritic Spine Development (GO:0061000),1,0.13245364470906457,8.362740899357602,16.905469274578557,0.4014893594168269,PTPRS
GO_Biological_Process_2023,Negative Regulation Of Lymphocyte Differentiation (GO:0045620),1,0.13245364470906457,8.362740899357602,16.905469274578557,0.4014893594168269,SFRP1
GO_Biological_Process_2023,Negative Regulation Of Neuron Projection Regeneration (GO:0070571),1,0.13245364470906457,8.362740899357602,16.905469274578557,0.4014893594168269,PTPRS
GO_Biological_Process_2023,Negative Regulation Of Plasminogen Activation (GO:0010757),1,0.13245364470906457,8.362740899357602,16.905469274578557,0.4014893594168269,PLAU
GO_Biological_Process_2023,Negative Regulation Of Steroid Metabolic Process (GO:0045939),1,0.13245364470906457,8.362740899357602,16.905469274578557,0.4014893594168269,BMP5
GO_Biological_Process_2023,Neuron Projection Extension Involved In Neuron Projection Guidance (GO:1902284),1,0.13245364470906457,8.362740899357602,16.905469274578557,0.4014893594168269,SEMA3A
GO_Biological_Process_2023,Parallel Actin Filament Bundle Assembly (GO:0030046),1,0.13245364470906457,8.362740899357602,16.905469274578557,0.4014893594168269,FSCN1
GO_Biological_Process_2023,Podocyte Development (GO:0072015),1,0.13245364470906457,8.362740899357602,16.905469274578557,0.4014893594168269,MYO1E
GO_Biological_Process_2023,Positive Regulation Of Amyloid-Beta Clearance (GO:1900223),1,0.13245364470906457,8.362740899357602,16.905469274578557,0.4014893594168269,APOE
GO_Biological_Process_2023,Positive Regulation Of Chemokine (C-X-C Motif) Ligand 2 Production (GO:2000343),1,0.13245364470906457,8.362740899357602,16.905469274578557,0.4014893594168269,TNF
GO_Biological_Process_2023,Positive Regulation Of Gliogenesis (GO:0014015),1,0.13245364470906457,8.362740899357602,16.905469274578557,0.4014893594168269,TNF
GO_Biological_Process_2023,Positive Regulation Of Humoral Immune Response (GO:0002922),1,0.13245364470906457,8.362740899357602,16.905469274578557,0.4014893594168269,IL1B
GO_Biological_Process_2023,Positive Regulation Of Kidney Development (GO:0090184),1,0.13245364470906457,8.362740899357602,16.905469274578557,0.4014893594168269,FOXD1
GO_Biological_Process_2023,Positive Regulation Of Lipopolysaccharide-Mediated Signaling Pathway (GO:0031666),1,0.13245364470906457,8.362740899357602,16.905469274578557,0.4014893594168269,PRKCA
GO_Biological_Process_2023,Positive Regulation Of Mast Cell Activation (GO:0033005),1,0.13245364470906457,8.362740899357602,16.905469274578557,0.4014893594168269,NR4A3
GO_Biological_Process_2023,Positive Regulation Of Natural Killer Cell Cytokine Production (GO:0002729),1,0.13245364470906457,8.362740899357602,16.905469274578557,0.4014893594168269,HLA-E
GO_Biological_Process_2023,Positive Regulation Of Receptor Catabolic Process (GO:2000646),1,0.13245364470906457,8.362740899357602,16.905469274578557,0.4014893594168269,APOE
GO_Biological_Process_2023,Positive Regulation Of Steroid Metabolic Process (GO:0045940),1,0.13245364470906457,8.362740899357602,16.905469274578557,0.4014893594168269,APOE
GO_Biological_Process_2023,Positive Regulation Of Trophoblast Cell Migration (GO:1901165),1,0.13245364470906457,8.362740899357602,16.905469274578557,0.4014893594168269,AGO2
GO_Biological_Process_2023,Positive Regulation Of Unsaturated Fatty Acid Biosynthetic Process (GO:2001280),1,0.13245364470906457,8.362740899357602,16.905469274578557,0.4014893594168269,IL1B
GO_Biological_Process_2023,Regulation Of I-kappaB Phosphorylation (GO:1903719),1,0.13245364470906457,8.362740899357602,16.905469274578557,0.4014893594168269,TNF
GO_Biological_Process_2023,Regulation Of Adiponectin Secretion (GO:0070163),1,0.13245364470906457,8.362740899357602,16.905469274578557,0.4014893594168269,IL1B
GO_Biological_Process_2023,Regulation Of Aldosterone Biosynthetic Process (GO:0032347),1,0.13245364470906457,8.362740899357602,16.905469274578557,0.4014893594168269,BMP5
GO_Biological_Process_2023,Regulation Of Cardiac Muscle Hypertrophy In Response To Stress (GO:1903242),1,0.13245364470906457,8.362740899357602,16.905469274578557,0.4014893594168269,TRPC3
GO_Biological_Process_2023,Regulation Of Cell Adhesion Molecule Production (GO:0060353),1,0.13245364470906457,8.362740899357602,16.905469274578557,0.4014893594168269,IL1B
GO_Biological_Process_2023,Cellular Response To Fibroblast Growth Factor Stimulus (GO:0044344),3,0.13771563257491948,2.4168734491315136,4.7916071468458235,0.41240295579584507,FGF7;SFRP1;FGF2
GO_Biological_Process_2023,Positive Regulation Of Tyrosine Phosphorylation Of STAT Protein (GO:0042531),3,0.13771563257491948,2.4168734491315136,4.7916071468458235,0.41240295579584507,CSF1R;KIT;TNF
GO_Biological_Process_2023,Purine Ribonucleotide Biosynthetic Process (GO:0009152),3,0.13771563257491948,2.4168734491315136,4.7916071468458235,0.41240295579584507,NPR1;AK5;ADCY6
GO_Biological_Process_2023,Defense Response To Gram-positive Bacterium (GO:0050830),4,0.13833190127653436,2.0701362281822053,4.0949352302457225,0.41240295579584507,IL1B;RARRES2;RNASE2;HLA-E
GO_Biological_Process_2023,Positive Regulation Of Amide Metabolic Process (GO:0034250),4,0.13833190127653436,2.0701362281822053,4.0949352302457225,0.41240295579584507,AGO2;VIM;CLU;TNF
GO_Biological_Process_2023,Regulation Of Chemotaxis (GO:0050920),2,0.13888120105207122,3.2198745460548035,6.3564714803354745,0.41240295579584507,PDGFRA;RARRES2
GO_Biological_Process_2023,Golgi To Plasma Membrane Protein Transport (GO:0043001),2,0.13888120105207122,3.2198745460548035,6.3564714803354745,0.41240295579584507,RAB34;SPTBN1
GO_Biological_Process_2023,Regulation Of Lipid Biosynthetic Process (GO:0046890),2,0.13888120105207122,3.2198745460548035,6.3564714803354745,0.41240295579584507,APOE;SORBS1
GO_Biological_Process_2023,Antigen Processing And Presentation Of Peptide Antigen Via MHC Class II (GO:0002495),2,0.13888120105207122,3.2198745460548035,6.3564714803354745,0.41240295579584507,MARCHF8;HLA-DPA1
GO_Biological_Process_2023,Apoptotic Cell Clearance (GO:0043277),2,0.13888120105207122,3.2198745460548035,6.3564714803354745,0.41240295579584507,MEGF10;GAS6
GO_Biological_Process_2023,Regulation Of Platelet Activation (GO:0010543),2,0.13888120105207122,3.2198745460548035,6.3564714803354745,0.41240295579584507,PDGFRA;PRKCA
GO_Biological_Process_2023,Cell-Substrate Junction Assembly (GO:0007044),2,0.13888120105207122,3.2198745460548035,6.3564714803354745,0.41240295579584507,CDH11;SORBS1
GO_Biological_Process_2023,Limb Development (GO:0060173),2,0.13888120105207122,3.2198745460548035,6.3564714803354745,0.41240295579584507,MAP3K20;LRP4
GO_Biological_Process_2023,Negative Regulation Of Type II Interferon Production (GO:0032689),2,0.13888120105207122,3.2198745460548035,6.3564714803354745,0.41240295579584507,GAS6;LILRB4
GO_Biological_Process_2023,Positive Regulation Of Fibroblast Proliferation (GO:0048146),2,0.13888120105207122,3.2198745460548035,6.3564714803354745,0.41240295579584507,PDGFRA;GAS6
GO_Biological_Process_2023,Pyroptosis (GO:0070269),2,0.13888120105207122,3.2198745460548035,6.3564714803354745,0.41240295579584507,GSDMB;MAP3K20
GO_Biological_Process_2023,Protein Maturation (GO:0051604),5,0.13991379403267598,1.8724930576982413,3.6826860298773907,0.41387138712876403,MMP16;NNAT;CNTN1;CPE;CPXM1
GO_Biological_Process_2023,Regulation Of Mitotic Nuclear Division (GO:0007088),3,0.1431403193526643,2.3711503347534997,4.609349975320819,0.41387138712876403,IL1B;CCDC8;IGF2
GO_Biological_Process_2023,Regulation Of Developmental Growth (GO:0048638),2,0.1469726039435062,3.1004609759974566,5.9451620652996935,0.41387138712876403,APOE;MFSD2A
GO_Biological_Process_2023,JNK Cascade (GO:0007254),2,0.1469726039435062,3.1004609759974566,5.9451620652996935,0.41387138712876403,TNFRSF19;MAP3K20
GO_Biological_Process_2023,Regulation Of Muscle Contraction (GO:0006937),2,0.1469726039435062,3.1004609759974566,5.9451620652996935,0.41387138712876403,TPM1;PPP1R12B
GO_Biological_Process_2023,Regulation Of Neuron Migration (GO:2001222),2,0.1469726039435062,3.1004609759974566,5.9451620652996935,0.41387138712876403,MDK;SEMA3A
GO_Biological_Process_2023,Cardiac Muscle Cell Action Potential (GO:0086001),2,0.1469726039435062,3.1004609759974566,5.9451620652996935,0.41387138712876403,DMD;CACNA1G
GO_Biological_Process_2023,Morphogenesis Of An Epithelium (GO:0002009),2,0.1469726039435062,3.1004609759974566,5.9451620652996935,0.41387138712876403,TNC;ACTG1
GO_Biological_Process_2023,Positive Regulation Of Neural Precursor Cell Proliferation (GO:2000179),2,0.1469726039435062,3.1004609759974566,5.9451620652996935,0.41387138712876403,FZD3;MDK
GO_Biological_Process_2023,Regulation Of Blood Coagulation (GO:0030193),2,0.1469726039435062,3.1004609759974566,5.9451620652996935,0.41387138712876403,PLAU;APOE
GO_Biological_Process_2023,Negative Regulation Of Macromolecule Metabolic Process (GO:0010605),7,0.14717861356775847,1.6416946400222978,3.145664843201996,0.41387138712876403,SFRP1;CREB3L1;ATP2B4;APOE;CD46;FGF2;TNF
GO_Biological_Process_2023,Striated Muscle Contraction (GO:0006941),3,0.14863475820242691,2.327120669056153,4.436104655330281,0.41387138712876403,TPM1;CASQ2;DMD
GO_Biological_Process_2023,Regulation Of Collateral Sprouting (GO:0048670),1,0.15276029180742112,6.968593861527481,13.09318861263854,0.41387138712876403,PTPRS
GO_Biological_Process_2023,Regulation Of Dendritic Cell Chemotaxis (GO:2000508),1,0.15276029180742112,6.968593861527481,13.09318861263854,0.41387138712876403,GAS6
GO_Biological_Process_2023,Regulation Of Extent Of Cell Growth (GO:0061387),1,0.15276029180742112,6.968593861527481,13.09318861263854,0.41387138712876403,APOE
GO_Biological_Process_2023,UV Protection (GO:0009650),1,0.15276029180742112,6.968593861527481,13.09318861263854,0.41387138712876403,MFAP4
GO_Biological_Process_2023,Aldehyde Catabolic Process (GO:0046185),1,0.15276029180742112,6.968593861527481,13.09318861263854,0.41387138712876403,ALDH2
GO_Biological_Process_2023,Regulation Of Mesenchymal Stem Cell Differentiation (GO:2000739),1,0.15276029180742112,6.968593861527481,13.09318861263854,0.41387138712876403,PDGFRA
GO_Biological_Process_2023,Regulation Of Microvillus Organization (GO:0032530),1,0.15276029180742112,6.968593861527481,13.09318861263854,0.41387138712876403,FSCN1
GO_Biological_Process_2023,Aromatic Compound Catabolic Process (GO:0019439),1,0.15276029180742112,6.968593861527481,13.09318861263854,0.41387138712876403,PON3
GO_Biological_Process_2023,Regulation Of Positive Chemotaxis (GO:0050926),1,0.15276029180742112,6.968593861527481,13.09318861263854,0.41387138712876403,CNTN1
GO_Biological_Process_2023,Regulation Of Protein Localization To Cell Cortex (GO:1904776),1,0.15276029180742112,6.968593861527481,13.09318861263854,0.41387138712876403,EPB41L2
GO_Biological_Process_2023,Catecholamine Catabolic Process (GO:0042424),1,0.15276029180742112,6.968593861527481,13.09318861263854,0.41387138712876403,MAOA
GO_Biological_Process_2023,Cell Migration Involved In Heart Development (GO:0060973),1,0.15276029180742112,6.968593861527481,13.09318861263854,0.41387138712876403,SNAI2
GO_Biological_Process_2023,Regulation Of Response To Wounding (GO:1903034),1,0.15276029180742112,6.968593861527481,13.09318861263854,0.41387138712876403,PLAU
GO_Biological_Process_2023,Cellular Response To Interferon-Alpha (GO:0035457),1,0.15276029180742112,6.968593861527481,13.09318861263854,0.41387138712876403,GAS6
GO_Biological_Process_2023,Cellular Response To Leptin Stimulus (GO:0044320),1,0.15276029180742112,6.968593861527481,13.09318861263854,0.41387138712876403,NR4A3
GO_Biological_Process_2023,Regulation Of Transforming Growth Factor Beta Activation (GO:1901388),1,0.15276029180742112,6.968593861527481,13.09318861263854,0.41387138712876403,LTBP1
GO_Biological_Process_2023,Regulation Of Vascular Wound Healing (GO:0061043),1,0.15276029180742112,6.968593861527481,13.09318861263854,0.41387138712876403,TNF
GO_Biological_Process_2023,"Regulation Of Wound Healing, Spreading Of Epidermal Cells (GO:1903689)",1,0.15276029180742112,6.968593861527481,13.09318861263854,0.41387138712876403,PHLDB2
GO_Biological_Process_2023,Response To Auditory Stimulus (GO:0010996),1,0.15276029180742112,6.968593861527481,13.09318861263854,0.41387138712876403,MDK
GO_Biological_Process_2023,Cytoplasmic Sequestering Of NF-kappaB (GO:0007253),1,0.15276029180742112,6.968593861527481,13.09318861263854,0.41387138712876403,TMSB4X
GO_Biological_Process_2023,Dopamine Catabolic Process (GO:0042420),1,0.15276029180742112,6.968593861527481,13.09318861263854,0.41387138712876403,MAOA
GO_Biological_Process_2023,Sialylation (GO:0097503),1,0.15276029180742112,6.968593861527481,13.09318861263854,0.41387138712876403,ST6GAL2
GO_Biological_Process_2023,Thyroid Hormone Transport (GO:0070327),1,0.15276029180742112,6.968593861527481,13.09318861263854,0.41387138712876403,SLC16A2
GO_Biological_Process_2023,Tooth Mineralization (GO:0034505),1,0.15276029180742112,6.968593861527481,13.09318861263854,0.41387138712876403,COL1A1
GO_Biological_Process_2023,Very-Low-Density Lipoprotein Particle Remodeling (GO:0034372),1,0.15276029180742112,6.968593861527481,13.09318861263854,0.41387138712876403,APOE
GO_Biological_Process_2023,Immunological Synapse Formation (GO:0001771),1,0.15276029180742112,6.968593861527481,13.09318861263854,0.41387138712876403,CD6
GO_Biological_Process_2023,Leukocyte Aggregation (GO:0070486),1,0.15276029180742112,6.968593861527481,13.09318861263854,0.41387138712876403,IL1B
GO_Biological_Process_2023,Myoblast Migration (GO:0051451),1,0.15276029180742112,6.968593861527481,13.09318861263854,0.41387138712876403,MEGF10
GO_Biological_Process_2023,Natural Killer Cell Differentiation (GO:0001779),1,0.15276029180742112,6.968593861527481,13.09318861263854,0.41387138712876403,PIK3CD
GO_Biological_Process_2023,Negative Regulation Of Actin Nucleation (GO:0051126),1,0.15276029180742112,6.968593861527481,13.09318861263854,0.41387138712876403,GMFG
GO_Biological_Process_2023,Negative Regulation Of Amyloid-Beta Clearance (GO:1900222),1,0.15276029180742112,6.968593861527481,13.09318861263854,0.41387138712876403,TNF
GO_Biological_Process_2023,Negative Regulation Of Cell Cycle G2/M Phase Transition (GO:1902750),1,0.15276029180742112,6.968593861527481,13.09318861263854,0.41387138712876403,FHL1
GO_Biological_Process_2023,Negative Regulation Of Fatty Acid Oxidation (GO:0046322),1,0.15276029180742112,6.968593861527481,13.09318861263854,0.41387138712876403,MFSD2A
GO_Biological_Process_2023,Negative Regulation Of Inflammatory Response To Wounding (GO:0106015),1,0.15276029180742112,6.968593861527481,13.09318861263854,0.41387138712876403,MDK
GO_Biological_Process_2023,Negative Regulation Of Keratinocyte Proliferation (GO:0010839),1,0.15276029180742112,6.968593861527481,13.09318861263854,0.41387138712876403,SNAI2
GO_Biological_Process_2023,Negative Regulation Of Muscle Cell Differentiation (GO:0051148),1,0.15276029180742112,6.968593861527481,13.09318861263854,0.41387138712876403,IGF2
GO_Biological_Process_2023,Negative Regulation Of Neural Precursor Cell Proliferation (GO:2000178),1,0.15276029180742112,6.968593861527481,13.09318861263854,0.41387138712876403,SLC16A2
GO_Biological_Process_2023,Negative Regulation Of Osteoblast Proliferation (GO:0033689),1,0.15276029180742112,6.968593861527481,13.09318861263854,0.41387138712876403,SFRP1
GO_Biological_Process_2023,Negative Regulation Of Striated Muscle Cell Apoptotic Process (GO:0010664),1,0.15276029180742112,6.968593861527481,13.09318861263854,0.41387138712876403,MDK
GO_Biological_Process_2023,Neuroepithelial Cell Differentiation (GO:0060563),1,0.15276029180742112,6.968593861527481,13.09318861263854,0.41387138712876403,MAP1B
GO_Biological_Process_2023,Nucleobase-Containing Small Molecule Interconversion (GO:0015949),1,0.15276029180742112,6.968593861527481,13.09318861263854,0.41387138712876403,AK5
GO_Biological_Process_2023,Pericardium Development (GO:0060039),1,0.15276029180742112,6.968593861527481,13.09318861263854,0.41387138712876403,BMP5
GO_Biological_Process_2023,Positive Regulation Of CoA-transferase Activity (GO:1905920),1,0.15276029180742112,6.968593861527481,13.09318861263854,0.41387138712876403,APOE
GO_Biological_Process_2023,Positive Regulation Of Cell Migration By Vascular Endothelial Growth Factor Signaling Pathway (GO:0038089),1,0.15276029180742112,6.968593861527481,13.09318861263854,0.41387138712876403,PIK3CD
GO_Biological_Process_2023,Positive Regulation Of Dendritic Cell Chemotaxis (GO:2000510),1,0.15276029180742112,6.968593861527481,13.09318861263854,0.41387138712876403,GAS6
GO_Biological_Process_2023,Positive Regulation Of Endocytic Recycling (GO:2001137),1,0.15276029180742112,6.968593861527481,13.09318861263854,0.41387138712876403,EHD1
GO_Biological_Process_2023,Positive Regulation Of Extracellular Matrix Disassembly (GO:0090091),1,0.15276029180742112,6.968593861527481,13.09318861263854,0.41387138712876403,FSCN1
GO_Biological_Process_2023,Positive Regulation Of Gluconeogenesis (GO:0045722),1,0.15276029180742112,6.968593861527481,13.09318861263854,0.41387138712876403,PPARGC1A
GO_Biological_Process_2023,Positive Regulation Of Intracellular Steroid Hormone Receptor Signaling Pathway (GO:0033145),1,0.15276029180742112,6.968593861527481,13.09318861263854,0.41387138712876403,LMO3
GO_Biological_Process_2023,Positive Regulation Of Myeloid Cell Apoptotic Process (GO:0033034),1,0.15276029180742112,6.968593861527481,13.09318861263854,0.41387138712876403,PIK3CD
GO_Biological_Process_2023,Positive Regulation Of Natural Killer Cell Proliferation (GO:0032819),1,0.15276029180742112,6.968593861527481,13.09318861263854,0.41387138712876403,HLA-E
GO_Biological_Process_2023,Positive Regulation Of Steroid Biosynthetic Process (GO:0010893),1,0.15276029180742112,6.968593861527481,13.09318861263854,0.41387138712876403,TNF
GO_Biological_Process_2023,Positive Regulation Of Vascular Associated Smooth Muscle Cell Migration (GO:1904754),1,0.15276029180742112,6.968593861527481,13.09318861263854,0.41387138712876403,NR4A3
GO_Biological_Process_2023,Postsynaptic Density Organization (GO:0097106),1,0.15276029180742112,6.968593861527481,13.09318861263854,0.41387138712876403,TMEM108
GO_Biological_Process_2023,protein-RNA Complex Disassembly (GO:0032988),1,0.15276029180742112,6.968593861527481,13.09318861263854,0.41387138712876403,DYRK3
GO_Biological_Process_2023,Proximal/Distal Pattern Formation (GO:0009954),1,0.15276029180742112,6.968593861527481,13.09318861263854,0.41387138712876403,HOXC9
GO_Biological_Process_2023,"Regulation Of CD8-positive, Alpha-Beta T Cell Differentiation (GO:0043376)",1,0.15276029180742112,6.968593861527481,13.09318861263854,0.41387138712876403,LILRB4
GO_Biological_Process_2023,Regulation Of Cdc42 Protein Signal Transduction (GO:0032489),1,0.15276029180742112,6.968593861527481,13.09318861263854,0.41387138712876403,APOE
GO_Biological_Process_2023,Regulation Of CoA-transferase Activity (GO:1905918),1,0.15276029180742112,6.968593861527481,13.09318861263854,0.41387138712876403,APOE
GO_Biological_Process_2023,Regulation Of Alpha-Beta T Cell Proliferation (GO:0046640),1,0.15276029180742112,6.968593861527481,13.09318861263854,0.41387138712876403,EBI3
GO_Biological_Process_2023,Muscle Organ Development (GO:0007517),3,0.15419622564861418,2.284692082111437,4.27129877788039,0.41387138712876403,TAGLN;FHL1;DMD
GO_Biological_Process_2023,Positive Regulation Of Type II Interferon Production (GO:0032729),3,0.15419622564861418,2.284692082111437,4.27129877788039,0.41387138712876403,IL1B;EBI3;HLA-DPA1
GO_Biological_Process_2023,Regulation Of Macrophage Derived Foam Cell Differentiation (GO:0010743),2,0.1551574394762933,2.9895769466584916,5.570523386057107,0.41387138712876403,CD36;APOB
GO_Biological_Process_2023,Regulation Of Potassium Ion Transport (GO:0043266),2,0.1551574394762933,2.9895769466584916,5.570523386057107,0.41387138712876403,FHL1;CASQ2
GO_Biological_Process_2023,Regulation Of Vasculature Development (GO:1901342),2,0.1551574394762933,2.9895769466584916,5.570523386057107,0.41387138712876403,SFRP1;FGF2
GO_Biological_Process_2023,Response To Epidermal Growth Factor (GO:0070849),2,0.1551574394762933,2.9895769466584916,5.570523386057107,0.41387138712876403,FOXC1;SNAI2
GO_Biological_Process_2023,Embryonic Skeletal System Morphogenesis (GO:0048704),2,0.1551574394762933,2.9895769466584916,5.570523386057107,0.41387138712876403,PDGFRA;HOXC9
GO_Biological_Process_2023,Lamellipodium Organization (GO:0097581),2,0.1551574394762933,2.9895769466584916,5.570523386057107,0.41387138712876403,KIT;ARHGEF6
GO_Biological_Process_2023,Negative Regulation Of Epithelial To Mesenchymal Transition (GO:0010719),2,0.1551574394762933,2.9895769466584916,5.570523386057107,0.41387138712876403,SFRP1;BMP5
GO_Biological_Process_2023,Negative Regulation Of Interleukin-1 Production (GO:0032692),2,0.1551574394762933,2.9895769466584916,5.570523386057107,0.41387138712876403,GAS6;LILRB4
GO_Biological_Process_2023,Negative Regulation Of Myeloid Leukocyte Differentiation (GO:0002762),2,0.1551574394762933,2.9895769466584916,5.570523386057107,0.41387138712876403,LILRB4;C1QC
GO_Biological_Process_2023,Negative Regulation Of Peptidyl-Tyrosine Phosphorylation (GO:0050732),2,0.1551574394762933,2.9895769466584916,5.570523386057107,0.41387138712876403,SFRP1;LILRB4
GO_Biological_Process_2023,"Phagocytosis, Engulfment (GO:0006911)",2,0.1551574394762933,2.9895769466584916,5.570523386057107,0.41387138712876403,MEGF10;CD36
GO_Biological_Process_2023,Positive Regulation Of Cell Communication (GO:0010647),2,0.1551574394762933,2.9895769466584916,5.570523386057107,0.41387138712876403,CLSTN2;TNF
GO_Biological_Process_2023,Positive Regulation Of Locomotion (GO:0040017),2,0.1551574394762933,2.9895769466584916,5.570523386057107,0.41387138712876403,CSF1R;RARRES2
GO_Biological_Process_2023,Prostaglandin Metabolic Process (GO:0006693),2,0.1551574394762933,2.9895769466584916,5.570523386057107,0.41387138712876403,AKR1C1;PTGDS
GO_Biological_Process_2023,Regulation Of Cell Migration Involved In Sprouting Angiogenesis (GO:0090049),2,0.1551574394762933,2.9895769466584916,5.570523386057107,0.41387138712876403,RHOJ;FGF2
GO_Biological_Process_2023,Cellular Response To Peptide Hormone Stimulus (GO:0071375),4,0.1556260920165941,1.9723123732251522,3.6690907253693448,0.41417479904986393,LHCGR;NR4A3;PDE3B;SORBS1
GO_Biological_Process_2023,Positive Regulation Of Peptidyl-Serine Phosphorylation (GO:0033138),4,0.1556260920165941,1.9723123732251522,3.6690907253693448,0.41417479904986393,TENM1;ATP2B4;GAS6;TNF
GO_Biological_Process_2023,Positive Regulation Of Response To External Stimulus (GO:0032103),6,0.1565809371014163,1.689444783404515,3.132538500535156,0.4162135202327232,PLAU;MDK;RARRES2;IL1B;PRKCA;TNF
GO_Biological_Process_2023,Positive Regulation Of Transcription By RNA Polymerase II (GO:0045944),27,0.156748793609496,1.2514393243576245,2.31905572221808,0.4162135202327232,FOXC1;CSRNP3;AKNA;DLX5;SATB2;AKAP8L;TNF;FGF2;GLIS1;ETS2;ELK3;HOXA10;SHOX;PPARGC1A;TP63;WWTR1;BCL11B;IRX3;LMO3;IGF2;LMO7;RUNX2;BMP5;HEYL;NR4A3;AGO2;SP7
GO_Biological_Process_2023,Cellular Component Assembly (GO:0022607),9,0.15778370288795204,1.5062104523084134,2.781263016820178,0.41700948362717016,PTPRD;SPAG17;FSCN1;SHROOM2;HAS2;DMD;GAS6;PPARGC1A;SPTBN1
GO_Biological_Process_2023,Fatty Acid Metabolic Process (GO:0006631),5,0.15820577941240746,1.792010485315021,3.304214109502827,0.41700948362717016,ACSL1;CYP4A11;CD36;ACACB;PPARGC1A
GO_Biological_Process_2023,Receptor-Mediated Endocytosis (GO:0006898),5,0.15820577941240746,1.792010485315021,3.304214109502827,0.41700948362717016,TMEM108;APOE;CD36;LILRB4;ASGR1
GO_Biological_Process_2023,Regulation Of miRNA Transcription (GO:1902893),3,0.15982200551570297,2.243778801843318,4.114404957034355,0.41700948362717016,FGF2;TNF;LILRB4
GO_Biological_Process_2023,Chordate Embryonic Development (GO:0043009),3,0.15982200551570297,2.243778801843318,4.114404957034355,0.41700948362717016,COL1A1;IGF2;BMP5
GO_Biological_Process_2023,Regulation Of Cell Death (GO:0010941),3,0.15982200551570297,2.243778801843318,4.114404957034355,0.41700948362717016,HP;OLFM4;CLU
GO_Biological_Process_2023,Regulation Of Peptidyl-Tyrosine Phosphorylation (GO:0050730),4,0.16007106245798208,1.9492782678428229,3.571345660380949,0.41700948362717016,FGF7;EPHA7;SFRP1;IGF2
GO_Biological_Process_2023,Negative Regulation Of Apoptotic Process (GO:0043066),15,0.1618392736055824,1.3518016932087298,2.461835781974262,0.41700948362717016,FZD3;UNC5B;ANXA5;PRKCA;CLU;TNF;MPO;SFRP1;PTPRZ1;MDK;SNAI2;APOE;GAS6;PPARGC1A;CPEB4
GO_Biological_Process_2023,Modulation Of Chemical Synaptic Transmission (GO:0050804),5,0.16197686003206674,1.7767324376761724,3.234189242446016,0.41700948362717016,CLSTN2;CDH2;IL1B;TMEM108;TNF
GO_Biological_Process_2023,Regulation Of Extrinsic Apoptotic Signaling Pathway Via Death Domain Receptors (GO:1902041),2,0.16342693195814473,2.8863400917566966,5.228285523365482,0.41700948362717016,SFRP1;BMP5
GO_Biological_Process_2023,Regulation Of Long-Term Synaptic Potentiation (GO:1900271),2,0.16342693195814473,2.8863400917566966,5.228285523365482,0.41700948362717016,CALB2;APOE
GO_Biological_Process_2023,Antigen Processing And Presentation Of Exogenous Peptide Antigen (GO:0002478),2,0.16342693195814473,2.8863400917566966,5.228285523365482,0.41700948362717016,HLA-DPA1;HLA-E
GO_Biological_Process_2023,Regulation Of Protein Autophosphorylation (GO:0031952),2,0.16342693195814473,2.8863400917566966,5.228285523365482,0.41700948362717016,EPHA7;PDGFD
GO_Biological_Process_2023,Response To Estradiol (GO:0032355),2,0.16342693195814473,2.8863400917566966,5.228285523365482,0.41700948362717016,SFRP1;LCOR
GO_Biological_Process_2023,Negative Regulation Of Intracellular Steroid Hormone Receptor Signaling Pathway (GO:0033144),2,0.16342693195814473,2.8863400917566966,5.228285523365482,0.41700948362717016,HEYL;SFRP1
GO_Biological_Process_2023,Phospholipid Translocation (GO:0045332),2,0.16342693195814473,2.8863400917566966,5.228285523365482,0.41700948362717016,ANO6;MFSD2A
GO_Biological_Process_2023,Positive Regulation Of Glucose Transmembrane Transport (GO:0010828),2,0.16342693195814473,2.8863400917566966,5.228285523365482,0.41700948362717016,NR4A3;SORBS1
GO_Biological_Process_2023,Positive Regulation Of Leukocyte Migration (GO:0002687),2,0.16342693195814473,2.8863400917566966,5.228285523365482,0.41700948362717016,MDK;TNF
GO_Biological_Process_2023,Protein Localization To Chromatin (GO:0071168),2,0.16342693195814473,2.8863400917566966,5.228285523365482,0.41700948362717016,H1-5;H2AC8
GO_Biological_Process_2023,Regulation Of Cell Growth (GO:0001558),8,0.16440289000811356,1.5336906889021242,2.7689791823267034,0.41700948362717016,SFRP1;NPR1;GNG4;FHL1;TNC;SGK2;RERG;MFSD2A
GO_Biological_Process_2023,Regulation Of Epithelial Cell Proliferation (GO:0050678),4,0.16456214632845936,1.926773682124455,3.4767995083098113,0.41700948362717016,FGF7;SFRP1;NR4A3;BMP5
GO_Biological_Process_2023,Response To Light Stimulus (GO:0009416),3,0.16550939195909864,2.204301075268817,3.964936602574297,0.41700948362717016,BRSK1;FECH;GPR88
GO_Biological_Process_2023,Sterol Metabolic Process (GO:0016125),3,0.16550939195909864,2.204301075268817,3.964936602574297,0.41700948362717016,CYP1B1;APOE;APOB
GO_Biological_Process_2023,Cellular Response To Lipopolysaccharide (GO:0071222),5,0.16578390640075796,1.7617111639472203,3.165918470483683,0.41700948362717016,CD6;IL1B;VIM;CXCL3;TNF
GO_Biological_Process_2023,Protein Dephosphorylation (GO:0006470),5,0.16578390640075796,1.7617111639472203,3.165918470483683,0.41700948362717016,PTPRD;PTPRS;PTPRZ1;PTPN13;PTPRF
GO_Biological_Process_2023,Peptidyl-Serine Phosphorylation (GO:0018105),6,0.16653799304386455,1.655844155844156,2.968153320333476,0.41700948362717016,BRSK1;DYRK3;MAP3K20;PRKCA;GAS6;SGK2
GO_Biological_Process_2023,Positive Regulation Of Protein Catabolic Process (GO:0045732),4,0.16909809781834734,1.9047805642633229,3.3853213002271763,0.41700948362717016,IL1B;APOE;TNF;SH3D19
GO_Biological_Process_2023,Fatty Acid Catabolic Process (GO:0009062),3,0.17125569229432303,2.1661846496106785,3.822444153098738,0.41700948362717016,ECHS1;ACADL;ECHDC2
GO_Biological_Process_2023,Negative Regulation Of Intrinsic Apoptotic Signaling Pathway (GO:2001243),3,0.17125569229432303,2.1661846496106785,3.822444153098738,0.41700948362717016,CREB3L1;SNAI2;CLU
GO_Biological_Process_2023,Negative Regulation Of Viral Process (GO:0048525),3,0.17125569229432303,2.1661846496106785,3.822444153098738,0.41700948362717016,TNF;APOBEC3A;OASL
GO_Biological_Process_2023,Positive Regulation Of Interleukin-8 Production (GO:0032757),3,0.17125569229432303,2.1661846496106785,3.822444153098738,0.41700948362717016,IL1B;CNTN1;TNF
GO_Biological_Process_2023,Positive Regulation Of Organelle Assembly (GO:1902117),3,0.17125569229432303,2.1661846496106785,3.822444153098738,0.41700948362717016,SH3GLB1;FSCN1;TNF
GO_Biological_Process_2023,Chromosome Condensation (GO:0030261),2,0.17177266360982302,2.789985693848355,4.914792483443588,0.41700948362717016,H1-5;AKAP8L
GO_Biological_Process_2023,Transition Metal Ion Transport (GO:0000041),2,0.17177266360982302,2.789985693848355,4.914792483443588,0.41700948362717016,HEPH;F3
GO_Biological_Process_2023,Very Long-Chain Fatty Acid Metabolic Process (GO:0000038),2,0.17177266360982302,2.789985693848355,4.914792483443588,0.41700948362717016,ACSL1;HACD2
GO_Biological_Process_2023,Muscle Cell Development (GO:0055001),2,0.17177266360982302,2.789985693848355,4.914792483443588,0.41700948362717016,MEGF10;DMD
GO_Biological_Process_2023,Negative Regulation Of Fat Cell Differentiation (GO:0045599),2,0.17177266360982302,2.789985693848355,4.914792483443588,0.41700948362717016,WWTR1;TNF
GO_Biological_Process_2023,Cdc42 Protein Signal Transduction (GO:0032488),1,0.17259261404620668,5.972774548791679,10.493097508978673,0.41700948362717016,RHOJ
GO_Biological_Process_2023,DNA Cytosine Deamination (GO:0070383),1,0.17259261404620668,5.972774548791679,10.493097508978673,0.41700948362717016,APOBEC3A
GO_Biological_Process_2023,RISC Complex Assembly (GO:0070922),1,0.17259261404620668,5.972774548791679,10.493097508978673,0.41700948362717016,AGO2
GO_Biological_Process_2023,RNA Secondary Structure Unwinding (GO:0010501),1,0.17259261404620668,5.972774548791679,10.493097508978673,0.41700948362717016,AGO2
GO_Biological_Process_2023,Adult Heart Development (GO:0007512),1,0.17259261404620668,5.972774548791679,10.493097508978673,0.41700948362717016,SCUBE1
GO_Biological_Process_2023,Alcohol Catabolic Process (GO:0046164),1,0.17259261404620668,5.972774548791679,10.493097508978673,0.41700948362717016,APOE
GO_Biological_Process_2023,Angiotensin Maturation (GO:0002003),1,0.17259261404620668,5.972774548791679,10.493097508978673,0.41700948362717016,ENPEP
GO_Biological_Process_2023,Apoptotic DNA Fragmentation (GO:0006309),1,0.17259261404620668,5.972774548791679,10.493097508978673,0.41700948362717016,DNASE1L3
GO_Biological_Process_2023,Regulation Of Necrotic Cell Death (GO:0010939),1,0.17259261404620668,5.972774548791679,10.493097508978673,0.41700948362717016,OLFM4
GO_Biological_Process_2023,Regulation Of Neutrophil Migration (GO:1902622),1,0.17259261404620668,5.972774548791679,10.493097508978673,0.41700948362717016,OLFM4
GO_Biological_Process_2023,Regulation Of Pattern Recognition Receptor Signaling Pathway (GO:0062207),1,0.17259261404620668,5.972774548791679,10.493097508978673,0.41700948362717016,CD36
GO_Biological_Process_2023,Brown Fat Cell Differentiation (GO:0050873),1,0.17259261404620668,5.972774548791679,10.493097508978673,0.41700948362717016,PPARGC1A
GO_Biological_Process_2023,Cellular Response To Muramyl Dipeptide (GO:0071225),1,0.17259261404620668,5.972774548791679,10.493097508978673,0.41700948362717016,VIM
GO_Biological_Process_2023,Cellular Response To Platelet-Derived Growth Factor Stimulus (GO:0036120),1,0.17259261404620668,5.972774548791679,10.493097508978673,0.41700948362717016,HAS2
GO_Biological_Process_2023,Commissural Neuron Axon Guidance (GO:0071679),1,0.17259261404620668,5.972774548791679,10.493097508978673,0.41700948362717016,NCAM1
GO_Biological_Process_2023,Cyclooxygenase Pathway (GO:0019371),1,0.17259261404620668,5.972774548791679,10.493097508978673,0.41700948362717016,PTGDS
GO_Biological_Process_2023,Response To Leptin (GO:0044321),1,0.17259261404620668,5.972774548791679,10.493097508978673,0.41700948362717016,NR4A3
GO_Biological_Process_2023,Response To Misfolded Protein (GO:0051788),1,0.17259261404620668,5.972774548791679,10.493097508978673,0.41700948362717016,CLU
GO_Biological_Process_2023,Response To Vitamin (GO:0033273),1,0.17259261404620668,5.972774548791679,10.493097508978673,0.41700948362717016,SPP1
GO_Biological_Process_2023,Selenocysteine Incorporation (GO:0001514),1,0.17259261404620668,5.972774548791679,10.493097508978673,0.41700948362717016,DIO2
GO_Biological_Process_2023,Embryonic Digestive Tract Morphogenesis (GO:0048557),1,0.17259261404620668,5.972774548791679,10.493097508978673,0.41700948362717016,PDGFRA
GO_Biological_Process_2023,Embryonic Placenta Development (GO:0001892),1,0.17259261404620668,5.972774548791679,10.493097508978673,0.41700948362717016,IGF2
GO_Biological_Process_2023,Establishment Of Protein Localization To Chromatin (GO:0071169),1,0.17259261404620668,5.972774548791679,10.493097508978673,0.41700948362717016,H1-5
GO_Biological_Process_2023,Synapse Pruning (GO:0098883),1,0.17259261404620668,5.972774548791679,10.493097508978673,0.41700948362717016,C1QC
GO_Biological_Process_2023,Translational Readthrough (GO:0006451),1,0.17259261404620668,5.972774548791679,10.493097508978673,0.41700948362717016,DIO2
GO_Biological_Process_2023,Triglyceride-Rich Lipoprotein Particle Remodeling (GO:0034370),1,0.17259261404620668,5.972774548791679,10.493097508978673,0.41700948362717016,APOE
GO_Biological_Process_2023,Hyaluronan Catabolic Process (GO:0030214),1,0.17259261404620668,5.972774548791679,10.493097508978673,0.41700948362717016,FGF2
GO_Biological_Process_2023,Immune Response-Inhibiting Cell Surface Receptor Signaling Pathway (GO:0002767),1,0.17259261404620668,5.972774548791679,10.493097508978673,0.41700948362717016,LILRB4
GO_Biological_Process_2023,Mesodermal Cell Differentiation (GO:0048333),1,0.17259261404620668,5.972774548791679,10.493097508978673,0.41700948362717016,ITGA8
GO_Biological_Process_2023,Negative Regulation Of T Cell Cytokine Production (GO:0002725),1,0.17259261404620668,5.972774548791679,10.493097508978673,0.41700948362717016,LILRB4
GO_Biological_Process_2023,Negative Regulation Of Cytoplasmic Translation (GO:2000766),1,0.17259261404620668,5.972774548791679,10.493097508978673,0.41700948362717016,CPEB4
GO_Biological_Process_2023,Negative Regulation Of Glycoprotein Biosynthetic Process (GO:0010561),1,0.17259261404620668,5.972774548791679,10.493097508978673,0.41700948362717016,AGO2
GO_Biological_Process_2023,Negative Regulation Of Long-Term Synaptic Potentiation (GO:1900272),1,0.17259261404620668,5.972774548791679,10.493097508978673,0.41700948362717016,APOE
GO_Biological_Process_2023,Negative Regulation Of Production Of Molecular Mediator Of Immune Response (GO:0002701),1,0.17259261404620668,5.972774548791679,10.493097508978673,0.41700948362717016,TNF
GO_Biological_Process_2023,Negative Regulation Of Protein-Containing Complex Disassembly (GO:0043242),1,0.17259261404620668,5.972774548791679,10.493097508978673,0.41700948362717016,TNF
GO_Biological_Process_2023,Neuronal Ion Channel Clustering (GO:0045161),1,0.17259261404620668,5.972774548791679,10.493097508978673,0.41700948362717016,CNTNAP2
GO_Biological_Process_2023,Nuclear Membrane Disassembly (GO:0051081),1,0.17259261404620668,5.972774548791679,10.493097508978673,0.41700948362717016,PRKCA
GO_Biological_Process_2023,p38MAPK Cascade (GO:0038066),1,0.17259261404620668,5.972774548791679,10.493097508978673,0.41700948362717016,MAP3K20
GO_Biological_Process_2023,Plasminogen Activation (GO:0031639),1,0.17259261404620668,5.972774548791679,10.493097508978673,0.41700948362717016,PLAU
GO_Biological_Process_2023,Positive Regulation Of Adaptive Immune Response (GO:0002821),1,0.17259261404620668,5.972774548791679,10.493097508978673,0.41700948362717016,SASH3
GO_Biological_Process_2023,Positive Regulation Of Blood Vessel Endothelial Cell Proliferation Involved In Sprouting Angiogenesis (GO:1903589),1,0.17259261404620668,5.972774548791679,10.493097508978673,0.41700948362717016,PPP1R16B
GO_Biological_Process_2023,Positive Regulation Of Calcium Ion Transport Into Cytosol (GO:0010524),1,0.17259261404620668,5.972774548791679,10.493097508978673,0.41700948362717016,TRPC3
GO_Biological_Process_2023,Positive Regulation Of Dendritic Cell Cytokine Production (GO:0002732),1,0.17259261404620668,5.972774548791679,10.493097508978673,0.41700948362717016,KIT
GO_Biological_Process_2023,Positive Regulation Of Inositol Phosphate Biosynthetic Process (GO:0060732),1,0.17259261404620668,5.972774548791679,10.493097508978673,0.41700948362717016,LHCGR
GO_Biological_Process_2023,Positive Regulation Of Ligase Activity (GO:0051351),1,0.17259261404620668,5.972774548791679,10.493097508978673,0.41700948362717016,TMSB4X
GO_Biological_Process_2023,Positive Regulation Of Monocyte Chemotactic Protein-1 Production (GO:0071639),1,0.17259261404620668,5.972774548791679,10.493097508978673,0.41700948362717016,IL1B
GO_Biological_Process_2023,Protein Localization To Perinuclear Region Of Cytoplasm (GO:1905719),1,0.17259261404620668,5.972774548791679,10.493097508978673,0.41700948362717016,FHIP1A
GO_Biological_Process_2023,"Regulation Of CD8-positive, Alpha-Beta T Cell Proliferation (GO:2000564)",1,0.17259261404620668,5.972774548791679,10.493097508978673,0.41700948362717016,HLA-E
GO_Biological_Process_2023,Regulation Of RNA Biosynthetic Process (GO:2001141),1,0.17259261404620668,5.972774548791679,10.493097508978673,0.41700948362717016,IL1B
GO_Biological_Process_2023,Regulation Of Angiotensin Levels In Blood (GO:0002002),1,0.17259261404620668,5.972774548791679,10.493097508978673,0.41700948362717016,ENPEP
GO_Biological_Process_2023,Cellular Response To Starvation (GO:0009267),5,0.1735030750654608,1.7324134730378595,3.034426066663526,0.4187757778725807,SH3GLB1;SFRP1;DAP;MFSD2A;CPEB4
GO_Biological_Process_2023,Positive Regulation Of Protein Metabolic Process (GO:0051247),7,0.17701628454659063,1.5540290833132482,2.690822411047093,0.426034956868179,ASPH;IL1B;AGO2;APOE;VIM;CLU;TNF
GO_Biological_Process_2023,Cell Junction Organization (GO:0034330),3,0.1770582297181378,2.1293603061782393,3.6865117116247235,0.426034956868179,C1QA;LRP4;PPFIA2
GO_Biological_Process_2023,Phosphatidylinositol-Mediated Signaling (GO:0048015),3,0.1770582297181378,2.1293603061782393,3.6865117116247235,0.426034956868179,PDGFRA;CSF1R;PIK3CD
GO_Biological_Process_2023,Regulation Of Tumor Necrosis Factor Production (GO:0032680),5,0.17741376543331164,1.7181248450943596,2.971102810382603,0.4264508017727594,SPN;GAS6;CLU;LILRB4;HLA-E
GO_Biological_Process_2023,Cellular Response To Hormone Stimulus (GO:0032870),4,0.17829957948163308,1.8622605363984674,3.211077430003716,0.4276990940494672,LHCGR;SFRP1;NR4A3;AKR1C1
GO_Biological_Process_2023,Muscle Contraction (GO:0006936),4,0.17829957948163308,1.8622605363984674,3.211077430003716,0.4276990940494672,TPM4;ASPH;TPM1;CASQ2
GO_Biological_Process_2023,Negative Regulation Of Cell Population Proliferation (GO:0008285),12,0.18008930337741658,1.3742291696543811,2.35584439288968,0.42913820148202547,TENM1;AZGP1;SFRP1;H2AC8;IL1B;P3H2;CYP1B1;APOE;SLC16A2;PPARGC1A;RERG;BMP5
GO_Biological_Process_2023,Actin Filament Bundle Assembly (GO:0051017),2,0.18018656274738,2.699847708708293,4.6268977727664,0.42913820148202547,SHROOM2;FSCN1
GO_Biological_Process_2023,Regulation Of Potassium Ion Transmembrane Transport (GO:1901379),2,0.18018656274738,2.699847708708293,4.6268977727664,0.42913820148202547,FHL1;KCNN4
GO_Biological_Process_2023,Epithelial Tube Morphogenesis (GO:0060562),2,0.18018656274738,2.699847708708293,4.6268977727664,0.42913820148202547,CSF1R;COL4A1
GO_Biological_Process_2023,Inositol Lipid-Mediated Signaling (GO:0048017),2,0.18018656274738,2.699847708708293,4.6268977727664,0.42913820148202547,CSF1R;PDGFRA
GO_Biological_Process_2023,Positive Regulation Of Cytokine Production Involved In Immune Response (GO:0002720),2,0.18018656274738,2.699847708708293,4.6268977727664,0.42913820148202547,KIT;HLA-E
GO_Biological_Process_2023,Positive Regulation Of Small Molecule Metabolic Process (GO:0062013),2,0.18018656274738,2.699847708708293,4.6268977727664,0.42913820148202547,APOE;SLC4A4
GO_Biological_Process_2023,Positive Regulation Of Transmembrane Receptor Protein Serine/Threonine Kinase Signaling Pathway (GO:0090100),4,0.18296258078018973,1.8417014020462297,3.1280812540329666,0.42915568138300597,SCUBE3;FOXD1;BMP8A;BMP5
GO_Biological_Process_2023,Protein Homooligomerization (GO:0051260),5,0.1853337204721469,1.6902389744304327,2.849062056471581,0.42915568138300597,EHD1;ALDH1A3;PXDN;CLU;ACACB
GO_Biological_Process_2023,Cellular Response To Hydrogen Peroxide (GO:0070301),2,0.18866089215243653,2.615343347639485,4.361880349944519,0.42915568138300597,CYP1B1;CLU
GO_Biological_Process_2023,Glial Cell Differentiation (GO:0010001),2,0.18866089215243653,2.615343347639485,4.361880349944519,0.42915568138300597,CDH2;PTPRZ1
GO_Biological_Process_2023,Negative Regulation Of Mitotic Cell Cycle (GO:0045930),2,0.18866089215243653,2.615343347639485,4.361880349944519,0.42915568138300597,FOXC1;FZD3
GO_Biological_Process_2023,Positive Regulation Of Immunoglobulin Production (GO:0002639),2,0.18866089215243653,2.615343347639485,4.361880349944519,0.42915568138300597,SASH3;HLA-E
GO_Biological_Process_2023,Regulation Of T Cell Receptor Signaling Pathway (GO:0050856),2,0.18866089215243653,2.615343347639485,4.361880349944519,0.42915568138300597,KCNN4;LILRB4
GO_Biological_Process_2023,Regulation Of calcineurin-NFAT Signaling Cascade (GO:0070884),2,0.18866089215243653,2.615343347639485,4.361880349944519,0.42915568138300597,ATP2B4;TNF
GO_Biological_Process_2023,Positive Regulation Of T Cell Differentiation (GO:0045582),3,0.18882140263635586,2.0593336858804867,3.43281384599794,0.42915568138300597,MDK;CD46;LILRB4
GO_Biological_Process_2023,Transmembrane Receptor Protein Serine/Threonine Kinase Signaling Pathway (GO:0007178),5,0.18934150900413071,1.6766306695464364,2.790253737339901,0.42915568138300597,COL1A2;DLX5;BMP8A;RUNX2;BMP5
GO_Biological_Process_2023,B Cell Homeostasis (GO:0001782),1,0.19196166725101038,5.225910064239828,8.625153312086455,0.42915568138300597,DOCK11
GO_Biological_Process_2023,Regulation Of Complement Activation (GO:0030449),1,0.19196166725101038,5.225910064239828,8.625153312086455,0.42915568138300597,IL1B
GO_Biological_Process_2023,Regulation Of Dendritic Cell Apoptotic Process (GO:2000668),1,0.19196166725101038,5.225910064239828,8.625153312086455,0.42915568138300597,GAS6
GO_Biological_Process_2023,Regulation Of Granulocyte Differentiation (GO:0030852),1,0.19196166725101038,5.225910064239828,8.625153312086455,0.42915568138300597,C1QC
GO_Biological_Process_2023,Regulation Of Inflammatory Response To Wounding (GO:0106014),1,0.19196166725101038,5.225910064239828,8.625153312086455,0.42915568138300597,MDK
GO_Biological_Process_2023,Regulation Of Leukocyte Mediated Cytotoxicity (GO:0001910),1,0.19196166725101038,5.225910064239828,8.625153312086455,0.42915568138300597,DNASE1L3
GO_Biological_Process_2023,Adrenal Gland Development (GO:0030325),1,0.19196166725101038,5.225910064239828,8.625153312086455,0.42915568138300597,MDK
GO_Biological_Process_2023,Amine Metabolic Process (GO:0009308),1,0.19196166725101038,5.225910064239828,8.625153312086455,0.42915568138300597,MAOA
GO_Biological_Process_2023,Regulation Of Myeloid Leukocyte Mediated Immunity (GO:0002886),1,0.19196166725101038,5.225910064239828,8.625153312086455,0.42915568138300597,DNASE1L3
GO_Biological_Process_2023,Regulation Of Natural Killer Cell Proliferation (GO:0032817),1,0.19196166725101038,5.225910064239828,8.625153312086455,0.42915568138300597,HLA-E
GO_Biological_Process_2023,Aspartate Transmembrane Transport (GO:0015810),1,0.19196166725101038,5.225910064239828,8.625153312086455,0.42915568138300597,SLC25A18
GO_Biological_Process_2023,Axon Regeneration (GO:0031103),1,0.19196166725101038,5.225910064239828,8.625153312086455,0.42915568138300597,TNC
GO_Biological_Process_2023,Regulation Of Phospholipid Metabolic Process (GO:1903725),1,0.19196166725101038,5.225910064239828,8.625153312086455,0.42915568138300597,MFSD2A
GO_Biological_Process_2023,cAMP Biosynthetic Process (GO:0006171),1,0.19196166725101038,5.225910064239828,8.625153312086455,0.42915568138300597,ADCY6
GO_Biological_Process_2023,cGMP Biosynthetic Process (GO:0006182),1,0.19196166725101038,5.225910064239828,8.625153312086455,0.42915568138300597,NPR1
GO_Biological_Process_2023,Camera-Type Eye Morphogenesis (GO:0048593),1,0.19196166725101038,5.225910064239828,8.625153312086455,0.42915568138300597,SHROOM2
GO_Biological_Process_2023,Regulation Of Tau-Protein Kinase Activity (GO:1902947),1,0.19196166725101038,5.225910064239828,8.625153312086455,0.42915568138300597,CLU
GO_Biological_Process_2023,Cellular Response To Oxidised Low-Density Lipoprotein Particle Stimulus (GO:0140052),1,0.19196166725101038,5.225910064239828,8.625153312086455,0.42915568138300597,CD36
GO_Biological_Process_2023,Cellular Response To Oxygen Levels (GO:0071453),1,0.19196166725101038,5.225910064239828,8.625153312086455,0.42915568138300597,CPEB4
GO_Biological_Process_2023,Cellular Response To Prostaglandin Stimulus (GO:0071379),1,0.19196166725101038,5.225910064239828,8.625153312086455,0.42915568138300597,SFRP1
GO_Biological_Process_2023,Response To Platelet-Derived Growth Factor (GO:0036119),1,0.19196166725101038,5.225910064239828,8.625153312086455,0.42915568138300597,HAS2
GO_Biological_Process_2023,Embryonic Eye Morphogenesis (GO:0048048),1,0.19196166725101038,5.225910064239828,8.625153312086455,0.42915568138300597,MFAP2
GO_Biological_Process_2023,High-Density Lipoprotein Particle Assembly (GO:0034380),1,0.19196166725101038,5.225910064239828,8.625153312086455,0.42915568138300597,APOE
GO_Biological_Process_2023,"Wound Healing, Spreading Of Epidermal Cells (GO:0035313)",1,0.19196166725101038,5.225910064239828,8.625153312086455,0.42915568138300597,COL5A1
GO_Biological_Process_2023,Hormone Transport (GO:0009914),1,0.19196166725101038,5.225910064239828,8.625153312086455,0.42915568138300597,SLC16A2
GO_Biological_Process_2023,Leukotriene D4 Biosynthetic Process (GO:1901750),1,0.19196166725101038,5.225910064239828,8.625153312086455,0.42915568138300597,GGTA1
GO_Biological_Process_2023,Lipid Import Into Cell (GO:0140354),1,0.19196166725101038,5.225910064239828,8.625153312086455,0.42915568138300597,CD36
GO_Biological_Process_2023,Long-Chain Fatty Acid Import Into Cell (GO:0044539),1,0.19196166725101038,5.225910064239828,8.625153312086455,0.42915568138300597,CD36
GO_Biological_Process_2023,Morphogenesis Of An Epithelial Sheet (GO:0002011),1,0.19196166725101038,5.225910064239828,8.625153312086455,0.42915568138300597,BMP5
GO_Biological_Process_2023,Motor Neuron Axon Guidance (GO:0008045),1,0.19196166725101038,5.225910064239828,8.625153312086455,0.42915568138300597,SEMA3A
GO_Biological_Process_2023,Muscle Cell Migration (GO:0014812),1,0.19196166725101038,5.225910064239828,8.625153312086455,0.42915568138300597,MEGF10
GO_Biological_Process_2023,Myelin Maintenance (GO:0043217),1,0.19196166725101038,5.225910064239828,8.625153312086455,0.42915568138300597,CLU
GO_Biological_Process_2023,Negative Regulation Of Bone Resorption (GO:0045779),1,0.19196166725101038,5.225910064239828,8.625153312086455,0.42915568138300597,TMEM119
GO_Biological_Process_2023,Negative Regulation Of Hormone Secretion (GO:0046888),1,0.19196166725101038,5.225910064239828,8.625153312086455,0.42915568138300597,IL1B
GO_Biological_Process_2023,Negative Regulation Of Leukocyte Migration (GO:0002686),1,0.19196166725101038,5.225910064239828,8.625153312086455,0.42915568138300597,BMP5
GO_Biological_Process_2023,Negative Regulation Of Lipid Localization (GO:1905953),1,0.19196166725101038,5.225910064239828,8.625153312086455,0.42915568138300597,TNF
GO_Biological_Process_2023,Negative Regulation Of Potassium Ion Transmembrane Transporter Activity (GO:1901017),1,0.19196166725101038,5.225910064239828,8.625153312086455,0.42915568138300597,CASQ2
GO_Biological_Process_2023,Negative Regulation Of Receptor Binding (GO:1900121),1,0.19196166725101038,5.225910064239828,8.625153312086455,0.42915568138300597,PTPRF
GO_Biological_Process_2023,Neuron Remodeling (GO:0016322),1,0.19196166725101038,5.225910064239828,8.625153312086455,0.42915568138300597,C1QA
GO_Biological_Process_2023,Peptidyl-Amino Acid Modification (GO:0018193),1,0.19196166725101038,5.225910064239828,8.625153312086455,0.42915568138300597,FKBP10
GO_Biological_Process_2023,Pinocytosis (GO:0006907),1,0.19196166725101038,5.225910064239828,8.625153312086455,0.42915568138300597,RAB34
GO_Biological_Process_2023,Positive Regulation Of RIG-I Signaling Pathway (GO:1900246),1,0.19196166725101038,5.225910064239828,8.625153312086455,0.42915568138300597,OASL
GO_Biological_Process_2023,Positive Regulation Of RNA Biosynthetic Process (GO:1902680),1,0.19196166725101038,5.225910064239828,8.625153312086455,0.42915568138300597,IL1B
GO_Biological_Process_2023,Positive Regulation Of Hippo Signaling (GO:0035332),1,0.19196166725101038,5.225910064239828,8.625153312086455,0.42915568138300597,FRMD6
GO_Biological_Process_2023,Positive Regulation Of Keratinocyte Migration (GO:0051549),1,0.19196166725101038,5.225910064239828,8.625153312086455,0.42915568138300597,FGF7
GO_Biological_Process_2023,Positive Regulation Of Leukocyte Apoptotic Process (GO:2000108),1,0.19196166725101038,5.225910064239828,8.625153312086455,0.42915568138300597,PIK3CD
GO_Biological_Process_2023,Positive Regulation Of Myoblast Fusion (GO:1901741),1,0.19196166725101038,5.225910064239828,8.625153312086455,0.42915568138300597,EHD1
GO_Biological_Process_2023,"Positive Regulation Of Phagocytosis, Engulfment (GO:0060100)",1,0.19196166725101038,5.225910064239828,8.625153312086455,0.42915568138300597,ANO6
GO_Biological_Process_2023,Positive Regulation Of Sodium Ion Transmembrane Transport (GO:1902307),1,0.19196166725101038,5.225910064239828,8.625153312086455,0.42915568138300597,DMD
GO_Biological_Process_2023,Positive Regulation Of Vascular Endothelial Growth Factor Receptor Signaling Pathway (GO:0030949),1,0.19196166725101038,5.225910064239828,8.625153312086455,0.42915568138300597,IL1B
GO_Biological_Process_2023,Receptor Guanylyl Cyclase Signaling Pathway (GO:0007168),1,0.19196166725101038,5.225910064239828,8.625153312086455,0.42915568138300597,NPR1
GO_Biological_Process_2023,"Regulation Of CD8-positive, Alpha-Beta T Cell Activation (GO:2001185)",1,0.19196166725101038,5.225910064239828,8.625153312086455,0.42915568138300597,HLA-E
GO_Biological_Process_2023,Regulation Of RNA Polymerase II Regulatory Region Sequence-Specific DNA Binding (GO:1903025),1,0.19196166725101038,5.225910064239828,8.625153312086455,0.42915568138300597,TMSB4X
GO_Biological_Process_2023,Regulation Of Cellular Extravasation (GO:0002691),1,0.19196166725101038,5.225910064239828,8.625153312086455,0.42915568138300597,OLFM4
GO_Biological_Process_2023,Canonical Wnt Signaling Pathway (GO:0060070),3,0.19477678542037827,2.0260145681581685,3.314359392244354,0.4346166512152609,SFRP1;FZD3;DIXDC1
GO_Biological_Process_2023,Regulation Of Tyrosine Phosphorylation Of STAT Protein (GO:0042509),3,0.19477678542037827,2.0260145681581685,3.314359392244354,0.4346166512152609,CSF1R;KIT;TNF
GO_Biological_Process_2023,MAPK Cascade (GO:0000165),4,0.1971853490569593,1.782648569332355,2.894328065919845,0.4379042316231226,IL1B;MAP3K20;TNIK;TNF
GO_Biological_Process_2023,Endoderm Formation (GO:0001706),2,0.1971882379759648,2.5359604629990895,4.117376490641038,0.4379042316231226,COL4A2;COL8A1
GO_Biological_Process_2023,Platelet Aggregation (GO:0070527),2,0.1971882379759648,2.5359604629990895,4.117376490641038,0.4379042316231226,PDGFRA;ACTG1
GO_Biological_Process_2023,Positive Regulation Of Mitotic Nuclear Division (GO:0045840),2,0.1971882379759648,2.5359604629990895,4.117376490641038,0.4379042316231226,IL1B;IGF2
GO_Biological_Process_2023,Positive Regulation Of Substrate Adhesion-Dependent Cell Spreading (GO:1900026),2,0.1971882379759648,2.5359604629990895,4.117376490641038,0.4379042316231226,MDK;OLFM4
GO_Biological_Process_2023,Cellular Response To BMP Stimulus (GO:0071773),3,0.20077790402326567,1.993753200204813,3.2010822873902365,0.4450290864105433,SFRP1;DLX5;RUNX2
GO_Biological_Process_2023,Cellular Response To Type II Interferon (GO:0071346),3,0.20077790402326567,1.993753200204813,3.2010822873902365,0.4450290864105433,CCL20;CCL4;HLA-DPA1
GO_Biological_Process_2023,Negative Regulation Of Cell Motility (GO:2000146),5,0.20154713440851116,1.6370815334773219,2.6221658907136365,0.4462283189293518,SFRP1;LIMCH1;TPM1;CDH11;CYP1B1
GO_Biological_Process_2023,Blood Vessel Diameter Maintenance (GO:0097746),2,0.2057614988843312,2.461247159808129,3.891324187695624,0.4462283189293518,NPR1;ADCY6
GO_Biological_Process_2023,Negative Regulation Of T Cell Proliferation (GO:0042130),2,0.2057614988843312,2.461247159808129,3.891324187695624,0.4462283189293518,SPN;LILRB4
GO_Biological_Process_2023,Negative Regulation Of Sequestering Of Calcium Ion (GO:0051283),2,0.2057614988843312,2.461247159808129,3.891324187695624,0.4462283189293518,CLU;FGF2
GO_Biological_Process_2023,Activation Of Cysteine-Type Endopeptidase Activity Involved In Apoptotic Process (GO:0006919),3,0.20682219513185052,1.9625,3.092695538018069,0.4462283189293518,DAP;CNTN1;TNF
GO_Biological_Process_2023,Regulation Of Neurogenesis (GO:0050767),3,0.20682219513185052,1.9625,3.092695538018069,0.4462283189293518,HEYL;IL1B;TNF
GO_Biological_Process_2023,Regulation Of Viral Genome Replication (GO:0045069),3,0.20682219513185052,1.9625,3.092695538018069,0.4462283189293518,TNF;APOBEC3A;OASL
GO_Biological_Process_2023,Peptidyl-Tyrosine Phosphorylation (GO:0018108),3,0.20682219513185052,1.9625,3.092695538018069,0.4462283189293518,ALK;PDGFRA;CSF1R
GO_Biological_Process_2023,Antimicrobial Humoral Response (GO:0019730),4,0.20684920584653715,1.745330459770115,2.7502310452574257,0.4462283189293518,RARRES2;CXCL3;F3;HLA-E
GO_Biological_Process_2023,Phosphorylation (GO:0016310),13,0.20780607567184267,1.312912087912088,2.062781777912225,0.4462283189293518,ALK;BRSK1;EPHA7;DYRK3;GMFG;PIK3CD;PRKCA;MAP3K20;COQ8A;TNIK;GAS6;EPHB1;SGK2
GO_Biological_Process_2023,T Cell Chemotaxis (GO:0010818),1,0.2108782501195694,4.645015465143945,7.229847313947393,0.4462283189293518,PIK3CD
GO_Biological_Process_2023,T-helper Cell Lineage Commitment (GO:0002295),1,0.2108782501195694,4.645015465143945,7.229847313947393,0.4462283189293518,SPN
GO_Biological_Process_2023,Ammonium Transmembrane Transport (GO:0072488),1,0.2108782501195694,4.645015465143945,7.229847313947393,0.4462283189293518,RHD
GO_Biological_Process_2023,Regulation Of Peroxisome Proliferator Activated Receptor Signaling Pathway (GO:0035358),1,0.2108782501195694,4.645015465143945,7.229847313947393,0.4462283189293518,LMO3
GO_Biological_Process_2023,"Regulation Of Phagocytosis, Engulfment (GO:0060099)",1,0.2108782501195694,4.645015465143945,7.229847313947393,0.4462283189293518,ANO6
GO_Biological_Process_2023,Cellular Response To Forskolin (GO:1904322),1,0.2108782501195694,4.645015465143945,7.229847313947393,0.4462283189293518,ADCY6
GO_Biological_Process_2023,Regulation Of Toll-Like Receptor 9 Signaling Pathway (GO:0034163),1,0.2108782501195694,4.645015465143945,7.229847313947393,0.4462283189293518,PTPRS
GO_Biological_Process_2023,Response To Corticosteroid (GO:0031960),1,0.2108782501195694,4.645015465143945,7.229847313947393,0.4462283189293518,TNF
GO_Biological_Process_2023,Response To Forskolin (GO:1904321),1,0.2108782501195694,4.645015465143945,7.229847313947393,0.4462283189293518,ADCY6
GO_Biological_Process_2023,Response To Prostaglandin E (GO:0034695),1,0.2108782501195694,4.645015465143945,7.229847313947393,0.4462283189293518,SFRP1
GO_Biological_Process_2023,Engulfment Of Apoptotic Cell (GO:0043652),1,0.2108782501195694,4.645015465143945,7.229847313947393,0.4462283189293518,MEGF10
GO_Biological_Process_2023,Fatty Acid Beta-Oxidation Using acyl-CoA Dehydrogenase (GO:0033539),1,0.2108782501195694,4.645015465143945,7.229847313947393,0.4462283189293518,ACADL
GO_Biological_Process_2023,Fatty Acid Homeostasis (GO:0055089),1,0.2108782501195694,4.645015465143945,7.229847313947393,0.4462283189293518,APOE
GO_Biological_Process_2023,Thyroid Hormone Generation (GO:0006590),1,0.2108782501195694,4.645015465143945,7.229847313947393,0.4462283189293518,DIO2
GO_Biological_Process_2023,Lipoprotein Catabolic Process (GO:0042159),1,0.2108782501195694,4.645015465143945,7.229847313947393,0.4462283189293518,APOE
GO_Biological_Process_2023,Megakaryocyte Development (GO:0035855),1,0.2108782501195694,4.645015465143945,7.229847313947393,0.4462283189293518,KIT
GO_Biological_Process_2023,Monocyte Differentiation (GO:0030224),1,0.2108782501195694,4.645015465143945,7.229847313947393,0.4462283189293518,CSF1R
GO_Biological_Process_2023,Muscle Filament Sliding (GO:0030049),1,0.2108782501195694,4.645015465143945,7.229847313947393,0.4462283189293518,TPM1
GO_Biological_Process_2023,Negative Regulation Of Activated T Cell Proliferation (GO:0046007),1,0.2108782501195694,4.645015465143945,7.229847313947393,0.4462283189293518,LILRB4
GO_Biological_Process_2023,Negative Regulation Of Dephosphorylation (GO:0035305),1,0.2108782501195694,4.645015465143945,7.229847313947393,0.4462283189293518,PPP1R16B
GO_Biological_Process_2023,Negative Regulation Of Hemostasis (GO:1900047),1,0.2108782501195694,4.645015465143945,7.229847313947393,0.4462283189293518,APOE
GO_Biological_Process_2023,Negative Regulation Of Interferon-Beta Production (GO:0032688),1,0.2108782501195694,4.645015465143945,7.229847313947393,0.4462283189293518,PTPRS
GO_Biological_Process_2023,Negative Regulation Of Natural Killer Cell Mediated Immunity (GO:0002716),1,0.2108782501195694,4.645015465143945,7.229847313947393,0.4462283189293518,HLA-E
GO_Biological_Process_2023,Negative Regulation Of Oxidoreductase Activity (GO:0051354),1,0.2108782501195694,4.645015465143945,7.229847313947393,0.4462283189293518,HP
GO_Biological_Process_2023,Negative Regulation Of Sprouting Angiogenesis (GO:1903671),1,0.2108782501195694,4.645015465143945,7.229847313947393,0.4462283189293518,CREB3L1
GO_Biological_Process_2023,Negative Regulation Of Transmembrane Transport (GO:0034763),1,0.2108782501195694,4.645015465143945,7.229847313947393,0.4462283189293518,IL1B
GO_Biological_Process_2023,Nucleoside Triphosphate Metabolic Process (GO:0009141),1,0.2108782501195694,4.645015465143945,7.229847313947393,0.4462283189293518,AK5
GO_Biological_Process_2023,Peptidyl-Proline Hydroxylation (GO:0019511),1,0.2108782501195694,4.645015465143945,7.229847313947393,0.4462283189293518,P3H2
GO_Biological_Process_2023,Positive Regulation Of Cholesterol Metabolic Process (GO:0090205),1,0.2108782501195694,4.645015465143945,7.229847313947393,0.4462283189293518,APOE
GO_Biological_Process_2023,Positive Regulation Of Dendrite Development (GO:1900006),1,0.2108782501195694,4.645015465143945,7.229847313947393,0.4462283189293518,BMP5
GO_Biological_Process_2023,Positive Regulation Of Interleukin-13 Production (GO:0032736),1,0.2108782501195694,4.645015465143945,7.229847313947393,0.4462283189293518,HLA-E
GO_Biological_Process_2023,Positive Regulation Of Macrophage Differentiation (GO:0045651),1,0.2108782501195694,4.645015465143945,7.229847313947393,0.4462283189293518,PRKCA
GO_Biological_Process_2023,Positive Regulation Of Non-Canonical Wnt Signaling Pathway (GO:2000052),1,0.2108782501195694,4.645015465143945,7.229847313947393,0.4462283189293518,SFRP1
GO_Biological_Process_2023,Positive Regulation Of Phospholipid Transport (GO:2001140),1,0.2108782501195694,4.645015465143945,7.229847313947393,0.4462283189293518,APOE
GO_Biological_Process_2023,Positive Regulation Of Transcription From RNA Polymerase II Promoter In Response To Endoplasmic Reticulum Stress (GO:1990440),1,0.2108782501195694,4.645015465143945,7.229847313947393,0.4462283189293518,CREB3L1
GO_Biological_Process_2023,Positive Regulation Of Transforming Growth Factor Beta Production (GO:0071636),1,0.2108782501195694,4.645015465143945,7.229847313947393,0.4462283189293518,CD46
GO_Biological_Process_2023,Regulation Of Amyloid Precursor Protein Biosynthetic Process (GO:0042984),1,0.2108782501195694,4.645015465143945,7.229847313947393,0.4462283189293518,AGO2
GO_Biological_Process_2023,Regulation Of Axon Regeneration (GO:0048679),1,0.2108782501195694,4.645015465143945,7.229847313947393,0.4462283189293518,PTPRS
GO_Biological_Process_2023,Regulation Of Calcium Ion Transmembrane Transport Via High Voltage-Gated Calcium Channel (GO:1902514),1,0.2108782501195694,4.645015465143945,7.229847313947393,0.4462283189293518,SESTD1
GO_Biological_Process_2023,Regulation Of Cardiac Muscle Cell Apoptotic Process (GO:0010665),1,0.2108782501195694,4.645015465143945,7.229847313947393,0.4462283189293518,MDK
GO_Biological_Process_2023,Negative Regulation Of Cell Differentiation (GO:0045596),7,0.21252394475851766,1.4677223427331887,2.2730624959396937,0.44914598333819694,WWTR1;SFRP1;COL5A1;IGF2;SNAI2;TNF;BMP5
GO_Biological_Process_2023,Skin Development (GO:0043588),3,0.21290712390499475,1.9322084367245658,2.9889317745983024,0.44914598333819694,COL1A1;COL1A2;COL5A1
GO_Biological_Process_2023,Monoatomic Cation Transmembrane Transport (GO:0098655),9,0.21415695516641403,1.3884083044982698,2.139601199294074,0.44914598333819694,TRPC3;ATP2B4;ANO6;KCNK17;KCNN4;GAS6;SLC4A4;CLU;CACNA1G
GO_Biological_Process_2023,Calcium Ion Import Across Plasma Membrane (GO:0098703),2,0.21437387550931938,2.390803188228081,3.6819174955106284,0.44914598333819694,CLU;CACNA1G
GO_Biological_Process_2023,Synaptic Vesicle Cycle (GO:0099504),2,0.21437387550931938,2.390803188228081,3.6819174955106284,0.44914598333819694,BRSK1;CDH2
GO_Biological_Process_2023,Melanosome Organization (GO:0032438),2,0.21437387550931938,2.390803188228081,3.6819174955106284,0.44914598333819694,SHROOM2;APOE
GO_Biological_Process_2023,Muscle Cell Differentiation (GO:0042692),2,0.21437387550931938,2.390803188228081,3.6819174955106284,0.44914598333819694,MEGF10;DMD
GO_Biological_Process_2023,Negative Regulation Of Endothelial Cell Proliferation (GO:0001937),2,0.21437387550931938,2.390803188228081,3.6819174955106284,0.44914598333819694,SPARC;APOE
GO_Biological_Process_2023,Positive Regulation Of Immune Effector Process (GO:0002699),2,0.21437387550931938,2.390803188228081,3.6819174955106284,0.44914598333819694,IL1B;CD46
GO_Biological_Process_2023,Positive Regulation Of Signaling (GO:0023056),2,0.21437387550931938,2.390803188228081,3.6819174955106284,0.44914598333819694,CLSTN2;TNF
GO_Biological_Process_2023,Regulation Of Cellular Component Biogenesis (GO:0044087),2,0.21437387550931938,2.390803188228081,3.6819174955106284,0.44914598333819694,APOE;CD36
GO_Biological_Process_2023,Phagocytosis (GO:0006909),3,0.21903018561324783,1.9028347996089932,2.889541649972403,0.45749999229540306,MEGF10;CD36;GAS6
GO_Biological_Process_2023,Response To Transforming Growth Factor Beta (GO:0071559),2,0.22301886023901007,2.324272770624702,3.4875688193785606,0.45749999229540306,SFRP1;MXRA5
GO_Biological_Process_2023,Establishment Of Protein Localization To Plasma Membrane (GO:0061951),2,0.22301886023901007,2.324272770624702,3.4875688193785606,0.45749999229540306,RAB34;SPTBN1
GO_Biological_Process_2023,Tumor Necrosis Factor-Mediated Signaling Pathway (GO:0033209),2,0.22301886023901007,2.324272770624702,3.4875688193785606,0.45749999229540306,TMSB4X;TNF
GO_Biological_Process_2023,Negative Regulation Of Epithelial Cell Apoptotic Process (GO:1904036),2,0.22301886023901007,2.324272770624702,3.4875688193785606,0.45749999229540306,MDK;GAS6
GO_Biological_Process_2023,Positive Regulation Of Bone Mineralization (GO:0030501),2,0.22301886023901007,2.324272770624702,3.4875688193785606,0.45749999229540306,TMEM119;ANO6
GO_Biological_Process_2023,Positive Regulation Of Production Of Molecular Mediator Of Immune Response (GO:0002702),2,0.22301886023901007,2.324272770624702,3.4875688193785606,0.45749999229540306,SASH3;HLA-E
GO_Biological_Process_2023,Positive Regulation Of Protein Tyrosine Kinase Activity (GO:0061098),2,0.22301886023901007,2.324272770624702,3.4875688193785606,0.45749999229540306,CSF1R;GAS6
GO_Biological_Process_2023,Sensory Organ Development (GO:0007423),3,0.2251889070619493,1.874337987481945,2.7942923903047308,0.45749999229540306,FOXC1;MAB21L2;SHROOM2
GO_Biological_Process_2023,Regulation Of G Protein-Coupled Receptor Signaling Pathway (GO:0008277),3,0.2251889070619493,1.874337987481945,2.7942923903047308,0.45749999229540306,GNG4;KCTD12;MGLL
GO_Biological_Process_2023,Regulation Of Notch Signaling Pathway (GO:0008593),3,0.2251889070619493,1.874337987481945,2.7942923903047308,0.45749999229540306,CD46;TP63;BEND6
GO_Biological_Process_2023,Regulation Of Endocytic Recycling (GO:2001135),1,0.22935291025361143,4.180299785867238,6.155463714629547,0.45749999229540306,EHD1
GO_Biological_Process_2023,Regulation Of Homotypic Cell-Cell Adhesion (GO:0034110),1,0.22935291025361143,4.180299785867238,6.155463714629547,0.45749999229540306,PRKCA
GO_Biological_Process_2023,Regulation Of Keratinocyte Migration (GO:0051547),1,0.22935291025361143,4.180299785867238,6.155463714629547,0.45749999229540306,FGF7
GO_Biological_Process_2023,Regulation Of Leukocyte Cell-Cell Adhesion (GO:1903037),1,0.22935291025361143,4.180299785867238,6.155463714629547,0.45749999229540306,MDK
GO_Biological_Process_2023,Regulation Of Monocyte Chemotactic Protein-1 Production (GO:0071637),1,0.22935291025361143,4.180299785867238,6.155463714629547,0.45749999229540306,IL1B
GO_Biological_Process_2023,cGMP Metabolic Process (GO:0046068),1,0.22935291025361143,4.180299785867238,6.155463714629547,0.45749999229540306,NPR1
GO_Biological_Process_2023,Cellular Response To Fluid Shear Stress (GO:0071498),1,0.22935291025361143,4.180299785867238,6.155463714629547,0.45749999229540306,HAS2
GO_Biological_Process_2023,Central Nervous System Myelination (GO:0022010),1,0.22935291025361143,4.180299785867238,6.155463714629547,0.45749999229540306,CLU
GO_Biological_Process_2023,Central Nervous System Neuron Axonogenesis (GO:0021955),1,0.22935291025361143,4.180299785867238,6.155463714629547,0.45749999229540306,EPHB1
GO_Biological_Process_2023,Central Nervous System Projection Neuron Axonogenesis (GO:0021952),1,0.22935291025361143,4.180299785867238,6.155463714629547,0.45749999229540306,EPHB1
GO_Biological_Process_2023,Cytidine To Uridine Editing (GO:0016554),1,0.22935291025361143,4.180299785867238,6.155463714629547,0.45749999229540306,APOBEC3A
GO_Biological_Process_2023,Epithelial Cell-Cell Adhesion (GO:0090136),1,0.22935291025361143,4.180299785867238,6.155463714629547,0.45749999229540306,KIT
GO_Biological_Process_2023,Intestinal Absorption (GO:0050892),1,0.22935291025361143,4.180299785867238,6.155463714629547,0.45749999229540306,CD36
GO_Biological_Process_2023,Intracellular Copper Ion Homeostasis (GO:0006878),1,0.22935291025361143,4.180299785867238,6.155463714629547,0.45749999229540306,MT2A
GO_Biological_Process_2023,Intrinsic Apoptotic Signaling Pathway In Response To Oxidative Stress (GO:0008631),1,0.22935291025361143,4.180299785867238,6.155463714629547,0.45749999229540306,CYP1B1
GO_Biological_Process_2023,Leukotriene D4 Metabolic Process (GO:1901748),1,0.22935291025361143,4.180299785867238,6.155463714629547,0.45749999229540306,GGTA1
GO_Biological_Process_2023,Lipoprotein Transport (GO:0042953),1,0.22935291025361143,4.180299785867238,6.155463714629547,0.45749999229540306,CD36
GO_Biological_Process_2023,Macrophage Chemotaxis (GO:0048246),1,0.22935291025361143,4.180299785867238,6.155463714629547,0.45749999229540306,CXCL17
GO_Biological_Process_2023,Melanocyte Differentiation (GO:0030318),1,0.22935291025361143,4.180299785867238,6.155463714629547,0.45749999229540306,KIT
GO_Biological_Process_2023,Negative Regulation Of Amyloid Fibril Formation (GO:1905907),1,0.22935291025361143,4.180299785867238,6.155463714629547,0.45749999229540306,CLU
GO_Biological_Process_2023,Negative Regulation Of calcineurin-NFAT Signaling Cascade (GO:0070885),1,0.22935291025361143,4.180299785867238,6.155463714629547,0.45749999229540306,ATP2B4
GO_Biological_Process_2023,Negative Regulation Of Calcineurin-Mediated Signaling (GO:0106057),1,0.22935291025361143,4.180299785867238,6.155463714629547,0.45749999229540306,ATP2B4
GO_Biological_Process_2023,Negative Regulation Of Cellular Response To Vascular Endothelial Growth Factor Stimulus (GO:1902548),1,0.22935291025361143,4.180299785867238,6.155463714629547,0.45749999229540306,ATP2B4
GO_Biological_Process_2023,Negative Regulation Of Fibrinolysis (GO:0051918),1,0.22935291025361143,4.180299785867238,6.155463714629547,0.45749999229540306,PLAU
GO_Biological_Process_2023,Negative Regulation Of Glucose Transmembrane Transport (GO:0010829),1,0.22935291025361143,4.180299785867238,6.155463714629547,0.45749999229540306,IL1B
GO_Biological_Process_2023,Negative Regulation Of Leukocyte Apoptotic Process (GO:2000107),1,0.22935291025361143,4.180299785867238,6.155463714629547,0.45749999229540306,GAS6
GO_Biological_Process_2023,Negative Regulation Of Myotube Differentiation (GO:0010832),1,0.22935291025361143,4.180299785867238,6.155463714629547,0.45749999229540306,TMEM119
GO_Biological_Process_2023,Negative Regulation Of Nitrogen Compound Metabolic Process (GO:0051172),1,0.22935291025361143,4.180299785867238,6.155463714629547,0.45749999229540306,APOE
GO_Biological_Process_2023,Negative Regulation Of Potassium Ion Transmembrane Transport (GO:1901380),1,0.22935291025361143,4.180299785867238,6.155463714629547,0.45749999229540306,CASQ2
GO_Biological_Process_2023,Negative Regulation Of Release Of Sequestered Calcium Ion Into Cytosol (GO:0051280),1,0.22935291025361143,4.180299785867238,6.155463714629547,0.45749999229540306,CASQ2
GO_Biological_Process_2023,Negative Regulation Of Ryanodine-Sensitive Calcium-Release Channel Activity (GO:0060315),1,0.22935291025361143,4.180299785867238,6.155463714629547,0.45749999229540306,CASQ2
GO_Biological_Process_2023,Neutrophil Activation Involved In Immune Response (GO:0002283),1,0.22935291025361143,4.180299785867238,6.155463714629547,0.45749999229540306,DNASE1L3
GO_Biological_Process_2023,Nucleoside Phosphate Biosynthetic Process (GO:1901293),1,0.22935291025361143,4.180299785867238,6.155463714629547,0.45749999229540306,AK5
GO_Biological_Process_2023,Phagosome-Lysosome Fusion (GO:0090385),1,0.22935291025361143,4.180299785867238,6.155463714629547,0.45749999229540306,RAB34
GO_Biological_Process_2023,Phosphatidylinositol-3-Phosphate Biosynthetic Process (GO:0036092),1,0.22935291025361143,4.180299785867238,6.155463714629547,0.45749999229540306,PIK3CD
GO_Biological_Process_2023,Phospholipid Efflux (GO:0033700),1,0.22935291025361143,4.180299785867238,6.155463714629547,0.45749999229540306,APOE
GO_Biological_Process_2023,Podocyte Differentiation (GO:0072112),1,0.22935291025361143,4.180299785867238,6.155463714629547,0.45749999229540306,MYO1E
GO_Biological_Process_2023,Positive Regulation Of Behavior (GO:0048520),1,0.22935291025361143,4.180299785867238,6.155463714629547,0.45749999229540306,NR4A3
GO_Biological_Process_2023,Positive Regulation Of Lipid Transport (GO:0032370),1,0.22935291025361143,4.180299785867238,6.155463714629547,0.45749999229540306,APOE
GO_Biological_Process_2023,Positive Regulation Of Triglyceride Biosynthetic Process (GO:0010867),1,0.22935291025361143,4.180299785867238,6.155463714629547,0.45749999229540306,MFSD2A
GO_Biological_Process_2023,Presynapse Organization (GO:0099172),1,0.22935291025361143,4.180299785867238,6.155463714629547,0.45749999229540306,PTPRD
GO_Biological_Process_2023,Protein Polyglutamylation (GO:0018095),1,0.22935291025361143,4.180299785867238,6.155463714629547,0.45749999229540306,TTLL7
GO_Biological_Process_2023,Regulation Of T Cell Mediated Immunity (GO:0002709),1,0.22935291025361143,4.180299785867238,6.155463714629547,0.45749999229540306,IL1B
GO_Biological_Process_2023,Regulation Of Amyloid Precursor Protein Catabolic Process (GO:1902991),1,0.22935291025361143,4.180299785867238,6.155463714629547,0.45749999229540306,APOE
GO_Biological_Process_2023,Lipid Biosynthetic Process (GO:0008610),3,0.23138084801215208,1.8466793168880455,2.702966480293327,0.45749999229540306,ACSS2;ACSL1;ACACB
GO_Biological_Process_2023,Myeloid Leukocyte Differentiation (GO:0002573),3,0.23138084801215208,1.8466793168880455,2.702966480293327,0.45749999229540306,CSF1R;KIT;PIK3CD
GO_Biological_Process_2023,Negative Regulation Of Cellular Response To Growth Factor Stimulus (GO:0090288),3,0.23138084801215208,1.8466793168880455,2.702966480293327,0.45749999229540306,CREB3L1;ATP2B4;FGF2
GO_Biological_Process_2023,Cellular Response To Organonitrogen Compound (GO:0071417),4,0.23157118529640575,1.658501194947081,2.4261682544726084,0.45749999229540306,SFRP1;ATP2B4;CLU;CPEB4
GO_Biological_Process_2023,Negative Regulation Of MAPK Cascade (GO:0043409),4,0.23157118529640575,1.658501194947081,2.4261682544726084,0.45749999229540306,LMO3;IL1B;APOE;LILRB4
GO_Biological_Process_2023,Positive Regulation Of Stress-Activated MAPK Cascade (GO:0032874),4,0.23157118529640575,1.658501194947081,2.4261682544726084,0.45749999229540306,IL1B;SEMA3A;TNFRSF19;TNIK
GO_Biological_Process_2023,Regulation Of Receptor-Mediated Endocytosis (GO:0048259),2,0.23169022746065399,2.261338591810695,3.3068775938556536,0.45749999229540306,CLU;F3
GO_Biological_Process_2023,Release Of Sequestered Calcium Ion Into Cytosol (GO:0051209),2,0.23169022746065399,2.261338591810695,3.3068775938556536,0.45749999229540306,CLU;FGF2
GO_Biological_Process_2023,Fibroblast Growth Factor Receptor Signaling Pathway (GO:0008543),2,0.23169022746065399,2.261338591810695,3.3068775938556536,0.45749999229540306,FGF7;FGF2
GO_Biological_Process_2023,Negative Regulation Of Lymphocyte Proliferation (GO:0050672),2,0.23169022746065399,2.261338591810695,3.3068775938556536,0.45749999229540306,SPN;LILRB4
GO_Biological_Process_2023,Positive Regulation Of Intracellular Transport (GO:0032388),2,0.23169022746065399,2.261338591810695,3.3068775938556536,0.45749999229540306,EHD1;TENM1
GO_Biological_Process_2023,Positive Regulation Of Intrinsic Apoptotic Signaling Pathway (GO:2001244),2,0.23169022746065399,2.261338591810695,3.3068775938556536,0.45749999229540306,PLEKHF1;SEPTIN4
GO_Biological_Process_2023,Positive Regulation Of Lymphocyte Differentiation (GO:0045621),2,0.23169022746065399,2.261338591810695,3.3068775938556536,0.45749999229540306,MDK;GAS6
GO_Biological_Process_2023,Plasma Membrane Organization (GO:0007009),3,0.23760360242846276,1.8198223468910706,2.6153604699309034,0.4664153048273398,COL5A1;ANO6;SPTBN1
GO_Biological_Process_2023,Notch Signaling Pathway (GO:0007219),2,0.24038202377810255,2.2017167381974247,3.138604136599046,0.4664153048273398,HEYL;SNAI2
GO_Biological_Process_2023,Regulation Of Microtubule Cytoskeleton Organization (GO:0070507),2,0.24038202377810255,2.2017167381974247,3.138604136599046,0.4664153048273398,PHLDB1;PHLDB2
GO_Biological_Process_2023,Aortic Valve Development (GO:0003176),2,0.24038202377810255,2.2017167381974247,3.138604136599046,0.4664153048273398,HEYL;SNAI2
GO_Biological_Process_2023,Cell Cycle G2/M Phase Transition (GO:0044839),2,0.24038202377810255,2.2017167381974247,3.138604136599046,0.4664153048273398,BRSK1;AKAP8L
GO_Biological_Process_2023,Regulation Of Small Molecule Metabolic Process (GO:0062012),2,0.24038202377810255,2.2017167381974247,3.138604136599046,0.4664153048273398,ACADL;APOE
GO_Biological_Process_2023,Positive Regulation Of Insulin Secretion (GO:0032024),2,0.24038202377810255,2.2017167381974247,3.138604136599046,0.4664153048273398,NNAT;MYRIP
GO_Biological_Process_2023,Positive Regulation Of Myeloid Leukocyte Differentiation (GO:0002763),2,0.24038202377810255,2.2017167381974247,3.138604136599046,0.4664153048273398,PRKCA;TNF
GO_Biological_Process_2023,Protein Tetramerization (GO:0051262),3,0.2438547995258425,1.7937327188940093,2.5312838902595924,0.4664153048273398,ALDH1A3;CLU;ACACB
GO_Biological_Process_2023,Cellular Response To Oxygen-Containing Compound (GO:1901701),12,0.24445438819339183,1.2782527384450975,1.8007085559750653,0.4664153048273398,PDGFRA;SFRP1;NR4A3;IL1B;TPM1;ATP2B4;LCOR;VIM;CXCL3;CLU;ADCY6;CPEB4
GO_Biological_Process_2023,Regulation Of Chemokine (C-X-C Motif) Ligand 2 Production (GO:2000341),1,0.24739595003266782,3.8000778664590227,5.307816480409327,0.4664153048273398,TNF
GO_Biological_Process_2023,C4-dicarboxylate Transport (GO:0015740),1,0.24739595003266782,3.8000778664590227,5.307816480409327,0.4664153048273398,SLC25A18
GO_Biological_Process_2023,DNA Deamination (GO:0045006),1,0.24739595003266782,3.8000778664590227,5.307816480409327,0.4664153048273398,APOBEC3A
GO_Biological_Process_2023,Regulation Of Hematopoietic Stem Cell Differentiation (GO:1902036),1,0.24739595003266782,3.8000778664590227,5.307816480409327,0.4664153048273398,FOXC1
GO_Biological_Process_2023,Regulation Of Interleukin-5 Production (GO:0032674),1,0.24739595003266782,3.8000778664590227,5.307816480409327,0.4664153048273398,LILRB4
GO_Biological_Process_2023,acetyl-CoA Biosynthetic Process (GO:0006085),1,0.24739595003266782,3.8000778664590227,5.307816480409327,0.4664153048273398,ACSS2
GO_Biological_Process_2023,Actin-Myosin Filament Sliding (GO:0033275),1,0.24739595003266782,3.8000778664590227,5.307816480409327,0.4664153048273398,TPM1
GO_Biological_Process_2023,Regulation Of Lymphocyte Migration (GO:2000401),1,0.24739595003266782,3.8000778664590227,5.307816480409327,0.4664153048273398,SPN
GO_Biological_Process_2023,Regulation Of Monooxygenase Activity (GO:0032768),1,0.24739595003266782,3.8000778664590227,5.307816480409327,0.4664153048273398,IL1B
GO_Biological_Process_2023,Biogenic Amine Metabolic Process (GO:0006576),1,0.24739595003266782,3.8000778664590227,5.307816480409327,0.4664153048273398,MAOA
GO_Biological_Process_2023,cAMP Metabolic Process (GO:0046058),1,0.24739595003266782,3.8000778664590227,5.307816480409327,0.4664153048273398,ADCY6
GO_Biological_Process_2023,Regulation Of Platelet-Derived Growth Factor Receptor Signaling Pathway (GO:0010640),1,0.24739595003266782,3.8000778664590227,5.307816480409327,0.4664153048273398,CNTN1
GO_Biological_Process_2023,Calcium Ion Import (GO:0070509),1,0.24739595003266782,3.8000778664590227,5.307816480409327,0.4664153048273398,CACNA1G
GO_Biological_Process_2023,Cell-Cell Junction Maintenance (GO:0045217),1,0.24739595003266782,3.8000778664590227,5.307816480409327,0.4664153048273398,CSF1R
GO_Biological_Process_2023,Regulation Of Sensory Perception (GO:0051931),1,0.24739595003266782,3.8000778664590227,5.307816480409327,0.4664153048273398,MGLL
GO_Biological_Process_2023,Response To Iron Ion (GO:0010039),1,0.24739595003266782,3.8000778664590227,5.307816480409327,0.4664153048273398,F3
GO_Biological_Process_2023,Response To Muramyl Dipeptide (GO:0032495),1,0.24739595003266782,3.8000778664590227,5.307816480409327,0.4664153048273398,VIM
GO_Biological_Process_2023,Detection Of Calcium Ion (GO:0005513),1,0.24739595003266782,3.8000778664590227,5.307816480409327,0.4664153048273398,CASQ2
GO_Biological_Process_2023,Secretion (GO:0046903),1,0.24739595003266782,3.8000778664590227,5.307816480409327,0.4664153048273398,NPR1
GO_Biological_Process_2023,Semaphorin-Plexin Signaling Pathway Involved In Neuron Projection Guidance (GO:1902285),1,0.24739595003266782,3.8000778664590227,5.307816480409327,0.4664153048273398,SEMA3A
GO_Biological_Process_2023,Endothelium Development (GO:0003158),1,0.24739595003266782,3.8000778664590227,5.307816480409327,0.4664153048273398,SCUBE1
GO_Biological_Process_2023,Sodium Ion Export Across Plasma Membrane (GO:0036376),1,0.24739595003266782,3.8000778664590227,5.307816480409327,0.4664153048273398,SLC4A4
GO_Biological_Process_2023,Steroid Catabolic Process (GO:0006706),1,0.24739595003266782,3.8000778664590227,5.307816480409327,0.4664153048273398,SPP1
GO_Biological_Process_2023,Fatty Acid Elongation (GO:0030497),1,0.24739595003266782,3.8000778664590227,5.307816480409327,0.4664153048273398,HACD2
GO_Biological_Process_2023,Fatty Acid Transmembrane Transport (GO:1902001),1,0.24739595003266782,3.8000778664590227,5.307816480409327,0.4664153048273398,CD36
GO_Biological_Process_2023,Very Long-Chain Fatty Acid Biosynthetic Process (GO:0042761),1,0.24739595003266782,3.8000778664590227,5.307816480409327,0.4664153048273398,HACD2
GO_Biological_Process_2023,Ionotropic Glutamate Receptor Signaling Pathway (GO:0035235),1,0.24739595003266782,3.8000778664590227,5.307816480409327,0.4664153048273398,CPEB4
GO_Biological_Process_2023,Lipoprotein Localization (GO:0044872),1,0.24739595003266782,3.8000778664590227,5.307816480409327,0.4664153048273398,CD36
GO_Biological_Process_2023,Macrophage Migration (GO:1905517),1,0.24739595003266782,3.8000778664590227,5.307816480409327,0.4664153048273398,CXCL17
GO_Biological_Process_2023,Morphogenesis Of A Polarized Epithelium (GO:0001738),1,0.24739595003266782,3.8000778664590227,5.307816480409327,0.4664153048273398,ACTG1
GO_Biological_Process_2023,Negative Regulation By Host Of Viral Transcription (GO:0043922),1,0.24739595003266782,3.8000778664590227,5.307816480409327,0.4664153048273398,CCL4
GO_Biological_Process_2023,Negative Regulation Of Alcohol Biosynthetic Process (GO:1902931),1,0.24739595003266782,3.8000778664590227,5.307816480409327,0.4664153048273398,BMP5
GO_Biological_Process_2023,Negative Regulation Of Coagulation (GO:0050819),1,0.24739595003266782,3.8000778664590227,5.307816480409327,0.4664153048273398,APOE
GO_Biological_Process_2023,Negative Regulation Of Mononuclear Cell Migration (GO:0071676),1,0.24739595003266782,3.8000778664590227,5.307816480409327,0.4664153048273398,BMP5
GO_Biological_Process_2023,Negative Regulation Of Potassium Ion Transport (GO:0043267),1,0.24739595003266782,3.8000778664590227,5.307816480409327,0.4664153048273398,CASQ2
GO_Biological_Process_2023,Nuclear Body Organization (GO:0030575),1,0.24739595003266782,3.8000778664590227,5.307816480409327,0.4664153048273398,DYRK3
GO_Biological_Process_2023,Polysaccharide Biosynthetic Process (GO:0000271),1,0.24739595003266782,3.8000778664590227,5.307816480409327,0.4664153048273398,HAS2
GO_Biological_Process_2023,Positive Regulation Of T-helper 1 Type Immune Response (GO:0002827),1,0.24739595003266782,3.8000778664590227,5.307816480409327,0.4664153048273398,IL1B
GO_Biological_Process_2023,Positive Regulation Of Calcium-Mediated Signaling (GO:0050850),1,0.24739595003266782,3.8000778664590227,5.307816480409327,0.4664153048273398,CCL4
GO_Biological_Process_2023,Positive Regulation Of Cell Morphogenesis Involved In Differentiation (GO:0010770),1,0.24739595003266782,3.8000778664590227,5.307816480409327,0.4664153048273398,PTPRD
GO_Biological_Process_2023,Positive Regulation Of Cellular Extravasation (GO:0002693),1,0.24739595003266782,3.8000778664590227,5.307816480409327,0.4664153048273398,MDK
GO_Biological_Process_2023,Positive Regulation Of Protein Localization To Cell Surface (GO:2000010),1,0.24739595003266782,3.8000778664590227,5.307816480409327,0.4664153048273398,TNF
GO_Biological_Process_2023,Positive Regulation Of Reactive Oxygen Species Biosynthetic Process (GO:1903428),1,0.24739595003266782,3.8000778664590227,5.307816480409327,0.4664153048273398,CD36
GO_Biological_Process_2023,Positive Regulation Of Sodium Ion Transmembrane Transporter Activity (GO:2000651),1,0.24739595003266782,3.8000778664590227,5.307816480409327,0.4664153048273398,DMD
GO_Biological_Process_2023,pre-miRNA Processing (GO:0031054),1,0.24739595003266782,3.8000778664590227,5.307816480409327,0.4664153048273398,AGO2
GO_Biological_Process_2023,Quinone Biosynthetic Process (GO:1901663),1,0.24739595003266782,3.8000778664590227,5.307816480409327,0.4664153048273398,COQ8A
GO_Biological_Process_2023,Acylglycerol Metabolic Process (GO:0006639),2,0.24908855893284546,2.1451524155386816,2.9816477084270874,0.46734139593992063,APOE;MGLL
GO_Biological_Process_2023,Regulation Of Microtubule-Based Process (GO:0032886),2,0.24908855893284546,2.1451524155386816,2.9816477084270874,0.46734139593992063,PHLDB1;PHLDB2
GO_Biological_Process_2023,Response To Amino Acid Starvation (GO:1990928),2,0.24908855893284546,2.1451524155386816,2.9816477084270874,0.46734139593992063,SH3GLB1;DAP
GO_Biological_Process_2023,Lymphocyte Migration (GO:0072676),2,0.24908855893284546,2.1451524155386816,2.9816477084270874,0.46734139593992063,CCL20;CCL4
GO_Biological_Process_2023,Non-Canonical Wnt Signaling Pathway (GO:0035567),2,0.24908855893284546,2.1451524155386816,2.9816477084270874,0.46734139593992063,FZD3;SFRP1
GO_Biological_Process_2023,Positive Regulation Of Ossification (GO:0045778),2,0.24908855893284546,2.1451524155386816,2.9816477084270874,0.46734139593992063,TMEM119;ANO6
GO_Biological_Process_2023,Positive Regulation Of DNA-templated Transcription (GO:0045893),33,0.24931975500820486,1.1487147335423198,1.595586647540586,0.4673994443286346,FOXC1;CSRNP3;AKNA;DLX5;SATB2;AKAP8L;TNF;FGF2;GLIS1;ETS2;ELK3;HOXA10;FGF7;SPP1;SHOX;APOE;PPARGC1A;TP63;WWTR1;BCL11B;IRX3;LMO3;IGF2;LMO7;RUNX2;BMP5;COL1A1;HEYL;SFRP1;NR4A3;IL1B;AGO2;SP7
GO_Biological_Process_2023,Negative Regulation Of Developmental Process (GO:0051093),4,0.25184315738691593,1.594991789819376,2.1994119771920535,0.47137283828473275,SFRP1;FOXC1;PTPRS;GAS6
GO_Biological_Process_2023,Regulation Of Wnt Signaling Pathway (GO:0030111),4,0.25184315738691593,1.594991789819376,2.1994119771920535,0.47137283828473275,SFRP1;WIF1;APCDD1;TRABD2B
GO_Biological_Process_2023,Regulation Of Plasma Membrane Bounded Cell Projection Assembly (GO:0120032),3,0.2564332215243595,1.7437275985663083,2.3730162085748687,0.47558702091686517,PPP1R16B;FSCN1;CLU
GO_Biological_Process_2023,Negative Regulation Of Phosphorylation (GO:0042326),3,0.2564332215243595,1.7437275985663083,2.3730162085748687,0.47558702091686517,WWTR1;PTPN13;KLHL31
GO_Biological_Process_2023,Adenylate Cyclase-Activating G Protein-Coupled Receptor Signaling Pathway (GO:0007189),4,0.25696932299948716,1.5798633702016915,2.1467160834421293,0.47558702091686517,LHCGR;ADGRG2;ADCY6;ADGRL3
GO_Biological_Process_2023,Amino Acid Transmembrane Transport (GO:0003333),2,0.2578043966445498,2.0914163090128755,2.8350280238985994,0.47558702091686517,SLC25A18;SLC16A2
GO_Biological_Process_2023,Regulation Of Osteoclast Differentiation (GO:0045670),2,0.2578043966445498,2.0914163090128755,2.8350280238985994,0.47558702091686517,TNF;LILRB4
GO_Biological_Process_2023,Cellular Response To Amino Acid Starvation (GO:0034198),2,0.2578043966445498,2.0914163090128755,2.8350280238985994,0.47558702091686517,SH3GLB1;DAP
GO_Biological_Process_2023,Cellular Response To Glucose Starvation (GO:0042149),2,0.2578043966445498,2.0914163090128755,2.8350280238985994,0.47558702091686517,SH3GLB1;CPEB4
GO_Biological_Process_2023,Stress-Activated MAPK Cascade (GO:0051403),2,0.2578043966445498,2.0914163090128755,2.8350280238985994,0.47558702091686517,TNFRSF19;MAP3K20
GO_Biological_Process_2023,Monocyte Chemotaxis (GO:0002548),2,0.2578043966445498,2.0914163090128755,2.8350280238985994,0.47558702091686517,CCL20;CCL4
GO_Biological_Process_2023,Dephosphorylation (GO:0016311),5,0.26157260618576383,1.4746144252121802,1.9775219148966352,0.47558702091686517,PTPRD;PTPRS;PTPRZ1;ALPL;PTPN13
GO_Biological_Process_2023,Regulation Of Intracellular Signal Transduction (GO:1902531),9,0.26170794359946226,1.3101851851851851,1.756337457626765,0.47558702091686517,PPP1R16B;WWTR1;CSF1R;TMSB4X;IL1B;ARHGEF19;TNIK;PTPN13;TNF
GO_Biological_Process_2023,Phosphate-Containing Compound Metabolic Process (GO:0006796),6,0.26232417396159785,1.4120822997227491,1.8896121509842807,0.47558702091686517,PTPRD;ALK;EPHA7;ALPL;PIK3CD;COQ8A
GO_Biological_Process_2023,Regulation Of Fatty Acid Beta-Oxidation (GO:0031998),1,0.265017432114078,3.483226266952177,4.625584016525852,0.47558702091686517,MFSD2A
GO_Biological_Process_2023,acyl-CoA Biosynthetic Process (GO:0071616),1,0.265017432114078,3.483226266952177,4.625584016525852,0.47558702091686517,ACSS2
GO_Biological_Process_2023,Antigen Processing And Presentation Of Endogenous Peptide Antigen Via MHC Class I Via ER Pathway (GO:0002484),1,0.265017432114078,3.483226266952177,4.625584016525852,0.47558702091686517,HLA-E
GO_Biological_Process_2023,"Antigen Processing And Presentation Of Endogenous Peptide Antigen Via MHC Class I Via ER Pathway, TAP-independent (GO:0002486)",1,0.265017432114078,3.483226266952177,4.625584016525852,0.47558702091686517,HLA-E
GO_Biological_Process_2023,Antigen Processing And Presentation Of Endogenous Peptide Antigen Via MHC Class Ib (GO:0002476),1,0.265017432114078,3.483226266952177,4.625584016525852,0.47558702091686517,HLA-E
GO_Biological_Process_2023,Antigen Processing And Presentation Of Peptide Antigen Via MHC Class Ib (GO:0002428),1,0.265017432114078,3.483226266952177,4.625584016525852,0.47558702091686517,HLA-E
GO_Biological_Process_2023,Regulation Of Myoblast Fusion (GO:1901739),1,0.265017432114078,3.483226266952177,4.625584016525852,0.47558702091686517,EHD1
GO_Biological_Process_2023,Atrioventricular Valve Development (GO:0003171),1,0.265017432114078,3.483226266952177,4.625584016525852,0.47558702091686517,HEYL
GO_Biological_Process_2023,Regulation Of Oxidoreductase Activity (GO:0051341),1,0.265017432114078,3.483226266952177,4.625584016525852,0.47558702091686517,HP
GO_Biological_Process_2023,Body Fluid Secretion (GO:0007589),1,0.265017432114078,3.483226266952177,4.625584016525852,0.47558702091686517,NPR1
GO_Biological_Process_2023,Regulation Of Response To Endoplasmic Reticulum Stress (GO:1905897),1,0.265017432114078,3.483226266952177,4.625584016525852,0.47558702091686517,CLU
GO_Biological_Process_2023,Regulation Of Response To Stress (GO:0080134),1,0.265017432114078,3.483226266952177,4.625584016525852,0.47558702091686517,DYRK3
GO_Biological_Process_2023,Regulation Of Trophoblast Cell Migration (GO:1901163),1,0.265017432114078,3.483226266952177,4.625584016525852,0.47558702091686517,AGO2
GO_Biological_Process_2023,Response To Chemokine (GO:1990868),1,0.265017432114078,3.483226266952177,4.625584016525852,0.47558702091686517,FOXC1
GO_Biological_Process_2023,Cytoplasmic Sequestering Of Transcription Factor (GO:0042994),1,0.265017432114078,3.483226266952177,4.625584016525852,0.47558702091686517,TMSB4X
GO_Biological_Process_2023,Response To Nerve Growth Factor (GO:1990089),1,0.265017432114078,3.483226266952177,4.625584016525852,0.47558702091686517,EHD1
GO_Biological_Process_2023,Endothelial Cell Differentiation (GO:0045446),1,0.265017432114078,3.483226266952177,4.625584016525852,0.47558702091686517,SCUBE1
GO_Biological_Process_2023,Extracellular Transport (GO:0006858),1,0.265017432114078,3.483226266952177,4.625584016525852,0.47558702091686517,SPAG17
GO_Biological_Process_2023,Glomerular Filtration (GO:0003094),1,0.265017432114078,3.483226266952177,4.625584016525852,0.47558702091686517,MYO1E
GO_Biological_Process_2023,Ubiquinone Biosynthetic Process (GO:0006744),1,0.265017432114078,3.483226266952177,4.625584016525852,0.47558702091686517,COQ8A
GO_Biological_Process_2023,Immune Response-Regulating Cell Surface Receptor Signaling Pathway (GO:0002768),1,0.265017432114078,3.483226266952177,4.625584016525852,0.47558702091686517,KIT
GO_Biological_Process_2023,Lipid Oxidation (GO:0034440),1,0.265017432114078,3.483226266952177,4.625584016525852,0.47558702091686517,PPARGC1A
GO_Biological_Process_2023,Mature B Cell Differentiation Involved In Immune Response (GO:0002313),1,0.265017432114078,3.483226266952177,4.625584016525852,0.47558702091686517,DOCK11
GO_Biological_Process_2023,Microvillus Organization (GO:0032528),1,0.265017432114078,3.483226266952177,4.625584016525852,0.47558702091686517,TNIK
GO_Biological_Process_2023,Monoacylglycerol Metabolic Process (GO:0046462),1,0.265017432114078,3.483226266952177,4.625584016525852,0.47558702091686517,MGLL
GO_Biological_Process_2023,"Negative Regulation Of DNA Damage Response, Signal Transduction By P53 Class Mediator (GO:0043518)",1,0.265017432114078,3.483226266952177,4.625584016525852,0.47558702091686517,SNAI2
GO_Biological_Process_2023,Negative Regulation Of Cartilage Development (GO:0061037),1,0.265017432114078,3.483226266952177,4.625584016525852,0.47558702091686517,SNAI2
GO_Biological_Process_2023,Negative Regulation Of Cell Activation (GO:0050866),1,0.265017432114078,3.483226266952177,4.625584016525852,0.47558702091686517,PDGFRA
GO_Biological_Process_2023,Negative Regulation Of Toll-Like Receptor Signaling Pathway (GO:0034122),1,0.265017432114078,3.483226266952177,4.625584016525852,0.47558702091686517,LGR4
GO_Biological_Process_2023,Peptidyl-Tyrosine Autophosphorylation (GO:0038083),1,0.265017432114078,3.483226266952177,4.625584016525852,0.47558702091686517,ALK
GO_Biological_Process_2023,Positive Regulation Of T Cell Receptor Signaling Pathway (GO:0050862),1,0.265017432114078,3.483226266952177,4.625584016525852,0.47558702091686517,KCNN4
GO_Biological_Process_2023,Positive Regulation Of Alpha-Beta T Cell Differentiation (GO:0046638),1,0.265017432114078,3.483226266952177,4.625584016525852,0.47558702091686517,LILRB4
GO_Biological_Process_2023,Positive Regulation Of Cardiac Muscle Cell Proliferation (GO:0060045),1,0.265017432114078,3.483226266952177,4.625584016525852,0.47558702091686517,FGF2
GO_Biological_Process_2023,Positive Regulation Of Granulocyte Macrophage Colony-Stimulating Factor Production (GO:0032725),1,0.265017432114078,3.483226266952177,4.625584016525852,0.47558702091686517,IL1B
GO_Biological_Process_2023,Positive Regulation Of Keratinocyte Differentiation (GO:0045618),1,0.265017432114078,3.483226266952177,4.625584016525852,0.47558702091686517,FOXC1
GO_Biological_Process_2023,Protein Hydroxylation (GO:0018126),1,0.265017432114078,3.483226266952177,4.625584016525852,0.47558702091686517,P3H2
GO_Biological_Process_2023,Regulation Of cAMP-dependent Protein Kinase Activity (GO:2000479),1,0.265017432114078,3.483226266952177,4.625584016525852,0.47558702091686517,ATP2B4
GO_Biological_Process_2023,Regulation Of Cell Projection Organization (GO:0031344),1,0.265017432114078,3.483226266952177,4.625584016525852,0.47558702091686517,MFSD2A
GO_Biological_Process_2023,Response To Amyloid-Beta (GO:1904645),2,0.2665243459122792,2.040301475976133,2.697869596547495,0.47558702091686517,MMP13;CD36
GO_Biological_Process_2023,Energy Derivation By Oxidation Of Organic Compounds (GO:0015980),2,0.2665243459122792,2.040301475976133,2.697869596547495,0.47558702091686517,NR4A3;PPARGC1A
GO_Biological_Process_2023,Ephrin Receptor Signaling Pathway (GO:0048013),2,0.2665243459122792,2.040301475976133,2.697869596547495,0.47558702091686517,EPHA7;EPHB1
GO_Biological_Process_2023,Intracellular Glucose Homeostasis (GO:0001678),2,0.2665243459122792,2.040301475976133,2.697869596547495,0.47558702091686517,GAS6;PPARGC1A
GO_Biological_Process_2023,mRNA Destabilization (GO:0061157),2,0.2665243459122792,2.040301475976133,2.697869596547495,0.47558702091686517,AGO2;PLEKHN1
GO_Biological_Process_2023,Positive Regulation Of T Cell Mediated Immunity (GO:0002711),2,0.2665243459122792,2.040301475976133,2.697869596547495,0.47558702091686517,IL1B;HLA-E
GO_Biological_Process_2023,Positive Regulation Of Biomineral Tissue Development (GO:0070169),2,0.2665243459122792,2.040301475976133,2.697869596547495,0.47558702091686517,TMEM119;ANO6
GO_Biological_Process_2023,Positive Regulation Of Cell-Matrix Adhesion (GO:0001954),2,0.2665243459122792,2.040301475976133,2.697869596547495,0.47558702091686517,SFRP1;CD36
GO_Biological_Process_2023,Positive Regulation Of miRNA Transcription (GO:1902895),2,0.2665243459122792,2.040301475976133,2.697869596547495,0.47558702091686517,FGF2;TNF
GO_Biological_Process_2023,Positive Regulation Of Receptor-Mediated Endocytosis (GO:0048260),2,0.2665243459122792,2.040301475976133,2.697869596547495,0.47558702091686517,CLU;F3
GO_Biological_Process_2023,Regulation Of Cell-Cell Adhesion (GO:0022407),2,0.2665243459122792,2.040301475976133,2.697869596547495,0.47558702091686517,EPHA7;MEGF10
GO_Biological_Process_2023,Small GTPase Mediated Signal Transduction (GO:0007264),4,0.26728278744783024,1.5504469987228608,2.0457342722642395,0.4765760320116393,DIRAS3;DOK6;FGF2;RERG
GO_Biological_Process_2023,Actomyosin Structure Organization (GO:0031032),3,0.2690978911064685,1.6964254577157802,2.226863868429864,0.4794461662919828,EPB41L2;TPM1;SORBS1
GO_Biological_Process_2023,Negative Regulation Of DNA-binding Transcription Factor Activity (GO:0043433),5,0.27048096088142176,1.4539836813054956,1.9011615504273458,0.48081624081792773,HEYL;DAP;TMSB4X;CYP1B1;GAS6
GO_Biological_Process_2023,Negative Regulation Of Protein Phosphorylation (GO:0001933),5,0.27048096088142176,1.4539836813054956,1.9011615504273458,0.48081624081792773,WWTR1;SFRP1;DMD;PTPN13;KLHL31
GO_Biological_Process_2023,Bone Development (GO:0060348),2,0.27524345263536026,1.9916206826078071,2.569388429849175,0.48081624081792773,MMP13;IFITM5
GO_Biological_Process_2023,Extracellular Matrix Disassembly (GO:0022617),2,0.27524345263536026,1.9916206826078071,2.569388429849175,0.48081624081792773,MMP13;KLK4
GO_Biological_Process_2023,Negative Regulation Of Immune System Process (GO:0002683),2,0.27524345263536026,1.9916206826078071,2.569388429849175,0.48081624081792773,LILRB4;LGR4
GO_Biological_Process_2023,Nucleobase-Containing Compound Catabolic Process (GO:0034655),2,0.27524345263536026,1.9916206826078071,2.569388429849175,0.48081624081792773,RNASE2;DNASE1L3
GO_Biological_Process_2023,Positive Regulation Of Nucleocytoplasmic Transport (GO:0046824),2,0.27524345263536026,1.9916206826078071,2.569388429849175,0.48081624081792773,IL1B;GAS6
GO_Biological_Process_2023,Regulation Of Cell-Substrate Adhesion (GO:0010810),2,0.27524345263536026,1.9916206826078071,2.569388429849175,0.48081624081792773,ECM2;NPNT
GO_Biological_Process_2023,Positive Regulation Of Tumor Necrosis Factor Production (GO:0032760),3,0.27545704335277055,1.6737204301075268,2.1579672253023072,0.48081624081792773,SPN;CLU;HLA-E
GO_Biological_Process_2023,Organelle Organization (GO:0006996),12,0.2755338045915915,1.2396940627430646,1.5980213776009913,0.48081624081792773,FMNL3;DYRK3;PLEKHF1;MDK;RAB34;TPM1;TNIK;APOE;PPARGC1A;SYNE3;CEP55;SH3D19
GO_Biological_Process_2023,Regulation Of Cytoskeleton Organization (GO:0051493),4,0.2776696295084099,1.5221003134796238,1.9503025281679445,0.48081624081792773,PHLDB1;FSCN1;ARHGEF19;PHLDB2
GO_Biological_Process_2023,Regulation Of Interleukin-6 Production (GO:0032675),4,0.2776696295084099,1.5221003134796238,1.9503025281679445,0.48081624081792773,IL1B;GAS6;TNF;LILRB4
GO_Biological_Process_2023,Regulation Of Neuron Differentiation (GO:0045664),3,0.281831206610663,1.6516129032258065,2.0916801162234457,0.48081624081792773,ALK;HEYL;BEND6
GO_Biological_Process_2023,Positive Regulation Of Catabolic Process (GO:0009896),3,0.281831206610663,1.6516129032258065,2.0916801162234457,0.48081624081792773,IL1B;CLU;TNF
GO_Biological_Process_2023,2-Oxoglutarate Metabolic Process (GO:0006103),1,0.28222718505593875,3.2151210673694615,4.06726611626464,0.48081624081792773,ADHFE1
GO_Biological_Process_2023,Regulation Of Extracellular Matrix Disassembly (GO:0010715),1,0.28222718505593875,3.2151210673694615,4.06726611626464,0.48081624081792773,FSCN1
GO_Biological_Process_2023,L-glutamate Transmembrane Transport (GO:0015813),1,0.28222718505593875,3.2151210673694615,4.06726611626464,0.48081624081792773,SLC25A18
GO_Biological_Process_2023,Regulation Of Feeding Behavior (GO:0060259),1,0.28222718505593875,3.2151210673694615,4.06726611626464,0.48081624081792773,NR4A3
GO_Biological_Process_2023,MHC Class II Protein Complex Assembly (GO:0002399),1,0.28222718505593875,3.2151210673694615,4.06726611626464,0.48081624081792773,HLA-DPA1
GO_Biological_Process_2023,Regulation Of Integrin Activation (GO:0033623),1,0.28222718505593875,3.2151210673694615,4.06726611626464,0.48081624081792773,FBLIM1
GO_Biological_Process_2023,Regulation Of Neuron Projection Arborization (GO:0150011),1,0.28222718505593875,3.2151210673694615,4.06726611626464,0.48081624081792773,MFSD2A
GO_Biological_Process_2023,Regulation Of Non-Canonical Wnt Signaling Pathway (GO:2000050),1,0.28222718505593875,3.2151210673694615,4.06726611626464,0.48081624081792773,SFRP1
GO_Biological_Process_2023,"Blood Coagulation, Fibrin Clot Formation (GO:0072378)",1,0.28222718505593875,3.2151210673694615,4.06726611626464,0.48081624081792773,F13A1
GO_Biological_Process_2023,Regulation Of Sensory Perception Of Pain (GO:0051930),1,0.28222718505593875,3.2151210673694615,4.06726611626464,0.48081624081792773,MGLL
GO_Biological_Process_2023,Regulation Of Transposition (GO:0010528),1,0.28222718505593875,3.2151210673694615,4.06726611626464,0.48081624081792773,APOBEC3A
GO_Biological_Process_2023,Renal Water Homeostasis (GO:0003091),1,0.28222718505593875,3.2151210673694615,4.06726611626464,0.48081624081792773,CYP4A11
GO_Biological_Process_2023,Contractile Actin Filament Bundle Assembly (GO:0030038),1,0.28222718505593875,3.2151210673694615,4.06726611626464,0.48081624081792773,SORBS1
GO_Biological_Process_2023,Copper Ion Homeostasis (GO:0055070),1,0.28222718505593875,3.2151210673694615,4.06726611626464,0.48081624081792773,MT2A
GO_Biological_Process_2023,Electron Transport Chain (GO:0022900),1,0.28222718505593875,3.2151210673694615,4.06726611626464,0.48081624081792773,PPARGC1A
GO_Biological_Process_2023,Embryonic Cranial Skeleton Morphogenesis (GO:0048701),1,0.28222718505593875,3.2151210673694615,4.06726611626464,0.48081624081792773,PDGFRA
GO_Biological_Process_2023,Establishment Of Apical/Basal Cell Polarity (GO:0035089),1,0.28222718505593875,3.2151210673694615,4.06726611626464,0.48081624081792773,FSCN1
GO_Biological_Process_2023,Stress Fiber Assembly (GO:0043149),1,0.28222718505593875,3.2151210673694615,4.06726611626464,0.48081624081792773,SORBS1
GO_Biological_Process_2023,Establishment Of Protein Localization To Chromosome (GO:0070199),1,0.28222718505593875,3.2151210673694615,4.06726611626464,0.48081624081792773,H1-5
GO_Biological_Process_2023,Telomere Capping (GO:0016233),1,0.28222718505593875,3.2151210673694615,4.06726611626464,0.48081624081792773,TENM1
GO_Biological_Process_2023,Genitalia Development (GO:0048806),1,0.28222718505593875,3.2151210673694615,4.06726611626464,0.48081624081792773,LHCGR
GO_Biological_Process_2023,Ubiquinone Metabolic Process (GO:0006743),1,0.28222718505593875,3.2151210673694615,4.06726611626464,0.48081624081792773,COQ8A
GO_Biological_Process_2023,Lipoprotein Biosynthetic Process (GO:0042158),1,0.28222718505593875,3.2151210673694615,4.06726611626464,0.48081624081792773,APOE
GO_Biological_Process_2023,Mammary Gland Epithelium Development (GO:0061180),1,0.28222718505593875,3.2151210673694615,4.06726611626464,0.48081624081792773,CSF1R
GO_Biological_Process_2023,Medium-Chain Fatty Acid Metabolic Process (GO:0051791),1,0.28222718505593875,3.2151210673694615,4.06726611626464,0.48081624081792773,CYP4A11
GO_Biological_Process_2023,miRNA-mediated Gene Silencing By Inhibition Of Translation (GO:0035278),1,0.28222718505593875,3.2151210673694615,4.06726611626464,0.48081624081792773,AGO2
GO_Biological_Process_2023,Microvillus Assembly (GO:0030033),1,0.28222718505593875,3.2151210673694615,4.06726611626464,0.48081624081792773,TNIK
GO_Biological_Process_2023,Negative Regulation Of T Cell Mediated Immunity (GO:0002710),1,0.28222718505593875,3.2151210673694615,4.06726611626464,0.48081624081792773,LILRB4
GO_Biological_Process_2023,Negative Regulation Of Leukocyte Mediated Cytotoxicity (GO:0001911),1,0.28222718505593875,3.2151210673694615,4.06726611626464,0.48081624081792773,HLA-E
GO_Biological_Process_2023,Negative Regulation Of Single Stranded Viral RNA Replication Via Double Stranded DNA Intermediate (GO:0045869),1,0.28222718505593875,3.2151210673694615,4.06726611626464,0.48081624081792773,APOBEC3A
GO_Biological_Process_2023,Negative Regulation Of Smooth Muscle Cell Migration (GO:0014912),1,0.28222718505593875,3.2151210673694615,4.06726611626464,0.48081624081792773,TPM1
GO_Biological_Process_2023,Negative Regulation Of Transcription Regulatory Region DNA Binding (GO:2000678),1,0.28222718505593875,3.2151210673694615,4.06726611626464,0.48081624081792773,TMSB4X
GO_Biological_Process_2023,Odontogenesis Of Dentin-Containing Tooth (GO:0042475),1,0.28222718505593875,3.2151210673694615,4.06726611626464,0.48081624081792773,FOXC1
GO_Biological_Process_2023,Peptide Antigen Assembly With MHC Class II Protein Complex (GO:0002503),1,0.28222718505593875,3.2151210673694615,4.06726611626464,0.48081624081792773,HLA-DPA1
GO_Biological_Process_2023,Phagolysosome Assembly (GO:0001845),1,0.28222718505593875,3.2151210673694615,4.06726611626464,0.48081624081792773,RAB34
GO_Biological_Process_2023,Photoreceptor Cell Development (GO:0042461),1,0.28222718505593875,3.2151210673694615,4.06726611626464,0.48081624081792773,MFSD2A
GO_Biological_Process_2023,Positive Regulation Of Adaptive Immune Response Based On Somatic Recombination Of Immune Receptors Built From Immunoglobulin Superfamily Domains (GO:0002824),1,0.28222718505593875,3.2151210673694615,4.06726611626464,0.48081624081792773,IL1B
GO_Biological_Process_2023,Positive Regulation Of Histone Acetylation (GO:0035066),1,0.28222718505593875,3.2151210673694615,4.06726611626464,0.48081624081792773,PPARGC1A
GO_Biological_Process_2023,Positive Regulation Of Protein-Containing Complex Disassembly (GO:0043243),1,0.28222718505593875,3.2151210673694615,4.06726611626464,0.48081624081792773,TNF
GO_Biological_Process_2023,Positive Regulation Of Response To Cytokine Stimulus (GO:0060760),1,0.28222718505593875,3.2151210673694615,4.06726611626464,0.48081624081792773,GAS6
GO_Biological_Process_2023,Prostanoid Biosynthetic Process (GO:0046457),1,0.28222718505593875,3.2151210673694615,4.06726611626464,0.48081624081792773,PTGDS
GO_Biological_Process_2023,Protein Activation Cascade (GO:0072376),1,0.28222718505593875,3.2151210673694615,4.06726611626464,0.48081624081792773,F13A1
GO_Biological_Process_2023,Protein Homotrimerization (GO:0070207),1,0.28222718505593875,3.2151210673694615,4.06726611626464,0.48081624081792773,PXDN
GO_Biological_Process_2023,Protein Localization To Vacuole (GO:0072665),1,0.28222718505593875,3.2151210673694615,4.06726611626464,0.48081624081792773,SH3GLB1
GO_Biological_Process_2023,Protein Trimerization (GO:0070206),1,0.28222718505593875,3.2151210673694615,4.06726611626464,0.48081624081792773,PXDN
GO_Biological_Process_2023,Regulation Of Cell Fate Specification (GO:0042659),1,0.28222718505593875,3.2151210673694615,4.06726611626464,0.48081624081792773,FGF2
GO_Biological_Process_2023,Regulation Of Stem Cell Differentiation (GO:2000736),2,0.2839569912691717,1.945204112186845,2.4488806593965355,0.4823645767349388,PDGFRA;SP7
GO_Biological_Process_2023,Triglyceride Metabolic Process (GO:0006641),2,0.2839569912691717,1.945204112186845,2.4488806593965355,0.4823645767349388,APOE;APOB
GO_Biological_Process_2023,Zymogen Activation (GO:0031638),2,0.2839569912691717,1.945204112186845,2.4488806593965355,0.4823645767349388,ASPH;PLAU
GO_Biological_Process_2023,Positive Regulation Of NF-kappaB Transcription Factor Activity (GO:0051092),5,0.2839626942732673,1.4240901544202995,1.7928047650003769,0.4823645767349388,ALK;IL1B;CD36;CLU;TNF
GO_Biological_Process_2023,Cellular Response To Lipid (GO:0071396),7,0.28643820185802904,1.3268126539786613,1.658824256854398,0.48621582773573807,SFRP1;IL1B;SPP1;LCOR;VIM;CXCL3;ADCY6
GO_Biological_Process_2023,Response To Type II Interferon (GO:0034341),3,0.28821828102591973,1.6300795978215332,2.027879602729181,0.48817232794956217,CCL20;CCL4;HLA-DPA1
GO_Biological_Process_2023,Wound Healing (GO:0042060),3,0.28821828102591973,1.6300795978215332,2.027879602729181,0.48817232794956217,PDGFRA;TPM1;FGF2
GO_Biological_Process_2023,Positive Regulation Of Immune Response (GO:0050778),3,0.28821828102591973,1.6300795978215332,2.027879602729181,0.48817232794956217,SASH3;C7;CD46
GO_Biological_Process_2023,Regulation Of Cellular Component Organization (GO:0051128),5,0.2884853073278236,1.4143949565115872,1.7582501015345295,0.4882702736063382,TNC;APOE;CD36;TNF;SGK2
GO_Biological_Process_2023,B Cell Receptor Signaling Pathway (GO:0050853),2,0.2926604571007757,1.9008973858759266,2.3357128196156656,0.48910108188674756,IGHG4;PIK3CD
GO_Biological_Process_2023,T Cell Differentiation (GO:0030217),2,0.2926604571007757,1.9008973858759266,2.3357128196156656,0.48910108188674756,KIT;PIK3CD
GO_Biological_Process_2023,Regulation Of Interleukin-10 Production (GO:0032653),2,0.2926604571007757,1.9008973858759266,2.3357128196156656,0.48910108188674756,CD46;LILRB4
GO_Biological_Process_2023,Regulation Of mRNA Catabolic Process (GO:0061013),2,0.2926604571007757,1.9008973858759266,2.3357128196156656,0.48910108188674756,PRKCA;VIM
GO_Biological_Process_2023,Myofibril Assembly (GO:0030239),2,0.2926604571007757,1.9008973858759266,2.3357128196156656,0.48910108188674756,PDGFRA;TPM1
GO_Biological_Process_2023,Negative Regulation Of Cold-Induced Thermogenesis (GO:0120163),2,0.2926604571007757,1.9008973858759266,2.3357128196156656,0.48910108188674756,LAMA4;LGR4
GO_Biological_Process_2023,Positive Regulation Of Peptide Hormone Secretion (GO:0090277),2,0.2926604571007757,1.9008973858759266,2.3357128196156656,0.48910108188674756,NNAT;MYRIP
GO_Biological_Process_2023,Epithelium Development (GO:0060429),5,0.29302099485286953,1.4048298954875555,1.7244441747674086,0.48910108188674756,TAGLN;AKR1C1;TNC;SNAI2;MFSD2A
GO_Biological_Process_2023,Protein Processing (GO:0016485),4,0.2933664707374717,1.4814617027769301,1.8167649271504707,0.48910108188674756,MMP16;CNTN1;CPE;CPXM1
GO_Biological_Process_2023,Cytoskeleton-Dependent Cytokinesis (GO:0061640),3,0.29461620779708797,1.6090984284532672,1.9664498397527577,0.48910108188674756,SEPTIN4;CEP55;SPTBN1
GO_Biological_Process_2023,Negative Regulation Of NF-kappaB Transcription Factor Activity (GO:0032088),3,0.29461620779708797,1.6090984284532672,1.9664498397527577,0.48910108188674756,DAP;TMSB4X;CYP1B1
GO_Biological_Process_2023,Positive Regulation Of Cell Projection Organization (GO:0031346),4,0.2986251239364729,1.4683908045977012,1.7746475804530972,0.48910108188674756,PTPRD;MDK;ROR2;APOE
GO_Biological_Process_2023,3'-UTR-mediated mRNA Destabilization (GO:0061158),1,0.2990348088484956,2.9853166105842766,3.6038601658272706,0.48910108188674756,PLEKHN1
GO_Biological_Process_2023,Regulation Of Cholesterol Biosynthetic Process (GO:0045540),1,0.2990348088484956,2.9853166105842766,3.6038601658272706,0.48910108188674756,APOE
GO_Biological_Process_2023,Regulation Of Dephosphorylation (GO:0035303),1,0.2990348088484956,2.9853166105842766,3.6038601658272706,0.48910108188674756,PPP1R16B
GO_Biological_Process_2023,L-glutamate Import (GO:0051938),1,0.2990348088484956,2.9853166105842766,3.6038601658272706,0.48910108188674756,SLC25A18
GO_Biological_Process_2023,Regulation Of Granulocyte Macrophage Colony-Stimulating Factor Production (GO:0032645),1,0.2990348088484956,2.9853166105842766,3.6038601658272706,0.48910108188674756,IL1B
GO_Biological_Process_2023,Regulation Of Interleukin-13 Production (GO:0032656),1,0.2990348088484956,2.9853166105842766,3.6038601658272706,0.48910108188674756,HLA-E
GO_Biological_Process_2023,Alpha-Beta T Cell Activation (GO:0046631),1,0.2990348088484956,2.9853166105842766,3.6038601658272706,0.48910108188674756,HLA-E
GO_Biological_Process_2023,Regulation Of Multicellular Organism Growth (GO:0040014),1,0.2990348088484956,2.9853166105842766,3.6038601658272706,0.48910108188674756,MFSD2A
GO_Biological_Process_2023,Branched-Chain Amino Acid Metabolic Process (GO:0009081),1,0.2990348088484956,2.9853166105842766,3.6038601658272706,0.48910108188674756,ECHS1
GO_Biological_Process_2023,Cardiac Myofibril Assembly (GO:0055003),1,0.2990348088484956,2.9853166105842766,3.6038601658272706,0.48910108188674756,PDGFRA
GO_Biological_Process_2023,Cellular Response To Estrogen Stimulus (GO:0071391),1,0.2990348088484956,2.9853166105842766,3.6038601658272706,0.48910108188674756,SFRP1
GO_Biological_Process_2023,Regulation Of Systemic Arterial Blood Pressure By Hormone (GO:0001990),1,0.2990348088484956,2.9853166105842766,3.6038601658272706,0.48910108188674756,ENPEP
GO_Biological_Process_2023,Renal Filtration (GO:0097205),1,0.2990348088484956,2.9853166105842766,3.6038601658272706,0.48910108188674756,MYO1E
GO_Biological_Process_2023,Dendritic Cell Chemotaxis (GO:0002407),1,0.2990348088484956,2.9853166105842766,3.6038601658272706,0.48910108188674756,CLU
GO_Biological_Process_2023,Dendritic Spine Morphogenesis (GO:0060997),1,0.2990348088484956,2.9853166105842766,3.6038601658272706,0.48910108188674756,EPHB1
GO_Biological_Process_2023,Retrograde Axonal Transport (GO:0008090),1,0.2990348088484956,2.9853166105842766,3.6038601658272706,0.48910108188674756,TMEM108
GO_Biological_Process_2023,Digestive Tract Morphogenesis (GO:0048546),1,0.2990348088484956,2.9853166105842766,3.6038601658272706,0.48910108188674756,PDGFRA
GO_Biological_Process_2023,Stem Cell Development (GO:0048864),1,0.2990348088484956,2.9853166105842766,3.6038601658272706,0.48910108188674756,SNAI2
GO_Biological_Process_2023,Glycosaminoglycan Catabolic Process (GO:0006027),1,0.2990348088484956,2.9853166105842766,3.6038601658272706,0.48910108188674756,FGF2
GO_Biological_Process_2023,High-Density Lipoprotein Particle Remodeling (GO:0034375),1,0.2990348088484956,2.9853166105842766,3.6038601658272706,0.48910108188674756,APOE
GO_Biological_Process_2023,Negative Regulation Of Cell-Substrate Junction Organization (GO:0150118),1,0.2990348088484956,2.9853166105842766,3.6038601658272706,0.48910108188674756,PHLDB2
GO_Biological_Process_2023,Negative Regulation Of Endoplasmic Reticulum Stress-Induced Intrinsic Apoptotic Signaling Pathway (GO:1902236),1,0.2990348088484956,2.9853166105842766,3.6038601658272706,0.48910108188674756,CREB3L1
GO_Biological_Process_2023,Negative Regulation Of Focal Adhesion Assembly (GO:0051895),1,0.2990348088484956,2.9853166105842766,3.6038601658272706,0.48910108188674756,PHLDB2
GO_Biological_Process_2023,Negative Regulation Of Protein Processing (GO:0010955),1,0.2990348088484956,2.9853166105842766,3.6038601658272706,0.48910108188674756,PLAU
GO_Biological_Process_2023,Negative Regulation Of Synaptic Transmission (GO:0050805),1,0.2990348088484956,2.9853166105842766,3.6038601658272706,0.48910108188674756,IL1B
GO_Biological_Process_2023,Nitric Oxide Biosynthetic Process (GO:0006809),1,0.2990348088484956,2.9853166105842766,3.6038601658272706,0.48910108188674756,CYP1B1
GO_Biological_Process_2023,Oogenesis (GO:0048477),1,0.2990348088484956,2.9853166105842766,3.6038601658272706,0.48910108188674756,MDK
GO_Biological_Process_2023,Phagosome Maturation (GO:0090382),1,0.2990348088484956,2.9853166105842766,3.6038601658272706,0.48910108188674756,RAB34
GO_Biological_Process_2023,Polyol Biosynthetic Process (GO:0046173),1,0.2990348088484956,2.9853166105842766,3.6038601658272706,0.48910108188674756,FGF2
GO_Biological_Process_2023,Positive Regulation Of Endothelial Cell Apoptotic Process (GO:2000353),1,0.2990348088484956,2.9853166105842766,3.6038601658272706,0.48910108188674756,ANO6
GO_Biological_Process_2023,Positive Regulation Of Glucose Metabolic Process (GO:0010907),1,0.2990348088484956,2.9853166105842766,3.6038601658272706,0.48910108188674756,PPARGC1A
GO_Biological_Process_2023,Positive Regulation Of Sprouting Angiogenesis (GO:1903672),1,0.2990348088484956,2.9853166105842766,3.6038601658272706,0.48910108188674756,FGF2
GO_Biological_Process_2023,Positive Regulation Of Syncytium Formation By Plasma Membrane Fusion (GO:0060143),1,0.2990348088484956,2.9853166105842766,3.6038601658272706,0.48910108188674756,EHD1
GO_Biological_Process_2023,Protein Localization To Cell-Cell Junction (GO:0150105),1,0.2990348088484956,2.9853166105842766,3.6038601658272706,0.48910108188674756,ACTG1
GO_Biological_Process_2023,Receptor Catabolic Process (GO:0032801),1,0.2990348088484956,2.9853166105842766,3.6038601658272706,0.48910108188674756,SH3GLB1
GO_Biological_Process_2023,Regulation Of Amyloid Fibril Formation (GO:1905906),1,0.2990348088484956,2.9853166105842766,3.6038601658272706,0.48910108188674756,CLU
GO_Biological_Process_2023,Positive Regulation Of Tumor Necrosis Factor Superfamily Cytokine Production (GO:1903557),3,0.3010229695786784,1.5886484279297672,1.9072815878091847,0.4908233558477746,SPN;CLU;HLA-E
GO_Biological_Process_2023,Golgi To Plasma Membrane Transport (GO:0006893),2,0.301349558239015,1.8585598474010492,2.2293134783632778,0.4908233558477746,RAB34;SPTBN1
GO_Biological_Process_2023,Regulation Of Wound Healing (GO:0061041),2,0.301349558239015,1.8585598474010492,2.2293134783632778,0.4908233558477746,PLAU;FGF2
GO_Biological_Process_2023,Secondary Alcohol Metabolic Process (GO:1902652),2,0.301349558239015,1.8585598474010492,2.2293134783632778,0.4908233558477746,APOE;APOB
GO_Biological_Process_2023,Epithelial To Mesenchymal Transition (GO:0001837),2,0.301349558239015,1.8585598474010492,2.2293134783632778,0.4908233558477746,HEYL;SNAI2
GO_Biological_Process_2023,Negative Regulation Of Tumor Necrosis Factor Production (GO:0032720),2,0.301349558239015,1.8585598474010492,2.2293134783632778,0.4908233558477746,GAS6;LILRB4
GO_Biological_Process_2023,Regulation Of Programmed Cell Death (GO:0043067),6,0.30656877676964844,1.3291417577131863,1.5714617846721413,0.49897595884264956,ALK;MAP3K20;SEPTIN4;OLFM4;CLU;TNF
GO_Biological_Process_2023,Regulation Of NIK/NF-kappaB Signaling (GO:1901222),3,0.30743659073940205,1.5687096774193547,1.8502717645402262,0.49915901913887933,TMSB4X;IL1B;TNF
GO_Biological_Process_2023,Regulation Of Cell Division (GO:0051302),3,0.30743659073940205,1.5687096774193547,1.8502717645402262,0.49915901913887933,SH3GLB1;INSC;TP63
GO_Biological_Process_2023,Regulation Of Intrinsic Apoptotic Signaling Pathway (GO:2001242),2,0.3100202083668754,1.8180630714685575,2.129166016060717,0.49915901913887933,PLEKHF1;SEPTIN4
GO_Biological_Process_2023,Cellular Response To Mechanical Stimulus (GO:0071260),2,0.3100202083668754,1.8180630714685575,2.129166016060717,0.49915901913887933,IL1B;TMEM150C
GO_Biological_Process_2023,Chloride Transmembrane Transport (GO:1902476),2,0.3100202083668754,1.8180630714685575,2.129166016060717,0.49915901913887933,ANO6;ANO5
GO_Biological_Process_2023,Positive Regulation Of Reactive Oxygen Species Metabolic Process (GO:2000379),2,0.3100202083668754,1.8180630714685575,2.129166016060717,0.49915901913887933,AKR1C1;CD36
GO_Biological_Process_2023,Protein Transport (GO:0015031),9,0.3121911335724419,1.2401960784313726,1.4437614548893951,0.49915901913887933,EHD1;RAB3C;ARRDC2;RAB34;APOE;CD36;APOB;CLU;SPTBN1
GO_Biological_Process_2023,Regulation Of Cysteine-Type Endopeptidase Activity Involved In Apoptotic Process (GO:0043281),3,0.31385513763123507,1.54926324173636,1.795323031237128,0.49915901913887933,EPHA7;GAS6;TNF
GO_Biological_Process_2023,Regulation Of Interleukin-1 Beta Production (GO:0032651),3,0.31385513763123507,1.54926324173636,1.795323031237128,0.49915901913887933,CD36;TNF;LILRB4
GO_Biological_Process_2023,Regulation Of Fibrinolysis (GO:0051917),1,0.31544968004706386,2.786152748037116,3.2145407353791247,0.49915901913887933,PLAU
GO_Biological_Process_2023,Regulation Of Interleukin-1 Production (GO:0032652),1,0.31544968004706386,2.786152748037116,3.2145407353791247,0.49915901913887933,GAS6
GO_Biological_Process_2023,Activation Of Cysteine-Type Endopeptidase Activity (GO:0097202),1,0.31544968004706386,2.786152748037116,3.2145407353791247,0.49915901913887933,ASPH
GO_Biological_Process_2023,Antifungal Innate Immune Response (GO:0061760),1,0.31544968004706386,2.786152748037116,3.2145407353791247,0.49915901913887933,RARRES2
GO_Biological_Process_2023,Apoptotic Nuclear Changes (GO:0030262),1,0.31544968004706386,2.786152748037116,3.2145407353791247,0.49915901913887933,DNASE1L3
GO_Biological_Process_2023,Autonomic Nervous System Development (GO:0048483),1,0.31544968004706386,2.786152748037116,3.2145407353791247,0.49915901913887933,SEMA3A
GO_Biological_Process_2023,Regulation Of Plasminogen Activation (GO:0010755),1,0.31544968004706386,2.786152748037116,3.2145407353791247,0.49915901913887933,PLAU
GO_Biological_Process_2023,Cell Communication By Electrical Coupling Involved In Cardiac Conduction (GO:0086064),1,0.31544968004706386,2.786152748037116,3.2145407353791247,0.49915901913887933,GJD3
GO_Biological_Process_2023,Regulation Of Steroid Biosynthetic Process (GO:0050810),1,0.31544968004706386,2.786152748037116,3.2145407353791247,0.49915901913887933,BMP5
GO_Biological_Process_2023,Cellular Response To Gamma Radiation (GO:0071480),1,0.31544968004706386,2.786152748037116,3.2145407353791247,0.49915901913887933,MAP3K20
GO_Biological_Process_2023,Regulation Of Triglyceride Biosynthetic Process (GO:0010866),1,0.31544968004706386,2.786152748037116,3.2145407353791247,0.49915901913887933,MFSD2A
GO_Biological_Process_2023,Dicarboxylic Acid Catabolic Process (GO:0043649),1,0.31544968004706386,2.786152748037116,3.2145407353791247,0.49915901913887933,ALDH1L1
GO_Biological_Process_2023,Establishment Of Melanosome Localization (GO:0032401),1,0.31544968004706386,2.786152748037116,3.2145407353791247,0.49915901913887933,SHROOM2
GO_Biological_Process_2023,"Synaptic Transmission, Cholinergic (GO:0007271)",1,0.31544968004706386,2.786152748037116,3.2145407353791247,0.49915901913887933,APOE
GO_Biological_Process_2023,Vasculature Development (GO:0001944),1,0.31544968004706386,2.786152748037116,3.2145407353791247,0.49915901913887933,PDGFRA
GO_Biological_Process_2023,Lymphocyte Mediated Immunity (GO:0002449),1,0.31544968004706386,2.786152748037116,3.2145407353791247,0.49915901913887933,CD46
GO_Biological_Process_2023,Membrane Depolarization During Cardiac Muscle Cell Action Potential (GO:0086012),1,0.31544968004706386,2.786152748037116,3.2145407353791247,0.49915901913887933,CACNA1G
GO_Biological_Process_2023,Negative Regulation Of RNA Biosynthetic Process (GO:1902679),1,0.31544968004706386,2.786152748037116,3.2145407353791247,0.49915901913887933,APOBEC3A
GO_Biological_Process_2023,Negative Regulation Of Anoikis (GO:2000811),1,0.31544968004706386,2.786152748037116,3.2145407353791247,0.49915901913887933,SNAI2
GO_Biological_Process_2023,Negative Regulation Of Chemokine Production (GO:0032682),1,0.31544968004706386,2.786152748037116,3.2145407353791247,0.49915901913887933,LILRB4
GO_Biological_Process_2023,Negative Regulation Of Interleukin-10 Production (GO:0032693),1,0.31544968004706386,2.786152748037116,3.2145407353791247,0.49915901913887933,LILRB4
GO_Biological_Process_2023,Negative Regulation Of Natural Killer Cell Mediated Cytotoxicity (GO:0045953),1,0.31544968004706386,2.786152748037116,3.2145407353791247,0.49915901913887933,HLA-E
GO_Biological_Process_2023,Negative Regulation Of Phosphatase Activity (GO:0010923),1,0.31544968004706386,2.786152748037116,3.2145407353791247,0.49915901913887933,PPP1R1B
GO_Biological_Process_2023,Negative Regulation Of Release Of Cytochrome C From Mitochondria (GO:0090201),1,0.31544968004706386,2.786152748037116,3.2145407353791247,0.49915901913887933,CLU
GO_Biological_Process_2023,Negative Regulation Of Viral-Induced Cytoplasmic Pattern Recognition Receptor Signaling Pathway (GO:0039532),1,0.31544968004706386,2.786152748037116,3.2145407353791247,0.49915901913887933,PTPRS
GO_Biological_Process_2023,Nitric Oxide Metabolic Process (GO:0046209),1,0.31544968004706386,2.786152748037116,3.2145407353791247,0.49915901913887933,CYP1B1
GO_Biological_Process_2023,Nuclear Migration (GO:0007097),1,0.31544968004706386,2.786152748037116,3.2145407353791247,0.49915901913887933,SYNE3
GO_Biological_Process_2023,Pharyngeal System Development (GO:0060037),1,0.31544968004706386,2.786152748037116,3.2145407353791247,0.49915901913887933,BMP5
GO_Biological_Process_2023,Positive Regulation Of Autophagosome Assembly (GO:2000786),1,0.31544968004706386,2.786152748037116,3.2145407353791247,0.49915901913887933,SH3GLB1
GO_Biological_Process_2023,Positive Regulation Of Cardiac Muscle Tissue Growth (GO:0055023),1,0.31544968004706386,2.786152748037116,3.2145407353791247,0.49915901913887933,FGF2
GO_Biological_Process_2023,Positive Regulation Of Positive Chemotaxis (GO:0050927),1,0.31544968004706386,2.786152748037116,3.2145407353791247,0.49915901913887933,CNTN1
GO_Biological_Process_2023,Prostanoid Metabolic Process (GO:0006692),1,0.31544968004706386,2.786152748037116,3.2145407353791247,0.49915901913887933,AKR1C1
GO_Biological_Process_2023,Plasma Membrane Bounded Cell Projection Assembly (GO:0120031),8,0.316171613102839,1.2548444878684253,1.4449159498046287,0.49996242884961123,EHD1;FMNL3;ABLIM1;KIT;FSCN1;ANO6;TNIK;ARHGEF6
GO_Biological_Process_2023,Erythrocyte Differentiation (GO:0030218),2,0.3186685195966599,1.779289562597023,2.034802376225636,0.501532248643698,DYRK3;KIT
GO_Biological_Process_2023,Negative Regulation Of T Cell Activation (GO:0050868),2,0.3186685195966599,1.779289562597023,2.034802376225636,0.501532248643698,SPN;LILRB4
GO_Biological_Process_2023,Negative Regulation Of Cysteine-Type Endopeptidase Activity Involved In Apoptotic Process (GO:0043154),2,0.3186685195966599,1.779289562597023,2.034802376225636,0.501532248643698,GAS6;TNF
GO_Biological_Process_2023,Negative Regulation Of Tumor Necrosis Factor Superfamily Cytokine Production (GO:1903556),2,0.3186685195966599,1.779289562597023,2.034802376225636,0.501532248643698,GAS6;LILRB4
GO_Biological_Process_2023,Neurogenesis (GO:0022008),2,0.3186685195966599,1.779289562597023,2.034802376225636,0.501532248643698,LRP4;EPHB1
GO_Biological_Process_2023,Positive Regulation Of miRNA Metabolic Process (GO:2000630),2,0.3186685195966599,1.779289562597023,2.034802376225636,0.501532248643698,FGF2;TNF
GO_Biological_Process_2023,Positive Regulation Of Pathway-Restricted SMAD Protein Phosphorylation (GO:0010862),2,0.3186685195966599,1.779289562597023,2.034802376225636,0.501532248643698,BMP8A;BMP5
GO_Biological_Process_2023,Regulation Of Kinase Activity (GO:0043549),3,0.32027671868219737,1.5302911093627065,1.742343412166412,0.5030456671630207,PDGFRA;CSF1R;ROR2
GO_Biological_Process_2023,Macromolecule Catabolic Process (GO:0009057),3,0.32027671868219737,1.5302911093627065,1.742343412166412,0.5030456671630207,SH3GLB1;RNASE2;DNASE1L3
GO_Biological_Process_2023,Positive Regulation Of Canonical Wnt Signaling Pathway (GO:0090263),3,0.32027671868219737,1.5302911093627065,1.742343412166412,0.5030456671630207,COL1A1;SFRP1;LGR4
GO_Biological_Process_2023,Organonitrogen Compound Biosynthetic Process (GO:1901566),4,0.32506463059514307,1.406331498116488,1.5803386565869448,0.5069964312006104,DMD;APOE;HACD2;MFSD2A
GO_Biological_Process_2023,Blood Circulation (GO:0008015),2,0.32729079506850034,1.742131616595136,1.9457976416065605,0.5069964312006104,NPR1;ADCY6
GO_Biological_Process_2023,T Cell Migration (GO:0072678),1,0.33148095716029624,2.6118843683083512,2.884003320437652,0.5069964312006104,PIK3CD
GO_Biological_Process_2023,Regulation Of Leukocyte Chemotaxis (GO:0002688),1,0.33148095716029624,2.6118843683083512,2.884003320437652,0.5069964312006104,MDK
GO_Biological_Process_2023,Amyloid Precursor Protein Metabolic Process (GO:0042982),1,0.33148095716029624,2.6118843683083512,2.884003320437652,0.5069964312006104,APOE
GO_Biological_Process_2023,Base Conversion Or Substitution Editing (GO:0016553),1,0.33148095716029624,2.6118843683083512,2.884003320437652,0.5069964312006104,APOBEC3A
GO_Biological_Process_2023,Branched-Chain Amino Acid Catabolic Process (GO:0009083),1,0.33148095716029624,2.6118843683083512,2.884003320437652,0.5069964312006104,ECHS1
GO_Biological_Process_2023,cGMP-mediated Signaling (GO:0019934),1,0.33148095716029624,2.6118843683083512,2.884003320437652,0.5069964312006104,CD36
GO_Biological_Process_2023,Carbohydrate Derivative Transport (GO:1901264),1,0.33148095716029624,2.6118843683083512,2.884003320437652,0.5069964312006104,MFSD2A
GO_Biological_Process_2023,Carboxylic Acid Biosynthetic Process (GO:0046394),1,0.33148095716029624,2.6118843683083512,2.884003320437652,0.5069964312006104,CYP4A11
GO_Biological_Process_2023,Carboxylic Acid Catabolic Process (GO:0046395),1,0.33148095716029624,2.6118843683083512,2.884003320437652,0.5069964312006104,PON3
GO_Biological_Process_2023,Cell Migration Involved In Sprouting Angiogenesis (GO:0002042),1,0.33148095716029624,2.6118843683083512,2.884003320437652,0.5069964312006104,FGF2
GO_Biological_Process_2023,Regulation Of Single Stranded Viral RNA Replication Via Double Stranded DNA Intermediate (GO:0045091),1,0.33148095716029624,2.6118843683083512,2.884003320437652,0.5069964312006104,APOBEC3A
GO_Biological_Process_2023,Cellular Response To Alkaloid (GO:0071312),1,0.33148095716029624,2.6118843683083512,2.884003320437652,0.5069964312006104,CASQ2
GO_Biological_Process_2023,Response To Interferon-Alpha (GO:0035455),1,0.33148095716029624,2.6118843683083512,2.884003320437652,0.5069964312006104,GAS6
GO_Biological_Process_2023,Embryonic Digit Morphogenesis (GO:0042733),1,0.33148095716029624,2.6118843683083512,2.884003320437652,0.5069964312006104,MAP3K20
GO_Biological_Process_2023,Sensory Perception Of Taste (GO:0050909),1,0.33148095716029624,2.6118843683083512,2.884003320437652,0.5069964312006104,CD36
GO_Biological_Process_2023,Filopodium Assembly (GO:0046847),1,0.33148095716029624,2.6118843683083512,2.884003320437652,0.5069964312006104,FMNL3
GO_Biological_Process_2023,Hippo Signaling (GO:0035329),1,0.33148095716029624,2.6118843683083512,2.884003320437652,0.5069964312006104,WWTR1
GO_Biological_Process_2023,Megakaryocyte Differentiation (GO:0030219),1,0.33148095716029624,2.6118843683083512,2.884003320437652,0.5069964312006104,KIT
GO_Biological_Process_2023,Motile Cilium Assembly (GO:0044458),1,0.33148095716029624,2.6118843683083512,2.884003320437652,0.5069964312006104,SPAG17
GO_Biological_Process_2023,Myeloid Cell Activation Involved In Immune Response (GO:0002275),1,0.33148095716029624,2.6118843683083512,2.884003320437652,0.5069964312006104,DNASE1L3
GO_Biological_Process_2023,Negative Regulation Of Fibroblast Proliferation (GO:0048147),1,0.33148095716029624,2.6118843683083512,2.884003320437652,0.5069964312006104,SFRP1
GO_Biological_Process_2023,Negative Regulation Of Interleukin-8 Production (GO:0032717),1,0.33148095716029624,2.6118843683083512,2.884003320437652,0.5069964312006104,TMSB4X
GO_Biological_Process_2023,Negative Regulation Of Leukocyte Activation (GO:0002695),1,0.33148095716029624,2.6118843683083512,2.884003320437652,0.5069964312006104,LILRB4
GO_Biological_Process_2023,Negative Regulation Of Striated Muscle Cell Differentiation (GO:0051154),1,0.33148095716029624,2.6118843683083512,2.884003320437652,0.5069964312006104,TMEM119
GO_Biological_Process_2023,Negative Regulation Of Vascular Associated Smooth Muscle Cell Proliferation (GO:1904706),1,0.33148095716029624,2.6118843683083512,2.884003320437652,0.5069964312006104,TPM1
GO_Biological_Process_2023,Neuron Maturation (GO:0042551),1,0.33148095716029624,2.6118843683083512,2.884003320437652,0.5069964312006104,C1QA
GO_Biological_Process_2023,Positive Chemotaxis (GO:0050918),1,0.33148095716029624,2.6118843683083512,2.884003320437652,0.5069964312006104,FGF7
GO_Biological_Process_2023,Positive Regulation Of Cartilage Development (GO:0061036),1,0.33148095716029624,2.6118843683083512,2.884003320437652,0.5069964312006104,MDK
GO_Biological_Process_2023,Positive Regulation Of Cell Cycle Phase Transition (GO:1901989),1,0.33148095716029624,2.6118843683083512,2.884003320437652,0.5069964312006104,DYRK3
GO_Biological_Process_2023,Positive Regulation Of Dendrite Morphogenesis (GO:0050775),1,0.33148095716029624,2.6118843683083512,2.884003320437652,0.5069964312006104,PTPRD
GO_Biological_Process_2023,Positive Regulation Of Heart Rate (GO:0010460),1,0.33148095716029624,2.6118843683083512,2.884003320437652,0.5069964312006104,TPM1
GO_Biological_Process_2023,Positive Regulation Of Leukocyte Proliferation (GO:0070665),1,0.33148095716029624,2.6118843683083512,2.884003320437652,0.5069964312006104,CSF1R
GO_Biological_Process_2023,Positive Regulation Of Lymphocyte Chemotaxis (GO:0140131),1,0.33148095716029624,2.6118843683083512,2.884003320437652,0.5069964312006104,CCL4
GO_Biological_Process_2023,Positive Regulation Of Peptidyl-Lysine Acetylation (GO:2000758),1,0.33148095716029624,2.6118843683083512,2.884003320437652,0.5069964312006104,PPARGC1A
GO_Biological_Process_2023,Positive Regulation Of Transcription From RNA Polymerase II Promoter In Response To Stress (GO:0036003),1,0.33148095716029624,2.6118843683083512,2.884003320437652,0.5069964312006104,CREB3L1
GO_Biological_Process_2023,Postsynaptic Membrane Organization (GO:0001941),1,0.33148095716029624,2.6118843683083512,2.884003320437652,0.5069964312006104,LRP4
GO_Biological_Process_2023,Prostaglandin Biosynthetic Process (GO:0001516),1,0.33148095716029624,2.6118843683083512,2.884003320437652,0.5069964312006104,PTGDS
GO_Biological_Process_2023,Regulation Of Cartilage Development (GO:0061035),1,0.33148095716029624,2.6118843683083512,2.884003320437652,0.5069964312006104,MDK
GO_Biological_Process_2023,Adenylate Cyclase-Modulating G Protein-Coupled Receptor Signaling Pathway (GO:0007188),5,0.33430649864823725,1.3241927987533149,1.4509141381603077,0.5109832140438675,LHCGR;ADCYAP1R1;ADGRG2;ADCY6;ADGRL3
GO_Biological_Process_2023,Regulation Of Release Of Sequestered Calcium Ion Into Cytosol (GO:0051279),2,0.335883522627434,1.7064903214504685,1.8617653057799848,0.5117181082326573,CASQ2;DMD
GO_Biological_Process_2023,Regulation Of Smoothened Signaling Pathway (GO:0008589),2,0.335883522627434,1.7064903214504685,1.8617653057799848,0.5117181082326573,SFRP1;RAB34
GO_Biological_Process_2023,Regulation Of Substrate Adhesion-Dependent Cell Spreading (GO:1900024),2,0.335883522627434,1.7064903214504685,1.8617653057799848,0.5117181082326573,MDK;OLFM4
GO_Biological_Process_2023,Negative Regulation Of MAP Kinase Activity (GO:0043407),2,0.335883522627434,1.7064903214504685,1.8617653057799848,0.5117181082326573,IL1B;APOE
GO_Biological_Process_2023,Receptor Internalization (GO:0031623),2,0.335883522627434,1.7064903214504685,1.8617653057799848,0.5117181082326573,CD36;LILRB4
GO_Biological_Process_2023,Positive Regulation Of Intracellular Protein Transport (GO:0090316),4,0.34100549885202275,1.3715375918598078,1.4755778748107358,0.5127969141318176,SH3GLB1;TENM1;IL1B;GAS6
GO_Biological_Process_2023,Rho Protein Signal Transduction (GO:0007266),2,0.34444336790941665,1.672274678111588,1.7823531475712848,0.5127969141318176,COL1A2;RHOJ
GO_Biological_Process_2023,Regulation Of Peptide Hormone Secretion (GO:0090276),2,0.34444336790941665,1.672274678111588,1.7823531475712848,0.5127969141318176,IL1B;TNF
GO_Biological_Process_2023,Regulation Of Protein Localization To Nucleus (GO:1900180),2,0.34444336790941665,1.672274678111588,1.7823531475712848,0.5127969141318176,WWTR1;LILRB4
GO_Biological_Process_2023,Regulation Of Cell Development (GO:0060284),2,0.34444336790941665,1.672274678111588,1.7823531475712848,0.5127969141318176,HEYL;IL1B
GO_Biological_Process_2023,Associative Learning (GO:0008306),1,0.3471375854020016,2.458118150900617,2.600772771164602,0.5127969141318176,BRSK1
GO_Biological_Process_2023,Regulation Of Nervous System Process (GO:0031644),1,0.3471375854020016,2.458118150900617,2.600772771164602,0.5127969141318176,TMEM108
GO_Biological_Process_2023,Cardiac Atrium Morphogenesis (GO:0003209),1,0.3471375854020016,2.458118150900617,2.600772771164602,0.5127969141318176,SHOX2
GO_Biological_Process_2023,Cardiac Muscle Cell Contraction (GO:0086003),1,0.3471375854020016,2.458118150900617,2.600772771164602,0.5127969141318176,CACNA1G
GO_Biological_Process_2023,Cell Junction Maintenance (GO:0034331),1,0.3471375854020016,2.458118150900617,2.600772771164602,0.5127969141318176,CSF1R
GO_Biological_Process_2023,Renal Absorption (GO:0070293),1,0.3471375854020016,2.458118150900617,2.600772771164602,0.5127969141318176,HAS2
GO_Biological_Process_2023,Response To Ethanol (GO:0045471),1,0.3471375854020016,2.458118150900617,2.600772771164602,0.5127969141318176,ADH6
GO_Biological_Process_2023,Dendritic Cell Migration (GO:0036336),1,0.3471375854020016,2.458118150900617,2.600772771164602,0.5127969141318176,CLU
GO_Biological_Process_2023,Detection Of Mechanical Stimulus (GO:0050982),1,0.3471375854020016,2.458118150900617,2.600772771164602,0.5127969141318176,CDH2
GO_Biological_Process_2023,Glycerolipid Catabolic Process (GO:0046503),1,0.3471375854020016,2.458118150900617,2.600772771164602,0.5127969141318176,MGLL
GO_Biological_Process_2023,Heart Trabecula Morphogenesis (GO:0061384),1,0.3471375854020016,2.458118150900617,2.600772771164602,0.5127969141318176,BMP5
GO_Biological_Process_2023,Vesicle Transport Along Actin Filament (GO:0030050),1,0.3471375854020016,2.458118150900617,2.600772771164602,0.5127969141318176,MYO1E
GO_Biological_Process_2023,Vesicle-Mediated Transport In Synapse (GO:0099003),1,0.3471375854020016,2.458118150900617,2.600772771164602,0.5127969141318176,BRSK1
GO_Biological_Process_2023,Icosanoid Biosynthetic Process (GO:0046456),1,0.3471375854020016,2.458118150900617,2.600772771164602,0.5127969141318176,CYP4A11
GO_Biological_Process_2023,Melanosome Localization (GO:0032400),1,0.3471375854020016,2.458118150900617,2.600772771164602,0.5127969141318176,SHROOM2
GO_Biological_Process_2023,Mesenchyme Morphogenesis (GO:0072132),1,0.3471375854020016,2.458118150900617,2.600772771164602,0.5127969141318176,HEYL
GO_Biological_Process_2023,Negative Regulation Of T Cell Receptor Signaling Pathway (GO:0050860),1,0.3471375854020016,2.458118150900617,2.600772771164602,0.5127969141318176,LILRB4
GO_Biological_Process_2023,Negative Regulation Of Lipid Storage (GO:0010888),1,0.3471375854020016,2.458118150900617,2.600772771164602,0.5127969141318176,TNF
GO_Biological_Process_2023,Negative Regulation Of Monoatomic Ion Transport (GO:0043271),1,0.3471375854020016,2.458118150900617,2.600772771164602,0.5127969141318176,CASQ2
GO_Biological_Process_2023,Negative Regulation Of Signal Transduction By P53 Class Mediator (GO:1901797),1,0.3471375854020016,2.458118150900617,2.600772771164602,0.5127969141318176,SNAI2
GO_Biological_Process_2023,Negative Regulation Of Viral Entry Into Host Cell (GO:0046597),1,0.3471375854020016,2.458118150900617,2.600772771164602,0.5127969141318176,LRRC15
GO_Biological_Process_2023,Neural Crest Cell Differentiation (GO:0014033),1,0.3471375854020016,2.458118150900617,2.600772771164602,0.5127969141318176,SNAI2
GO_Biological_Process_2023,Neutrophil Activation (GO:0042119),1,0.3471375854020016,2.458118150900617,2.600772771164602,0.5127969141318176,DNASE1L3
GO_Biological_Process_2023,Peptide Antigen Assembly With MHC Protein Complex (GO:0002501),1,0.3471375854020016,2.458118150900617,2.600772771164602,0.5127969141318176,HLA-DPA1
GO_Biological_Process_2023,Positive Regulation Of G Protein-Coupled Receptor Signaling Pathway (GO:0045745),1,0.3471375854020016,2.458118150900617,2.600772771164602,0.5127969141318176,PRKCA
GO_Biological_Process_2023,Positive Regulation Of NLRP3 Inflammasome Complex Assembly (GO:1900227),1,0.3471375854020016,2.458118150900617,2.600772771164602,0.5127969141318176,CD36
GO_Biological_Process_2023,Positive Regulation Of Cation Transmembrane Transport (GO:1904064),1,0.3471375854020016,2.458118150900617,2.600772771164602,0.5127969141318176,KCNN4
GO_Biological_Process_2023,Positive Regulation Of Epidermal Cell Differentiation (GO:0045606),1,0.3471375854020016,2.458118150900617,2.600772771164602,0.5127969141318176,FOXC1
GO_Biological_Process_2023,Positive Regulation Of Establishment Of Protein Localization (GO:1904951),1,0.3471375854020016,2.458118150900617,2.600772771164602,0.5127969141318176,TNF
GO_Biological_Process_2023,Positive Regulation Of Extracellular Matrix Organization (GO:1903055),1,0.3471375854020016,2.458118150900617,2.600772771164602,0.5127969141318176,FSCN1
GO_Biological_Process_2023,Positive Regulation Of Focal Adhesion Assembly (GO:0051894),1,0.3471375854020016,2.458118150900617,2.600772771164602,0.5127969141318176,SFRP1
GO_Biological_Process_2023,Positive Regulation Of Glycolytic Process (GO:0045821),1,0.3471375854020016,2.458118150900617,2.600772771164602,0.5127969141318176,SLC4A4
GO_Biological_Process_2023,Positive Regulation Of Interleukin-4 Production (GO:0032753),1,0.3471375854020016,2.458118150900617,2.600772771164602,0.5127969141318176,HLA-E
GO_Biological_Process_2023,Positive Regulation Of Neuroblast Proliferation (GO:0002052),1,0.3471375854020016,2.458118150900617,2.600772771164602,0.5127969141318176,FZD3
GO_Biological_Process_2023,Positive Regulation Of Neutrophil Chemotaxis (GO:0090023),1,0.3471375854020016,2.458118150900617,2.600772771164602,0.5127969141318176,MDK
GO_Biological_Process_2023,Positive Regulation Of Osteoclast Differentiation (GO:0045672),1,0.3471375854020016,2.458118150900617,2.600772771164602,0.5127969141318176,TNF
GO_Biological_Process_2023,Positive Regulation Of Triglyceride Metabolic Process (GO:0090208),1,0.3471375854020016,2.458118150900617,2.600772771164602,0.5127969141318176,MFSD2A
GO_Biological_Process_2023,"Protein Localization To Chromosome, Centromeric Region (GO:0071459)",1,0.3471375854020016,2.458118150900617,2.600772771164602,0.5127969141318176,H2AC8
GO_Biological_Process_2023,Pulmonary Valve Morphogenesis (GO:0003184),1,0.3471375854020016,2.458118150900617,2.600772771164602,0.5127969141318176,HEYL
GO_Biological_Process_2023,Regulation Of RIG-I Signaling Pathway (GO:0039535),1,0.3471375854020016,2.458118150900617,2.600772771164602,0.5127969141318176,OASL
GO_Biological_Process_2023,Regulation Of T Cell Cytokine Production (GO:0002724),1,0.3471375854020016,2.458118150900617,2.600772771164602,0.5127969141318176,LILRB4
GO_Biological_Process_2023,Regulation Of Adaptive Immune Response (GO:0002819),1,0.3471375854020016,2.458118150900617,2.600772771164602,0.5127969141318176,SASH3
GO_Biological_Process_2023,Regulation Of Cell Cycle G2/M Phase Transition (GO:1902749),1,0.3471375854020016,2.458118150900617,2.600772771164602,0.5127969141318176,DYRK3
GO_Biological_Process_2023,Regulation Of Cytokine Production (GO:0001817),5,0.3528349465840167,1.2912300349305388,1.3451452221291487,0.520091774288174,SNAI2;PIK3CD;TNF;ERMAP;LGR4
GO_Biological_Process_2023,Cellular Response To Alcohol (GO:0097306),2,0.352967168154442,1.6394008247075655,1.7072396151676004,0.520091774288174,SFRP1;ADCY6
GO_Biological_Process_2023,Negative Regulation Of Cysteine-Type Endopeptidase Activity (GO:2000117),2,0.352967168154442,1.6394008247075655,1.7072396151676004,0.520091774288174,GAS6;TNF
GO_Biological_Process_2023,Positive Regulation Of NIK/NF-kappaB Signaling (GO:1901224),2,0.352967168154442,1.6394008247075655,1.7072396151676004,0.520091774288174,IL1B;TNF
GO_Biological_Process_2023,Positive Regulation Of DNA-binding Transcription Factor Activity (GO:0051091),7,0.3538925973521377,1.2257417475199448,1.2732537152571868,0.5211263862586052,ALK;IL1B;KIT;CD36;PPARGC1A;CLU;TNF
GO_Biological_Process_2023,Regulation Of Exocytosis (GO:0017157),2,0.3614519259028392,1.6077913502806207,1.6361306524722594,0.52120003499475,RAB3C;SEPTIN4
GO_Biological_Process_2023,Regulation Of Lipid Metabolic Process (GO:0019216),2,0.3614519259028392,1.6077913502806207,1.6361306524722594,0.52120003499475,IL1B;RARRES2
GO_Biological_Process_2023,Monoatomic Anion Transmembrane Transport (GO:0098656),2,0.3614519259028392,1.6077913502806207,1.6361306524722594,0.52120003499475,ANO6;ANO5
GO_Biological_Process_2023,Peptidyl-Tyrosine Modification (GO:0018212),2,0.3614519259028392,1.6077913502806207,1.6361306524722594,0.52120003499475,PDGFRA;CSF1R
GO_Biological_Process_2023,DNA Catabolic Process (GO:0006308),1,0.362428301969357,2.3214370687604093,2.3560929018582786,0.52120003499475,DNASE1L3
GO_Biological_Process_2023,Atrioventricular Valve Morphogenesis (GO:0003181),1,0.362428301969357,2.3214370687604093,2.3560929018582786,0.52120003499475,HEYL
GO_Biological_Process_2023,Regulation Of Nuclear Division (GO:0051783),1,0.362428301969357,2.3214370687604093,2.3560929018582786,0.52120003499475,CCDC8
GO_Biological_Process_2023,Bicarbonate Transport (GO:0015701),1,0.362428301969357,2.3214370687604093,2.3560929018582786,0.52120003499475,SLC4A4
GO_Biological_Process_2023,Calcium-Independent Cell-Cell Adhesion Via Plasma Membrane Cell-Adhesion Molecules (GO:0016338),1,0.362428301969357,2.3214370687604093,2.3560929018582786,0.52120003499475,CLDN11
GO_Biological_Process_2023,Cardiac Ventricle Development (GO:0003231),1,0.362428301969357,2.3214370687604093,2.3560929018582786,0.52120003499475,HEYL
GO_Biological_Process_2023,Regulation Of Protein-Containing Complex Disassembly (GO:0043244),1,0.362428301969357,2.3214370687604093,2.3560929018582786,0.52120003499475,TNF
GO_Biological_Process_2023,Regulation Of Smooth Muscle Cell Migration (GO:0014910),1,0.362428301969357,2.3214370687604093,2.3560929018582786,0.52120003499475,PLAU
GO_Biological_Process_2023,Regulation Of Tissue Remodeling (GO:0034103),1,0.362428301969357,2.3214370687604093,2.3560929018582786,0.52120003499475,MDK
GO_Biological_Process_2023,Release Of Cytochrome C From Mitochondria (GO:0001836),1,0.362428301969357,2.3214370687604093,2.3560929018582786,0.52120003499475,CLU
GO_Biological_Process_2023,Dopamine Metabolic Process (GO:0042417),1,0.362428301969357,2.3214370687604093,2.3560929018582786,0.52120003499475,MAOA
GO_Biological_Process_2023,Dopaminergic Neuron Differentiation (GO:0071542),1,0.362428301969357,2.3214370687604093,2.3560929018582786,0.52120003499475,EN1
GO_Biological_Process_2023,Establishment Of Skin Barrier (GO:0061436),1,0.362428301969357,2.3214370687604093,2.3560929018582786,0.52120003499475,TP63
GO_Biological_Process_2023,Superoxide Anion Generation (GO:0042554),1,0.362428301969357,2.3214370687604093,2.3560929018582786,0.52120003499475,SH3PXD2A
GO_Biological_Process_2023,Gastrulation (GO:0007369),1,0.362428301969357,2.3214370687604093,2.3560929018582786,0.52120003499475,NR4A3
GO_Biological_Process_2023,Heme Biosynthetic Process (GO:0006783),1,0.362428301969357,2.3214370687604093,2.3560929018582786,0.52120003499475,FECH
GO_Biological_Process_2023,Immunoglobulin Production Involved In Immunoglobulin-Mediated Immune Response (GO:0002381),1,0.362428301969357,2.3214370687604093,2.3560929018582786,0.52120003499475,HLA-DPA1
GO_Biological_Process_2023,Interleukin-1-Mediated Signaling Pathway (GO:0070498),1,0.362428301969357,2.3214370687604093,2.3560929018582786,0.52120003499475,IL1B
GO_Biological_Process_2023,Leukotriene Biosynthetic Process (GO:0019370),1,0.362428301969357,2.3214370687604093,2.3560929018582786,0.52120003499475,GGTA1
GO_Biological_Process_2023,Linoleic Acid Metabolic Process (GO:0043651),1,0.362428301969357,2.3214370687604093,2.3560929018582786,0.52120003499475,CYP4A11
GO_Biological_Process_2023,Multicellular Organismal-Level Water Homeostasis (GO:0050891),1,0.362428301969357,2.3214370687604093,2.3560929018582786,0.52120003499475,CYP4A11
GO_Biological_Process_2023,Negative Regulation Of Calcium Ion Transmembrane Transport (GO:1903170),1,0.362428301969357,2.3214370687604093,2.3560929018582786,0.52120003499475,SESTD1
GO_Biological_Process_2023,Negative Regulation Of Execution Phase Of Apoptosis (GO:1900118),1,0.362428301969357,2.3214370687604093,2.3560929018582786,0.52120003499475,FZD3
GO_Biological_Process_2023,Negative Regulation Of Peptidyl-Serine Phosphorylation (GO:0033137),1,0.362428301969357,2.3214370687604093,2.3560929018582786,0.52120003499475,DMD
GO_Biological_Process_2023,Negative Regulation Of Telomere Maintenance Via Telomerase (GO:0032211),1,0.362428301969357,2.3214370687604093,2.3560929018582786,0.52120003499475,TENM1
GO_Biological_Process_2023,Oligodendrocyte Differentiation (GO:0048709),1,0.362428301969357,2.3214370687604093,2.3560929018582786,0.52120003499475,PTPRZ1
GO_Biological_Process_2023,Phosphatidylcholine Biosynthetic Process (GO:0006656),1,0.362428301969357,2.3214370687604093,2.3560929018582786,0.52120003499475,MFSD2A
GO_Biological_Process_2023,Pore Complex Assembly (GO:0046931),1,0.362428301969357,2.3214370687604093,2.3560929018582786,0.52120003499475,ANO6
GO_Biological_Process_2023,Positive Regulation Of calcineurin-NFAT Signaling Cascade (GO:0070886),1,0.362428301969357,2.3214370687604093,2.3560929018582786,0.52120003499475,TNF
GO_Biological_Process_2023,Positive Regulation Of Calcineurin-Mediated Signaling (GO:0106058),1,0.362428301969357,2.3214370687604093,2.3560929018582786,0.52120003499475,TNF
GO_Biological_Process_2023,Receptor Clustering (GO:0043113),1,0.362428301969357,2.3214370687604093,2.3560929018582786,0.52120003499475,LRP4
GO_Biological_Process_2023,Regulation Of B Cell Differentiation (GO:0045577),1,0.362428301969357,2.3214370687604093,2.3560929018582786,0.52120003499475,SFRP1
GO_Biological_Process_2023,Regulation Of Acute Inflammatory Response (GO:0002673),1,0.362428301969357,2.3214370687604093,2.3560929018582786,0.52120003499475,DNASE1L3
GO_Biological_Process_2023,Regulation Of Behavior (GO:0050795),1,0.362428301969357,2.3214370687604093,2.3560929018582786,0.52120003499475,APOE
GO_Biological_Process_2023,"Regulation Of Synaptic Transmission, Glutamatergic (GO:0051966)",2,0.3698948031937539,1.5773746862094096,1.5687569038210596,0.5316098957230428,CDH2;TNF
GO_Biological_Process_2023,Metal Ion Transport (GO:0030001),5,0.3714096982939231,1.259855838038981,1.247823607036867,0.5325042741039613,TRPC3;KCNK17;KCNN4;CLU;SLC4A4
GO_Biological_Process_2023,Regulation Of Fibroblast Migration (GO:0010762),1,0.3773616406889254,2.1991434689507496,2.1431781094152442,0.5325042741039613,FGF2
GO_Biological_Process_2023,T Cell Mediated Immunity (GO:0002456),1,0.3773616406889254,2.1991434689507496,2.1431781094152442,0.5325042741039613,CD46
GO_Biological_Process_2023,Actin Filament-Based Transport (GO:0099515),1,0.3773616406889254,2.1991434689507496,2.1431781094152442,0.5325042741039613,MYO1E
GO_Biological_Process_2023,Activation Of Adenylate Cyclase Activity (GO:0007190),1,0.3773616406889254,2.1991434689507496,2.1431781094152442,0.5325042741039613,LHCGR
GO_Biological_Process_2023,Regulation Of Membrane Depolarization (GO:0003254),1,0.3773616406889254,2.1991434689507496,2.1431781094152442,0.5325042741039613,FHL1
GO_Biological_Process_2023,Regulation Of Protein Localization To Cell Periphery (GO:1904375),1,0.3773616406889254,2.1991434689507496,2.1431781094152442,0.5325042741039613,SPTBN1
GO_Biological_Process_2023,Response To ATP (GO:0033198),1,0.3773616406889254,2.1991434689507496,2.1431781094152442,0.5325042741039613,TRPC3
GO_Biological_Process_2023,Cilium-Dependent Cell Motility (GO:0060285),1,0.3773616406889254,2.1991434689507496,2.1431781094152442,0.5325042741039613,DNAH3
GO_Biological_Process_2023,Response To Fibroblast Growth Factor (GO:0071774),1,0.3773616406889254,2.1991434689507496,2.1431781094152442,0.5325042741039613,SFRP1
GO_Biological_Process_2023,Endothelial Cell Development (GO:0001885),1,0.3773616406889254,2.1991434689507496,2.1431781094152442,0.5325042741039613,PPP1R16B
GO_Biological_Process_2023,Epithelial Cilium Movement Involved In Extracellular Fluid Movement (GO:0003351),1,0.3773616406889254,2.1991434689507496,2.1431781094152442,0.5325042741039613,SPAG17
GO_Biological_Process_2023,Stress-Activated Protein Kinase Signaling Cascade (GO:0031098),1,0.3773616406889254,2.1991434689507496,2.1431781094152442,0.5325042741039613,MAP3K20
GO_Biological_Process_2023,Transport Along Microtubule (GO:0010970),1,0.3773616406889254,2.1991434689507496,2.1431781094152442,0.5325042741039613,DYNC1I1
GO_Biological_Process_2023,Leukotriene Metabolic Process (GO:0006691),1,0.3773616406889254,2.1991434689507496,2.1431781094152442,0.5325042741039613,CYP4A11
GO_Biological_Process_2023,Mesoderm Formation (GO:0001707),1,0.3773616406889254,2.1991434689507496,2.1431781094152442,0.5325042741039613,ITGA8
GO_Biological_Process_2023,Negative Regulation Of B Cell Activation (GO:0050869),1,0.3773616406889254,2.1991434689507496,2.1431781094152442,0.5325042741039613,SFRP1
GO_Biological_Process_2023,Negative Regulation Of Cytokine Production Involved In Inflammatory Response (GO:1900016),1,0.3773616406889254,2.1991434689507496,2.1431781094152442,0.5325042741039613,LILRB4
GO_Biological_Process_2023,Negative Regulation Of miRNA Transcription (GO:1902894),1,0.3773616406889254,2.1991434689507496,2.1431781094152442,0.5325042741039613,LILRB4
GO_Biological_Process_2023,Negative Regulation Of Microtubule Depolymerization (GO:0007026),1,0.3773616406889254,2.1991434689507496,2.1431781094152442,0.5325042741039613,HDGFL3
GO_Biological_Process_2023,Negative Regulation Of Protein Localization To Cell Periphery (GO:1904376),1,0.3773616406889254,2.1991434689507496,2.1431781094152442,0.5325042741039613,LRRC15
GO_Biological_Process_2023,Negative Regulation Of Protein Localization To Plasma Membrane (GO:1903077),1,0.3773616406889254,2.1991434689507496,2.1431781094152442,0.5325042741039613,LRRC15
GO_Biological_Process_2023,Negative Regulation Of Viral Life Cycle (GO:1903901),1,0.3773616406889254,2.1991434689507496,2.1431781094152442,0.5325042741039613,LRRC15
GO_Biological_Process_2023,Positive Regulation Of Antigen Receptor-Mediated Signaling Pathway (GO:0050857),1,0.3773616406889254,2.1991434689507496,2.1431781094152442,0.5325042741039613,KCNN4
GO_Biological_Process_2023,Positive Regulation Of Epithelial Cell Differentiation (GO:0030858),1,0.3773616406889254,2.1991434689507496,2.1431781094152442,0.5325042741039613,FGF2
GO_Biological_Process_2023,Positive Regulation Of Lipid Catabolic Process (GO:0050996),1,0.3773616406889254,2.1991434689507496,2.1431781094152442,0.5325042741039613,IL1B
GO_Biological_Process_2023,Positive Regulation Of Lipid Storage (GO:0010884),1,0.3773616406889254,2.1991434689507496,2.1431781094152442,0.5325042741039613,EHD1
GO_Biological_Process_2023,Pulmonary Valve Development (GO:0003177),1,0.3773616406889254,2.1991434689507496,2.1431781094152442,0.5325042741039613,HEYL
GO_Biological_Process_2023,Receptor Metabolic Process (GO:0043112),1,0.3773616406889254,2.1991434689507496,2.1431781094152442,0.5325042741039613,SH3GLB1
GO_Biological_Process_2023,Regulation Of Cardiac Muscle Cell Proliferation (GO:0060043),1,0.3773616406889254,2.1991434689507496,2.1431781094152442,0.5325042741039613,FGF2
GO_Biological_Process_2023,Regulation Of Reactive Oxygen Species Metabolic Process (GO:2000377),2,0.37829311553735223,1.5480845652519473,1.5048712489921123,0.5331739925508334,AKR1C1;CYP1B1
GO_Biological_Process_2023,Cellular Response To Peptide (GO:1901653),2,0.37829311553735223,1.5480845652519473,1.5048712489921123,0.5331739925508334,CD36;VIM
GO_Biological_Process_2023,Antigen Receptor-Mediated Signaling Pathway (GO:0050851),4,0.3835521415190876,1.2866047745358091,1.2329272440211478,0.540259926557363,IGHG4;PIK3CD;ERMAP;HLA-DPA1
GO_Biological_Process_2023,T Cell Receptor Signaling Pathway (GO:0050852),3,0.3842735048852354,1.3632538569424966,1.3038169807111266,0.5409495539216763,PIK3CD;ERMAP;HLA-DPA1
GO_Biological_Process_2023,Monoatomic Anion Transport (GO:0006820),2,0.3866443265301556,1.519859539602029,1.4442466208779716,0.5425870797312828,ANO6;ANO5
GO_Biological_Process_2023,Myeloid Cell Differentiation (GO:0030099),2,0.3866443265301556,1.519859539602029,1.4442466208779716,0.5425870797312828,DYRK3;KIT
GO_Biological_Process_2023,Positive Regulation Of Interleukin-1 Beta Production (GO:0032731),2,0.3866443265301556,1.519859539602029,1.4442466208779716,0.5425870797312828,CD36;TNF
GO_Biological_Process_2023,Negative Regulation Of Gene Expression (GO:0010629),9,0.3878201902455637,1.1515860166696648,1.0907977914325393,0.5425870797312828,SFRP1;CREB3L1;AGO2;ATP2B4;APOE;CD46;FGF2;TNF;LGR4
GO_Biological_Process_2023,Cellular Response To Metal Ion (GO:0071248),4,0.38885667850827704,1.2767175572519085,1.2059164688302138,0.5425870797312828,MT2A;MT1X;CLU;F3
GO_Biological_Process_2023,Positive Regulation Of Supramolecular Fiber Organization (GO:1902905),3,0.3906157003850841,1.3485258411377037,1.267656183688747,0.5425870797312828,TENM1;APOE;CLU
GO_Biological_Process_2023,Antigen Processing And Presentation Of Endogenous Peptide Antigen (GO:0002483),1,0.3919459367724691,2.0890792291220555,1.9566971301741825,0.5425870797312828,HLA-E
GO_Biological_Process_2023,Chaperone-Mediated Protein Complex Assembly (GO:0051131),1,0.3919459367724691,2.0890792291220555,1.9566971301741825,0.5425870797312828,CLU
GO_Biological_Process_2023,Response To Cadmium Ion (GO:0046686),1,0.3919459367724691,2.0890792291220555,1.9566971301741825,0.5425870797312828,MT1X
GO_Biological_Process_2023,Endocardial Cushion Morphogenesis (GO:0003203),1,0.3919459367724691,2.0890792291220555,1.9566971301741825,0.5425870797312828,HEYL
GO_Biological_Process_2023,Skin Epidermis Development (GO:0098773),1,0.3919459367724691,2.0890792291220555,1.9566971301741825,0.5425870797312828,TP63
GO_Biological_Process_2023,Innate Immune Response In Mucosa (GO:0002227),1,0.3919459367724691,2.0890792291220555,1.9566971301741825,0.5425870797312828,RNASE2
GO_Biological_Process_2023,Macrophage Differentiation (GO:0030225),1,0.3919459367724691,2.0890792291220555,1.9566971301741825,0.5425870797312828,CSF1R
GO_Biological_Process_2023,Negative Regulation Of Biomineral Tissue Development (GO:0070168),1,0.3919459367724691,2.0890792291220555,1.9566971301741825,0.5425870797312828,GAS6
GO_Biological_Process_2023,Negative Regulation Of Interleukin-2 Production (GO:0032703),1,0.3919459367724691,2.0890792291220555,1.9566971301741825,0.5425870797312828,LILRB4
GO_Biological_Process_2023,Negative Regulation Of miRNA Metabolic Process (GO:2000629),1,0.3919459367724691,2.0890792291220555,1.9566971301741825,0.5425870797312828,LILRB4
GO_Biological_Process_2023,Negative Regulation Of Osteoclast Differentiation (GO:0045671),1,0.3919459367724691,2.0890792291220555,1.9566971301741825,0.5425870797312828,LILRB4
GO_Biological_Process_2023,Negative Regulation Of Tumor Necrosis Factor-Mediated Signaling Pathway (GO:0010804),1,0.3919459367724691,2.0890792291220555,1.9566971301741825,0.5425870797312828,GAS6
GO_Biological_Process_2023,Peptide Catabolic Process (GO:0043171),1,0.3919459367724691,2.0890792291220555,1.9566971301741825,0.5425870797312828,ENPEP
GO_Biological_Process_2023,Porphyrin-Containing Compound Biosynthetic Process (GO:0006779),1,0.3919459367724691,2.0890792291220555,1.9566971301741825,0.5425870797312828,FECH
GO_Biological_Process_2023,Positive Regulation Of T Cell Cytokine Production (GO:0002726),1,0.3919459367724691,2.0890792291220555,1.9566971301741825,0.5425870797312828,IL1B
GO_Biological_Process_2023,Positive Regulation Of Granulocyte Chemotaxis (GO:0071624),1,0.3919459367724691,2.0890792291220555,1.9566971301741825,0.5425870797312828,MDK
GO_Biological_Process_2023,Positive Regulation Of Natural Killer Cell Mediated Cytotoxicity (GO:0045954),1,0.3919459367724691,2.0890792291220555,1.9566971301741825,0.5425870797312828,HLA-E
GO_Biological_Process_2023,Positive Regulation Of Transcription Regulatory Region DNA Binding (GO:2000679),1,0.3919459367724691,2.0890792291220555,1.9566971301741825,0.5425870797312828,FOXC1
GO_Biological_Process_2023,Positive Regulation Of Vacuole Organization (GO:0044090),1,0.3919459367724691,2.0890792291220555,1.9566971301741825,0.5425870797312828,SH3GLB1
GO_Biological_Process_2023,Regulation Of Anoikis (GO:2000209),1,0.3919459367724691,2.0890792291220555,1.9566971301741825,0.5425870797312828,SNAI2
GO_Biological_Process_2023,Regulation Of Cardiac Conduction (GO:1903779),1,0.3919459367724691,2.0890792291220555,1.9566971301741825,0.5425870797312828,ATP2B4
GO_Biological_Process_2023,Regulation Of Cell-Substrate Junction Assembly (GO:0090109),1,0.3919459367724691,2.0890792291220555,1.9566971301741825,0.5425870797312828,LIMCH1
GO_Biological_Process_2023,Regulation Of Neuron Death (GO:1901214),2,0.3949460422825803,1.4926425505824648,1.3866740722672717,0.5451236325769027,C1QA;CLU
GO_Biological_Process_2023,Glycosaminoglycan Biosynthetic Process (GO:0006024),2,0.3949460422825803,1.4926425505824648,1.3866740722672717,0.5451236325769027,IL1B;HAS2
GO_Biological_Process_2023,Inorganic Anion Transport (GO:0015698),2,0.3949460422825803,1.4926425505824648,1.3866740722672717,0.5451236325769027,ANO6;ANO5
GO_Biological_Process_2023,Peptidyl-Threonine Phosphorylation (GO:0018107),2,0.3949460422825803,1.4926425505824648,1.3866740722672717,0.5451236325769027,DYRK3;PRKCA
GO_Biological_Process_2023,Regulation Of Bone Mineralization (GO:0030500),2,0.3949460422825803,1.4926425505824648,1.3866740722672717,0.5451236325769027,TMEM119;ANO6
GO_Biological_Process_2023,Monocarboxylic Acid Metabolic Process (GO:0032787),3,0.39694151647576964,1.334111187371311,1.2326738080147779,0.5472862463093582,AKR1C1;CYP4A11;CD36
GO_Biological_Process_2023,Regulation Of DNA-templated Transcription (GO:0006355),47,0.3969818401892646,1.0513114806017418,0.9712696097220404,0.5472862463093582,TENM1;FOXC1;CSRNP3;DLX5;DLX6;SATB2;SHOX2;DBX2;BARX1;TNF;FGF2;HOXA13;GLIS1;ETS2;ELK3;HOXA10;FGF7;CREB3L1;SPP1;SHOX;ALX4;APOE;HOXC9;PPARGC1A;TP63;WWTR1;FOXD1;DMRT2;IRX3;EBF1;IGF2;ATP2B4;EN1;ZFHX4;RUNX2;COL1A1;HEYL;TBX15;SFRP1;DAP;NR4A3;IL1B;SNAI2;LCOR;SP7;GAS6;MXD1
GO_Biological_Process_2023,Protein Modification Process (GO:0036211),18,0.3999949418636759,1.0873881673881673,0.9963774502083097,0.5511146365465287,BRSK1;EPHA7;DYRK3;PTPRS;GMFG;F13A1;PIK3CD;PRKCA;PTPN13;PTPRD;PTPRZ1;MAP3K20;CPE;COQ8A;TNIK;GAS6;EPHB1;SGK2
GO_Biological_Process_2023,Anterior/Posterior Pattern Specification (GO:0009952),2,0.40319600619920054,1.4663805436337625,1.3319610575426377,0.5515101219143812,HEYL;HOXC9
GO_Biological_Process_2023,Glucose Metabolic Process (GO:0006006),2,0.40319600619920054,1.4663805436337625,1.3319610575426377,0.5515101219143812,HECTD4;PPARGC1A
GO_Biological_Process_2023,Mitotic Cytokinesis (GO:0000281),2,0.40319600619920054,1.4663805436337625,1.3319610575426377,0.5515101219143812,CEP55;SPTBN1
GO_Biological_Process_2023,Phospholipid Transport (GO:0015914),2,0.40319600619920054,1.4663805436337625,1.3319610575426377,0.5515101219143812,APOE;MFSD2A
GO_Biological_Process_2023,Negative Regulation Of Cytokine Production (GO:0001818),5,0.4038988652090096,1.2084420529594626,1.0955624064600362,0.5515101219143812,TMSB4X;GAS6;TNF;LILRB4;LGR4
GO_Biological_Process_2023,Fc Receptor Mediated Stimulatory Signaling Pathway (GO:0002431),1,0.4061893314356561,1.9894972978484755,1.7924095276320218,0.5515101219143812,NR4A3
GO_Biological_Process_2023,Fc-epsilon Receptor Signaling Pathway (GO:0038095),1,0.4061893314356561,1.9894972978484755,1.7924095276320218,0.5515101219143812,NR4A3
GO_Biological_Process_2023,Regulation Of Histone Acetylation (GO:0035065),1,0.4061893314356561,1.9894972978484755,1.7924095276320218,0.5515101219143812,PPARGC1A
GO_Biological_Process_2023,Blood Vessel Endothelial Cell Migration (GO:0043534),1,0.4061893314356561,1.9894972978484755,1.7924095276320218,0.5515101219143812,FGF2
GO_Biological_Process_2023,Cellular Response To Cadmium Ion (GO:0071276),1,0.4061893314356561,1.9894972978484755,1.7924095276320218,0.5515101219143812,MT1X
GO_Biological_Process_2023,Cellular Response To Low-Density Lipoprotein Particle Stimulus (GO:0071404),1,0.4061893314356561,1.9894972978484755,1.7924095276320218,0.5515101219143812,CD36
GO_Biological_Process_2023,Regulation Of Vascular Endothelial Growth Factor Receptor Signaling Pathway (GO:0030947),1,0.4061893314356561,1.9894972978484755,1.7924095276320218,0.5515101219143812,IL1B
GO_Biological_Process_2023,Response To Gamma Radiation (GO:0010332),1,0.4061893314356561,1.9894972978484755,1.7924095276320218,0.5515101219143812,MAP3K20
GO_Biological_Process_2023,Cytoskeleton-Dependent Intracellular Transport (GO:0030705),1,0.4061893314356561,1.9894972978484755,1.7924095276320218,0.5515101219143812,DYNC1I1
GO_Biological_Process_2023,Vesicle Transport Along Microtubule (GO:0047496),1,0.4061893314356561,1.9894972978484755,1.7924095276320218,0.5515101219143812,DYNC1I1
GO_Biological_Process_2023,Inositol Phosphate Metabolic Process (GO:0043647),1,0.4061893314356561,1.9894972978484755,1.7924095276320218,0.5515101219143812,NUDT11
GO_Biological_Process_2023,Negative Regulation Of Cell Communication (GO:0010648),1,0.4061893314356561,1.9894972978484755,1.7924095276320218,0.5515101219143812,IL1B
GO_Biological_Process_2023,Negative Regulation Of Protein Localization To Nucleus (GO:1900181),1,0.4061893314356561,1.9894972978484755,1.7924095276320218,0.5515101219143812,LILRB4
GO_Biological_Process_2023,peptidyl-L-cysteine S-palmitoylation (GO:0018230),1,0.4061893314356561,1.9894972978484755,1.7924095276320218,0.5515101219143812,ZDHHC11B
GO_Biological_Process_2023,peptidyl-S-diacylglycerol-L-cysteine Biosynthetic Process From Peptidyl-Cysteine (GO:0018231),1,0.4061893314356561,1.9894972978484755,1.7924095276320218,0.5515101219143812,ZDHHC11B
GO_Biological_Process_2023,Peptidyl-Glutamic Acid Modification (GO:0018200),1,0.4061893314356561,1.9894972978484755,1.7924095276320218,0.5515101219143812,TTLL7
GO_Biological_Process_2023,Placenta Development (GO:0001890),1,0.4061893314356561,1.9894972978484755,1.7924095276320218,0.5515101219143812,IGF2
GO_Biological_Process_2023,Positive Regulation Of Cholesterol Efflux (GO:0010875),1,0.4061893314356561,1.9894972978484755,1.7924095276320218,0.5515101219143812,APOE
GO_Biological_Process_2023,Positive Regulation Of Protein Autophosphorylation (GO:0031954),1,0.4061893314356561,1.9894972978484755,1.7924095276320218,0.5515101219143812,PDGFD
GO_Biological_Process_2023,Regulation Of Catabolic Process (GO:0009894),1,0.4061893314356561,1.9894972978484755,1.7924095276320218,0.5515101219143812,RARRES2
GO_Biological_Process_2023,Regulation Of Extrinsic Apoptotic Signaling Pathway (GO:2001236),2,0.4113920939853936,1.4410241231315672,1.2799299026681443,0.5579251292050602,G0S2;TNF
GO_Biological_Process_2023,Homophilic Cell Adhesion Via Plasma Membrane Adhesion Molecules (GO:0007156),2,0.4113920939853936,1.4410241231315672,1.2799299026681443,0.5579251292050602,CDH2;FAT2
GO_Biological_Process_2023,BMP Signaling Pathway (GO:0030509),2,0.41953230848436046,1.4165272423074124,1.2304164414174674,0.5628661758640114,DLX5;RUNX2
GO_Biological_Process_2023,Regulation Of Pathway-Restricted SMAD Protein Phosphorylation (GO:0060393),2,0.41953230848436046,1.4165272423074124,1.2304164414174674,0.5628661758640114,BMP8A;BMP5
GO_Biological_Process_2023,Regulation Of Interleukin-4 Production (GO:0032673),1,0.42009977650176,1.8989682694179482,1.6469049805623424,0.5628661758640114,HLA-E
GO_Biological_Process_2023,Regulation Of Myotube Differentiation (GO:0010830),1,0.42009977650176,1.8989682694179482,1.6469049805623424,0.5628661758640114,TMEM119
GO_Biological_Process_2023,Bile Acid And Bile Salt Transport (GO:0015721),1,0.42009977650176,1.8989682694179482,1.6469049805623424,0.5628661758640114,AKR1C1
GO_Biological_Process_2023,Cell-Cell Signaling By Wnt (GO:0198738),1,0.42009977650176,1.8989682694179482,1.6469049805623424,0.5628661758640114,CPE
GO_Biological_Process_2023,Cholesterol Efflux (GO:0033344),1,0.42009977650176,1.8989682694179482,1.6469049805623424,0.5628661758640114,APOE
GO_Biological_Process_2023,Endocardial Cushion Development (GO:0003197),1,0.42009977650176,1.8989682694179482,1.6469049805623424,0.5628661758640114,HEYL
GO_Biological_Process_2023,Endocrine System Development (GO:0035270),1,0.42009977650176,1.8989682694179482,1.6469049805623424,0.5628661758640114,MDK
GO_Biological_Process_2023,Glial Cell Development (GO:0021782),1,0.42009977650176,1.8989682694179482,1.6469049805623424,0.5628661758640114,MDK
GO_Biological_Process_2023,Lymphocyte Activation Involved In Immune Response (GO:0002285),1,0.42009977650176,1.8989682694179482,1.6469049805623424,0.5628661758640114,MDK
GO_Biological_Process_2023,Negative Regulation Of Extrinsic Apoptotic Signaling Pathway Via Death Domain Receptors (GO:1902042),1,0.42009977650176,1.8989682694179482,1.6469049805623424,0.5628661758640114,BMP5
GO_Biological_Process_2023,Negative Regulation Of Neuron Differentiation (GO:0045665),1,0.42009977650176,1.8989682694179482,1.6469049805623424,0.5628661758640114,DLX2
GO_Biological_Process_2023,Negative Regulation Of Protein Depolymerization (GO:1901880),1,0.42009977650176,1.8989682694179482,1.6469049805623424,0.5628661758640114,HDGFL3
GO_Biological_Process_2023,Negative Regulation Of Protein Tyrosine Kinase Activity (GO:0061099),1,0.42009977650176,1.8989682694179482,1.6469049805623424,0.5628661758640114,LILRB4
GO_Biological_Process_2023,Positive Regulation Of Cell-Substrate Junction Organization (GO:0150117),1,0.42009977650176,1.8989682694179482,1.6469049805623424,0.5628661758640114,SFRP1
GO_Biological_Process_2023,Positive Regulation Of Epithelial Cell Apoptotic Process (GO:1904037),1,0.42009977650176,1.8989682694179482,1.6469049805623424,0.5628661758640114,ANO6
GO_Biological_Process_2023,Positive Regulation Of Lamellipodium Assembly (GO:0010592),1,0.42009977650176,1.8989682694179482,1.6469049805623424,0.5628661758640114,FSCN1
GO_Biological_Process_2023,Positive Regulation Of Neutrophil Migration (GO:1902624),1,0.42009977650176,1.8989682694179482,1.6469049805623424,0.5628661758640114,MDK
GO_Biological_Process_2023,Positive Regulation Of Oxidoreductase Activity (GO:0051353),1,0.42009977650176,1.8989682694179482,1.6469049805623424,0.5628661758640114,TNF
GO_Biological_Process_2023,Regulation Of Cell Junction Assembly (GO:1901888),1,0.42009977650176,1.8989682694179482,1.6469049805623424,0.5628661758640114,SNAI2
GO_Biological_Process_2023,Visual Perception (GO:0007601),3,0.4220546059620663,1.2793943383805135,1.103631880213137,0.5651609009268289,COL1A1;COL11A1;DHRS3
GO_Biological_Process_2023,Regulation Of Embryonic Development (GO:0045995),2,0.4276147751277582,1.3928469241773962,1.1832687948109053,0.5718554837545905,PHLDB1;PHLDB2
GO_Biological_Process_2023,Fat Cell Differentiation (GO:0045444),2,0.4276147751277582,1.3928469241773962,1.1832687948109053,0.5718554837545905,NR4A3;PPARGC1A
GO_Biological_Process_2023,Calcium Ion Homeostasis (GO:0055074),3,0.428279085519719,1.2664059954382536,1.073887243401843,0.5718554837545905,CASQ2;ATP2B4;ALPL
GO_Biological_Process_2023,Regulation Of Protein Secretion (GO:0050708),3,0.428279085519719,1.2664059954382536,1.073887243401843,0.5718554837545905,IL1B;APOE;TNF
GO_Biological_Process_2023,Sensory Perception Of Light Stimulus (GO:0050953),3,0.428279085519719,1.2664059954382536,1.073887243401843,0.5718554837545905,COL1A1;COL11A1;DHRS3
GO_Biological_Process_2023,Regulation Of Cysteine-Type Endopeptidase Activity (GO:2000116),1,0.4336850384837421,1.8163113304161624,1.5174131915007172,0.5731715061274372,EPHA7
GO_Biological_Process_2023,Regulation Of Cytokine Production Involved In Immune Response (GO:0002718),1,0.4336850384837421,1.8163113304161624,1.5174131915007172,0.5731715061274372,TNF
GO_Biological_Process_2023,Regulation Of Cytoplasmic Translation (GO:2000765),1,0.4336850384837421,1.8163113304161624,1.5174131915007172,0.5731715061274372,CPEB4
GO_Biological_Process_2023,Regulation Of Endoplasmic Reticulum Stress-Induced Intrinsic Apoptotic Signaling Pathway (GO:1902235),1,0.4336850384837421,1.8163113304161624,1.5174131915007172,0.5731715061274372,CREB3L1
GO_Biological_Process_2023,Regulation Of Execution Phase Of Apoptosis (GO:1900117),1,0.4336850384837421,1.8163113304161624,1.5174131915007172,0.5731715061274372,FZD3
GO_Biological_Process_2023,Acylglycerol Catabolic Process (GO:0046464),1,0.4336850384837421,1.8163113304161624,1.5174131915007172,0.5731715061274372,MGLL
GO_Biological_Process_2023,Acylglycerol Homeostasis (GO:0055090),1,0.4336850384837421,1.8163113304161624,1.5174131915007172,0.5731715061274372,APOE
GO_Biological_Process_2023,Amyloid Fibril Formation (GO:1990000),1,0.4336850384837421,1.8163113304161624,1.5174131915007172,0.5731715061274372,CD36
GO_Biological_Process_2023,Regulation Of Neuroblast Proliferation (GO:1902692),1,0.4336850384837421,1.8163113304161624,1.5174131915007172,0.5731715061274372,FZD3
GO_Biological_Process_2023,Eosinophil Chemotaxis (GO:0048245),1,0.4336850384837421,1.8163113304161624,1.5174131915007172,0.5731715061274372,CCL4
GO_Biological_Process_2023,Eosinophil Migration (GO:0072677),1,0.4336850384837421,1.8163113304161624,1.5174131915007172,0.5731715061274372,CCL4
GO_Biological_Process_2023,Gliogenesis (GO:0042063),1,0.4336850384837421,1.8163113304161624,1.5174131915007172,0.5731715061274372,CDH2
GO_Biological_Process_2023,Negative Regulation Of Antigen Receptor-Mediated Signaling Pathway (GO:0050858),1,0.4336850384837421,1.8163113304161624,1.5174131915007172,0.5731715061274372,LILRB4
GO_Biological_Process_2023,Negative Regulation Of Ion Transmembrane Transporter Activity (GO:0032413),1,0.4336850384837421,1.8163113304161624,1.5174131915007172,0.5731715061274372,CASQ2
GO_Biological_Process_2023,Outflow Tract Septum Morphogenesis (GO:0003148),1,0.4336850384837421,1.8163113304161624,1.5174131915007172,0.5731715061274372,SEMA3C
GO_Biological_Process_2023,Positive Regulation Of Cell Cycle G2/M Phase Transition (GO:1902751),1,0.4336850384837421,1.8163113304161624,1.5174131915007172,0.5731715061274372,DYRK3
GO_Biological_Process_2023,Positive Regulation Of Natural Killer Cell Mediated Immunity (GO:0002717),1,0.4336850384837421,1.8163113304161624,1.5174131915007172,0.5731715061274372,HLA-E
GO_Biological_Process_2023,Positive Regulation Of p38MAPK Cascade (GO:1900745),1,0.4336850384837421,1.8163113304161624,1.5174131915007172,0.5731715061274372,IL1B
GO_Biological_Process_2023,Inorganic Cation Import Across Plasma Membrane (GO:0098659),3,0.4344796844602416,1.2536774193548388,1.0450731335536076,0.573896764872781,ATP2B4;CLU;CACNA1G
GO_Biological_Process_2023,Inorganic Anion Transmembrane Transport (GO:0098661),2,0.43563773726110133,1.3699430099204952,1.138346279038175,0.5744511179476895,ANO6;ANO5
GO_Biological_Process_2023,Phosphatidylinositol Metabolic Process (GO:0046488),2,0.43563773726110133,1.3699430099204952,1.138346279038175,0.5744511179476895,CSF1R;FGF2
GO_Biological_Process_2023,Protein Polymerization (GO:0051258),2,0.43563773726110133,1.3699430099204952,1.138346279038175,0.5744511179476895,CASQ2;HDGFL3
GO_Biological_Process_2023,Positive Regulation Of Inflammatory Response (GO:0050729),3,0.440655287763755,1.2412008942829766,1.0171546619940766,0.5795486719689721,MDK;IL1B;TNF
GO_Biological_Process_2023,Regulation Of Secretion By Cell (GO:1903530),2,0.4435995516382017,1.3477779316073653,1.0955184256313086,0.5795486719689721,RAB3C;SEPTIN4
GO_Biological_Process_2023,Response To Metal Ion (GO:0010038),2,0.4435995516382017,1.3477779316073653,1.0955184256313086,0.5795486719689721,TRPC3;MT1X
GO_Biological_Process_2023,Positive Regulation Of Cysteine-Type Endopeptidase Activity (GO:2001056),2,0.4435995516382017,1.3477779316073653,1.0955184256313086,0.5795486719689721,ASPH;TNF
GO_Biological_Process_2023,Positive Regulation Of Interleukin-1 Production (GO:0032732),2,0.4435995516382017,1.3477779316073653,1.0955184256313086,0.5795486719689721,CD36;TNF
GO_Biological_Process_2023,Apoptotic Process (GO:0006915),6,0.4436406371099222,1.1296361296361297,0.9181009426170512,0.5795486719689721,DAP;IL1B;TNFRSF19;SEPTIN4;TP63;ARHGEF6
GO_Biological_Process_2023,Negative Regulation Of DNA-templated Transcription (GO:0045892),25,0.4446589672657498,1.045823927765237,0.8475855511798239,0.5795486719689721,DLX2;TENM2;FOXC1;SHOX2;TNF;GLIS1;ETS2;ELK3;CREB3L1;TP63;FOXD1;IRX3;IGF2;EN1;LILRB4;RUNX2;H1-5;HEYL;SFRP1;DAP;NR4A3;SNAI2;LCOR;GAS6;MXD1
GO_Biological_Process_2023,Negative Regulation Of Response To External Stimulus (GO:0032102),4,0.4466139161223063,1.1771491015055853,0.948853722833571,0.5795486719689721,PTPRS;CXCL17;APOE;FGF2
GO_Biological_Process_2023,Regulation Of Hippo Signaling (GO:0035330),1,0.4469527033179733,1.7405424696645253,1.4016632006084395,0.5795486719689721,FRMD6
GO_Biological_Process_2023,Activation Of Protein Kinase B Activity (GO:0032148),1,0.4469527033179733,1.7405424696645253,1.4016632006084395,0.5795486719689721,GAS6
GO_Biological_Process_2023,Regulation Of Myelination (GO:0031641),1,0.4469527033179733,1.7405424696645253,1.4016632006084395,0.5795486719689721,PTPRZ1
GO_Biological_Process_2023,Regulation Of Neutrophil Chemotaxis (GO:0090022),1,0.4469527033179733,1.7405424696645253,1.4016632006084395,0.5795486719689721,MDK
GO_Biological_Process_2023,Regulation Of Platelet Aggregation (GO:0090330),1,0.4469527033179733,1.7405424696645253,1.4016632006084395,0.5795486719689721,PRKCA
GO_Biological_Process_2023,Regulation Of Postsynapse Organization (GO:0099175),1,0.4469527033179733,1.7405424696645253,1.4016632006084395,0.5795486719689721,PPFIA2
GO_Biological_Process_2023,Regulation Of Protein Processing (GO:0070613),1,0.4469527033179733,1.7405424696645253,1.4016632006084395,0.5795486719689721,PLAU
GO_Biological_Process_2023,Regulation Of Synapse Organization (GO:0050807),1,0.4469527033179733,1.7405424696645253,1.4016632006084395,0.5795486719689721,TNF
GO_Biological_Process_2023,Cellular Response To Hexose Stimulus (GO:0071331),1,0.4469527033179733,1.7405424696645253,1.4016632006084395,0.5795486719689721,GAS6
GO_Biological_Process_2023,Sodium Ion Homeostasis (GO:0055078),1,0.4469527033179733,1.7405424696645253,1.4016632006084395,0.5795486719689721,CYP4A11
GO_Biological_Process_2023,"Wound Healing, Spreading Of Cells (GO:0044319)",1,0.4469527033179733,1.7405424696645253,1.4016632006084395,0.5795486719689721,COL5A1
GO_Biological_Process_2023,Metanephros Development (GO:0001656),1,0.4469527033179733,1.7405424696645253,1.4016632006084395,0.5795486719689721,FOXD1
GO_Biological_Process_2023,Negative Regulation Of Protein Localization To Membrane (GO:1905476),1,0.4469527033179733,1.7405424696645253,1.4016632006084395,0.5795486719689721,LRRC15
GO_Biological_Process_2023,Negative Regulation Of Protein Transport (GO:0051224),1,0.4469527033179733,1.7405424696645253,1.4016632006084395,0.5795486719689721,APOE
GO_Biological_Process_2023,Negative Regulation Of Stress Fiber Assembly (GO:0051497),1,0.4469527033179733,1.7405424696645253,1.4016632006084395,0.5795486719689721,PHLDB2
GO_Biological_Process_2023,Negative Regulation Of Telomere Maintenance Via Telomere Lengthening (GO:1904357),1,0.4469527033179733,1.7405424696645253,1.4016632006084395,0.5795486719689721,TENM1
GO_Biological_Process_2023,Negative Regulation Of Transposition (GO:0010529),1,0.4469527033179733,1.7405424696645253,1.4016632006084395,0.5795486719689721,APOBEC3A
GO_Biological_Process_2023,Osteoclast Differentiation (GO:0030316),1,0.4469527033179733,1.7405424696645253,1.4016632006084395,0.5795486719689721,CSF1R
GO_Biological_Process_2023,Positive Regulation Of Glucose Import (GO:0046326),1,0.4469527033179733,1.7405424696645253,1.4016632006084395,0.5795486719689721,SORBS1
GO_Biological_Process_2023,Purine Ribonucleotide Catabolic Process (GO:0009154),1,0.4469527033179733,1.7405424696645253,1.4016632006084395,0.5795486719689721,NUDT11
GO_Biological_Process_2023,Regulation Of Biomineral Tissue Development (GO:0070167),1,0.4469527033179733,1.7405424696645253,1.4016632006084395,0.5795486719689721,GAS6
GO_Biological_Process_2023,Regulation Of Cell Cycle Phase Transition (GO:1901987),1,0.4469527033179733,1.7405424696645253,1.4016632006084395,0.5795486719689721,ATP2B4
GO_Biological_Process_2023,Fatty Acid Biosynthetic Process (GO:0006633),2,0.4514986841230977,1.3263165065740172,1.0546641006864808,0.5847935231649889,ACACB;HACD2
GO_Biological_Process_2023,Monocarboxylic Acid Biosynthetic Process (GO:0072330),2,0.4514986841230977,1.3263165065740172,1.0546641006864808,0.5847935231649889,ALDH1A3;ACACB
GO_Biological_Process_2023,Response To Calcium Ion (GO:0051592),3,0.4529272344245673,1.2169746320075165,0.9638728686651321,0.5863184498873766,TRPC3;CASQ2;CLU
GO_Biological_Process_2023,Negative Regulation Of Intracellular Signal Transduction (GO:1902532),6,0.45601330080011393,1.1144011544011545,0.8750648976344468,0.5865739676363949,PDE11A;PDE10A;TMSB4X;PDE3B;ATP2B4;LILRB4
GO_Biological_Process_2023,Monoatomic Ion Transport (GO:0006811),3,0.4590215329946581,1.205210918114144,0.9384473125114601,0.5865739676363949,SLC25A18;P2RX1;ANO6
GO_Biological_Process_2023,Regulation Of Endocytosis (GO:0030100),2,0.459333705400597,1.3055257510729614,1.0156707123389628,0.5865739676363949,APOE;OLFM4
GO_Biological_Process_2023,Fc Receptor Signaling Pathway (GO:0038093),1,0.45991018028046393,1.6708351177730192,1.297777851011729,0.5865739676363949,KIT
GO_Biological_Process_2023,Regulation Of Interferon-Alpha Production (GO:0032647),1,0.45991018028046393,1.6708351177730192,1.297777851011729,0.5865739676363949,PTPRS
GO_Biological_Process_2023,"Wnt Signaling Pathway, Planar Cell Polarity Pathway (GO:0060071)",1,0.45991018028046393,1.6708351177730192,1.297777851011729,0.5865739676363949,FZD3
GO_Biological_Process_2023,Regulation Of Keratinocyte Differentiation (GO:0045616),1,0.45991018028046393,1.6708351177730192,1.297777851011729,0.5865739676363949,FOXC1
GO_Biological_Process_2023,Antigen Processing And Presentation Of Exogenous Peptide Antigen Via MHC Class II (GO:0019886),1,0.45991018028046393,1.6708351177730192,1.297777851011729,0.5865739676363949,HLA-DPA1
GO_Biological_Process_2023,cAMP-mediated Signaling (GO:0019933),1,0.45991018028046393,1.6708351177730192,1.297777851011729,0.5865739676363949,PDE7B
GO_Biological_Process_2023,Cardiac Muscle Cell Development (GO:0055013),1,0.45991018028046393,1.6708351177730192,1.297777851011729,0.5865739676363949,PDGFRA
GO_Biological_Process_2023,Regulation Of Reactive Oxygen Species Biosynthetic Process (GO:1903426),1,0.45991018028046393,1.6708351177730192,1.297777851011729,0.5865739676363949,CD36
GO_Biological_Process_2023,Regulation Of Transcription By RNA Polymerase III (GO:0006359),1,0.45991018028046393,1.6708351177730192,1.297777851011729,0.5865739676363949,TENM1
GO_Biological_Process_2023,Response To Glucocorticoid (GO:0051384),1,0.45991018028046393,1.6708351177730192,1.297777851011729,0.5865739676363949,TNF
GO_Biological_Process_2023,Dendritic Spine Organization (GO:0097061),1,0.45991018028046393,1.6708351177730192,1.297777851011729,0.5865739676363949,EPHB1
GO_Biological_Process_2023,Spindle Assembly Checkpoint Signaling (GO:0071173),1,0.45991018028046393,1.6708351177730192,1.297777851011729,0.5865739676363949,SPC25
GO_Biological_Process_2023,Establishment Or Maintenance Of Apical/Basal Cell Polarity (GO:0035088),1,0.45991018028046393,1.6708351177730192,1.297777851011729,0.5865739676363949,FSCN1
GO_Biological_Process_2023,miRNA-mediated Gene Silencing (GO:0035195),1,0.45991018028046393,1.6708351177730192,1.297777851011729,0.5865739676363949,AGO2
GO_Biological_Process_2023,Mitotic Spindle Assembly Checkpoint Signaling (GO:0007094),1,0.45991018028046393,1.6708351177730192,1.297777851011729,0.5865739676363949,SPC25
GO_Biological_Process_2023,Mitotic Spindle Checkpoint Signaling (GO:0071174),1,0.45991018028046393,1.6708351177730192,1.297777851011729,0.5865739676363949,SPC25
GO_Biological_Process_2023,Negative Regulation Of Catalytic Activity (GO:0043086),1,0.45991018028046393,1.6708351177730192,1.297777851011729,0.5865739676363949,HP
GO_Biological_Process_2023,Negative Regulation Of Endothelial Cell Apoptotic Process (GO:2000352),1,0.45991018028046393,1.6708351177730192,1.297777851011729,0.5865739676363949,GAS6
GO_Biological_Process_2023,Negative Regulation Of Interleukin-1 Beta Production (GO:0032691),1,0.45991018028046393,1.6708351177730192,1.297777851011729,0.5865739676363949,LILRB4
GO_Biological_Process_2023,Negative Regulation Of Protein Polymerization (GO:0032272),1,0.45991018028046393,1.6708351177730192,1.297777851011729,0.5865739676363949,KANK4
GO_Biological_Process_2023,Plasma Membrane Invagination (GO:0099024),1,0.45991018028046393,1.6708351177730192,1.297777851011729,0.5865739676363949,CD36
GO_Biological_Process_2023,Positive Regulation Of Adenylate Cyclase Activity (GO:0045762),1,0.45991018028046393,1.6708351177730192,1.297777851011729,0.5865739676363949,LHCGR
GO_Biological_Process_2023,Protein Localization To Cell Surface (GO:0034394),1,0.45991018028046393,1.6708351177730192,1.297777851011729,0.5865739676363949,FGF7
GO_Biological_Process_2023,Protein Targeting To Lysosome (GO:0006622),1,0.45991018028046393,1.6708351177730192,1.297777851011729,0.5865739676363949,CLU
GO_Biological_Process_2023,Cholesterol Metabolic Process (GO:0008203),2,0.46710328715605637,1.285374711125784,0.9784334951894358,0.5950977468461984,APOE;APOB
GO_Biological_Process_2023,Extrinsic Apoptotic Signaling Pathway (GO:0097191),2,0.46710328715605637,1.285374711125784,0.9784334951894358,0.5950977468461984,G0S2;TNF
GO_Biological_Process_2023,Positive Regulation Of Wnt Signaling Pathway (GO:0030177),3,0.4711219387777385,1.182349360925137,0.8898814426919146,0.5955540086892591,COL1A1;SFRP1;LGR4
GO_Biological_Process_2023,Positive Regulation Of Cysteine-Type Endopeptidase Activity Involved In Apoptotic Process (GO:0043280),3,0.4711219387777385,1.182349360925137,0.8898814426919146,0.5955540086892591,DAP;CNTN1;TNF
GO_Biological_Process_2023,T Cell Activation Involved In Immune Response (GO:0002286),1,0.4725647061236109,1.6064898698731676,1.2041936361313998,0.5955540086892591,MDK
GO_Biological_Process_2023,Regulation Of Microtubule Polymerization Or Depolymerization (GO:0031110),1,0.4725647061236109,1.6064898698731676,1.2041936361313998,0.5955540086892591,MAP1B
GO_Biological_Process_2023,Cell Surface Receptor Signaling Pathway Involved In Cell-Cell Signaling (GO:1905114),1,0.4725647061236109,1.6064898698731676,1.2041936361313998,0.5955540086892591,CPE
GO_Biological_Process_2023,Cellular Response To Acid Chemical (GO:0071229),1,0.4725647061236109,1.6064898698731676,1.2041936361313998,0.5955540086892591,CPEB4
GO_Biological_Process_2023,Respiratory Tube Development (GO:0030323),1,0.4725647061236109,1.6064898698731676,1.2041936361313998,0.5955540086892591,FGF7
GO_Biological_Process_2023,Dorsal/Ventral Pattern Formation (GO:0009953),1,0.4725647061236109,1.6064898698731676,1.2041936361313998,0.5955540086892591,SFRP1
GO_Biological_Process_2023,Ventricular Septum Morphogenesis (GO:0060412),1,0.4725647061236109,1.6064898698731676,1.2041936361313998,0.5955540086892591,HEYL
GO_Biological_Process_2023,In Utero Embryonic Development (GO:0001701),1,0.4725647061236109,1.6064898698731676,1.2041936361313998,0.5955540086892591,IGF2
GO_Biological_Process_2023,Microtubule Polymerization Or Depolymerization (GO:0031109),1,0.4725647061236109,1.6064898698731676,1.2041936361313998,0.5955540086892591,HDGFL3
GO_Biological_Process_2023,Myeloid Cell Development (GO:0061515),1,0.4725647061236109,1.6064898698731676,1.2041936361313998,0.5955540086892591,KIT
GO_Biological_Process_2023,Negative Regulation Of NIK/NF-kappaB Signaling (GO:1901223),1,0.4725647061236109,1.6064898698731676,1.2041936361313998,0.5955540086892591,TMSB4X
GO_Biological_Process_2023,Negative Regulation Of Notch Signaling Pathway (GO:0045746),1,0.4725647061236109,1.6064898698731676,1.2041936361313998,0.5955540086892591,BEND6
GO_Biological_Process_2023,Peptide Cross-Linking (GO:0018149),1,0.4725647061236109,1.6064898698731676,1.2041936361313998,0.5955540086892591,F13A1
GO_Biological_Process_2023,Peptidyl-Proline Modification (GO:0018208),1,0.4725647061236109,1.6064898698731676,1.2041936361313998,0.5955540086892591,P3H2
GO_Biological_Process_2023,Positive Regulation Of Cytosolic Calcium Ion Concentration Involved In Phospholipase C-activating G Protein-Coupled Signaling Pathway (GO:0051482),1,0.4725647061236109,1.6064898698731676,1.2041936361313998,0.5955540086892591,P2RY8
GO_Biological_Process_2023,Positive Regulation Of Mitotic Cell Cycle (GO:0045931),1,0.4725647061236109,1.6064898698731676,1.2041936361313998,0.5955540086892591,PRKCA
GO_Biological_Process_2023,Positive Regulation Of Response To Wounding (GO:1903036),1,0.4725647061236109,1.6064898698731676,1.2041936361313998,0.5955540086892591,MDK
GO_Biological_Process_2023,Regulation Of SMAD Protein Signal Transduction (GO:0060390),1,0.4725647061236109,1.6064898698731676,1.2041936361313998,0.5955540086892591,WWTR1
GO_Biological_Process_2023,B Cell Differentiation (GO:0030183),2,0.47480619792480755,1.2658343087527637,0.9428548653297684,0.5980559449306535,KIT;PIK3CD
GO_Biological_Process_2023,Regulation Of Heart Contraction (GO:0008016),2,0.48244129942831643,1.2468772019729677,0.9088438359569097,0.6045999448568405,TPM1;ATP2B4
GO_Biological_Process_2023,Response To Molecule Of Bacterial Origin (GO:0002237),2,0.48244129942831643,1.2468772019729677,0.9088438359569097,0.6045999448568405,CD6;IL1B
GO_Biological_Process_2023,Establishment Of Protein Localization To Membrane (GO:0090150),2,0.48244129942831643,1.2468772019729677,0.9088438359569097,0.6045999448568405,SYNE3;ZDHHC11B
GO_Biological_Process_2023,T Cell Activation (GO:0042110),3,0.48309871096904433,1.1603345280764636,0.844183140423705,0.6045999448568405,MDK;KIT;PIK3CD
GO_Biological_Process_2023,Negative Regulation Of Inflammatory Response (GO:0050728),3,0.48309871096904433,1.1603345280764636,0.844183140423705,0.6045999448568405,MDK;CXCL17;APOE
GO_Biological_Process_2023,RNA Phosphodiester Bond Hydrolysis (GO:0090501),1,0.48492334908826285,1.546910936632564,1.1195991334307016,0.6045999448568405,RNASE2
GO_Biological_Process_2023,Regulation Of Plasma Membrane Bounded Cell Projection Organization (GO:0120035),1,0.48492334908826285,1.546910936632564,1.1195991334307016,0.6045999448568405,BRSK1
GO_Biological_Process_2023,Regulation Of Protein Localization To Membrane (GO:1905475),1,0.48492334908826285,1.546910936632564,1.1195991334307016,0.6045999448568405,SPTBN1
GO_Biological_Process_2023,Regulation Of Protein Transport (GO:0051223),1,0.48492334908826285,1.546910936632564,1.1195991334307016,0.6045999448568405,TNF
GO_Biological_Process_2023,Establishment Of Endothelial Barrier (GO:0061028),1,0.48492334908826285,1.546910936632564,1.1195991334307016,0.6045999448568405,PPP1R16B
GO_Biological_Process_2023,Fatty Acid Derivative Biosynthetic Process (GO:1901570),1,0.48492334908826285,1.546910936632564,1.1195991334307016,0.6045999448568405,GGTA1
GO_Biological_Process_2023,Mucosal Immune Response (GO:0002385),1,0.48492334908826285,1.546910936632564,1.1195991334307016,0.6045999448568405,RNASE2
GO_Biological_Process_2023,Negative Regulation Of G2/M Transition Of Mitotic Cell Cycle (GO:0010972),1,0.48492334908826285,1.546910936632564,1.1195991334307016,0.6045999448568405,FHL1
GO_Biological_Process_2023,Negative Regulation Of Actin Filament Bundle Assembly (GO:0032232),1,0.48492334908826285,1.546910936632564,1.1195991334307016,0.6045999448568405,PHLDB2
GO_Biological_Process_2023,Negative Regulation Of Cation Channel Activity (GO:2001258),1,0.48492334908826285,1.546910936632564,1.1195991334307016,0.6045999448568405,CASQ2
GO_Biological_Process_2023,Negative Regulation Of Cytoskeleton Organization (GO:0051494),1,0.48492334908826285,1.546910936632564,1.1195991334307016,0.6045999448568405,KANK4
GO_Biological_Process_2023,Negative Regulation Of Mitotic Metaphase/Anaphase Transition (GO:0045841),1,0.48492334908826285,1.546910936632564,1.1195991334307016,0.6045999448568405,SPC25
GO_Biological_Process_2023,Negative Regulation Of Signaling (GO:0023057),1,0.48492334908826285,1.546910936632564,1.1195991334307016,0.6045999448568405,IL1B
GO_Biological_Process_2023,"Regulation Of DNA Damage Response, Signal Transduction By P53 Class Mediator (GO:0043516)",1,0.48492334908826285,1.546910936632564,1.1195991334307016,0.6045999448568405,SNAI2
GO_Biological_Process_2023,Regulation Of Transcription By RNA Polymerase II (GO:0006357),48,0.48938001833748496,1.013102453102453,0.7239791797768395,0.6096362499137515,DLX2;TENM2;FOXC1;CSRNP3;AKNA;DLX5;DLX6;SATB2;SHOX2;AKAP8L;DBX2;BARX1;TNF;FGF2;HOXA13;GLIS1;ETS2;ELK3;HOXA10;CREB3L1;SHOX;ALX4;HOXC9;PPARGC1A;TP63;WWTR1;FOXD1;BCL11B;DMRT2;IRX3;LMO3;EBF1;IGF2;ATP2B4;EN1;LMO7;ZFHX4;RUNX2;BMP5;H1-5;HEYL;TBX15;NR4A3;AGO2;SNAI2;LCOR;SP7;MXD1
GO_Biological_Process_2023,Positive Regulation Of Protein Transport (GO:0051222),2,0.4900075427755775,1.2284776571572835,0.8763154886666863,0.6096362499137515,TENM1;TNF
GO_Biological_Process_2023,Regulation Of Actin Filament Polymerization (GO:0030833),2,0.4900075427755775,1.2284776571572835,0.8763154886666863,0.6096362499137515,TENM1;KANK4
GO_Biological_Process_2023,Regulation Of Actin Filament-Based Process (GO:0032970),2,0.4900075427755775,1.2284776571572835,0.8763154886666863,0.6096362499137515,ARHGEF19;FSCN1
GO_Biological_Process_2023,Regulation Of Establishment Of Planar Polarity (GO:0090175),1,0.496993013032404,1.491587641480575,1.0428872198680812,0.6143970828483215,FZD3
GO_Biological_Process_2023,RNA-mediated Gene Silencing (GO:0031047),1,0.496993013032404,1.491587641480575,1.0428872198680812,0.6143970828483215,AGO2
GO_Biological_Process_2023,Regulation Of Striated Muscle Contraction (GO:0006942),1,0.496993013032404,1.491587641480575,1.0428872198680812,0.6143970828483215,DMD
GO_Biological_Process_2023,Regulation Of Voltage-Gated Calcium Channel Activity (GO:1901385),1,0.496993013032404,1.491587641480575,1.0428872198680812,0.6143970828483215,DMD
GO_Biological_Process_2023,Response To Alcohol (GO:0097305),1,0.496993013032404,1.491587641480575,1.0428872198680812,0.6143970828483215,ADH6
GO_Biological_Process_2023,Defense Response To Fungus (GO:0050832),1,0.496993013032404,1.491587641480575,1.0428872198680812,0.6143970828483215,RARRES2
GO_Biological_Process_2023,Sarcomere Organization (GO:0045214),1,0.496993013032404,1.491587641480575,1.0428872198680812,0.6143970828483215,TPM1
GO_Biological_Process_2023,Establishment Of Mitotic Spindle Orientation (GO:0000132),1,0.496993013032404,1.491587641480575,1.0428872198680812,0.6143970828483215,INSC
GO_Biological_Process_2023,Integrated Stress Response Signaling (GO:0140467),1,0.496993013032404,1.491587641480575,1.0428872198680812,0.6143970828483215,MAP3K20
GO_Biological_Process_2023,Positive Regulation Of B Cell Proliferation (GO:0030890),1,0.496993013032404,1.491587641480575,1.0428872198680812,0.6143970828483215,SASH3
GO_Biological_Process_2023,Positive Regulation Of Calcium Ion Transport (GO:0051928),1,0.496993013032404,1.491587641480575,1.0428872198680812,0.6143970828483215,CCL4
GO_Biological_Process_2023,Positive Regulation Of Dephosphorylation (GO:0035306),1,0.496993013032404,1.491587641480575,1.0428872198680812,0.6143970828483215,PPP1R16B
GO_Biological_Process_2023,Response To Ionizing Radiation (GO:0010212),2,0.5049296861596428,1.1932556713672593,0.8153946704845646,0.623029144233969,BRSK1;EYA1
GO_Biological_Process_2023,Second-Messenger-Mediated Signaling (GO:0019932),2,0.5049296861596428,1.1932556713672593,0.8153946704845646,0.623029144233969,CD36;APOE
GO_Biological_Process_2023,Transforming Growth Factor Beta Receptor Signaling Pathway (GO:0007179),2,0.5049296861596428,1.1932556713672593,0.8153946704845646,0.623029144233969,COL1A2;FMOD
GO_Biological_Process_2023,Organic Substance Transport (GO:0071702),5,0.5082007391957072,1.065367831797946,0.7211248500704452,0.623029144233969,TRPC3;ARRDC2;KCNN4;CLU;MFSD2A
GO_Biological_Process_2023,Regulation Of Dendritic Spine Morphogenesis (GO:0061001),1,0.5087804408354519,1.4400797459942405,0.9731176290622954,0.623029144233969,PPFIA2
GO_Biological_Process_2023,Cardiac Muscle Cell Action Potential Involved In Contraction (GO:0086002),1,0.5087804408354519,1.4400797459942405,0.9731176290622954,0.623029144233969,CACNA1G
GO_Biological_Process_2023,Response To Amino Acid (GO:0043200),1,0.5087804408354519,1.4400797459942405,0.9731176290622954,0.623029144233969,CPEB4
GO_Biological_Process_2023,Extrinsic Apoptotic Signaling Pathway Via Death Domain Receptors (GO:0008625),1,0.5087804408354519,1.4400797459942405,0.9731176290622954,0.623029144233969,TNF
GO_Biological_Process_2023,Immunoglobulin Mediated Immune Response (GO:0016064),1,0.5087804408354519,1.4400797459942405,0.9731176290622954,0.623029144233969,HLA-DPA1
GO_Biological_Process_2023,Mitotic G2 DNA Damage Checkpoint Signaling (GO:0007095),1,0.5087804408354519,1.4400797459942405,0.9731176290622954,0.623029144233969,BRSK1
GO_Biological_Process_2023,Negative Regulation Of Calcium Ion Transmembrane Transporter Activity (GO:1901020),1,0.5087804408354519,1.4400797459942405,0.9731176290622954,0.623029144233969,CASQ2
GO_Biological_Process_2023,Nucleic Acid Metabolic Process (GO:0090304),1,0.5087804408354519,1.4400797459942405,0.9731176290622954,0.623029144233969,DNASE1L3
GO_Biological_Process_2023,Positive Regulation Of JUN Kinase Activity (GO:0043507),1,0.5087804408354519,1.4400797459942405,0.9731176290622954,0.623029144233969,TNF
GO_Biological_Process_2023,Positive Regulation Of Interleukin-10 Production (GO:0032733),1,0.5087804408354519,1.4400797459942405,0.9731176290622954,0.623029144233969,CD46
GO_Biological_Process_2023,Positive Regulation Of Protein Targeting To Mitochondrion (GO:1903955),1,0.5087804408354519,1.4400797459942405,0.9731176290622954,0.623029144233969,SH3GLB1
GO_Biological_Process_2023,Protein Palmitoylation (GO:0018345),1,0.5087804408354519,1.4400797459942405,0.9731176290622954,0.623029144233969,ZDHHC11B
GO_Biological_Process_2023,Regulation Of Arp2/3 Complex-Mediated Actin Nucleation (GO:0034315),1,0.5087804408354519,1.4400797459942405,0.9731176290622954,0.623029144233969,GMFG
GO_Biological_Process_2023,Regulation Of Calcium-Mediated Signaling (GO:0050848),1,0.5087804408354519,1.4400797459942405,0.9731176290622954,0.623029144233969,CCL4
GO_Biological_Process_2023,Proteolysis (GO:0006508),8,0.509684685028807,1.0375371320550906,0.6992616475910581,0.6238091530452207,ENPEP;MMP16;PLAU;CNTN1;KLK4;CPE;CPXM1;TRABD2B
GO_Biological_Process_2023,Cellular Response To Decreased Oxygen Levels (GO:0036294),2,0.5122839045785613,1.1763888049326,0.7868585988413505,0.6262655525951696,SFRP1;CPEB4
GO_Biological_Process_2023,Regulation Of Rho Protein Signal Transduction (GO:0035023),2,0.5122839045785613,1.1763888049326,0.7868585988413505,0.6262655525951696,P2RY8;APOE
GO_Biological_Process_2023,Response To Lipopolysaccharide (GO:0032496),4,0.5124966604356358,1.0776974416017797,0.7203988002677302,0.6262655525951696,CD6;IL1B;VIM;CXCL3
GO_Biological_Process_2023,Cellular Response To Molecule Of Bacterial Origin (GO:0071219),3,0.5182221098063442,1.0989247311827957,0.7223796503320098,0.6292031285641587,IL1B;VIM;CXCL3
GO_Biological_Process_2023,Cellular Response To Oxidative Stress (GO:0034599),3,0.5182221098063442,1.0989247311827957,0.7223796503320098,0.6292031285641587,PDGFRA;TPM1;PPARGC1A
GO_Biological_Process_2023,Regulation Of mRNA Stability (GO:0043488),2,0.5195658952241812,1.15999046256557,0.759517249460665,0.6292031285641587,PRKCA;VIM
GO_Biological_Process_2023,Gland Development (GO:0048732),2,0.5195658952241812,1.15999046256557,0.759517249460665,0.6292031285641587,IGSF3;MDK
GO_Biological_Process_2023,Regulation Of Gluconeogenesis (GO:0006111),1,0.5202922185641929,1.392005710206995,0.9094873465724389,0.6292031285641587,PPARGC1A
GO_Biological_Process_2023,acyl-CoA Metabolic Process (GO:0006637),1,0.5202922185641929,1.392005710206995,0.9094873465724389,0.6292031285641587,ACACB
GO_Biological_Process_2023,Bile Acid Metabolic Process (GO:0008206),1,0.5202922185641929,1.392005710206995,0.9094873465724389,0.6292031285641587,AKR1C1
GO_Biological_Process_2023,Regulation Of Protein Localization To Cell Surface (GO:2000008),1,0.5202922185641929,1.392005710206995,0.9094873465724389,0.6292031285641587,TNF
GO_Biological_Process_2023,Cardiac Muscle Tissue Morphogenesis (GO:0055008),1,0.5202922185641929,1.392005710206995,0.9094873465724389,0.6292031285641587,TPM1
GO_Biological_Process_2023,Regulation Of Response To Biotic Stimulus (GO:0002831),1,0.5202922185641929,1.392005710206995,0.9094873465724389,0.6292031285641587,CD36
GO_Biological_Process_2023,Triglyceride Homeostasis (GO:0070328),1,0.5202922185641929,1.392005710206995,0.9094873465724389,0.6292031285641587,APOE
GO_Biological_Process_2023,Modulation Of Excitatory Postsynaptic Potential (GO:0098815),1,0.5202922185641929,1.392005710206995,0.9094873465724389,0.6292031285641587,TMEM108
GO_Biological_Process_2023,Negative Regulation Of DNA Biosynthetic Process (GO:2000279),1,0.5202922185641929,1.392005710206995,0.9094873465724389,0.6292031285641587,TENM1
GO_Biological_Process_2023,Negative Regulation Of Cell-Matrix Adhesion (GO:0001953),1,0.5202922185641929,1.392005710206995,0.9094873465724389,0.6292031285641587,PHLDB2
GO_Biological_Process_2023,Negative Regulation Of Developmental Growth (GO:0048640),1,0.5202922185641929,1.392005710206995,0.9094873465724389,0.6292031285641587,PTPRS
GO_Biological_Process_2023,Negative Regulation Of Microtubule Polymerization Or Depolymerization (GO:0031111),1,0.5202922185641929,1.392005710206995,0.9094873465724389,0.6292031285641587,HDGFL3
GO_Biological_Process_2023,Positive Regulation Of Rho Protein Signal Transduction (GO:0035025),1,0.5202922185641929,1.392005710206995,0.9094873465724389,0.6292031285641587,P2RY8
GO_Biological_Process_2023,Positive Regulation Of Cholesterol Transport (GO:0032376),1,0.5202922185641929,1.392005710206995,0.9094873465724389,0.6292031285641587,APOE
GO_Biological_Process_2023,Positive Regulation Of Lamellipodium Organization (GO:1902745),1,0.5202922185641929,1.392005710206995,0.9094873465724389,0.6292031285641587,FSCN1
GO_Biological_Process_2023,Positive Regulation Of Proteolysis Involved In Protein Catabolic Process (GO:1903052),1,0.5202922185641929,1.392005710206995,0.9094873465724389,0.6292031285641587,CLU
GO_Biological_Process_2023,Positive Regulation Of Cell Cycle Process (GO:0090068),3,0.5239507238288781,1.0893127629733521,0.7040856240584737,0.6332993212929059,IL1B;MAP3K20;IGF2
GO_Biological_Process_2023,Defense Response To Gram-negative Bacterium (GO:0050829),2,0.526775005683965,1.144041389852431,0.7333096587630671,0.6357253688037096,RARRES2;RNASE2
GO_Biological_Process_2023,Positive Regulation Of Neurogenesis (GO:0050769),2,0.526775005683965,1.144041389852431,0.7333096587630671,0.6357253688037096,PTPRD;FZD3
GO_Biological_Process_2023,Regulation Of BMP Signaling Pathway (GO:0030510),2,0.526775005683965,1.144041389852431,0.7333096587630671,0.6357253688037096,SCUBE3;FOXD1
GO_Biological_Process_2023,Regulation Of Cholesterol Efflux (GO:0010874),1,0.5315347787378303,1.3470332251157007,0.8513070130551839,0.6378417344853963,APOE
GO_Biological_Process_2023,Regulation Of Metaphase/Anaphase Transition Of Cell Cycle (GO:1902099),1,0.5315347787378303,1.3470332251157007,0.8513070130551839,0.6378417344853963,MAP3K20
GO_Biological_Process_2023,Regulation Of Natural Killer Cell Mediated Cytotoxicity (GO:0042269),1,0.5315347787378303,1.3470332251157007,0.8513070130551839,0.6378417344853963,HLA-E
GO_Biological_Process_2023,Cellular Nitrogen Compound Biosynthetic Process (GO:0044271),1,0.5315347787378303,1.3470332251157007,0.8513070130551839,0.6378417344853963,CYP1B1
GO_Biological_Process_2023,Respiratory System Development (GO:0060541),1,0.5315347787378303,1.3470332251157007,0.8513070130551839,0.6378417344853963,FGF7
GO_Biological_Process_2023,Female Gamete Generation (GO:0007292),1,0.5315347787378303,1.3470332251157007,0.8513070130551839,0.6378417344853963,MDK
GO_Biological_Process_2023,Gluconeogenesis (GO:0006094),1,0.5315347787378303,1.3470332251157007,0.8513070130551839,0.6378417344853963,PPARGC1A
GO_Biological_Process_2023,miRNA Processing (GO:0035196),1,0.5315347787378303,1.3470332251157007,0.8513070130551839,0.6378417344853963,AGO2
GO_Biological_Process_2023,Negative Regulation Of G1/S Transition Of Mitotic Cell Cycle (GO:2000134),1,0.5315347787378303,1.3470332251157007,0.8513070130551839,0.6378417344853963,FHL1
GO_Biological_Process_2023,Phosphatidylinositol 3-Kinase Signaling (GO:0014065),1,0.5315347787378303,1.3470332251157007,0.8513070130551839,0.6378417344853963,PIK3CD
GO_Biological_Process_2023,Regulation Of Calcium Ion Transmembrane Transporter Activity (GO:1901019),1,0.5315347787378303,1.3470332251157007,0.8513070130551839,0.6378417344853963,DMD
GO_Biological_Process_2023,Positive Regulation Of Interleukin-6 Production (GO:0032755),2,0.5339106535062144,1.1285233731585662,0.7081786267223256,0.6400346508903464,IL1B;TNF
GO_Biological_Process_2023,Positive Regulation Of Protein Secretion (GO:0050714),2,0.5339106535062144,1.1285233731585662,0.7081786267223256,0.6400346508903464,NNAT;MYRIP
GO_Biological_Process_2023,Regulation Of Immune Response (GO:0050776),2,0.5409723231554158,1.1134191702432046,0.6840704420310161,0.6430820820289539,SPN;C7
GO_Biological_Process_2023,Chloride Transport (GO:0006821),2,0.5409723231554158,1.1134191702432046,0.6840704420310161,0.6430820820289539,ANO6;ANO5
GO_Biological_Process_2023,Monoatomic Cation Homeostasis (GO:0055080),2,0.5409723231554158,1.1134191702432046,0.6840704420310161,0.6430820820289539,CYP4A11;ALPL
GO_Biological_Process_2023,Positive Regulation Of Response To Stimulus (GO:0048584),2,0.5409723231554158,1.1134191702432046,0.6840704420310161,0.6430820820289539,C7;EYA1
GO_Biological_Process_2023,Positive Regulation Of Synaptic Transmission (GO:0050806),2,0.5409723231554158,1.1134191702432046,0.6840704420310161,0.6430820820289539,CLSTN2;TNF
GO_Biological_Process_2023,Regulation Of Lamellipodium Assembly (GO:0010591),1,0.5425144042480763,1.3048715203426124,0.7979819676831995,0.6430820820289539,FSCN1
GO_Biological_Process_2023,Carboxylic Acid Metabolic Process (GO:0019752),1,0.5425144042480763,1.3048715203426124,0.7979819676831995,0.6430820820289539,PON3
GO_Biological_Process_2023,Vasculogenesis (GO:0001570),1,0.5425144042480763,1.3048715203426124,0.7979819676831995,0.6430820820289539,HAS2
GO_Biological_Process_2023,Ventricular Cardiac Muscle Tissue Morphogenesis (GO:0055010),1,0.5425144042480763,1.3048715203426124,0.7979819676831995,0.6430820820289539,TPM1
GO_Biological_Process_2023,Lung Development (GO:0030324),1,0.5425144042480763,1.3048715203426124,0.7979819676831995,0.6430820820289539,FGF7
GO_Biological_Process_2023,Negative Regulation Of Epithelial Cell Migration (GO:0010633),1,0.5425144042480763,1.3048715203426124,0.7979819676831995,0.6430820820289539,APOE
GO_Biological_Process_2023,Positive Regulation Of DNA Binding (GO:0043388),1,0.5425144042480763,1.3048715203426124,0.7979819676831995,0.6430820820289539,FOXC1
GO_Biological_Process_2023,Positive Regulation Of Notch Signaling Pathway (GO:0045747),1,0.5425144042480763,1.3048715203426124,0.7979819676831995,0.6430820820289539,TP63
GO_Biological_Process_2023,Positive Regulation Of RNA Metabolic Process (GO:0051254),1,0.5425144042480763,1.3048715203426124,0.7979819676831995,0.6430820820289539,IL1B
GO_Biological_Process_2023,Positive Regulation Of T Cell Mediated Cytotoxicity (GO:0001916),1,0.5425144042480763,1.3048715203426124,0.7979819676831995,0.6430820820289539,HLA-E
GO_Biological_Process_2023,Positive Regulation Of Establishment Of Protein Localization To Mitochondrion (GO:1903749),1,0.5425144042480763,1.3048715203426124,0.7979819676831995,0.6430820820289539,SH3GLB1
GO_Biological_Process_2023,Positive Regulation Of Interleukin-12 Production (GO:0032735),1,0.5425144042480763,1.3048715203426124,0.7979819676831995,0.6430820820289539,MDK
GO_Biological_Process_2023,Positive Regulation Of Ion Transmembrane Transporter Activity (GO:0032414),1,0.5425144042480763,1.3048715203426124,0.7979819676831995,0.6430820820289539,DMD
GO_Biological_Process_2023,Positive Regulation Of Nitrogen Compound Metabolic Process (GO:0051173),1,0.5425144042480763,1.3048715203426124,0.7979819676831995,0.6430820820289539,TNF
GO_Biological_Process_2023,Positive Regulation Of Protein Dephosphorylation (GO:0035307),1,0.5425144042480763,1.3048715203426124,0.7979819676831995,0.6430820820289539,PPP1R16B
GO_Biological_Process_2023,Positive Regulation Of Reproductive Process (GO:2000243),1,0.5425144042480763,1.3048715203426124,0.7979819676831995,0.6430820820289539,AGO2
GO_Biological_Process_2023,Regulation Of NLRP3 Inflammasome Complex Assembly (GO:1900225),1,0.5425144042480763,1.3048715203426124,0.7979819676831995,0.6430820820289539,CD36
GO_Biological_Process_2023,Positive Regulation Of Nucleic Acid-Templated Transcription (GO:1903508),13,0.5435355017221025,0.9972689075630252,0.6079952154895022,0.6439654116849681,FOXC1;DLX5;TNF;FGF2;RUNX2;COL1A1;FGF7;SFRP1;IL1B;SPP1;APOE;PPARGC1A;TP63
GO_Biological_Process_2023,Cellular Response To Nutrient Levels (GO:0031669),2,0.5479595632308547,1.0987124463519313,0.6609346301598599,0.6485484891383443,SFRP1;MFSD2A
GO_Biological_Process_2023,Regulation Of TOR Signaling (GO:0032006),2,0.5479595632308547,1.0987124463519313,0.6609346301598599,0.6485484891383443,DYRK3;GAS6
GO_Biological_Process_2023,DNA Damage Checkpoint Signaling (GO:0000077),1,0.5532372315062072,1.2652650704042567,0.7489969132187179,0.6488722102188379,MAP3K20
GO_Biological_Process_2023,Regulation Of Metal Ion Transport (GO:0010959),1,0.5532372315062072,1.2652650704042567,0.7489969132187179,0.6488722102188379,F3
GO_Biological_Process_2023,Apoptotic Mitochondrial Changes (GO:0008637),1,0.5532372315062072,1.2652650704042567,0.7489969132187179,0.6488722102188379,CLU
GO_Biological_Process_2023,Regulation Of Neuronal Synaptic Plasticity (GO:0048168),1,0.5532372315062072,1.2652650704042567,0.7489969132187179,0.6488722102188379,APOE
GO_Biological_Process_2023,Cellular Response To Amyloid-Beta (GO:1904646),1,0.5532372315062072,1.2652650704042567,0.7489969132187179,0.6488722102188379,CD36
GO_Biological_Process_2023,Cellular Response To Glucose Stimulus (GO:0071333),1,0.5532372315062072,1.2652650704042567,0.7489969132187179,0.6488722102188379,GAS6
GO_Biological_Process_2023,Cellular Response To Vascular Endothelial Growth Factor Stimulus (GO:0035924),1,0.5532372315062072,1.2652650704042567,0.7489969132187179,0.6488722102188379,FOXC1
GO_Biological_Process_2023,Response To Estrogen (GO:0043627),1,0.5532372315062072,1.2652650704042567,0.7489969132187179,0.6488722102188379,SFRP1
GO_Biological_Process_2023,Embryonic Limb Morphogenesis (GO:0030326),1,0.5532372315062072,1.2652650704042567,0.7489969132187179,0.6488722102188379,MAP3K20
GO_Biological_Process_2023,Establishment Of Mitotic Spindle Localization (GO:0040001),1,0.5532372315062072,1.2652650704042567,0.7489969132187179,0.6488722102188379,INSC
GO_Biological_Process_2023,Superoxide Metabolic Process (GO:0006801),1,0.5532372315062072,1.2652650704042567,0.7489969132187179,0.6488722102188379,SH3PXD2A
GO_Biological_Process_2023,Microtubule Polymerization (GO:0046785),1,0.5532372315062072,1.2652650704042567,0.7489969132187179,0.6488722102188379,HDGFL3
GO_Biological_Process_2023,Negative Regulation Of JNK Cascade (GO:0046329),1,0.5532372315062072,1.2652650704042567,0.7489969132187179,0.6488722102188379,KLHL31
GO_Biological_Process_2023,Organophosphate Biosynthetic Process (GO:0090407),1,0.5532372315062072,1.2652650704042567,0.7489969132187179,0.6488722102188379,FGF2
GO_Biological_Process_2023,Positive Regulation Of Carbohydrate Metabolic Process (GO:0045913),1,0.5532372315062072,1.2652650704042567,0.7489969132187179,0.6488722102188379,SLC4A4
GO_Biological_Process_2023,Positive Regulation Of Organelle Organization (GO:0010638),1,0.5532372315062072,1.2652650704042567,0.7489969132187179,0.6488722102188379,PPARGC1A
GO_Biological_Process_2023,Regulation Of DNA Biosynthetic Process (GO:2000278),1,0.5532372315062072,1.2652650704042567,0.7489969132187179,0.6488722102188379,FGF2
GO_Biological_Process_2023,Regulation Of Blood Circulation (GO:1903522),1,0.5532372315062072,1.2652650704042567,0.7489969132187179,0.6488722102188379,TPM1
GO_Biological_Process_2023,Cellular Response To UV (GO:0034644),2,0.5548719839111468,1.084387715289003,0.6387237222105339,0.6498099400143585,MFAP4;MAP3K20
GO_Biological_Process_2023,Response To Insulin (GO:0032868),2,0.5548719839111468,1.084387715289003,0.6387237222105339,0.6498099400143585,PDE3B;SORBS1
GO_Biological_Process_2023,Negative Regulation Of Cellular Component Organization (GO:0051129),2,0.5548719839111468,1.084387715289003,0.6387237222105339,0.6498099400143585,CLU;TNF
GO_Biological_Process_2023,Positive Regulation Of Defense Response (GO:0031349),3,0.5575151417317574,1.0349773393761663,0.6047016726949751,0.6525779041133009,MDK;IL1B;TNF
GO_Biological_Process_2023,Negative Regulation Of Protein Serine/Threonine Kinase Activity (GO:0071901),2,0.5617092541258667,1.0704302850225598,0.6173930435561451,0.6552277884233474,IL1B;APOE
GO_Biological_Process_2023,Regulation Of Mitotic Cell Cycle (GO:0007346),3,0.5629699051722509,1.0264410364886303,0.5897202517454582,0.6552277884233474,FOXC1;CCDC8;PRKCA
GO_Biological_Process_2023,Response To Cytokine (GO:0034097),3,0.5629699051722509,1.0264410364886303,0.5897202517454582,0.6552277884233474,CSF1R;IL1B;PRKCA
GO_Biological_Process_2023,Action Potential (GO:0001508),1,0.5637092541362817,1.2279884116387454,0.703903424746072,0.6552277884233474,DMD
GO_Biological_Process_2023,Cellular Response To Amino Acid Stimulus (GO:0071230),1,0.5637092541362817,1.2279884116387454,0.703903424746072,0.6552277884233474,CPEB4
GO_Biological_Process_2023,Regulation Of Sodium Ion Transport (GO:0002028),1,0.5637092541362817,1.2279884116387454,0.703903424746072,0.6552277884233474,ATP2B4
GO_Biological_Process_2023,Regulatory ncRNA Processing (GO:0070918),1,0.5637092541362817,1.2279884116387454,0.703903424746072,0.6552277884233474,AGO2
GO_Biological_Process_2023,Skeletal Muscle Organ Development (GO:0060538),1,0.5637092541362817,1.2279884116387454,0.703903424746072,0.6552277884233474,DMD
GO_Biological_Process_2023,Establishment Of Spindle Orientation (GO:0051294),1,0.5637092541362817,1.2279884116387454,0.703903424746072,0.6552277884233474,INSC
GO_Biological_Process_2023,Glutamate Receptor Signaling Pathway (GO:0007215),1,0.5637092541362817,1.2279884116387454,0.703903424746072,0.6552277884233474,CPEB4
GO_Biological_Process_2023,Hexose Biosynthetic Process (GO:0019319),1,0.5637092541362817,1.2279884116387454,0.703903424746072,0.6552277884233474,PPARGC1A
GO_Biological_Process_2023,Negative Regulation Of Cell Cycle G1/S Phase Transition (GO:1902807),1,0.5637092541362817,1.2279884116387454,0.703903424746072,0.6552277884233474,FHL1
GO_Biological_Process_2023,One-Carbon Compound Transport (GO:0019755),1,0.5637092541362817,1.2279884116387454,0.703903424746072,0.6552277884233474,SLC4A4
GO_Biological_Process_2023,Regulation Of G2/M Transition Of Mitotic Cell Cycle (GO:0010389),1,0.5637092541362817,1.2279884116387454,0.703903424746072,0.6552277884233474,FHL1
GO_Biological_Process_2023,Macromolecule Modification (GO:0043412),2,0.5684710991337938,1.05682620742109,0.5969005190920279,0.6601052464568532,ST6GAL2;CPE
GO_Biological_Process_2023,Positive Regulation Of Growth (GO:0045927),2,0.5684710991337938,1.05682620742109,0.5969005190920279,0.6601052464568532,SFRP1;MFSD2A
GO_Biological_Process_2023,Regulation Of Glucose Import (GO:0046324),1,0.5739363261604541,1.1928418476598348,0.6623097128855812,0.6647977098057071,SORBS1
GO_Biological_Process_2023,Regulation Of Intracellular Protein Transport (GO:0033157),1,0.5739363261604541,1.1928418476598348,0.6623097128855812,0.6647977098057071,TENM1
GO_Biological_Process_2023,Substrate Adhesion-Dependent Cell Spreading (GO:0034446),1,0.5739363261604541,1.1928418476598348,0.6623097128855812,0.6647977098057071,ITGA8
GO_Biological_Process_2023,Interstrand Cross-Link Repair (GO:0036297),1,0.5739363261604541,1.1928418476598348,0.6623097128855812,0.6647977098057071,FSCN1
GO_Biological_Process_2023,Regulation Of T Cell Mediated Cytotoxicity (GO:0001914),1,0.5739363261604541,1.1928418476598348,0.6623097128855812,0.6647977098057071,HLA-E
GO_Biological_Process_2023,Negative Regulation Of Apoptotic Signaling Pathway (GO:2001234),2,0.5751572979869496,1.0435622317596567,0.5772064945485375,0.6658815146337006,CLU;TNF
GO_Biological_Process_2023,Protein Localization (GO:0008104),8,0.5798054828156413,0.972949676765116,0.5303184864684997,0.6709300926582582,EHD1;FGF7;FHIP1A;INSC;SHROOM2;CPE;NBEAL2;DMD
GO_Biological_Process_2023,Epigenetic Regulation Of Gene Expression (GO:0040029),2,0.5817676814253234,1.0306257616701107,0.5582735713995178,0.6725338129998537,DIRAS3;IGF2
GO_Biological_Process_2023,Phospholipase C-activating G Protein-Coupled Receptor Signaling Pathway (GO:0007200),2,0.5817676814253234,1.0306257616701107,0.5582735713995178,0.6725338129998537,P2RY8;LHCGR
GO_Biological_Process_2023,Regulation Of p38MAPK Cascade (GO:1900744),1,0.5839241652598034,1.1596478705686415,0.6238721839118695,0.6730266675142623,IL1B
GO_Biological_Process_2023,Regulation Of Phosphoprotein Phosphatase Activity (GO:0043666),1,0.5839241652598034,1.1596478705686415,0.6238721839118695,0.6730266675142623,PPP1R1B
GO_Biological_Process_2023,Regulation Of Sodium Ion Transmembrane Transporter Activity (GO:2000649),1,0.5839241652598034,1.1596478705686415,0.6238721839118695,0.6730266675142623,DMD
GO_Biological_Process_2023,Ventricular Septum Development (GO:0003281),1,0.5839241652598034,1.1596478705686415,0.6238721839118695,0.6730266675142623,HEYL
GO_Biological_Process_2023,Muscle Tissue Development (GO:0060537),1,0.5839241652598034,1.1596478705686415,0.6238721839118695,0.6730266675142623,DMD
GO_Biological_Process_2023,Negative Regulation Of Stress-Activated MAPK Cascade (GO:0032873),1,0.5839241652598034,1.1596478705686415,0.6238721839118695,0.6730266675142623,KLHL31
GO_Biological_Process_2023,Regulation Of Cell Cycle Process (GO:0010564),3,0.589621245740236,0.9857759715519431,0.5207607073256896,0.6792576444016342,SH3GLB1;SFRP1;CCDC8
GO_Biological_Process_2023,Positive Regulation Of Hydrolase Activity (GO:0051345),4,0.5927494327505014,0.9703287890938251,0.5074659569605916,0.680142658661223,DOCK11;SFRP1;CCL20;CCL4
GO_Biological_Process_2023,G2/M Transition Of Mitotic Cell Cycle (GO:0000086),1,0.5936783557275808,1.1282481625094045,0.5882884434041429,0.680142658661223,BRSK1
GO_Biological_Process_2023,Amino Acid Catabolic Process (GO:0009063),1,0.5936783557275808,1.1282481625094045,0.5882884434041429,0.680142658661223,ECHS1
GO_Biological_Process_2023,Response To Peptide (GO:1901652),1,0.5936783557275808,1.1282481625094045,0.5882884434041429,0.680142658661223,MMP13
GO_Biological_Process_2023,Import Into Cell (GO:0098657),1,0.5936783557275808,1.1282481625094045,0.5882884434041429,0.680142658661223,SLC16A2
GO_Biological_Process_2023,Membrane Fission (GO:0090148),1,0.5936783557275808,1.1282481625094045,0.5882884434041429,0.680142658661223,SH3GLB1
GO_Biological_Process_2023,Negative Regulation Of Type I Interferon Production (GO:0032480),1,0.5936783557275808,1.1282481625094045,0.5882884434041429,0.680142658661223,PTPRS
GO_Biological_Process_2023,Positive Regulation Of Cation Channel Activity (GO:2001259),1,0.5936783557275808,1.1282481625094045,0.5882884434041429,0.680142658661223,TMSB4X
GO_Biological_Process_2023,Calcium-Mediated Signaling (GO:0019722),2,0.5947605682637345,1.005687988003516,0.522551818569429,0.680142658661223,CCL20;CLU
GO_Biological_Process_2023,Cellular Respiration (GO:0045333),2,0.5947605682637345,1.005687988003516,0.522551818569429,0.680142658661223,NR4A3;PPARGC1A
GO_Biological_Process_2023,Epidermis Development (GO:0008544),2,0.5947605682637345,1.005687988003516,0.522551818569429,0.680142658661223,FGF7;SVEP1
GO_Biological_Process_2023,Integrin-Mediated Signaling Pathway (GO:0007229),2,0.5947605682637345,1.005687988003516,0.522551818569429,0.680142658661223,ITGA8;ITGBL1
GO_Biological_Process_2023,mRNA Metabolic Process (GO:0016071),2,0.5947605682637345,1.005687988003516,0.522551818569429,0.680142658661223,AKAP8L;PPARGC1A
GO_Biological_Process_2023,Negative Regulation Of Cell Cycle (GO:0045786),2,0.5947605682637345,1.005687988003516,0.522551818569429,0.680142658661223,FOXC1;HOXC9
GO_Biological_Process_2023,Positive Regulation Of Protein Localization (GO:1903829),2,0.5947605682637345,1.005687988003516,0.522551818569429,0.680142658661223,WWTR1;TNF
GO_Biological_Process_2023,Epithelial Cell Differentiation (GO:0030855),3,0.5999849935255005,0.9703925981495374,0.4957256748374501,0.6857810846662674,TAGLN;SCUBE1;AKR1C1
GO_Biological_Process_2023,Axonal Transport (GO:0098930),1,0.6032043521154389,1.0985010706638116,0.5552914643446706,0.6874408973815598,TMEM108
GO_Biological_Process_2023,Regulation Of Protein Targeting To Mitochondrion (GO:1903214),1,0.6032043521154389,1.0985010706638116,0.5552914643446706,0.6874408973815598,SH3GLB1
GO_Biological_Process_2023,Negative Regulation Of Mitochondrion Organization (GO:0010823),1,0.6032043521154389,1.0985010706638116,0.5552914643446706,0.6874408973815598,CLU
GO_Biological_Process_2023,Organelle Transport Along Microtubule (GO:0072384),1,0.6032043521154389,1.0985010706638116,0.5552914643446706,0.6874408973815598,DYNC1I1
GO_Biological_Process_2023,Positive Regulation Of ATP-dependent Activity (GO:0032781),1,0.6032043521154389,1.0985010706638116,0.5552914643446706,0.6874408973815598,TPM1
GO_Biological_Process_2023,Positive Regulation Of Pattern Recognition Receptor Signaling Pathway (GO:0062208),1,0.6032043521154389,1.0985010706638116,0.5552914643446706,0.6874408973815598,OASL
GO_Biological_Process_2023,Glucose Homeostasis (GO:0042593),2,0.6074493502880349,0.9819237566271144,0.4894757183014513,0.6919408411772932,HECTD4;PPARGC1A
GO_Biological_Process_2023,Regulation Of Cytokine-Mediated Signaling Pathway (GO:0001959),1,0.6125074815615599,1.0702794707077363,0.5246447052706743,0.6933038127859752,GAS6
GO_Biological_Process_2023,L-alpha-amino Acid Transmembrane Transport (GO:1902475),1,0.6125074815615599,1.0702794707077363,0.5246447052706743,0.6933038127859752,SLC25A18
GO_Biological_Process_2023,Regulation Of Glycolytic Process (GO:0006110),1,0.6125074815615599,1.0702794707077363,0.5246447052706743,0.6933038127859752,SLC4A4
GO_Biological_Process_2023,Regulation Of Protein Dephosphorylation (GO:0035304),1,0.6125074815615599,1.0702794707077363,0.5246447052706743,0.6933038127859752,PPP1R16B
GO_Biological_Process_2023,Endothelial Cell Migration (GO:0043542),1,0.6125074815615599,1.0702794707077363,0.5246447052706743,0.6933038127859752,CYP1B1
GO_Biological_Process_2023,Negative Regulation Of Cell-Cell Adhesion (GO:0022408),1,0.6125074815615599,1.0702794707077363,0.5246447052706743,0.6933038127859752,AKNA
GO_Biological_Process_2023,Negative Regulation Of Mitotic Cell Cycle Phase Transition (GO:1901991),1,0.6125074815615599,1.0702794707077363,0.5246447052706743,0.6933038127859752,FHL1
GO_Biological_Process_2023,Negative Regulation Of Protein Localization (GO:1903828),1,0.6125074815615599,1.0702794707077363,0.5246447052706743,0.6933038127859752,LILRB4
GO_Biological_Process_2023,Negative Regulation Of Secretion By Cell (GO:1903531),1,0.6125074815615599,1.0702794707077363,0.5246447052706743,0.6933038127859752,APOE
GO_Biological_Process_2023,Nucleic Acid-Templated Transcription (GO:0097659),1,0.6125074815615599,1.0702794707077363,0.5246447052706743,0.6933038127859752,PDE10A
GO_Biological_Process_2023,Positive Regulation Of Catalytic Activity (GO:0043085),1,0.6125074815615599,1.0702794707077363,0.5246447052706743,0.6933038127859752,IGF2
GO_Biological_Process_2023,Protein Localization To Cilium (GO:0061512),1,0.6125074815615599,1.0702794707077363,0.5246447052706743,0.6933038127859752,EHD1
GO_Biological_Process_2023,Regulation Of Autophagosome Assembly (GO:2000785),1,0.6125074815615599,1.0702794707077363,0.5246447052706743,0.6933038127859752,SH3GLB1
GO_Biological_Process_2023,Negative Regulation Of Protein Kinase Activity (GO:0006469),2,0.613679763335934,0.9704561333466414,0.47385630535244627,0.6942940221163694,WWTR1;LILRB4
GO_Biological_Process_2023,Regulation Of Vesicle-Mediated Transport (GO:0060627),2,0.6198343040408759,0.9592521335898574,0.45881325786617316,0.7005301493853879,RAB3C;SEPTIN4
GO_Biological_Process_2023,O-glycan Processing (GO:0016266),1,0.6215929474623557,1.0434689507494648,0.49613800021378585,0.7005301493853879,GALNT13
GO_Biological_Process_2023,Regulation Of Heart Rate By Cardiac Conduction (GO:0086091),1,0.6215929474623557,1.0434689507494648,0.49613800021378585,0.7005301493853879,CACNA1G
GO_Biological_Process_2023,Axoneme Assembly (GO:0035082),1,0.6215929474623557,1.0434689507494648,0.49613800021378585,0.7005301493853879,SPAG17
GO_Biological_Process_2023,Regulation Of Release Of Cytochrome C From Mitochondria (GO:0090199),1,0.6215929474623557,1.0434689507494648,0.49613800021378585,0.7005301493853879,CLU
GO_Biological_Process_2023,Negative Regulation Of DNA Recombination (GO:0045910),1,0.6215929474623557,1.0434689507494648,0.49613800021378585,0.7005301493853879,H1-5
GO_Biological_Process_2023,Positive Regulation Of Actin Filament Polymerization (GO:0030838),1,0.6215929474623557,1.0434689507494648,0.49613800021378585,0.7005301493853879,TENM1
GO_Biological_Process_2023,Positive Regulation Of Response To Biotic Stimulus (GO:0002833),1,0.6215929474623557,1.0434689507494648,0.49613800021378585,0.7005301493853879,PRKCA
GO_Biological_Process_2023,Negative Regulation Of Cellular Biosynthetic Process (GO:0031327),3,0.6251339259915328,0.9339431872893597,0.43875658214618435,0.7041807834286862,ACADL;ATP2B4;SNAI2
GO_Biological_Process_2023,Negative Regulation Of Nucleic Acid-Templated Transcription (GO:1903507),10,0.6271562280707956,0.9343607417706151,0.435934975626717,0.7061180107656715,HEYL;SFRP1;DAP;FOXD1;CREB3L1;GAS6;TNF;TP63;RUNX2;ELK3
GO_Biological_Process_2023,DNA Integrity Checkpoint Signaling (GO:0031570),1,0.6304658316841505,1.01796626103306,0.46958408751079245,0.7074554092071189,MAP3K20
GO_Biological_Process_2023,Regulation Of Ubiquitin-Dependent Protein Catabolic Process (GO:2000058),1,0.6304658316841505,1.01796626103306,0.46958408751079245,0.7074554092071189,CLU
GO_Biological_Process_2023,Skeletal Muscle Tissue Development (GO:0007519),1,0.6304658316841505,1.01796626103306,0.46958408751079245,0.7074554092071189,DMD
GO_Biological_Process_2023,Modulation By Host Of Symbiont Process (GO:0051851),1,0.6304658316841505,1.01796626103306,0.46958408751079245,0.7074554092071189,CCL4
GO_Biological_Process_2023,Monoatomic Cation Transport (GO:0006812),1,0.6304658316841505,1.01796626103306,0.46958408751079245,0.7074554092071189,ANO6
GO_Biological_Process_2023,Negative Regulation Of I-kappaB kinase/NF-kappaB Signaling (GO:0043124),1,0.6304658316841505,1.01796626103306,0.46958408751079245,0.7074554092071189,LILRB4
GO_Biological_Process_2023,Positive Regulation Of Calcium Ion Transmembrane Transport (GO:1904427),1,0.6304658316841505,1.01796626103306,0.46958408751079245,0.7074554092071189,TRPC3
GO_Biological_Process_2023,Lymphocyte Differentiation (GO:0030098),2,0.6319163300603949,0.9375994599025895,0.4303565419974037,0.7084018800965234,KIT;PIK3CD
GO_Biological_Process_2023,Positive Regulation Of Binding (GO:0051099),2,0.6319163300603949,0.9375994599025895,0.4303565419974037,0.7084018800965234,FOXC1;APOE
GO_Biological_Process_2023,Intracellular Calcium Ion Homeostasis (GO:0006874),3,0.6348853313561104,0.9201138519924099,0.4180177309811352,0.7113885565939325,TRPC3;CASQ2;ATP2B4
GO_Biological_Process_2023,B Cell Activation (GO:0042113),2,0.6378441826826136,0.9271340009537434,0.41689623678657073,0.7140183800389546,KIT;PIK3CD
GO_Biological_Process_2023,Steroid Metabolic Process (GO:0008202),2,0.6378441826826136,0.9271340009537434,0.41689623678657073,0.7140183800389546,AKR1C1;CYP1B1
GO_Biological_Process_2023,Regulation Of Gene Expression (GO:0010468),25,0.6386216085203287,0.943800108974858,0.423240705109651,0.714089029262981,FOXC1;TNC;PIK3CD;CLU;TNF;FGF2;ACTG1;FGF7;CREB3L1;APOE;CD36;PPARGC1A;ERMAP;WWTR1;FOXD1;IGF2;ATP2B4;ACTA2;SFRP1;IL1B;CNTN1;TMEM119;SNAI2;GAS6;CD46
GO_Biological_Process_2023,Regulation Of Primary Metabolic Process (GO:0080090),1,0.6391310977422311,0.9936779851126746,0.4448156621772944,0.714089029262981,APOE
GO_Biological_Process_2023,Negative Regulation Of BMP Signaling Pathway (GO:0030514),1,0.6391310977422311,0.9936779851126746,0.4448156621772944,0.714089029262981,GREM2
GO_Biological_Process_2023,Regulation Of JUN Kinase Activity (GO:0043506),1,0.6391310977422311,0.9936779851126746,0.4448156621772944,0.714089029262981,TNF
GO_Biological_Process_2023,Positive Regulation Of GTPase Activity (GO:0043547),5,0.6427638850948243,0.9102870023673215,0.40232667437733927,0.7178042621106793,DOCK11;SFRP1;CCL20;CCL4;ARHGEF19
GO_Biological_Process_2023,Negative Regulation Of Amide Metabolic Process (GO:0034249),2,0.643696894401787,0.9168985520916851,0.4039188660277018,0.7181589634482652,APOE;CLU
GO_Biological_Process_2023,Protein O-linked Glycosylation (GO:0006493),2,0.643696894401787,0.9168985520916851,0.4039188660277018,0.7181589634482652,GALNT13;GALNT16
GO_Biological_Process_2023,Regulation Of Transport (GO:0051049),1,0.647593593727201,0.9705193964444002,0.4216828646444161,0.7200969260406324,ACTG1
GO_Biological_Process_2023,Regulation Of Viral Entry Into Host Cell (GO:0046596),1,0.647593593727201,0.9705193964444002,0.4216828646444161,0.7200969260406324,LRRC15
GO_Biological_Process_2023,Nucleus Organization (GO:0006997),1,0.647593593727201,0.9705193964444002,0.4216828646444161,0.7200969260406324,CEP55
GO_Biological_Process_2023,Phosphatidylinositol Phosphate Biosynthetic Process (GO:0046854),1,0.647593593727201,0.9705193964444002,0.4216828646444161,0.7200969260406324,PIK3CD
GO_Biological_Process_2023,Positive Regulation Of Cytokine-Mediated Signaling Pathway (GO:0001961),1,0.647593593727201,0.9705193964444002,0.4216828646444161,0.7200969260406324,GAS6
GO_Biological_Process_2023,Regulation Of B Cell Proliferation (GO:0030888),1,0.647593593727201,0.9705193964444002,0.4216828646444161,0.7200969260406324,SASH3
GO_Biological_Process_2023,Regulation Of DNA Recombination (GO:0000018),1,0.647593593727201,0.9705193964444002,0.4216828646444161,0.7200969260406324,H1-5
GO_Biological_Process_2023,Defense Response To Virus (GO:0051607),4,0.648554017149092,0.901537744641193,0.3903748436321982,0.7208214647742766,RNASE2;TNF;APOBEC3A;OASL
GO_Biological_Process_2023,Peptidyl-Lysine Modification (GO:0018205),2,0.6494747280014562,0.9068856129874977,0.3914039892306144,0.7215011971229884,EYA1;NNAT
GO_Biological_Process_2023,Intracellular Monoatomic Cation Homeostasis (GO:0030003),4,0.6526302158174389,0.896644419725621,0.3826381599560793,0.7246617144233598,MT2A;CASQ2;ATP2B4;F3
GO_Biological_Process_2023,Regulation Of Cellular Metabolic Process (GO:0031323),1,0.6558580544202038,0.9484134708974109,0.4000511339542736,0.7251410227459761,CYP1B1
GO_Biological_Process_2023,Regulation Of Protein Modification Process (GO:0031399),1,0.6558580544202038,0.9484134708974109,0.4000511339542736,0.7251410227459761,PPP1R16B
GO_Biological_Process_2023,Chromosome Organization (GO:0051276),1,0.6558580544202038,0.9484134708974109,0.4000511339542736,0.7251410227459761,H1-5
GO_Biological_Process_2023,Establishment Of Protein Localization To Extracellular Region (GO:0035592),1,0.6558580544202038,0.9484134708974109,0.4000511339542736,0.7251410227459761,RAB3C
GO_Biological_Process_2023,Hexose Metabolic Process (GO:0019318),1,0.6558580544202038,0.9484134708974109,0.4000511339542736,0.7251410227459761,HECTD4
GO_Biological_Process_2023,Natural Killer Cell Activation (GO:0030101),1,0.6558580544202038,0.9484134708974109,0.4000511339542736,0.7251410227459761,PIK3CD
GO_Biological_Process_2023,Organic Hydroxy Compound Transport (GO:0015850),1,0.6558580544202038,0.9484134708974109,0.4000511339542736,0.7251410227459761,AKR1C1
GO_Biological_Process_2023,Positive Regulation Of Innate Immune Response (GO:0045089),1,0.6558580544202038,0.9484134708974109,0.4000511339542736,0.7251410227459761,HLA-E
GO_Biological_Process_2023,Regulation Of Apoptotic Signaling Pathway (GO:2001233),1,0.6558580544202038,0.9484134708974109,0.4000511339542736,0.7251410227459761,TNF
GO_Biological_Process_2023,Ras Protein Signal Transduction (GO:0007265),3,0.658484788866322,0.887256920613132,0.3707082368053087,0.7277005195142026,COL1A2;DOK6;FGF2
GO_Biological_Process_2023,Cellular Response To Transforming Growth Factor Beta Stimulus (GO:0071560),2,0.6608069545503359,0.8874988585517304,0.3676850371016396,0.7299211698629835,SFRP1;COL1A2
GO_Biological_Process_2023,Positive Regulation Of Protein Kinase Activity (GO:0045860),3,0.6630705978112384,0.8809631985461154,0.3619647077022473,0.731293312901192,CSF1R;GAS6;CLU
GO_Biological_Process_2023,Antiviral Innate Immune Response (GO:0140374),1,0.6639291045576803,0.9272900309302878,0.3797993631936268,0.731293312901192,TNF
GO_Biological_Process_2023,Cardiac Conduction (GO:0061337),1,0.6639291045576803,0.9272900309302878,0.3797993631936268,0.731293312901192,CACNA1G
GO_Biological_Process_2023,Response To Glucose (GO:0009749),1,0.6639291045576803,0.9272900309302878,0.3797993631936268,0.731293312901192,GAS6
GO_Biological_Process_2023,Mitotic G2/M Transition Checkpoint (GO:0044818),1,0.6639291045576803,0.9272900309302878,0.3797993631936268,0.731293312901192,BRSK1
GO_Biological_Process_2023,Protein Sumoylation (GO:0016925),1,0.6639291045576803,0.9272900309302878,0.3797993631936268,0.731293312901192,EYA1
GO_Biological_Process_2023,Bicellular Tight Junction Assembly (GO:0070830),1,0.6718112609919624,0.907085001396518,0.36081831212294546,0.7382332783216763,CLDN11
GO_Biological_Process_2023,Response To Organonitrogen Compound (GO:0010243),1,0.6718112609919624,0.907085001396518,0.36081831212294546,0.7382332783216763,CLU
GO_Biological_Process_2023,Positive Regulation Of TOR Signaling (GO:0032008),1,0.6718112609919624,0.907085001396518,0.36081831212294546,0.7382332783216763,GAS6
GO_Biological_Process_2023,Positive Regulation Of Lymphocyte Activation (GO:0051251),1,0.6718112609919624,0.907085001396518,0.36081831212294546,0.7382332783216763,HLA-DPA1
GO_Biological_Process_2023,Regulation Of T Cell Differentiation (GO:0045580),1,0.6718112609919624,0.907085001396518,0.36081831212294546,0.7382332783216763,MDK
GO_Biological_Process_2023,Defense Response To Symbiont (GO:0140546),3,0.676559460171631,0.862602892102336,0.33704909050585885,0.7431010729602762,RNASE2;APOBEC3A;OASL
GO_Biological_Process_2023,Axon Development (GO:0061564),2,0.6772518570399307,0.8599177027565152,0.3351202959238905,0.7431929966269909,BRSK1;MAP1B
GO_Biological_Process_2023,Cellular Defense Response (GO:0006968),1,0.6795089352193653,0.8877397603535468,0.3430092347839866,0.7431929966269909,SPN
GO_Biological_Process_2023,Cellular Response To Radiation (GO:0071478),1,0.6795089352193653,0.8877397603535468,0.3430092347839866,0.7431929966269909,GPR88
GO_Biological_Process_2023,Regulation Of Tumor Necrosis Factor-Mediated Signaling Pathway (GO:0010803),1,0.6795089352193653,0.8877397603535468,0.3430092347839866,0.7431929966269909,GAS6
GO_Biological_Process_2023,Myelination (GO:0042552),1,0.6795089352193653,0.8877397603535468,0.3430092347839866,0.7431929966269909,MARVELD1
GO_Biological_Process_2023,Negative Regulation Of ERK1 And ERK2 Cascade (GO:0070373),1,0.6795089352193653,0.8877397603535468,0.3430092347839866,0.7431929966269909,LMO3
GO_Biological_Process_2023,Oligosaccharide Metabolic Process (GO:0009311),1,0.6795089352193653,0.8877397603535468,0.3430092347839866,0.7431929966269909,ST6GAL2
GO_Biological_Process_2023,Post-Translational Protein Modification (GO:0043687),1,0.6795089352193653,0.8877397603535468,0.3430092347839866,0.7431929966269909,PRKCA
GO_Biological_Process_2023,Regulation Of DNA Binding (GO:0051101),1,0.6795089352193653,0.8877397603535468,0.3430092347839866,0.7431929966269909,FOXC1
GO_Biological_Process_2023,Response To UV (GO:0009411),2,0.6825874529930235,0.8510992379784532,0.32500469039371277,0.7458610090288936,BRSK1;MFAP4
GO_Biological_Process_2023,Protein Complex Oligomerization (GO:0051259),2,0.6825874529930235,0.8510992379784532,0.32500469039371277,0.7458610090288936,EHD1;PXDN
GO_Biological_Process_2023,Regulation Of Mitotic Metaphase/Anaphase Transition (GO:0030071),1,0.6870264361678275,0.8692005710206995,0.3262826893543213,0.7496585797174893,MAP3K20
GO_Biological_Process_2023,Negative Regulation Of DNA Metabolic Process (GO:0051053),1,0.6870264361678275,0.8692005710206995,0.3262826893543213,0.7496585797174893,H1-5
GO_Biological_Process_2023,Nuclear Export (GO:0051168),1,0.6870264361678275,0.8692005710206995,0.3262826893543213,0.7496585797174893,ANKLE1
GO_Biological_Process_2023,"G Protein-Coupled Receptor Signaling Pathway, Coupled To Cyclic Nucleotide Second Messenger (GO:0007187)",1,0.6943679720033368,0.8514180832932745,0.3105575044475373,0.7541437164522048,LHCGR
GO_Biological_Process_2023,Regulation Of Epithelial Cell Migration (GO:0010632),1,0.6943679720033368,0.8514180832932745,0.3105575044475373,0.7541437164522048,RHOJ
GO_Biological_Process_2023,Regulation Of Interferon-Beta Production (GO:0032648),1,0.6943679720033368,0.8514180832932745,0.3105575044475373,0.7541437164522048,PTPRS
GO_Biological_Process_2023,Regulation Of Interleukin-12 Production (GO:0032655),1,0.6943679720033368,0.8514180832932745,0.3105575044475373,0.7541437164522048,MDK
GO_Biological_Process_2023,Regulation Of Mitochondrion Organization (GO:0010821),1,0.6943679720033368,0.8514180832932745,0.3105575044475373,0.7541437164522048,PPARGC1A
GO_Biological_Process_2023,Dicarboxylic Acid Metabolic Process (GO:0043648),1,0.6943679720033368,0.8514180832932745,0.3105575044475373,0.7541437164522048,ADHFE1
GO_Biological_Process_2023,Intracellular Iron Ion Homeostasis (GO:0006879),1,0.6943679720033368,0.8514180832932745,0.3105575044475373,0.7541437164522048,F3
GO_Biological_Process_2023,Mitotic Metaphase Plate Congression (GO:0007080),1,0.6943679720033368,0.8514180832932745,0.3105575044475373,0.7541437164522048,CEP55
GO_Biological_Process_2023,Pyruvate Metabolic Process (GO:0006090),1,0.6943679720033368,0.8514180832932745,0.3105575044475373,0.7541437164522048,NR4A3
GO_Biological_Process_2023,Regulation Of TORC1 Signaling (GO:1903432),1,0.6943679720033368,0.8514180832932745,0.3105575044475373,0.7541437164522048,DYRK3
GO_Biological_Process_2023,Amide Biosynthetic Process (GO:0043604),1,0.701537653180497,0.8343468950749464,0.29575987611521315,0.7594568100757327,DMD
GO_Biological_Process_2023,Regulation Of Stress-Activated MAPK Cascade (GO:0032872),1,0.701537653180497,0.8343468950749464,0.29575987611521315,0.7594568100757327,EPHB1
GO_Biological_Process_2023,Regulation Of Telomere Maintenance Via Telomerase (GO:0032210),1,0.701537653180497,0.8343468950749464,0.29575987611521315,0.7594568100757327,TENM1
GO_Biological_Process_2023,Sensory Perception (GO:0007600),1,0.701537653180497,0.8343468950749464,0.29575987611521315,0.7594568100757327,TMEM150C
GO_Biological_Process_2023,Metaphase Plate Congression (GO:0051310),1,0.701537653180497,0.8343468950749464,0.29575987611521315,0.7594568100757327,CEP55
GO_Biological_Process_2023,Positive Regulation Of Ras Protein Signal Transduction (GO:0046579),1,0.701537653180497,0.8343468950749464,0.29575987611521315,0.7594568100757327,P2RY8
GO_Biological_Process_2023,Positive Regulation Of Leukocyte Mediated Cytotoxicity (GO:0001912),1,0.701537653180497,0.8343468950749464,0.29575987611521315,0.7594568100757327,HLA-E
GO_Biological_Process_2023,Adenylate Cyclase-Inhibiting G Protein-Coupled Receptor Signaling Pathway (GO:0007193),1,0.7085394939744567,0.8179451652181216,0.28182257997172305,0.7638481196011001,ADCY6
GO_Biological_Process_2023,Cardiac Muscle Tissue Development (GO:0048738),1,0.7085394939744567,0.8179451652181216,0.28182257997172305,0.7638481196011001,BMP5
GO_Biological_Process_2023,Cartilage Development (GO:0051216),1,0.7085394939744567,0.8179451652181216,0.28182257997172305,0.7638481196011001,FGF2
GO_Biological_Process_2023,Regulation Of Proteolysis (GO:0030162),1,0.7085394939744567,0.8179451652181216,0.28182257997172305,0.7638481196011001,ASPH
GO_Biological_Process_2023,Cellular Response To Ionizing Radiation (GO:0071479),1,0.7085394939744567,0.8179451652181216,0.28182257997172305,0.7638481196011001,MAP3K20
GO_Biological_Process_2023,Sprouting Angiogenesis (GO:0002040),1,0.7085394939744567,0.8179451652181216,0.28182257997172305,0.7638481196011001,FGF2
GO_Biological_Process_2023,Negative Regulation Of Response To Stimulus (GO:0048585),1,0.7085394939744567,0.8179451652181216,0.28182257997172305,0.7638481196011001,CLU
GO_Biological_Process_2023,Neurotransmitter Transport (GO:0006836),1,0.7085394939744567,0.8179451652181216,0.28182257997172305,0.7638481196011001,BRSK1
GO_Biological_Process_2023,Positive Regulation Of B Cell Activation (GO:0050871),1,0.7085394939744567,0.8179451652181216,0.28182257997172305,0.7638481196011001,SASH3
GO_Biological_Process_2023,Positive Regulation Of Cell Growth (GO:0030307),2,0.7130990175700043,0.8017497523935292,0.27109964742468234,0.7684086366613064,SFRP1;MFSD2A
GO_Biological_Process_2023,Regulation Of Cyclin-Dependent Protein Kinase Activity (GO:1904029),1,0.7153774153953307,0.8021742711250206,0.26868427877278644,0.7687342944441538,DIRAS3
GO_Biological_Process_2023,Actin Polymerization Or Depolymerization (GO:0008154),1,0.7153774153953307,0.8021742711250206,0.26868427877278644,0.7687342944441538,ENAH
GO_Biological_Process_2023,Regulation Of Proteasomal Protein Catabolic Process (GO:0061136),1,0.7153774153953307,0.8021742711250206,0.26868427877278644,0.7687342944441538,APOE
GO_Biological_Process_2023,Carboxylic Acid Transport (GO:0046942),1,0.7153774153953307,0.8021742711250206,0.26868427877278644,0.7687342944441538,SLC16A2
GO_Biological_Process_2023,Endosome Organization (GO:0007032),1,0.7153774153953307,0.8021742711250206,0.26868427877278644,0.7687342944441538,PLEKHF1
GO_Biological_Process_2023,Tight Junction Assembly (GO:0120192),1,0.7153774153953307,0.8021742711250206,0.26868427877278644,0.7687342944441538,CLDN11
GO_Biological_Process_2023,Negative Regulation Of Translation (GO:0017148),2,0.7179385832603022,0.7940731657469855,0.26313301929361704,0.7707767494616125,AGO2;CPEB4
GO_Biological_Process_2023,Positive Regulation Of Autophagy (GO:0010508),2,0.7179385832603022,0.7940731657469855,0.26313301929361704,0.7707767494616125,SH3GLB1;PLEKHF1
GO_Biological_Process_2023,Peptide Biosynthetic Process (GO:0043043),3,0.7186265377399893,0.806534859521332,0.2664899858080109,0.7711606156713265,AGO2;DMD;GGTA1
GO_Biological_Process_2023,Protein Stabilization (GO:0050821),4,0.7205374215724974,0.8167680865449628,0.26770221452092646,0.7728558556756475,H1-5;PPARGC1A;CLU;CPN2
GO_Biological_Process_2023,Apical Junction Assembly (GO:0043297),1,0.7220552468067619,0.7869985051109046,0.25628891518837776,0.7734083736421116,CLDN11
GO_Biological_Process_2023,Nucleosome Assembly (GO:0006334),1,0.7220552468067619,0.7869985051109046,0.25628891518837776,0.7734083736421116,NAP1L3
GO_Biological_Process_2023,Organelle Disassembly (GO:1903008),1,0.7220552468067619,0.7869985051109046,0.25628891518837776,0.7734083736421116,DYRK3
GO_Biological_Process_2023,Glycerophospholipid Biosynthetic Process (GO:0046474),2,0.7227093671437212,0.7865414203579237,0.25542784713887073,0.7734083736421116,FGF2;MFSD2A
GO_Biological_Process_2023,Positive Regulation Of DNA Metabolic Process (GO:0051054),2,0.7227093671437212,0.7865414203579237,0.25542784713887073,0.7734083736421116,EYA1;FGF2
GO_Biological_Process_2023,Cellular Response To Salt (GO:1902075),2,0.7274119303273545,0.779150455256508,0.24797425117997293,0.7780840721283434,ATP2B4;CLU
GO_Biological_Process_2023,Phosphatidylcholine Metabolic Process (GO:0046470),1,0.7285767284716846,0.7723848045047188,0.2445851756964467,0.7789730115679853,MFSD2A
GO_Biological_Process_2023,Mitotic DNA Damage Checkpoint Signaling (GO:0044773),1,0.7349455133489753,0.7583025111933035,0.2335260178420649,0.7843451431899902,BRSK1
GO_Biological_Process_2023,Nucleotide-Excision Repair (GO:0006289),1,0.7349455133489753,0.7583025111933035,0.2335260178420649,0.7843451431899902,FSCN1
GO_Biological_Process_2023,Positive Regulation Of Cellular Metabolic Process (GO:0031325),1,0.7349455133489753,0.7583025111933035,0.2335260178420649,0.7843451431899902,AKR1C1
GO_Biological_Process_2023,Regulation Of Cation Channel Activity (GO:2001257),1,0.7349455133489753,0.7583025111933035,0.2335260178420649,0.7843451431899902,DMD
GO_Biological_Process_2023,RNA Metabolic Process (GO:0016070),2,0.7366146955333835,0.7647753671693507,0.23378443029485987,0.7854082683302499,AGO2;RNASE2
GO_Biological_Process_2023,Mitotic Sister Chromatid Segregation (GO:0000070),2,0.7366146955333835,0.7647753671693507,0.23378443029485987,0.7854082683302499,AKAP8L;CEP55
GO_Biological_Process_2023,Regulation Of GTPase Activity (GO:0043087),4,0.740864622135819,0.7931855500821018,0.2379059850771488,0.7873825694697167,DOCK11;SFRP1;CCL20;CCL4
GO_Biological_Process_2023,Regulation Of Protein Serine/Threonine Kinase Activity (GO:0071900),2,0.7411160735835511,0.7577838470542333,0.22703054125762948,0.7873825694697167,DIRAS3;CSF1R
GO_Biological_Process_2023,Negative Regulation Of Defense Response (GO:0031348),2,0.7411160735835511,0.7577838470542333,0.22703054125762948,0.7873825694697167,CXCL17;APOE
GO_Biological_Process_2023,RNA Catabolic Process (GO:0006401),1,0.741165169290903,0.7447231569287244,0.22306825131050936,0.7873825694697167,RNASE2
GO_Biological_Process_2023,Signal Transduction In Response To DNA Damage (GO:0042770),1,0.741165169290903,0.7447231569287244,0.22306825131050936,0.7873825694697167,MAP3K20
GO_Biological_Process_2023,Endosome To Lysosome Transport (GO:0008333),1,0.741165169290903,0.7447231569287244,0.22306825131050936,0.7873825694697167,PLEKHF1
GO_Biological_Process_2023,Membrane Lipid Biosynthetic Process (GO:0046467),1,0.741165169290903,0.7447231569287244,0.22306825131050936,0.7873825694697167,HACD2
GO_Biological_Process_2023,Regulation Of Calcium Ion Transport (GO:0051924),1,0.741165169290903,0.7447231569287244,0.22306825131050936,0.7873825694697167,CCL4
GO_Biological_Process_2023,Memory (GO:0007613),1,0.7472391809384329,0.7316202712348323,0.21317216655019758,0.7931133462075045,APOE
GO_Biological_Process_2023,Positive Regulation Of Mitochondrion Organization (GO:0010822),1,0.7472391809384329,0.7316202712348323,0.21317216655019758,0.7931133462075045,PPARGC1A
GO_Biological_Process_2023,Membrane Organization (GO:0061024),3,0.7527486565220441,0.7619197482297404,0.21640341562238108,0.7961508157086835,SH3GLB1;SPTBN1;CEP55
GO_Biological_Process_2023,DNA-templated Transcription Initiation (GO:0006352),1,0.7531709516215823,0.7189692091855571,0.2038012045777524,0.7961508157086835,PPARGC1A
GO_Biological_Process_2023,Cilium Movement (GO:0003341),1,0.7531709516215823,0.7189692091855571,0.2038012045777524,0.7961508157086835,SPAG17
GO_Biological_Process_2023,Heart Morphogenesis (GO:0003007),1,0.7531709516215823,0.7189692091855571,0.2038012045777524,0.7961508157086835,HEYL
GO_Biological_Process_2023,Microtubule Cytoskeleton Organization Involved In Mitosis (GO:1902850),1,0.7531709516215823,0.7189692091855571,0.2038012045777524,0.7961508157086835,SPC25
GO_Biological_Process_2023,Negative Regulation Of Cytokine-Mediated Signaling Pathway (GO:0001960),1,0.7531709516215823,0.7189692091855571,0.2038012045777524,0.7961508157086835,GAS6
GO_Biological_Process_2023,Negative Regulation Of Protein-Containing Complex Assembly (GO:0031333),1,0.7531709516215823,0.7189692091855571,0.2038012045777524,0.7961508157086835,CLU
GO_Biological_Process_2023,Positive Regulation Of Protein Binding (GO:0032092),1,0.7531709516215823,0.7189692091855571,0.2038012045777524,0.7961508157086835,APOE
GO_Biological_Process_2023,protein-DNA Complex Assembly (GO:0065004),1,0.7531709516215823,0.7189692091855571,0.2038012045777524,0.7961508157086835,NAP1L3
GO_Biological_Process_2023,Double-Strand Break Repair (GO:0006302),3,0.7563270743118387,0.7572629521016617,0.21148942591744146,0.7991251206173977,ANKLE1;EYA1;FSCN1
GO_Biological_Process_2023,Negative Regulation Of Peptidase Activity (GO:0010466),1,0.7589638054673071,0.7067469966972744,0.19492166261550103,0.8011856725285821,SERPINB2
GO_Biological_Process_2023,protein-DNA Complex Organization (GO:0071824),1,0.7589638054673071,0.7067469966972744,0.19492166261550103,0.8011856725285821,H1-5
GO_Biological_Process_2023,Negative Regulation Of Autophagy (GO:0010507),1,0.7646209888251114,0.6949321912919343,0.18650243196002164,0.8067926708489196,DAP
GO_Biological_Process_2023,Heart Development (GO:0007507),3,0.7668124703193927,0.7436251920122888,0.19744215942691698,0.8087394061118223,FOXC1;SCUBE1;BMP5
GO_Biological_Process_2023,Glycerophospholipid Metabolic Process (GO:0006650),1,0.770145672622713,0.6835047565556218,0.17851476271135847,0.8111552346125507,CSF1R
GO_Biological_Process_2023,Negative Regulation Of Kinase Activity (GO:0033673),1,0.770145672622713,0.6835047565556218,0.17851476271135847,0.8111552346125507,WWTR1
GO_Biological_Process_2023,Regulation Of T Cell Activation (GO:0050863),1,0.770145672622713,0.6835047565556218,0.17851476271135847,0.8111552346125507,HLA-DPA1
GO_Biological_Process_2023,Regulation Of Protein Kinase Activity (GO:0045859),2,0.7708160181300098,0.712189574850519,0.1853869071634021,0.8114950772735421,WWTR1;GAS6
GO_Biological_Process_2023,Regulation Of Apoptotic Process (GO:0042981),14,0.7717030365382238,0.8408104196816208,0.2179006200463702,0.812062618250773,ALK;CSRNP3;ANXA5;ANO6;SEPTIN4;OLFM4;CLU;TNF;MPO;SFRP1;MAP3K20;CYP1B1;PLEKHN1;GAS6
GO_Biological_Process_2023,Endocytic Recycling (GO:0032456),1,0.7808098564213074,0.661738214200741,0.16372966476257123,0.8209054976969961,EHD1
GO_Biological_Process_2023,Positive Regulation Of Macroautophagy (GO:0016239),1,0.7808098564213074,0.661738214200741,0.16372966476257123,0.8209054976969961,SH3GLB1
GO_Biological_Process_2023,Regulation Of Protein Catabolic Process (GO:0042176),2,0.7826098680692715,0.694277539341917,0.17018197691215534,0.8217756351272715,APOE;TNF
GO_Biological_Process_2023,Potassium Ion Transport (GO:0006813),2,0.7826098680692715,0.694277539341917,0.17018197691215534,0.8217756351272715,KCNK17;KCNN4
GO_Biological_Process_2023,Protein-Containing Complex Assembly (GO:0065003),6,0.7826937604489823,0.774784221989191,0.18983280319142926,0.8217756351272715,CASQ2;ANO6;DMD;FMOD;PPARGC1A;CLU
GO_Biological_Process_2023,Antimicrobial Humoral Immune Response Mediated By Antimicrobial Peptide (GO:0061844),1,0.7859553351685283,0.651365096359743,0.15688474458627244,0.823717895053141,CXCL3
GO_Biological_Process_2023,Cellular Response To Light Stimulus (GO:0071482),1,0.7859553351685283,0.651365096359743,0.15688474458627244,0.823717895053141,GPR88
GO_Biological_Process_2023,Positive Regulation Of DNA Biosynthetic Process (GO:2000573),1,0.7859553351685283,0.651365096359743,0.15688474458627244,0.823717895053141,FGF2
GO_Biological_Process_2023,Positive Regulation Of Cell Cycle (GO:0045787),1,0.7859553351685283,0.651365096359743,0.15688474458627244,0.823717895053141,PRKCA
GO_Biological_Process_2023,Negative Regulation Of Transcription By RNA Polymerase II (GO:0000122),15,0.7903586852815632,0.831533094875518,0.19563346457056177,0.827961028477185,DLX2;TENM2;FOXC1;IRX3;SHOX2;IGF2;EN1;TNF;GLIS1;ETS2;H1-5;NR4A3;SNAI2;LCOR;MXD1
GO_Biological_Process_2023,Negative Regulation Of Endopeptidase Activity (GO:0010951),1,0.7909802749364886,0.6413111513753912,0.15037608069501823,0.8282404493951389,SERPINB2
GO_Biological_Process_2023,Regulation Of I-kappaB kinase/NF-kappaB Signaling (GO:0043122),4,0.7951032701387607,0.7298850574712644,0.16735043505021854,0.8321843195084608,IL1B;TNFRSF19;LILRB4;TNF
GO_Biological_Process_2023,Protein Secretion (GO:0009306),1,0.7958874936813221,0.6315618713905652,0.144183960160112,0.8326317392434809,RAB3C
GO_Biological_Process_2023,Protein-Containing Complex Organization (GO:0043933),2,0.7975050299817862,0.6717430430569016,0.15199337525683387,0.8339501523196635,DMD;PPARGC1A
GO_Biological_Process_2023,Telomere Maintenance (GO:0000723),1,0.8006797434416254,0.6221036146888683,0.13829004574021744,0.8361460944934022,TENM1
GO_Biological_Process_2023,Intermediate Filament Organization (GO:0045109),1,0.8006797434416254,0.6221036146888683,0.13829004574021744,0.8361460944934022,VIM
GO_Biological_Process_2023,Neuropeptide Signaling Pathway (GO:0007218),1,0.8006797434416254,0.6221036146888683,0.13829004574021744,0.8361460944934022,CPE
GO_Biological_Process_2023,Macromolecule Biosynthetic Process (GO:0009059),3,0.8051288296663278,0.6936200716845878,0.15034421580216528,0.8395308477812181,COL5A1;AGO2;APOE
GO_Biological_Process_2023,Regulation Of Endopeptidase Activity (GO:0052548),1,0.8053597121603031,0.6129235420078095,0.13267726310602765,0.8395308477812181,SERPINB2
GO_Biological_Process_2023,Regulation Of Monoatomic Ion Transmembrane Transporter Activity (GO:0032412),1,0.8053597121603031,0.6129235420078095,0.13267726310602765,0.8395308477812181,FHL1
GO_Biological_Process_2023,Cellular Response To Calcium Ion (GO:0071277),1,0.8053597121603031,0.6129235420078095,0.13267726310602765,0.8395308477812181,CLU
GO_Biological_Process_2023,Sulfur Compound Biosynthetic Process (GO:0044272),1,0.8099300249710907,0.60400955838997,0.1273296990586368,0.8435415788855537,GGTA1
GO_Biological_Process_2023,Positive Regulation Of Protein Polymerization (GO:0032273),1,0.8099300249710907,0.60400955838997,0.1273296990586368,0.8435415788855537,TENM1
GO_Biological_Process_2023,Negative Regulation Of Protein Binding (GO:0032091),1,0.8143932459555479,0.5953502600183542,0.12223250882477173,0.8478117020786122,PTPRF
GO_Biological_Process_2023,Circulatory System Development (GO:0072359),2,0.818155147038327,0.640541432816111,0.12855877554666223,0.8508312048384838,HEYL;FOXC1
GO_Biological_Process_2023,Cellular Response To Hypoxia (GO:0071456),1,0.8187518792061845,0.5869348855445305,0.1173718323233739,0.8508312048384838,SFRP1
GO_Biological_Process_2023,Positive Regulation Of Protein Localization To Nucleus (GO:1900182),1,0.8187518792061845,0.5869348855445305,0.1173718323233739,0.8508312048384838,WWTR1
GO_Biological_Process_2023,Protein Targeting To Membrane (GO:0006612),1,0.8187518792061845,0.5869348855445305,0.1173718323233739,0.8508312048384838,ZDHHC11B
GO_Biological_Process_2023,Positive Regulation Of Secretion By Cell (GO:1903532),1,0.8230083703515549,0.5787532714727576,0.11273471764758554,0.8548738479753134,IL1B
GO_Biological_Process_2023,Regulation Of Cell Cycle G1/S Phase Transition (GO:1902806),1,0.8271651081236634,0.5707958112111701,0.10830905132569421,0.8588093248935189,ATP2B4
GO_Biological_Process_2023,Nucleosome Organization (GO:0034728),1,0.8312244253155634,0.5630534174431391,0.10408349512067624,0.8626401995049021,NAP1L3
GO_Biological_Process_2023,Potassium Ion Transmembrane Transport (GO:0071805),2,0.8339029454430074,0.6166587188046415,0.11200881408637078,0.8646510327250018,KCNK17;KCNN4
GO_Biological_Process_2023,Protein Localization To Organelle (GO:0033365),2,0.8339029454430074,0.6166587188046415,0.11200881408637078,0.8646510327250018,COL1A1;EHD1
GO_Biological_Process_2023,Transcription Initiation At RNA Polymerase II Promoter (GO:0006367),1,0.8351886004577592,0.5555174875089222,0.10004742782311997,0.8655995530499155,PPARGC1A
GO_Biological_Process_2023,Sphingolipid Biosynthetic Process (GO:0030148),1,0.8390598588158658,0.5481798715203426,0.09619089247371287,0.8688401554907855,HACD2
GO_Biological_Process_2023,Negative Regulation Of Transforming Growth Factor Beta Receptor Signaling Pathway (GO:0030512),1,0.8390598588158658,0.5481798715203426,0.09619089247371287,0.8688401554907855,LTBP1
GO_Biological_Process_2023,Regulation Of Innate Immune Response (GO:0045088),1,0.8428403735933413,0.5410328429600378,0.09250454790992131,0.8719811311909834,HLA-E
GO_Biological_Process_2023,Organonitrogen Compound Catabolic Process (GO:1901565),1,0.8428403735933413,0.5410328429600378,0.09250454790992131,0.8719811311909834,ENPEP
GO_Biological_Process_2023,Regulation Of Cyclin-Dependent Protein Serine/Threonine Kinase Activity (GO:0000079),1,0.8465322674900994,0.534069071542305,0.08897962413151975,0.8742505806734034,DIRAS3
GO_Biological_Process_2023,Vesicle Fusion (GO:0006906),1,0.8465322674900994,0.534069071542305,0.08897962413151975,0.8742505806734034,RAB34
GO_Biological_Process_2023,Positive Regulation Of Cytoskeleton Organization (GO:0051495),1,0.8465322674900994,0.534069071542305,0.08897962413151975,0.8742505806734034,TENM1
GO_Biological_Process_2023,Positive Regulation Of Protein Modification By Small Protein Conjugation Or Removal (GO:1903322),1,0.8465322674900994,0.534069071542305,0.08897962413151975,0.8742505806734034,SEPTIN4
GO_Biological_Process_2023,Regulation Of Cytokinesis (GO:0032465),1,0.8501376136256449,0.5272815981351476,0.08560788174418357,0.8775856657241287,SH3GLB1
GO_Biological_Process_2023,Activation Of Protein Kinase Activity (GO:0032147),1,0.8536584365786843,0.5206638115631692,0.08238157463210279,0.8808305884061225,GAS6
GO_Biological_Process_2023,Sodium Ion Transmembrane Transport (GO:0035725),1,0.8570967136854516,0.5142094271287705,0.0792934154782257,0.8839875076190208,SLC4A4
GO_Biological_Process_2023,Vesicle-Mediated Transport To The Plasma Membrane (GO:0098876),1,0.860454376334245,0.5079124667049668,0.07633654403086756,0.8862756021024396,EHD1
GO_Biological_Process_2023,Positive Regulation Of Proteasomal Ubiquitin-Dependent Protein Catabolic Process (GO:0032436),1,0.860454376334245,0.5079124667049668,0.07633654403086756,0.8862756021024396,CLU
GO_Biological_Process_2023,Positive Regulation Of Ubiquitin-Dependent Protein Catabolic Process (GO:2000060),1,0.860454376334245,0.5079124667049668,0.07633654403086756,0.8862756021024396,CLU
GO_Biological_Process_2023,Negative Regulation Of Protein Metabolic Process (GO:0051248),2,0.8617568083380872,0.5738345419564895,0.08537635010677971,0.8868343874167087,APOE;CLU
GO_Biological_Process_2023,Protein Glycosylation (GO:0006486),2,0.8617568083380872,0.5738345419564895,0.08537635010677971,0.8868343874167087,GALNT13;GALNT16
GO_Biological_Process_2023,Positive Regulation Of Protein Ubiquitination (GO:0031398),1,0.863733310566711,0.5017672402672789,0.07350449826941813,0.8884766623458368,SEPTIN4
GO_Biological_Process_2023,Mitotic Spindle Organization (GO:0007052),1,0.8669353584556432,0.49576832874477417,0.07079118736201735,0.8913775888261987,SPC25
GO_Biological_Process_2023,Regulation Of Mitotic Cell Cycle Phase Transition (GO:1901990),1,0.8700623192349569,0.48991056808162237,0.06819086684329252,0.8941987904422675,MAP3K20
GO_Biological_Process_2023,Chromatin Organization (GO:0006325),4,0.8760870720993793,0.6291797283176593,0.0832340576621156,0.8999943777640631,H1-5;SATB2;NAP1L3;HDGFL3
GO_Biological_Process_2023,Cellular Response To Chemical Stress (GO:0062197),1,0.8790100450437759,0.4731360716371423,0.06101513268680507,0.9014101252777562,PPARGC1A
GO_Biological_Process_2023,Sodium Ion Transport (GO:0006814),1,0.8790100450437759,0.4731360716371423,0.06101513268680507,0.9014101252777562,SLC4A4
GO_Biological_Process_2023,Organic Anion Transport (GO:0015711),1,0.8790100450437759,0.4731360716371423,0.06101513268680507,0.9014101252777562,SLC4A4
GO_Biological_Process_2023,Positive Regulation Of DNA Repair (GO:0045739),1,0.8790100450437759,0.4731360716371423,0.06101513268680507,0.9014101252777562,EYA1
GO_Biological_Process_2023,Positive Regulation Of Proteasomal Protein Catabolic Process (GO:1901800),1,0.8818538224616579,0.4677958761398359,0.058815494089543466,0.9039292145917915,CLU
GO_Biological_Process_2023,Regulation Of RNA Metabolic Process (GO:0051252),1,0.8846308972007954,0.4625743516535808,0.05670457803604949,0.9063777498097702,OASL
GO_Biological_Process_2023,Sphingolipid Metabolic Process (GO:0006665),1,0.8925773370901838,0.44758352328981604,0.05086433906750582,0.913717326652846,HACD2
GO_Biological_Process_2023,Vesicle Organization (GO:0016050),1,0.8925773370901838,0.44758352328981604,0.05086433906750582,0.913717326652846,PLEKHF1
GO_Biological_Process_2023,Recombinational Repair (GO:0000725),1,0.8951028537457802,0.44279921636521025,0.04906952441806854,0.9159009472348316,FSCN1
GO_Biological_Process_2023,Nitrogen Compound Transport (GO:0071705),2,0.8975530121571251,0.5163809879241863,0.055812054802743774,0.9172181791918319,ARRDC2;RHD
GO_Biological_Process_2023,Regulation Of Macroautophagy (GO:0016241),1,0.8975691179409357,0.4381156316916488,0.04734503143489453,0.9172181791918319,SH3GLB1
GO_Biological_Process_2023,Regulation Of Protein Metabolic Process (GO:0051246),1,0.8975691179409357,0.4381156316916488,0.04734503143489453,0.9172181791918319,APOE
GO_Biological_Process_2023,RNA Splicing (GO:0008380),1,0.9023294054020818,0.42903816861299365,0.044094668557076666,0.9212759545968763,PPARGC1A
GO_Biological_Process_2023,Phosphatidylinositol Biosynthetic Process (GO:0006661),1,0.9023294054020818,0.42903816861299365,0.044094668557076666,0.9212759545968763,FGF2
GO_Biological_Process_2023,Activation Of GTPase Activity (GO:0090630),1,0.9111978593372736,0.41196175292047404,0.03831047225037898,0.9295173967190545,ARHGEF19
GO_Biological_Process_2023,Protein Catabolic Process (GO:0030163),1,0.9111978593372736,0.41196175292047404,0.03831047225037898,0.9295173967190545,APOE
GO_Biological_Process_2023,Intrinsic Apoptotic Signaling Pathway (GO:0097193),1,0.9173176740000105,0.4000164717509471,0.03452199723056932,0.9349429917537224,CYP1B1
GO_Biological_Process_2023,Lysosomal Transport (GO:0007041),1,0.9173176740000105,0.4000164717509471,0.03452199723056932,0.9349429917537224,PLEKHF1
GO_Biological_Process_2023,Positive Regulation Of I-kappaB kinase/NF-kappaB Signaling (GO:0043123),2,0.9185226967832522,0.48026495323624996,0.040817076706266386,0.9357625378839418,TNFRSF19;TNF
GO_Biological_Process_2023,Regulation Of G1/S Transition Of Mitotic Cell Cycle (GO:2000045),1,0.9192626053214825,0.39618639747119405,0.03335233630823098,0.936107731597007,FHL1
GO_Biological_Process_2023,Regulation Of Cellular Response To Stress (GO:0080135),1,0.921161880303844,0.39242858874388914,0.032226036498970496,0.9376327207279423,DYRK3
GO_Biological_Process_2023,Positive Regulation Of Translation (GO:0045727),1,0.9230165684104958,0.38874101943204786,0.031141302139201462,0.9391110159852211,VIM
GO_Biological_Process_2023,Regulation Of Autophagy (GO:0010506),3,0.9234997866363763,0.5230143670371374,0.04162394692570152,0.9391932470628768,SH3GLB1;DAP;PLEKHF1
GO_Biological_Process_2023,Regulation Of Proteasomal Ubiquitin-Dependent Protein Catabolic Process (GO:0032434),1,0.9248277141793475,0.3851217384407963,0.030096421890045535,0.9401340962084481,CLU
GO_Biological_Process_2023,Cilium Assembly (GO:0060271),3,0.9260515186397423,0.5186021505376344,0.03984182294746967,0.9409683258620629,EHD1;SPAG17;ABLIM1
GO_Biological_Process_2023,Sensory Perception Of Chemical Stimulus (GO:0007606),1,0.9265963378008351,0.3815688662750722,0.02908976421944443,0.9411122073225192,CD36
GO_Biological_Process_2023,Double-Strand Break Repair Via Homologous Recombination (GO:0000724),1,0.9283234354400448,0.37808059178508857,0.028119773258264025,0.9420464775291585,FSCN1
GO_Biological_Process_2023,Mitotic Cell Cycle Phase Transition (GO:0044772),1,0.9283234354400448,0.37808059178508857,0.028119773258264025,0.9420464775291585,BRSK1
GO_Biological_Process_2023,RNA Processing (GO:0006396),2,0.9301868147914844,0.4588480781542693,0.033206760572335306,0.9435271732826269,AKAP8L;PPARGC1A
GO_Biological_Process_2023,Regulation Of Protein Ubiquitination (GO:0031396),1,0.9316569218968678,0.371290914652799,0.026283922075285803,0.9446078434870936,SEPTIN4
GO_Biological_Process_2023,Response To Endoplasmic Reticulum Stress (GO:0034976),1,0.9332651889091163,0.36798620454416253,0.025415293265697476,0.9458275948388525,CREB3L1
GO_Biological_Process_2023,Regulation Of Small GTPase Mediated Signal Transduction (GO:0051056),1,0.9393293196581386,0.35533227182049454,0.022239944185114702,0.9515601701745205,ARHGEF19
GO_Biological_Process_2023,Protein Localization To Nucleus (GO:0034504),1,0.9448434582778027,0.3435149627479781,0.019489671050099647,0.956730859705159,COL1A1
GO_Biological_Process_2023,Endomembrane System Organization (GO:0010256),2,0.945840682805306,0.42781292863147646,0.023821109658020537,0.9573253051463937,PLEKHF1;SPTBN1
GO_Biological_Process_2023,Protein Targeting (GO:0006605),1,0.9533169771865937,0.32461188436830835,0.015518986791200243,0.9640562498932017,ZDHHC11B
GO_Biological_Process_2023,Regulation Of DNA Repair (GO:0006282),1,0.9533169771865937,0.32461188436830835,0.015518986791200243,0.9640562498932017,EYA1
GO_Biological_Process_2023,Chemical Synaptic Transmission (GO:0007268),3,0.9560329717848831,0.46026284348864993,0.02069474171644953,0.96638412998957,BRSK1;APOE;PDE7B
GO_Biological_Process_2023,Vesicle-Mediated Transport (GO:0016192),5,0.9655039890186351,0.5087297449701561,0.017858980877315186,0.9755351992941534,EHD1;MYO1E;PLEKHF1;RAB34;RHOJ
GO_Biological_Process_2023,Chromatin Remodeling (GO:0006338),2,0.9713838510382711,0.36662995176421437,0.010644577699078834,0.9805282432297018,SATB2;HDGFL3
GO_Biological_Process_2023,Cilium Organization (GO:0044782),2,0.9713838510382711,0.36662995176421437,0.010644577699078834,0.9805282432297018,EHD1;ABLIM1
GO_Biological_Process_2023,protein-RNA Complex Assembly (GO:0022618),1,0.971706009678792,0.27855941824871017,0.00799520669815003,0.9805282432297018,AGO2
GO_Biological_Process_2023,Regulation Of Macromolecule Metabolic Process (GO:0060255),1,0.9787514980204336,0.2576376235253435,0.0055334123513728255,0.9867844476802125,APOE
GO_Biological_Process_2023,Mitochondrion Organization (GO:0007005),1,0.9787514980204336,0.2576376235253435,0.0055334123513728255,0.9867844476802125,PPARGC1A
GO_Biological_Process_2023,Negative Regulation Of Programmed Cell Death (GO:0043069),4,0.9794169688980775,0.43800878075551086,0.009109625176282587,0.9870290178791506,SFRP1;ANXA5;GAS6;MPO
GO_Biological_Process_2023,Regulation Of Nucleic Acid-Templated Transcription (GO:1903506),5,0.9819126760658031,0.4610772077831089,0.008415995777842234,0.9891170418375419,WWTR1;FOXC1;IGF2;SNAI2;PPARGC1A
GO_Biological_Process_2023,Endosomal Transport (GO:0016197),1,0.9861756203817786,0.23151460050482697,0.00322287453084815,0.9929826997286761,EHD1
GO_Biological_Process_2023,Transcription By RNA Polymerase II (GO:0006366),1,0.9896222365482037,0.21683464690516496,0.002262016416637145,0.9960234153098351,PPARGC1A
GO_Biological_Process_2023,DNA-templated Transcription (GO:0006351),1,0.9912214381765005,0.20909307204810418,0.0018436406083577799,0.9964560573244987,PDE10A
GO_Biological_Process_2023,Anterograde Trans-Synaptic Signaling (GO:0098916),1,0.9912214381765005,0.20909307204810418,0.0018436406083577799,0.9964560573244987,PDE7B
GO_Biological_Process_2023,DNA Metabolic Process (GO:0006259),2,0.9916798900349088,0.28881419010174375,0.0024130180871998097,0.9964560573244987,FSCN1;DNASE1L3
GO_Biological_Process_2023,Regulation Of Translation (GO:0006417),1,0.9918291387496725,0.2059403198142052,0.0016896220516785638,0.9964560573244987,VIM
GO_Biological_Process_2023,DNA Repair (GO:0006281),2,0.9921867511662961,0.28577156689487204,0.0022415727929372205,0.9964560573244987,EYA1;FSCN1
GO_Biological_Process_2023,Regulation Of Cell Cycle (GO:0051726),2,0.9932549415866242,0.2789119591694699,0.0018876507951495255,0.997099799425024,SFRP1;HOXC9
GO_Biological_Process_2023,mRNA Processing (GO:0006397),1,0.9938679404832561,0.19421741009942597,0.0011946192108445337,0.9972862309062424,PPARGC1A
GO_Biological_Process_2023,DNA Damage Response (GO:0006974),3,0.9944178964422078,0.3242909152484972,0.0018152967859975152,0.997409269572889,BRSK1;ANKLE1;FSCN1
GO_Biological_Process_2023,Protein Polyubiquitination (GO:0000209),1,0.9953986484410506,0.1837449440875565,0.0008474262365668269,0.9974827734701611,MARCHF8
GO_Biological_Process_2023,Organelle Assembly (GO:0070925),2,0.9959395767546017,0.2576716738197425,0.0010483859427143577,0.9974827734701611,EHD1;ABLIM1
GO_Biological_Process_2023,Intracellular Protein Transport (GO:0006886),2,0.9961905247534416,0.2552385761171421,0.0009741817787391262,0.9974827734701611,EHD1;ANKLE1
GO_Biological_Process_2023,Translation (GO:0006412),1,0.9962006619361379,0.17736258282710388,0.0006751437754487513,0.9974827734701611,AGO2
GO_Biological_Process_2023,Protein Modification By Small Protein Conjugation (GO:0032446),2,0.9983482152060332,0.22727811633035355,0.0003757249304170108,0.9992044315141002,EYA1;LMO7
GO_Biological_Process_2023,Gene Expression (GO:0010467),1,0.999139703694597,0.1396363372409538,0.0001201803277897939,0.9995679676053105,AGO2
GO_Biological_Process_2023,Protein Ubiquitination (GO:0016567),2,0.9996392481947639,0.18975520584962646,6.846688358179256e-05,0.9996392481947639,MARCHF8;LMO7
GO_Cellular_Component_2023,Collagen-Containing Extracellular Matrix (GO:0062023),39,5.1477950887113214e-15,5.225367446924333,171.91567541009564,9.93524452121285e-13,ITIH5;C1QA;LRRC15;SPARC;COL13A1;SDC2;COL11A1;LAMA4;TNC;F13A1;CLU;LTBP1;CDH2;MDK;NCAM1;APOE;COL28A1;RARRES2;ANXA5;P3H2;BGN;NPNT;COL1A1;MFAP4;AZGP1;SFRP1;COL1A2;COL4A2;COL5A1;COL4A1;PXDN;MFAP2;CNTN1;COL8A1;COL9A2;FMOD;CBLN4;MXRA5;C1QC
GO_Cellular_Component_2023,Endoplasmic Reticulum Lumen (GO:0005788),27,7.6826754672753e-10,4.591836734693878,96.3683406519436,7.413781825920664e-08,COL13A1;SDC2;COL11A1;EBI3;TNC;DMP1;LTBP1;CDH2;PDGFD;SPP1;APOE;APOB;COL28A1;IGFBP4;COL22A1;P3H2;MEPE;F3;COL1A1;COL1A2;COL4A2;COL5A1;COL4A1;CASQ2;COL8A1;COL9A2;GAS6
GO_Cellular_Component_2023,Intracellular Organelle Lumen (GO:0070013),42,5.297475504061186e-06,2.267121154445098,27.541622965507678,0.0003408042574279363,ECHS1;ACSS2;SPARC;NARF;COL13A1;FECH;GMFG;COL11A1;SDC2;EBI3;HP;TNC;DMP1;LTBP1;CDH2;ACADL;ALDH2;OXCT1;PDGFD;SPP1;APOE;APOB;COL28A1;IGFBP4;COL22A1;ADHFE1;OMD;BGN;P3H2;MEPE;OLFM4;F3;COL1A1;COL1A2;MMP16;COL4A2;COL5A1;COL4A1;COL8A1;COL9A2;GAS6;FMOD
GO_Cellular_Component_2023,Cell-Substrate Junction (GO:0030055),24,2.2127694980539216e-05,2.7917243388941504,29.923601421004633,0.0010676612828110171,TPM4;FBLIM1;ANXA5;FHL1;TNC;LAYN;LMO7;SORBS1;ACTG1;ENAH;MARCKS;CDH2;PLAU;EPB41L2;BSG;FAT1;ITGA8;ITGBL1;DMD;VIM;CD46;PHLDB2;TNS3;TNS1
GO_Cellular_Component_2023,Focal Adhesion (GO:0005925),23,4.6030270953054974e-05,2.7217187307074946,27.179658381321158,0.0017767684587879221,TPM4;FBLIM1;ANXA5;FHL1;TNC;LAYN;LMO7;SORBS1;ACTG1;ENAH;MARCKS;CDH2;PLAU;EPB41L2;BSG;FAT1;ITGA8;ITGBL1;VIM;CD46;PHLDB2;TNS3;TNS1
GO_Cellular_Component_2023,Endocytic Vesicle Lumen (GO:0071682),5,0.00010248466337714143,13.172246220302377,120.99758503215975,0.003296590005298049,SPARC;HP;APOE;APOB;MPO
GO_Cellular_Component_2023,Actin-Based Cell Projection (GO:0098858),9,0.0001516047197629003,5.086797385620915,44.734486276792936,0.004179958702034251,SPN;ACTA2;GPM6A;MYO1E;TENM2;KITLG;FSCN1;UNC5C;DMD
GO_Cellular_Component_2023,Filopodium (GO:0030175),7,0.000486180577682885,5.580690050341751,42.574696223895145,0.0117291064365996,ACTA2;GPM6A;TENM2;KITLG;FSCN1;UNC5C;DMD
GO_Cellular_Component_2023,Basement Membrane (GO:0005604),6,0.0006736595373761061,6.328571428571428,46.21620100658224,0.014446254523732053,COL4A2;COL4A1;LAMA4;PXDN;TNC;P3H2
GO_Cellular_Component_2023,Platelet Alpha Granule (GO:0031091),8,0.001141146978262223,4.176274825550188,28.297274712329944,0.022024136680460903,SPARC;TMSB4X;PCDH7;IGF2;F13A1;CD36;GAS6;CLU
GO_Cellular_Component_2023,Microfibril (GO:0001527),3,0.0018260810060456145,15.745161290322581,99.28242349369171,0.03203942128789124,MFAP4;MFAP2;LTBP1
GO_Cellular_Component_2023,Lipid Droplet (GO:0005811),7,0.0030851691772474446,3.939233550253073,22.773295250806395,0.0496198042673964,CLDN11;EHD1;FABP4;PLIN4;G0S2;PLIN1;DHRS3
GO_Cellular_Component_2023,Cortical Actin Cytoskeleton (GO:0030864),5,0.003517703834450467,5.397629728083292,30.49632092842853,0.052224372311456935,CDH2;SHROOM2;MYRIP;SPTB;SPTBN1
GO_Cellular_Component_2023,Platelet Alpha Granule Lumen (GO:0031093),6,0.004416889192342922,4.214718614718615,22.853551493487885,0.06088997243729886,SPARC;TMSB4X;IGF2;F13A1;GAS6;CLU
GO_Cellular_Component_2023,Cell-Cell Junction (GO:0005911),15,0.00478944136607567,2.2441936386531105,11.98700461482047,0.06162414557684029,COL13A1;SHROOM2;SORBS1;FRMD4B;ACTG1;CLDN11;MYO1E;CDH2;CDH11;FAT1;FSCN1;FAT2;CDH15;STEAP1;ADGRL3
GO_Cellular_Component_2023,Platelet Alpha Granule Membrane (GO:0031092),3,0.005681606588406563,9.686848635235732,50.08605658007049,0.06853437947265416,SPARC;PCDH7;CD36
GO_Cellular_Component_2023,Endocytic Vesicle (GO:0030139),11,0.006615085719136015,2.517203855934709,12.632342182036474,0.07510067904666182,EHD1;MYO1E;CD163;SPARC;RAB34;HP;APOE;CD36;APOB;F3;HLA-DPA1
GO_Cellular_Component_2023,Low-Density Lipoprotein Particle (GO:0034362),2,0.0077000139974579065,20.952789699570815,101.96744528649882,0.08256126119496532,APOE;APOB
GO_Cellular_Component_2023,Vesicle (GO:0031982),12,0.009637529673845728,2.278616945952325,10.577545989304209,0.09789701195011713,GPM6A;RAB3C;MYO1E;IBSP;OLFML3;RAB34;HAS2;APOE;KCNN4;F3;DYNC1I1;BMP5
GO_Cellular_Component_2023,Spectrin-Associated Cytoskeleton (GO:0014731),2,0.01061387030481904,16.76137339055794,76.19039184442887,0.10242384844150375,SPTB;SPTBN1
GO_Cellular_Component_2023,Neuron Projection (GO:0043005),22,0.012262307243113847,1.7515359792129417,7.708904243880714,0.11269644275814153,CNTNAP2;GPM6A;TENM1;EPHA7;ADCYAP1R1;TENM2;PTPRS;SEMA3A;LRP4;SEPTIN4;CLDN11;CALB2;CDH2;MAP1B;CNTN1;TMEM108;VIM;APOE;KCNN4;EPHB1;CPEB4;ADGRL3
GO_Cellular_Component_2023,Chylomicron (GO:0042627),2,0.0139341362969878,13.967095851216023,59.68717737439796,0.1222403775144839,APOE;APOB
GO_Cellular_Component_2023,Clathrin-Coated Endocytic Vesicle (GO:0045334),6,0.014708409826554244,3.197928653624856,13.493135019539798,0.12342274332717258,MYO1E;ROR2;APOE;APOB;F3;HLA-DPA1
GO_Cellular_Component_2023,Cortical Cytoskeleton (GO:0030863),5,0.015886631014240704,3.6259030312057794,15.019495963763086,0.12775499107285232,CDH2;SHROOM2;MYRIP;SPTB;SPTBN1
GO_Cellular_Component_2023,Secretory Granule Lumen (GO:0034774),14,0.0173252954554717,1.9635615718995245,7.96339612059399,0.13375128091624153,SPARC;GMFG;RARRES2;IGF2;HP;F13A1;RNASE2;OLFM4;F3;CLU;MPO;TMSB4X;LCN2;GAS6
GO_Cellular_Component_2023,Clathrin-Coated Endocytic Vesicle Membrane (GO:0030669),5,0.0214484114870034,3.3372758750728515,12.82216330112066,0.15520417836188521,ROR2;APOE;APOB;F3;HLA-DPA1
GO_Cellular_Component_2023,Primary Lysosome (GO:0005766),2,0.021712501636118656,10.474248927038627,40.114981070237064,0.15520417836188521,OLFM4;MPO
GO_Cellular_Component_2023,Axon (GO:0030424),10,0.022911458310629476,2.165155077818833,8.175881345025235,0.15792540906969604,CLDN11;CNTNAP2;PTPRS;MAP1B;SEMA3A;CNTN1;TMEM108;SEPTIN4;VIM;ADGRL3
GO_Cellular_Component_2023,Adherens Junction (GO:0005912),8,0.02504248311644609,2.374770361298224,8.756209513137856,0.1650285532415328,MYO1E;CDH2;CDH11;SHROOM2;FAT2;FRMD4B;CDH15;SORBS1
GO_Cellular_Component_2023,Cytoskeleton (GO:0005856),22,0.025652106721481778,1.6204506065857887,5.935920545614319,0.1650285532415328,TENM1;DYRK3;TPM4;TPM1;SHROOM2;SEPTIN4;CLU;SPTB;HOXA13;ACTG1;MYO1E;MARCKS;ABLIM1;SESTD1;EPB41L2;FSCN1;VIM;PLEKHN1;TNIK;PHLDB2;KANK4;SPTBN1
GO_Cellular_Component_2023,Catenin Complex (GO:0016342),3,0.027037722040705165,5.034064516129032,18.175602071349356,0.1683316243179386,CDH2;CDH11;CDH15
GO_Cellular_Component_2023,Golgi Lumen (GO:0005796),6,0.03005174459369717,2.6855484940591325,9.4124031834598,0.17528673970176556,MMP16;SDC2;OMD;BGN;GAS6;FMOD
GO_Cellular_Component_2023,Podosome (GO:0002102),2,0.03087952927388616,8.378540772532189,29.13773116479746,0.17528673970176556,SH3PXD2A;FSCN1
GO_Cellular_Component_2023,Serine-Type Peptidase Complex (GO:1905286),2,0.03087952927388616,8.378540772532189,29.13773116479746,0.17528673970176556,PLAU;CNTN1
GO_Cellular_Component_2023,Endocytic Vesicle Membrane (GO:0030666),8,0.033777991046149106,2.232191189173625,7.562542855824529,0.1810875631085216,CD163;ROR2;APOE;CD36;APOB;F3;HLA-E;HLA-DPA1
GO_Cellular_Component_2023,Specific Granule (GO:0042581),8,0.033777991046149106,2.232191189173625,7.562542855824529,0.1810875631085216,PLAU;P2RX1;HP;LCN2;ANO6;CD36;OLFM4;CLU
GO_Cellular_Component_2023,Apical Junction Complex (GO:0043296),6,0.03835048062787487,2.5236363636363635,8.229548449792997,0.20004439895080672,CLDN11;CLMP;SHROOM2;FRMD4B;SORBS1;ACTG1
GO_Cellular_Component_2023,Triglyceride-Rich Plasma Lipoprotein Particle (GO:0034385),2,0.041290674812658926,6.9814020028612305,22.250556149267673,0.20433590356008136,APOE;APOB
GO_Cellular_Component_2023,Very-Low-Density Lipoprotein Particle (GO:0034361),2,0.041290674812658926,6.9814020028612305,22.250556149267673,0.20433590356008136,APOE;APOB
GO_Cellular_Component_2023,Extracellular Membrane-Bounded Organelle (GO:0065010),4,0.04424046073039816,3.1683474300585557,9.879273254757477,0.2119745404368859,GPM6A;OLFML3;HAS2;APOE
GO_Cellular_Component_2023,Actin Cytoskeleton (GO:0015629),13,0.045030860921825504,1.748680618744313,5.421622026323113,0.2119745404368859,TPM4;TPM1;SHROOM2;MYRIP;SPTB;ACTG1;MYO1E;ABLIM1;MARCKS;SH3PXD2A;CDH2;FSCN1;SPTBN1
GO_Cellular_Component_2023,Lysosomal Lumen (GO:0043202),5,0.05124244073568697,2.593259205930192,7.705058480321464,0.22704563633534808,SDC2;OMD;BGN;APOB;FMOD
GO_Cellular_Component_2023,Supramolecular Fiber (GO:0099512),3,0.05144284067060912,3.812121212121212,11.311646193348475,0.22704563633534808,MFAP4;MFAP2;LTBP1
GO_Cellular_Component_2023,Extracellular Vesicle (GO:1903561),4,0.05176169947541614,2.998152709359606,8.877844365531528,0.22704563633534808,GPM6A;OLFML3;HAS2;APOE
GO_Cellular_Component_2023,Dendrite (GO:0030425),11,0.05375551941574867,1.7911256051299815,5.236013477019211,0.23055144993865542,CALB2;CNTNAP2;EPHA7;TENM2;MAP1B;LRP4;APOE;SEPTIN4;EPHB1;CLU;CPEB4
GO_Cellular_Component_2023,Clathrin-Coated Vesicle Membrane (GO:0030665),5,0.06005925639500747,2.4707152839537545,6.94869796739207,0.24662630817524345,ROR2;APOE;APOB;F3;HLA-DPA1
GO_Cellular_Component_2023,Specific Granule Membrane (GO:0035579),5,0.06005925639500747,2.4707152839537545,6.94869796739207,0.24662630817524345,PLAU;P2RX1;ANO6;CD36;CLU
GO_Cellular_Component_2023,High-Density Lipoprotein Particle (GO:0034364),2,0.06531825635027583,5.234978540772532,14.283553645570034,0.2626338224084007,APOE;CLU
GO_Cellular_Component_2023,Vacuolar Lumen (GO:0005775),7,0.08461227513355948,1.9106685071977914,4.718732016233428,0.32422357626837933,SDC2;OMD;BGN;RNASE2;APOB;FMOD;MPO
GO_Cellular_Component_2023,MHC Protein Complex (GO:0042611),2,0.0856756600501935,4.407725321888412,10.830603188099262,0.32422357626837933,HLA-E;HLA-DPA1
GO_Cellular_Component_2023,Cytoplasmic Dynein Complex (GO:0005868),2,0.0856756600501935,4.407725321888412,10.830603188099262,0.32422357626837933,DYNLT5;DYNC1I1
GO_Cellular_Component_2023,Tertiary Granule Membrane (GO:0070821),4,0.08825750892525472,2.467545638945233,5.989958401677509,0.3275711388956569,PLAU;ANO6;NBEAL2;CLU
GO_Cellular_Component_2023,Glutamatergic Synapse (GO:0098978),4,0.1101190824486753,2.266775396085741,5.000943855073365,0.37808142668516426,PTPRD;APOE;SPTB;ADGRL3
GO_Cellular_Component_2023,MHC Class I Protein Complex (GO:0042612),1,0.11166135399510033,10.453961456102784,22.91805884636622,0.37808142668516426,HLA-E
GO_Cellular_Component_2023,Cortical Endoplasmic Reticulum (GO:0032541),1,0.11166135399510033,10.453961456102784,22.91805884636622,0.37808142668516426,ASPH
GO_Cellular_Component_2023,Serine Protease Inhibitor Complex (GO:0097180),1,0.11166135399510033,10.453961456102784,22.91805884636622,0.37808142668516426,PLAU
GO_Cellular_Component_2023,Zonula Adherens (GO:0005915),1,0.11166135399510033,10.453961456102784,22.91805884636622,0.37808142668516426,SORBS1
GO_Cellular_Component_2023,Bicellular Tight Junction (GO:0005923),4,0.12187217554382868,2.178123600537394,4.58447649160898,0.39866660813489724,CLDN11;CLMP;SHROOM2;FRMD4B
GO_Cellular_Component_2023,Intermediate Filament Cytoskeleton (GO:0045111),4,0.12187217554382868,2.178123600537394,4.58447649160898,0.39866660813489724,SESTD1;VIM;HOXA13;PHLDB2
GO_Cellular_Component_2023,Lumenal Side Of Endoplasmic Reticulum Membrane (GO:0098553),2,0.13089237668812928,3.348841201716738,6.809466205145836,0.4123153778846687,HLA-DPA1;HLA-E
GO_Cellular_Component_2023,Flotillin Complex (GO:0016600),1,0.13245364470906457,8.362740899357602,16.905469274578557,0.4123153778846687,SORBS1
GO_Cellular_Component_2023,Membrane Attack Complex (GO:0005579),1,0.13245364470906457,8.362740899357602,16.905469274578557,0.4123153778846687,C7
GO_Cellular_Component_2023,HFE-transferrin Receptor Complex (GO:1990712),1,0.15276029180742112,6.968593861527481,13.09318861263854,0.4509071446997354,F3
GO_Cellular_Component_2023,RISC-loading Complex (GO:0070578),1,0.15276029180742112,6.968593861527481,13.09318861263854,0.4509071446997354,AGO2
GO_Cellular_Component_2023,Spherical High-Density Lipoprotein Particle (GO:0034366),1,0.15276029180742112,6.968593861527481,13.09318861263854,0.4509071446997354,CLU
GO_Cellular_Component_2023,Microvillus (GO:0005902),3,0.15419622564861418,2.284692082111437,4.27129877788039,0.4509071446997354,SPN;MYO1E;FSCN1
GO_Cellular_Component_2023,Golgi Stack (GO:0005795),2,0.16342693195814473,2.8863400917566966,5.228285523365482,0.4591751903335995,RAB34;GGTA1
GO_Cellular_Component_2023,Specific Granule Lumen (GO:0035580),3,0.17125569229432303,2.1661846496106785,3.822444153098738,0.4591751903335995,HP;LCN2;OLFM4
GO_Cellular_Component_2023,Junctional Sarcoplasmic Reticulum Membrane (GO:0014701),1,0.17259261404620668,5.972774548791679,10.493097508978673,0.4591751903335995,CASQ2
GO_Cellular_Component_2023,"Phosphatidylinositol 3-Kinase Complex, Class I (GO:0097651)",1,0.17259261404620668,5.972774548791679,10.493097508978673,0.4591751903335995,PIK3CD
GO_Cellular_Component_2023,"Phosphatidylinositol 3-Kinase Complex, Class IA (GO:0005943)",1,0.17259261404620668,5.972774548791679,10.493097508978673,0.4591751903335995,PIK3CD
GO_Cellular_Component_2023,Platelet Dense Tubular Network Membrane (GO:0031095),1,0.17259261404620668,5.972774548791679,10.493097508978673,0.4591751903335995,EHD1
GO_Cellular_Component_2023,Tight Junction (GO:0070160),4,0.17367766266504023,1.8832816737698566,3.2967866649162167,0.4591751903335995,CLDN11;CLMP;SHROOM2;FRMD4B
GO_Cellular_Component_2023,Caveola (GO:0005901),3,0.1770582297181378,2.1293603061782393,3.6865117116247235,0.46178700453514315,ATP2B4;CD36;SORBS1
GO_Cellular_Component_2023,Tertiary Granule (GO:0070820),6,0.18021666605171502,1.613053613053613,2.7641213346301305,0.46375755397307994,PLAU;HP;NBEAL2;ANO6;OLFM4;CLU
GO_Cellular_Component_2023,Early Endosome (GO:0005769),10,0.18478690123748948,1.414067898784056,2.387727182921048,0.469261472879414,EHD1;CNTNAP2;PLEKHF1;MARCHF8;TMEM108;APOE;APOB;EPHB1;F3;HLA-E
GO_Cellular_Component_2023,Apical Dendrite (GO:0097440),1,0.19196166725101038,5.225910064239828,8.625153312086455,0.4749820740954488,MAP1B
GO_Cellular_Component_2023,Perisynaptic Extracellular Matrix (GO:0098966),1,0.19196166725101038,5.225910064239828,8.625153312086455,0.4749820740954488,TNC
GO_Cellular_Component_2023,Membrane Raft (GO:0045121),6,0.2051770639482713,1.543223647518126,2.4442840740429137,0.49633539357410844,ATP2B4;LRP4;DMD;CD36;SORBS1;TNF
GO_Cellular_Component_2023,Phagocytic Vesicle (GO:0045335),4,0.20684920584653715,1.745330459770115,2.7502310452574257,0.49633539357410844,RAB34;CD36;MPO;HLA-E
GO_Cellular_Component_2023,Platelet Dense Tubular Network (GO:0031094),1,0.2108782501195694,4.645015465143945,7.229847313947393,0.49633539357410844,EHD1
GO_Cellular_Component_2023,Serine-Type Endopeptidase Complex (GO:1905370),1,0.2108782501195694,4.645015465143945,7.229847313947393,0.49633539357410844,PLAU
GO_Cellular_Component_2023,Filopodium Membrane (GO:0031527),1,0.22935291025361143,4.180299785867238,6.155463714629547,0.5316250436469684,DMD
GO_Cellular_Component_2023,Actin Filament (GO:0005884),3,0.23138084801215208,1.8466793168880455,2.702966480293327,0.5316250436469684,TPM4;TPM1;ACTG1
GO_Cellular_Component_2023,RISC Complex (GO:0016442),1,0.265017432114078,3.483226266952177,4.625584016525852,0.5812314136138302,AGO2
GO_Cellular_Component_2023,Platelet Dense Granule Lumen (GO:0031089),1,0.265017432114078,3.483226266952177,4.625584016525852,0.5812314136138302,RARRES2
GO_Cellular_Component_2023,Septin Cytoskeleton (GO:0032156),1,0.265017432114078,3.483226266952177,4.625584016525852,0.5812314136138302,SEPTIN4
GO_Cellular_Component_2023,Septin Ring (GO:0005940),1,0.265017432114078,3.483226266952177,4.625584016525852,0.5812314136138302,SEPTIN4
GO_Cellular_Component_2023,Postsynaptic Density (GO:0014069),5,0.27945391994043073,1.4339181632592681,1.8281278847553504,0.605220519064402,PTPRS;CDH2;TMEM108;LRP4;CPEB4
GO_Cellular_Component_2023,Endopeptidase Complex (GO:1905369),1,0.28222718505593875,3.2151210673694615,4.06726611626464,0.605220519064402,PLAU
GO_Cellular_Component_2023,Early Endosome Membrane (GO:0031901),4,0.2881202257187033,1.4947660098522169,1.8600530940755617,0.6110681710297774,EHD1;MARCHF8;EPHB1;HLA-E
GO_Cellular_Component_2023,MHC Class II Protein Complex (GO:0042613),1,0.2990348088484956,2.9853166105842766,3.6038601658272706,0.6180577992413291,HLA-DPA1
GO_Cellular_Component_2023,Axonal Growth Cone (GO:0044295),1,0.2990348088484956,2.9853166105842766,3.6038601658272706,0.6180577992413291,GPM6A
GO_Cellular_Component_2023,Plasma Membrane Raft (GO:0044853),3,0.3010229695786784,1.5886484279297672,1.9072815878091847,0.6180577992413291,ATP2B4;LRP4;CD36
GO_Cellular_Component_2023,Dense Core Granule (GO:0031045),1,0.31544968004706386,2.786152748037116,3.2145407353791247,0.6340517967232512,MYRIP
GO_Cellular_Component_2023,Recycling Endosome (GO:0055037),5,0.31586907837218103,1.3588679139435078,1.565996698804607,0.6340517967232512,EHD1;TNF;F3;DYNC1I1;HLA-E
GO_Cellular_Component_2023,Heterochromatin (GO:0000792),2,0.3186685195966599,1.779289562597023,2.034802376225636,0.6340517967232512,H1-5;FOXC1
GO_Cellular_Component_2023,Secretory Granule Membrane (GO:0030667),8,0.3300787523770972,1.2360660997914328,1.3700853422457557,0.6397582473193717,SPARC;PLAU;PCDH7;P2RX1;NBEAL2;ANO6;CD36;CLU
GO_Cellular_Component_2023,Desmosome (GO:0030057),1,0.33148095716029624,2.6118843683083512,2.884003320437652,0.6397582473193717,CDH2
GO_Cellular_Component_2023,Endoribonuclease Complex (GO:1902555),1,0.33148095716029624,2.6118843683083512,2.884003320437652,0.6397582473193717,AGO2
GO_Cellular_Component_2023,Golgi Cisterna (GO:0031985),2,0.335883522627434,1.7064903214504685,1.8617653057799848,0.6418368303672748,RAB34;GGTA1
GO_Cellular_Component_2023,Connexin Complex (GO:0005922),1,0.3471375854020016,2.458118150900617,2.600772771164602,0.6549513487742615,GJD3
GO_Cellular_Component_2023,Cation Channel Complex (GO:0034703),2,0.352967168154442,1.6394008247075655,1.7072396151676004,0.6549513487742615,TRPC3;CASQ2
GO_Cellular_Component_2023,Tertiary Granule Lumen (GO:1904724),2,0.352967168154442,1.6394008247075655,1.7072396151676004,0.6549513487742615,HP;OLFM4
GO_Cellular_Component_2023,GABA-ergic Synapse (GO:0098982),1,0.362428301969357,2.3214370687604093,2.3560929018582786,0.6549513487742615,CBLN4
GO_Cellular_Component_2023,Nuclear Outer Membrane (GO:0005640),1,0.362428301969357,2.3214370687604093,2.3560929018582786,0.6549513487742615,SYNE3
GO_Cellular_Component_2023,Organelle Outer Membrane (GO:0031968),5,0.36676404983479144,1.2675567772759997,1.2714057814576447,0.6549513487742615,ACSL1;MAOA;SEPTIN4;ACACB;SYNE3
GO_Cellular_Component_2023,ER To Golgi Transport Vesicle Membrane (GO:0012507),2,0.3698948031937539,1.5773746862094096,1.5687569038210596,0.6549513487742615,HLA-DPA1;HLA-E
GO_Cellular_Component_2023,Coated Vesicle Membrane (GO:0030662),2,0.3698948031937539,1.5773746862094096,1.5687569038210596,0.6549513487742615,HLA-DPA1;HLA-E
GO_Cellular_Component_2023,Platelet Dense Granule (GO:0042827),1,0.3773616406889254,2.1991434689507496,2.1431781094152442,0.657664617137518,RARRES2
GO_Cellular_Component_2023,Asymmetric Synapse (GO:0032279),4,0.37824234457131867,1.2966452820101577,1.2606246907869985,0.657664617137518,CDH2;TMEM108;LRP4;CPEB4
GO_Cellular_Component_2023,Gap Junction (GO:0005921),1,0.3919459367724691,2.0890792291220555,1.9566971301741825,0.6754068374739869,GJD3
GO_Cellular_Component_2023,Calcium Channel Complex (GO:0034704),2,0.40319600619920054,1.4663805436337625,1.3319610575426377,0.6886445061632364,CASQ2;CACNA1G
GO_Cellular_Component_2023,Ficolin-1-Rich Granule Membrane (GO:0101003),2,0.4113920939853936,1.4410241231315672,1.2799299026681443,0.6904232533841823,NBEAL2;CLU
GO_Cellular_Component_2023,Transport Vesicle Membrane (GO:0030658),2,0.4113920939853936,1.4410241231315672,1.2799299026681443,0.6904232533841823,HLA-DPA1;HLA-E
GO_Cellular_Component_2023,Cytoplasmic Vesicle Membrane (GO:0030659),10,0.42636062209419673,1.1033978177460797,0.9406132729671015,0.7035621717179736,EHD1;CD163;PLEKHF1;P2RX1;TMEM108;CD36;APOB;F3;CLU;HLA-DPA1
GO_Cellular_Component_2023,Polymeric Cytoskeletal Fiber (GO:0099513),7,0.4265117828549374,1.1343557147421346,0.9666018438100121,0.7035621717179736,AKNA;TPM4;MAP1B;TPM1;TUBE1;VIM;ACTG1
GO_Cellular_Component_2023,Cell Projection Membrane (GO:0031253),3,0.44680481793385046,1.2289690069576218,0.9900985147737431,0.7248896784904946,FSCN1;DMD;CD36
GO_Cellular_Component_2023,Endosome Lumen (GO:0031904),1,0.4469527033179733,1.7405424696645253,1.4016632006084395,0.7248896784904946,APOB
GO_Cellular_Component_2023,Endoplasmic Reticulum Tubular Network (GO:0071782),1,0.45991018028046393,1.6708351177730192,1.297777851011729,0.7396888732844128,ASPH
GO_Cellular_Component_2023,Mitochondrial Outer Membrane (GO:0005741),4,0.47233047152989516,1.1368167956837907,0.8526994346077297,0.7475818711627615,ACSL1;MAOA;SEPTIN4;ACACB
GO_Cellular_Component_2023,Sarcoplasmic Reticulum Membrane (GO:0033017),1,0.4725647061236109,1.6064898698731676,1.2041936361313998,0.7475818711627615,CASQ2
GO_Cellular_Component_2023,Recycling Endosome Membrane (GO:0055038),2,0.4900075427755775,1.2284776571572835,0.8763154886666863,0.7688736240299712,EHD1;HLA-E
GO_Cellular_Component_2023,SWI/SNF Complex (GO:0016514),1,0.496993013032404,1.491587641480575,1.0428872198680812,0.7724338321760711,BCL11B
GO_Cellular_Component_2023,Rough Endoplasmic Reticulum (GO:0005791),1,0.5087804408354519,1.4400797459942405,0.9731176290622954,0.7724338321760711,PTGDS
GO_Cellular_Component_2023,Voltage-Gated Potassium Channel Complex (GO:0008076),2,0.5122839045785613,1.1763888049326,0.7868585988413505,0.7724338321760711,CNTNAP2;KCNN4
GO_Cellular_Component_2023,Lysosome (GO:0005764),12,0.5140663564714948,1.0205273877157253,0.6790619074671231,0.7724338321760711,ENPEP;PLEKHF1;SDC2;OMD;BGN;MARCHF8;FMOD;APOB;CLU;TMEM150C;MPO;HLA-DPA1
GO_Cellular_Component_2023,Intercalated Disc (GO:0014704),1,0.5202922185641929,1.392005710206995,0.9094873465724389,0.7724338321760711,CDH2
GO_Cellular_Component_2023,Melanosome (GO:0042470),1,0.5202922185641929,1.392005710206995,0.9094873465724389,0.7724338321760711,APOE
GO_Cellular_Component_2023,Synaptic Membrane (GO:0097060),1,0.5202922185641929,1.392005710206995,0.9094873465724389,0.7724338321760711,LRP4
GO_Cellular_Component_2023,Intracellular Non-Membrane-Bounded Organelle (GO:0043232),28,0.52542473183377,1.0014411466853625,0.6444757779917423,0.7740990323963176,TENM1;DYRK3;NARF;AK5;CLU;HOXA13;ACTG1;OASL;SH3PXD2A;EPB41L2;PLEKHN1;SPTBN1;TPM4;TPM1;SHROOM2;G0S2;DHRS3;EHD1;H1-5;CLDN11;MYO1E;FABP4;PLIN4;FSCN1;VIM;PLIN1;TNIK;KANK4
GO_Cellular_Component_2023,COPII-coated ER To Golgi Transport Vesicle (GO:0030134),2,0.5339106535062144,1.1285233731585662,0.7081786267223256,0.7806420918689346,HLA-DPA1;HLA-E
GO_Cellular_Component_2023,Postsynaptic Density Membrane (GO:0098839),1,0.5532372315062072,1.2652650704042567,0.7489969132187179,0.7999697503551645,PTPRS
GO_Cellular_Component_2023,Cytoplasmic Side Of Plasma Membrane (GO:0009898),3,0.5575151417317574,1.0349773393761663,0.6047016726949751,0.7999697503551645,FRMD6;SPTB;LILRB4
GO_Cellular_Component_2023,Aggresome (GO:0016235),1,0.5637092541362817,1.2279884116387454,0.703903424746072,0.7999697503551645,HOXC9
GO_Cellular_Component_2023,Autophagosome Membrane (GO:0000421),1,0.5637092541362817,1.2279884116387454,0.703903424746072,0.7999697503551645,SH3GLB1
GO_Cellular_Component_2023,Potassium Channel Complex (GO:0034705),2,0.5684710991337938,1.05682620742109,0.5969005190920279,0.8008388476848336,CNTNAP2;KCNN4
GO_Cellular_Component_2023,Monoatomic Ion Channel Complex (GO:0034702),1,0.5739363261604541,1.1928418476598348,0.6623097128855812,0.8026790648475916,TRPC3
GO_Cellular_Component_2023,P-body (GO:0000932),2,0.5817676814253234,1.0306257616701107,0.5582735713995178,0.807778147590557,MEX3A;APOBEC3A
GO_Cellular_Component_2023,Postsynaptic Specialization Membrane (GO:0099634),1,0.5936783557275808,1.1282481625094045,0.5882884434041429,0.8184280189673078,PTPRS
GO_Cellular_Component_2023,Neuromuscular Junction (GO:0031594),1,0.6032043521154389,1.0985010706638116,0.5552914643446706,0.8256626947395724,LRP4
GO_Cellular_Component_2023,Endosome Membrane (GO:0010008),8,0.6115194287346074,0.944894691464466,0.4647072900994543,0.8266709366530144,EHD1;PLEKHF1;MARCHF8;TMEM108;APOB;EPHB1;F3;HLA-E
GO_Cellular_Component_2023,Brush Border Membrane (GO:0031526),1,0.6125074815615599,1.0702794707077363,0.5246447052706743,0.8266709366530144,CD36
GO_Cellular_Component_2023,Azurophil Granule Lumen (GO:0035578),2,0.6198343040408759,0.9592521335898574,0.45881325786617316,0.8307501436103406,RNASE2;MPO
GO_Cellular_Component_2023,Phagocytic Vesicle Membrane (GO:0030670),1,0.6558580544202038,0.9484134708974109,0.4000511339542736,0.8669904418020502,HLA-E
GO_Cellular_Component_2023,Sarcoplasmic Reticulum (GO:0016529),1,0.6558580544202038,0.9484134708974109,0.4000511339542736,0.8669904418020502,CASQ2
GO_Cellular_Component_2023,Cell-Cell Contact Zone (GO:0044291),1,0.6718112609919624,0.907085001396518,0.36081831212294546,0.882037914091488,CDH2
GO_Cellular_Component_2023,trans-Golgi Network Membrane (GO:0032588),2,0.6825874529930235,0.8510992379784532,0.32500469039371277,0.8899067260428908,CALN1;HLA-DPA1
GO_Cellular_Component_2023,Voltage-Gated Calcium Channel Complex (GO:0005891),1,0.6870264361678275,0.8692005710206995,0.3262826893543213,0.8899067260428908,CACNA1G
GO_Cellular_Component_2023,Multivesicular Body (GO:0005771),1,0.6943679720033368,0.8514180832932745,0.3105575044475373,0.8934201239776266,APOE
GO_Cellular_Component_2023,Azurophil Granule (GO:0042582),3,0.7064713929308747,0.8225806451612904,0.28582420992527335,0.8996586995859878,OLFM4;RNASE2;MPO
GO_Cellular_Component_2023,Sarcolemma (GO:0042383),1,0.7085394939744567,0.8179451652181216,0.28182257997172305,0.8996586995859878,DMD
GO_Cellular_Component_2023,Exocytic Vesicle Membrane (GO:0099501),1,0.7153774153953307,0.8021742711250206,0.26868427877278644,0.9024041906620839,PTPRS
GO_Cellular_Component_2023,Synaptic Vesicle Membrane (GO:0030672),1,0.7220552468067619,0.7869985051109046,0.25628891518837776,0.9049133937253575,PTPRS
GO_Cellular_Component_2023,Mitochondrial Matrix (GO:0005759),7,0.728064433125291,0.8370608621936321,0.2656544296272398,0.9065576489882655,ECHS1;ACSS2;ACADL;FECH;ALDH2;OXCT1;ADHFE1
GO_Cellular_Component_2023,Vacuolar Membrane (GO:0005774),1,0.7531709516215823,0.7189692091855571,0.2038012045777524,0.9249496734876953,SH3GLB1
GO_Cellular_Component_2023,Cytoplasmic Vesicle Lumen (GO:0060205),2,0.7542274351034781,0.7375517490219909,0.20803481870964177,0.9249496734876953,GMFG;F3
GO_Cellular_Component_2023,Sperm Flagellum (GO:0036126),1,0.7589638054673071,0.7067469966972744,0.19492166261550103,0.9249496734876953,ATP2B4
GO_Cellular_Component_2023,Lytic Vacuole (GO:0000323),4,0.7692265201251316,0.7602346087230357,0.19946259336425898,0.9249496734876953,PLEKHF1;MARCHF8;CLU;MPO
GO_Cellular_Component_2023,Mitochondrial Intermembrane Space (GO:0005758),1,0.770145672622713,0.6835047565556218,0.17851476271135847,0.9249496734876953,ALPL
GO_Cellular_Component_2023,Endoplasmic Reticulum Membrane (GO:0005789),16,0.7763426755235848,0.8453638464573586,0.21401337999567785,0.9249496734876953,PON3;PDGFRA;ACSL1;CYP4A11;HACD2;DHRS3;HLA-E;ASPH;AGMO;CASQ2;CYP1B1;HAS2;PTGDS;APOB;MGLL;HLA-DPA1
GO_Cellular_Component_2023,Acrosomal Vesicle (GO:0001669),1,0.7808098564213074,0.661738214200741,0.16372966476257123,0.9249496734876953,SPAG17
GO_Cellular_Component_2023,Organelle Envelope Lumen (GO:0031970),1,0.8006797434416254,0.6221036146888683,0.13829004574021744,0.9249496734876953,ALPL
GO_Cellular_Component_2023,Bounding Membrane Of Organelle (GO:0098588),16,0.8042675065748083,0.8256207363978003,0.17983947093422603,0.9249496734876953,CD163;PLEKHF1;ST6GAL2;GALNT13;F3;HLA-E;EHD1;PDGFD;P2RX1;BSG;CASQ2;TMEM108;NCAM1;CD36;APOB;HLA-DPA1
GO_Cellular_Component_2023,Lytic Vacuole Membrane (GO:0098852),5,0.804763504905928,0.7371750685477076,0.16011945791575752,0.9249496734876953,ENPEP;PLEKHF1;TMEM150C;CLU;HLA-DPA1
GO_Cellular_Component_2023,Intermediate Filament (GO:0005882),1,0.8053597121603031,0.6129235420078095,0.13267726310602765,0.9249496734876953,VIM
GO_Cellular_Component_2023,Vesicle Membrane (GO:0012506),1,0.8053597121603031,0.6129235420078095,0.13267726310602765,0.9249496734876953,CLU
GO_Cellular_Component_2023,Ficolin-1-Rich Granule (GO:0101002),3,0.8080695859758049,0.6897522723222242,0.14699110848161323,0.9249496734876953,GMFG;NBEAL2;CLU
GO_Cellular_Component_2023,9+2 Motile Cilium (GO:0097729),1,0.8099300249710907,0.60400955838997,0.1273296990586368,0.9249496734876953,ATP2B4
GO_Cellular_Component_2023,Cytoplasmic Stress Granule (GO:0010494),1,0.8351886004577592,0.5555174875089222,0.10004742782311997,0.9481847052255736,DYRK3
GO_Cellular_Component_2023,Clathrin-Coated Vesicle (GO:0030136),1,0.8428403735933413,0.5410328429600378,0.09250454790992131,0.9512759772135373,MYO1E
GO_Cellular_Component_2023,Mitochondrial Envelope (GO:0005740),2,0.8591765574443346,0.5778493085360038,0.08770645330781654,0.9599288707081461,ALPL;PLEKHN1
GO_Cellular_Component_2023,Autophagosome (GO:0005776),1,0.860454376334245,0.5079124667049668,0.07633654403086756,0.9599288707081461,SH3GLB1
GO_Cellular_Component_2023,Late Endosome Membrane (GO:0031902),1,0.8669353584556432,0.49576832874477417,0.07079118736201735,0.9616007136893054,MARCHF8
GO_Cellular_Component_2023,Golgi Membrane (GO:0000139),7,0.8750030145477147,0.6909616775126537,0.09226269455317486,0.9650033246154796,ST6GAL2;GALNT13;PDGFD;BSG;NCAM1;HLA-DPA1;HLA-E
GO_Cellular_Component_2023,Mitochondrial Membrane (GO:0031966),9,0.8885290022500241,0.7016358332410176,0.08292492891857335,0.9743528263309924,SLC25A18;FECH;ACSL1;MAOA;ALPL;PLEKHN1;SEPTIN4;CLU;ACACB
GO_Cellular_Component_2023,Chromosome (GO:0005694),2,0.8994763723158186,0.5131669580882743,0.05436618712787539,0.9807849709432372,H1-5;HOXA13
GO_Cellular_Component_2023,Microtubule Cytoskeleton (GO:0015630),5,0.9051538800263271,0.6151021271414013,0.061295121685109887,0.9814308923880963,AKNA;MAP1B;TUBE1;SEPTIN4;KANK4
GO_Cellular_Component_2023,Basolateral Plasma Membrane (GO:0016323),2,0.9120259444345397,0.49173375320618634,0.04528220817574043,0.9833575825467383,HEPH;SLC4A4
GO_Cellular_Component_2023,Lysosomal Membrane (GO:0005765),5,0.9220824230040221,0.590137404392264,0.04787233782302907,0.9886772646654237,ENPEP;PLEKHF1;TMEM150C;CLU;HLA-DPA1
GO_Cellular_Component_2023,Microtubule (GO:0005874),2,0.9328463010637005,0.453786439644457,0.03154488628765329,0.9946924646701337,MAP1B;TUBE1
GO_Cellular_Component_2023,Cilium (GO:0005929),3,0.9418379900582885,0.4896621793243586,0.02934153920181539,0.9959389198312911,TTLL7;PDGFRA;GPR88
GO_Cellular_Component_2023,Ficolin-1-Rich Granule Lumen (GO:1904813),1,0.9461419928509492,0.3406817144662478,0.01886103333555268,0.9959389198312911,GMFG
GO_Cellular_Component_2023,Peroxisome (GO:0005777),1,0.9533169771865937,0.32461188436830835,0.015518986791200243,0.9959389198312911,VIM
GO_Cellular_Component_2023,Late Endosome (GO:0005770),2,0.9546564775584915,0.40865557411361764,0.018963135803411177,0.9959389198312911,MARCHF8;F3
GO_Cellular_Component_2023,trans-Golgi Network (GO:0005802),2,0.9780179853906349,0.34645428915186666,0.00770071540920222,0.9999481701837594,CALN1;HLA-DPA1
GO_Cellular_Component_2023,Mitochondrial Inner Membrane (GO:0005743),3,0.9926871180776489,0.3369077964313967,0.002472819713967198,0.9999481701837594,SLC25A18;FECH;CLU
GO_Cellular_Component_2023,Nuclear Membrane (GO:0031965),1,0.9955074854980569,0.1829224384605181,0.0008236331879165764,0.9999481701837594,SYNE3
GO_Cellular_Component_2023,Organelle Inner Membrane (GO:0019866),3,0.9957488311163889,0.3125683952633728,0.0013316135026202709,0.9999481701837594,SLC25A18;FECH;CLU
GO_Cellular_Component_2023,Nucleus (GO:0005634),76,0.999682590680575,0.6646162885920635,0.00021098889053255854,0.9999481701837594,TENM1;TENM2;DYRK3;ANKLE1;CSRNP3;NARF;AKAP8L;FHL1;MT1X;CLU;MPO;ETS2;RERG;ELK3;KLHL31;ACTG1;NUDT11;HOXA10;CALB2;MT2A;CREB3L1;TMSB4X;SVEP1;TP63;PPP1R16B;PDGFRA;H2AC8;FOXD1;LMO3;EN1;LMO7;RUNX2;AZGP1;FSCN1;LCOR;TNIK;DNASE1L3;HDGFL3;SASH3;BRSK1;FOXC1;CRABP1;GPR88;SHOX2;AK5;BARX1;ACACB;GLIS1;SHOX;ALX4;APOE;HOXC9;PPARGC1A;DYNC1I1;BEND6;WWTR1;BCL11B;EYA1;DMRT2;IRX3;NAP1L3;SEPTIN4;SORBS1;PTPN13;ZFHX4;H1-5;HEYL;FABP4;NR4A3;AGO2;MAB21L2;FAT1;SNAI2;SP7;APOBEC3A;CPEB4
GO_Cellular_Component_2023,Intracellular Membrane-Bounded Organelle (GO:0043231),90,0.9997369932913931,0.6764526853022428,0.00017793499436407188,0.9999481701837594,TENM1;PHLDB1;TENM2;DYRK3;ANKLE1;SPARC;CSRNP3;AKAP8L;FHL1;MT1X;CLU;MPO;ETS2;RERG;ELK3;KLHL31;ACTG1;NUDT11;HOXA10;CALB2;MT2A;GRB14;CREB3L1;TMSB4X;BSG;CYP1B1;SVEP1;IFITM5;TP63;HLA-DPA1;PPP1R16B;PDGFRA;H2AC8;FOXD1;LMO3;CYP4A11;P3H2;EN1;LMO7;RUNX2;AZGP1;FSCN1;LCOR;TNIK;DNASE1L3;HDGFL3;SASH3;BRSK1;CSF1R;ADCYAP1R1;FOXC1;AKNA;CRABP1;GPR88;SHOX2;AK5;BARX1;ACACB;GLIS1;SHOX;ALX4;APOE;HOXC9;APOB;PPARGC1A;DYNC1I1;BEND6;WWTR1;BCL11B;EYA1;DMRT2;IRX3;NAP1L3;ATP2B4;SEPTIN4;SORBS1;PTPN13;ZFHX4;H1-5;FMNL3;HEYL;FABP4;NR4A3;AGO2;MAB21L2;FAT1;SNAI2;SP7;APOBEC3A;CPEB4
GO_Cellular_Component_2023,Nucleolus (GO:0005730),5,0.9999389861696432,0.26456473560444144,1.6142600362518948e-05,0.9999481701837594,H1-5;NARF;AK5;SPTBN1;OASL
GO_Cellular_Component_2023,Nuclear Lumen (GO:0031981),5,0.9999481701837594,0.2613669616108131,1.3546952662727524e-05,0.9999481701837594,H1-5;NARF;AK5;SPTBN1;OASL
GO_Molecular_Function_2023,Platelet-Derived Growth Factor Binding (GO:0048407),4,5.557454724465721e-05,28.054597701149426,274.87292340770307,0.021562924330927,PDGFRA;COL1A2;COL5A1;COL4A1
GO_Molecular_Function_2023,Cyclic-Nucleotide Phosphodiesterase Activity (GO:0004112),3,0.0006531062975509311,25.196129032258064,184.78263180580933,0.10518497937171054,PDE11A;PDE10A;PDE3B
GO_Molecular_Function_2023,Actin Binding (GO:0003779),12,0.0012973086708574,2.97953216374269,19.80633104823617,0.10518497937171054,ABLIM1;MAP1B;TMSB4X;TPM1;FSCN1;SHROOM2;DMD;MYRIP;SORBS1;TMSB10;SPTB;SPTBN1
GO_Molecular_Function_2023,Filamin Binding (GO:0031005),3,0.0013514346683036246,17.995391705069125,118.88814849552418,0.10518497937171054,FBLIM1;RFLNB;RFLNA
GO_Molecular_Function_2023,Receptor Ligand Activity (GO:0048018),17,0.0014720275462180973,2.400185019309555,15.651881441039913,0.10518497937171054,EPHA7;SEMA3C;SEMA3D;SEMA3A;CLEC11A;IGF2;BMP8A;FGF2;TNF;BMP5;GREM2;KITLG;FGF7;MDK;IL1B;CCL4;GAS6
GO_Molecular_Function_2023,Iron Ion Binding (GO:0005506),6,0.001918917148663444,5.06025974025974,31.65695577335972,0.10518497937171054,HEPH;FECH;AGMO;LCN2;ACP5;F3
GO_Molecular_Function_2023,Protein Tyrosine Phosphatase Activity (GO:0004725),7,0.001999067799840965,4.283095979125405,26.619759774963107,0.10518497937171054,PTPRD;PTPRS;PTPRZ1;EYA1;PTPN13;HACD2;PTPRF
GO_Molecular_Function_2023,Chemorepellent Activity (GO:0045499),4,0.002168762461272382,8.410344827586206,51.58567899468697,0.10518497937171054,EPHA7;SEMA3C;SEMA3D;SEMA3A
GO_Molecular_Function_2023,Phosphatidylinositol-4-Phosphate Binding (GO:0070273),4,0.002534679944187627,8.00944170771757,47.87794281936774,0.10927286870497771,GSDMB;PLEKHF1;SESTD1;PLEKHA5
GO_Molecular_Function_2023,Metal Ion Binding (GO:0046872),23,0.0028795845789845423,1.9754613961463834,11.556664964185488,0.11172788166460024,BRSK1;DYRK3;SPARC;TPM4;ANXA5;DMP1;MT1X;SEPTIN4;CLU;CALB2;MMP13;SCUBE1;CDH2;ASPH;CDH11;FSCN1;MAP3K20;CASQ2;ALPL;APOE;CDH15;DNASE1L3;ADGRL3
GO_Molecular_Function_2023,Aldehyde Dehydrogenase (NAD+) Activity (GO:0004029),3,0.003823475963548338,11.449266862170088,63.733435469832116,0.12362572282139628,ALDH1A3;ALDH1L1;ALDH2
GO_Molecular_Function_2023,Aldehyde Dehydrogenase [NAD(P)+] Activity (GO:0004030),3,0.003823475963548338,11.449266862170088,63.733435469832116,0.12362572282139628,ALDH1A3;ALDH1L1;ALDH2
GO_Molecular_Function_2023,"3',5'-Cyclic-Nucleotide Phosphodiesterase Activity (GO:0004114)",3,0.005681606588406563,9.686848635235732,50.08605658007049,0.13777895976885915,PDE11A;PDE3B;PDE7B
GO_Molecular_Function_2023,Transmembrane Receptor Protein Phosphatase Activity (GO:0019198),3,0.005681606588406563,9.686848635235732,50.08605658007049,0.13777895976885915,PTPRD;PTPRZ1;PTPRF
GO_Molecular_Function_2023,Transmembrane Receptor Protein Tyrosine Phosphatase Activity (GO:0005001),3,0.005681606588406563,9.686848635235732,50.08605658007049,0.13777895976885915,PTPRD;PTPRZ1;PTPRF
GO_Molecular_Function_2023,Phosphatidylinositol-5-Phosphate Binding (GO:0010314),3,0.005681606588406563,9.686848635235732,50.08605658007049,0.13777895976885915,PLEKHF1;SESTD1;PLEKHA5
GO_Molecular_Function_2023,Insulin-Like Growth Factor II Binding (GO:0031995),2,0.0077000139974579065,20.952789699570815,101.96744528649882,0.1596026606229409,IGFBP4;IGFBP2
GO_Molecular_Function_2023,Nitric-Oxide Synthase Binding (GO:0050998),2,0.0077000139974579065,20.952789699570815,101.96744528649882,0.1596026606229409,ATP2B4;DMD
GO_Molecular_Function_2023,Calcium Ion Binding (GO:0005509),16,0.007815594205762569,2.0597479216948242,9.993143633276722,0.1596026606229409,SPARC;TPM4;ANXA5;DMP1;CLU;CALB2;MMP13;SCUBE1;CDH2;ASPH;CDH11;CASQ2;ALPL;CDH15;DNASE1L3;ADGRL3
GO_Molecular_Function_2023,Alcohol Dehydrogenase [NAD(P)+] Activity (GO:0018455),2,0.01061387030481904,16.76137339055794,76.19039184442887,0.19619993710363046,ADHFE1;ADH6
GO_Molecular_Function_2023,Transmembrane Receptor Protein Kinase Activity (GO:0019199),4,0.010619068760763505,5.093782654127482,23.1517716837393,0.19619993710363046,ALK;PDGFRA;KIT;ROR2
GO_Molecular_Function_2023,Alcohol Dehydrogenase (NAD+) Activity (GO:0004022),2,0.0139341362969878,13.967095851216023,59.68717737439796,0.22773273254479456,ADHFE1;ADH6
GO_Molecular_Function_2023,Low-Density Lipoprotein Particle Receptor Binding (GO:0050750),3,0.014086560775966673,6.625806451612903,28.242725758304942,0.22773273254479456,APOE;APOB;CLU
GO_Molecular_Function_2023,Semaphorin Receptor Binding (GO:0030215),3,0.014086560775966673,6.625806451612903,28.242725758304942,0.22773273254479456,SEMA3C;SEMA3D;SEMA3A
GO_Molecular_Function_2023,cAMP Response Element Binding (GO:0035497),2,0.017640279347373927,11.971183323114653,48.3344953487166,0.2737771354712433,NR4A3;CREB3L1
GO_Molecular_Function_2023,Ferrous Iron Binding (GO:0008198),3,0.0199820449456618,5.721407624633431,22.38741696723107,0.2904982977522082,FECH;HEPH;F3
GO_Molecular_Function_2023,BMP Receptor Binding (GO:0070700),2,0.021712501636118656,10.474248927038627,40.114981070237064,0.2904982977522082,SCUBE3;BMP5
GO_Molecular_Function_2023,Transmembrane Receptor Protein Serine/Threonine Kinase Binding (GO:0070696),2,0.021712501636118656,10.474248927038627,40.114981070237064,0.2904982977522082,SCUBE3;BMP5
GO_Molecular_Function_2023,cGMP Binding (GO:0030553),2,0.021712501636118656,10.474248927038627,40.114981070237064,0.2904982977522082,PDE11A;PDE10A
GO_Molecular_Function_2023,Lipoprotein Particle Receptor Binding (GO:0070325),3,0.024556759498642642,5.244086021505376,19.438610917906043,0.30552385148068917,APOE;APOB;CLU
GO_Molecular_Function_2023,Cytokine Activity (GO:0005125),9,0.024558281831503437,2.2465483234714005,8.327294455771282,0.30552385148068917,KITLG;CCL20;IL1B;CCL4;BMP8A;CXCL3;FGF2;TNF;BMP5
GO_Molecular_Function_2023,enoyl-CoA Hydratase Activity (GO:0004300),2,0.02613171713909911,9.309966618979495,33.93115541748625,0.30552385148068917,ECHS1;HACD2
GO_Molecular_Function_2023,Protein Tyrosine Kinase Activity (GO:0004713),6,0.028794388981873593,2.7145650048875853,9.630122235563073,0.30552385148068917,ALK;PDGFRA;CSF1R;EPHA7;KIT;ROR2
GO_Molecular_Function_2023,Transmembrane Receptor Protein Tyrosine Kinase Activity (GO:0004714),4,0.029250470736250707,3.651799100449775,12.897641753602883,0.30552385148068917,PDGFRA;CSF1R;KIT;ROR2
GO_Molecular_Function_2023,Protein Tyrosine Kinase Activator Activity (GO:0030296),3,0.029647321878829434,4.840198511166253,17.029674491817488,0.30552385148068917,ALK;CD36;GAS6
GO_Molecular_Function_2023,CoA-ligase Activity (GO:0016405),2,0.03087952927388616,8.378540772532189,29.13773116479746,0.30552385148068917,ACSS2;ACSL1
GO_Molecular_Function_2023,Acid-Thiol Ligase Activity (GO:0016878),2,0.03087952927388616,8.378540772532189,29.13773116479746,0.30552385148068917,ACSS2;ACSL1
GO_Molecular_Function_2023,Insulin-Like Growth Factor I Binding (GO:0031994),2,0.03087952927388616,8.378540772532189,29.13773116479746,0.30552385148068917,IGFBP4;IGFBP2
GO_Molecular_Function_2023,Platelet-Derived Growth Factor Receptor Binding (GO:0005161),2,0.03087952927388616,8.378540772532189,29.13773116479746,0.30552385148068917,PDGFRA;PDGFD
GO_Molecular_Function_2023,Sequence-Specific DNA Binding (GO:0043565),25,0.03149730427635971,1.536424013883271,5.312728870175587,0.30552385148068917,TENM1;DLX2;FOXC1;CSRNP3;DLX5;DLX6;SHOX2;HOXA13;GLIS1;ETS2;ELK3;HOXA10;CREB3L1;SHOX;ALX4;HOXC9;PPARGC1A;EMX2;FOXD1;BCL11B;IRX3;EN1;RUNX2;TBX15;SNAI2
GO_Molecular_Function_2023,"3',5'-cyclic-AMP Phosphodiesterase Activity (GO:0004115)",2,0.03593820921763448,7.616465079984393,25.33201421894807,0.34009817503517503,PDE3B;PDE7B
GO_Molecular_Function_2023,Monoatomic Cation Channel Activity (GO:0005261),6,0.03687614897726305,2.5492588219860948,8.413039252063863,0.34066537626614435,TRPC3;P2RX1;ANO6;KCNK17;KCNN4;CLU
GO_Molecular_Function_2023,Transmembrane-Ephrin Receptor Activity (GO:0005005),2,0.041290674812658926,6.9814020028612305,22.250556149267673,0.3715335187811151,EPHA7;EPHB1
GO_Molecular_Function_2023,Metalloexopeptidase Activity (GO:0008235),4,0.04424046073039816,3.1683474300585557,9.879273254757477,0.3715335187811151,ENPEP;MMP16;CPE;CPXM1
GO_Molecular_Function_2023,Nuclease Activity (GO:0004518),4,0.046674560932463506,3.109514687100894,9.52928188058741,0.3715335187811151,AZGP1;ANKLE1;RNASE2;DNASE1L3
GO_Molecular_Function_2023,BMP Binding (GO:0036122),2,0.04692047015534701,6.4440409376031695,19.714262398064516,0.3715335187811151,GREM2;SCUBE3
GO_Molecular_Function_2023,DNA Nuclease Activity (GO:0004536),2,0.04692047015534701,6.4440409376031695,19.714262398064516,0.3715335187811151,ANKLE1;DNASE1L3
GO_Molecular_Function_2023,Ephrin Receptor Activity (GO:0005003),2,0.04692047015534701,6.4440409376031695,19.714262398064516,0.3715335187811151,EPHA7;EPHB1
GO_Molecular_Function_2023,Insulin-Like Growth Factor Binding (GO:0005520),2,0.04692047015534701,6.4440409376031695,19.714262398064516,0.3715335187811151,IGFBP4;IGFBP2
GO_Molecular_Function_2023,Growth Factor Activity (GO:0008083),5,0.04916494117125006,2.625809935205184,7.910448019319646,0.38151994348890045,FGF7;MDK;CLEC11A;IGF2;FGF2
GO_Molecular_Function_2023,Nuclear Receptor Binding (GO:0016922),6,0.05330907677210568,2.314190396759204,6.78439319044813,0.40556709387405887,NR4A3;LCOR;TACC2;PPARGC1A;RERG;OASL
GO_Molecular_Function_2023,Intracellular Calcium Activated Chloride Channel Activity (GO:0005229),2,0.05894923912253111,5.5842632331902715,15.809487908685345,0.4398520149911937,ANO6;ANO5
GO_Molecular_Function_2023,Tau Protein Binding (GO:0048156),3,0.06259859351014403,3.4939068100358424,9.6816593361947,0.4519344077153305,BRSK1;APOE;CLU
GO_Molecular_Function_2023,Ankyrin Binding (GO:0030506),2,0.06531825635027583,5.234978540772532,14.283553645570034,0.4519344077153305,SPTB;SPTBN1
GO_Molecular_Function_2023,Calcium Activated Cation Channel Activity (GO:0005227),2,0.06531825635027583,5.234978540772532,14.283553645570034,0.4519344077153305,ANO6;KCNN4
GO_Molecular_Function_2023,Intracellular Chloride Channel Activity (GO:0061778),2,0.06531825635027583,5.234978540772532,14.283553645570034,0.4519344077153305,ANO6;ANO5
GO_Molecular_Function_2023,Phosphatidylinositol-3-Phosphate Binding (GO:0032266),3,0.06654611971042579,3.399302528334786,9.211634092954158,0.4519344077153305,PLEKHF1;SESTD1;PLEKHA5
GO_Molecular_Function_2023,G Protein-Coupled Receptor Activity (GO:0004930),10,0.07036187783288836,1.75509461426492,4.658203057869267,0.4519344077153305,P2RY8;HCAR3;ADCYAP1R1;LHCGR;ADGRG2;NPR1;GPR88;S1PR3;LGR4;ADGRL3
GO_Molecular_Function_2023,NAD-retinol Dehydrogenase Activity (GO:0004745),2,0.07190465370231207,4.926786165109821,12.969342313184953,0.4519344077153305,DHRS3;ADH6
GO_Molecular_Function_2023,Alcohol Dehydrogenase (NADP+) Activity (GO:0008106),2,0.07190465370231207,4.926786165109821,12.969342313184953,0.4519344077153305,AKR1C1;DHRS3
GO_Molecular_Function_2023,Metalloaminopeptidase Activity (GO:0070006),2,0.07190465370231207,4.926786165109821,12.969342313184953,0.4519344077153305,ENPEP;MMP16
GO_Molecular_Function_2023,"Oxidoreductase Activity, Acting On The CH-OH Group Of Donors, NAD Or NADP As Acceptor (GO:0016616)",5,0.07221632288234663,2.3328533717302617,6.130946704613196,0.4519344077153305,ADH1A;AKR1C1;PHGDH;DHRS3;ADH6
GO_Molecular_Function_2023,Growth Factor Receptor Binding (GO:0070851),5,0.07479789517201574,2.307098948567631,5.982228056723266,0.46066005280543026,PDGFRA;LINGO1;IL1B;PDGFD;FGF2
GO_Molecular_Function_2023,WW Domain Binding (GO:0050699),2,0.07869482010939396,4.652837386742966,11.828340581144582,0.46263015458249784,ENAH;TP63
GO_Molecular_Function_2023,"Oxidoreductase Activity, Acting On The Aldehyde Or Oxo Group Of Donors, NAD Or NADP As Acceptor (GO:0016620)",2,0.07869482010939396,4.652837386742966,11.828340581144582,0.46263015458249784,ALDH1A3;ALDH2
GO_Molecular_Function_2023,Phosphatidic Acid Binding (GO:0070300),2,0.07869482010939396,4.652837386742966,11.828340581144582,0.46263015458249784,SESTD1;PLEKHN1
GO_Molecular_Function_2023,Histone Deacetylase Binding (GO:0042826),5,0.08283905720269945,2.233123477781352,5.56238817251738,0.4684347603357989,HOXA10;H1-5;SATB2;AKAP8L;LCOR
GO_Molecular_Function_2023,Transforming Growth Factor Beta Binding (GO:0050431),2,0.0856756600501935,4.407725321888412,10.830603188099262,0.4684347603357989,CD36;LTBP1
GO_Molecular_Function_2023,Cyclic Nucleotide Binding (GO:0030551),2,0.0856756600501935,4.407725321888412,10.830603188099262,0.4684347603357989,PDE11A;PDE10A
GO_Molecular_Function_2023,Double-Stranded DNA Binding (GO:0003690),21,0.08601025663527673,1.4118607355875417,3.4637020262012004,0.4684347603357989,EMX2;DLX2;BCL11B;DLX5;DLX6;IRX3;SHOX2;EN1;HOXA13;GLIS1;RUNX2;ETS2;ELK3;H1-5;HOXA10;TBX15;CREB3L1;SHOX;SNAI2;ALX4;HOXC9
GO_Molecular_Function_2023,Chemokine Activity (GO:0008009),3,0.09248074002184713,2.9240810202550636,6.961520135456815,0.4684347603357989,CCL20;CCL4;CXCL3
GO_Molecular_Function_2023,Fibroblast Growth Factor Receptor Binding (GO:0005104),2,0.09283457700097493,4.1871244635193134,9.952527341076623,0.4684347603357989,FGF7;FGF2
GO_Molecular_Function_2023,Actin Monomer Binding (GO:0003785),2,0.1001594572837572,3.9875332107091763,9.175281180743909,0.4684347603357989,TMSB4X;TMSB10
GO_Molecular_Function_2023,Pyrophosphatase Activity (GO:0016462),3,0.10678487822070373,2.732959326788219,6.113463172801425,0.4684347603357989,NUDT11;ALPL;CLU
GO_Molecular_Function_2023,"Phosphatidylinositol-3,5-Bisphosphate Binding (GO:0080025)",2,0.10763865444908072,3.8060866172454157,8.483673644399483,0.4684347603357989,SESTD1;PLEKHA5
GO_Molecular_Function_2023,5'-Flap Endonuclease Activity (GO:0017108),1,0.11166135399510033,10.453961456102784,22.91805884636622,0.4684347603357989,FSCN1
GO_Molecular_Function_2023,CoA Carboxylase Activity (GO:0016421),1,0.11166135399510033,10.453961456102784,22.91805884636622,0.4684347603357989,ACACB
GO_Molecular_Function_2023,Alkaline Phosphatase Activity (GO:0004035),1,0.11166135399510033,10.453961456102784,22.91805884636622,0.4684347603357989,ALPL
GO_Molecular_Function_2023,arachidonate-CoA Ligase Activity (GO:0047676),1,0.11166135399510033,10.453961456102784,22.91805884636622,0.4684347603357989,ACSL1
GO_Molecular_Function_2023,Arylesterase Activity (GO:0004064),1,0.11166135399510033,10.453961456102784,22.91805884636622,0.4684347603357989,PON3
GO_Molecular_Function_2023,"Coreceptor Activity Involved In Wnt Signaling Pathway, Planar Cell Polarity Pathway (GO:1904929)",1,0.11166135399510033,10.453961456102784,22.91805884636622,0.4684347603357989,ROR2
GO_Molecular_Function_2023,Ferroxidase Activity (GO:0004322),1,0.11166135399510033,10.453961456102784,22.91805884636622,0.4684347603357989,HEPH
GO_Molecular_Function_2023,Gap Junction Channel Activity Involved In Cell Communication By Electrical Coupling (GO:1903763),1,0.11166135399510033,10.453961456102784,22.91805884636622,0.4684347603357989,GJD3
GO_Molecular_Function_2023,Keratin Filament Binding (GO:1990254),1,0.11166135399510033,10.453961456102784,22.91805884636622,0.4684347603357989,VIM
GO_Molecular_Function_2023,"Oxidoreductase Activity, Acting On Metal Ions, Oxygen As Acceptor (GO:0016724)",1,0.11166135399510033,10.453961456102784,22.91805884636622,0.4684347603357989,HEPH
GO_Molecular_Function_2023,Phosphatidylcholine-Sterol O-acyltransferase Activator Activity (GO:0060228),1,0.11166135399510033,10.453961456102784,22.91805884636622,0.4684347603357989,APOE
GO_Molecular_Function_2023,Protein Phosphatase 2B Binding (GO:0030346),1,0.11166135399510033,10.453961456102784,22.91805884636622,0.4684347603357989,ATP2B4
GO_Molecular_Function_2023,Chemokine Receptor Binding (GO:0042379),3,0.11173388603700889,2.6746739876458476,5.861909800062403,0.4684347603357989,CCL20;CCL4;CXCL3
GO_Molecular_Function_2023,Phosphatidylinositol Phosphate Binding (GO:1901981),5,0.11275525207274956,2.017361687988038,4.402963944410748,0.4684347603357989,GSDMB;PLEKHF1;SESTD1;PLEKHA5;PLEKHN1
GO_Molecular_Function_2023,Amyloid-Beta Binding (GO:0001540),4,0.11397823642227442,2.2364367816091955,4.85697656500326,0.4684347603357989,C1QA;CD36;APOE;CLU
GO_Molecular_Function_2023,"Oxidoreductase Activity, Acting On Paired Donors, With Incorporation Or Reduction Of Molecular Oxygen, Reduced Flavin Or Flavoprotein As One Donor, And Incorporation Of One Atom Of Oxygen (GO:0016712)",2,0.1152609741925176,3.6404179884306775,7.865328313971379,0.4684347603357989,CYP4A11;CYP1B1
GO_Molecular_Function_2023,Serine-Type Peptidase Activity (GO:0008236),6,0.1167165961109567,1.8521772345301757,3.9784888094038493,0.4684347603357989,GZMK;MMP13;PLAU;HP;CNTN1;KLK4
GO_Molecular_Function_2023,Sequence-Specific Double-Stranded DNA Binding (GO:1990837),22,0.11721821559520787,1.340949533774646,2.874617640238993,0.4684347603357989,EMX2;DLX2;FOXC1;BCL11B;DLX5;DLX6;IRX3;SHOX2;EN1;TNF;HOXA13;GLIS1;RUNX2;ETS2;ELK3;HOXA10;TBX15;CREB3L1;SHOX;SNAI2;ALX4;HOXC9
GO_Molecular_Function_2023,"DNA-binding Transcription Activator Activity, RNA Polymerase II-specific (GO:0001228)",12,0.11804231287088617,1.5034461152882206,3.2124315590664057,0.4684347603357989,HOXA10;FOXC1;NR4A3;DLX5;CREB3L1;SATB2;IRX3;SHOX;ALX4;SP7;GLIS1;ELK3
GO_Molecular_Function_2023,Cadherin Binding (GO:0045296),11,0.13044204488902977,1.5023444826508283,3.060014680801609,0.4684347603357989,EHD1;SH3GLB1;CDH2;BSG;CDH11;FSCN1;CDH15;CD46;OLFM4;PHLDB2;SPTBN1
GO_Molecular_Function_2023,Myosin Binding (GO:0017022),3,0.13236342537549287,2.4643896268184693,4.983498356437891,0.4684347603357989,RAB3C;DMD;MYRIP
GO_Molecular_Function_2023,1-Phosphatidylinositol-4-Phosphate 3-Kinase Activity (GO:0035005),1,0.13245364470906457,8.362740899357602,16.905469274578557,0.4684347603357989,PIK3CD
GO_Molecular_Function_2023,Symporter Activity (GO:0015293),1,0.13245364470906457,8.362740899357602,16.905469274578557,0.4684347603357989,SLC4A4
GO_Molecular_Function_2023,3-hydroxyacyl-CoA Dehydratase Activity (GO:0018812),1,0.13245364470906457,8.362740899357602,16.905469274578557,0.4684347603357989,HACD2
GO_Molecular_Function_2023,DEAD/H-box RNA Helicase Binding (GO:0017151),1,0.13245364470906457,8.362740899357602,16.905469274578557,0.4684347603357989,SP7
GO_Molecular_Function_2023,Vascular Endothelial Growth Factor Receptor Activity (GO:0005021),1,0.13245364470906457,8.362740899357602,16.905469274578557,0.4684347603357989,PDGFRA
GO_Molecular_Function_2023,Acid Phosphatase Activity (GO:0003993),1,0.13245364470906457,8.362740899357602,16.905469274578557,0.4684347603357989,ACP5
GO_Molecular_Function_2023,acyl-CoA Oxidase Activity (GO:0003997),1,0.13245364470906457,8.362740899357602,16.905469274578557,0.4684347603357989,ACADL
GO_Molecular_Function_2023,Adenylate Kinase Activity (GO:0004017),1,0.13245364470906457,8.362740899357602,16.905469274578557,0.4684347603357989,AK5
GO_Molecular_Function_2023,"Alcohol Dehydrogenase Activity, Zinc-Dependent (GO:0004024)",1,0.13245364470906457,8.362740899357602,16.905469274578557,0.4684347603357989,ADH6
GO_Molecular_Function_2023,Flap Endonuclease Activity (GO:0048256),1,0.13245364470906457,8.362740899357602,16.905469274578557,0.4684347603357989,FSCN1
GO_Molecular_Function_2023,Phosphatidylinositol 3-Kinase Regulatory Subunit Binding (GO:0036312),1,0.13245364470906457,8.362740899357602,16.905469274578557,0.4684347603357989,PTPN13
GO_Molecular_Function_2023,Primary Amine Oxidase Activity (GO:0008131),1,0.13245364470906457,8.362740899357602,16.905469274578557,0.4684347603357989,MAOA
GO_Molecular_Function_2023,Protein Tyrosine Kinase Inhibitor Activity (GO:0030292),1,0.13245364470906457,8.362740899357602,16.905469274578557,0.4684347603357989,LILRB4
GO_Molecular_Function_2023,Aminopeptidase Activity (GO:0004177),2,0.1469726039435062,3.1004609759974566,5.9451620652996935,0.4684347603357989,ENPEP;MMP16
GO_Molecular_Function_2023,Gamma-Tubulin Binding (GO:0043015),2,0.1469726039435062,3.1004609759974566,5.9451620652996935,0.4684347603357989,BRSK1;DIXDC1
GO_Molecular_Function_2023,Metallocarboxypeptidase Activity (GO:0004181),2,0.1469726039435062,3.1004609759974566,5.9451620652996935,0.4684347603357989,CPE;CPXM1
GO_Molecular_Function_2023,Protein Kinase Activator Activity (GO:0030295),4,0.1512284713441207,1.9958949096880132,3.770172694957408,0.4684347603357989,MAP3K20;IGF2;CD36;GAS6
GO_Molecular_Function_2023,Thyroid Hormone Transmembrane Transporter Activity (GO:0015349),1,0.15276029180742112,6.968593861527481,13.09318861263854,0.4684347603357989,SLC16A2
GO_Molecular_Function_2023,ATP-gated Ion Channel Activity (GO:0035381),1,0.15276029180742112,6.968593861527481,13.09318861263854,0.4684347603357989,P2RX1
GO_Molecular_Function_2023,Coreceptor Activity Involved In Wnt Signaling Pathway (GO:0071936),1,0.15276029180742112,6.968593861527481,13.09318861263854,0.4684347603357989,ROR2
GO_Molecular_Function_2023,Deoxycytidine Deaminase Activity (GO:0047844),1,0.15276029180742112,6.968593861527481,13.09318861263854,0.4684347603357989,APOBEC3A
GO_Molecular_Function_2023,Estrogen 16-Alpha-Hydroxylase Activity (GO:0101020),1,0.15276029180742112,6.968593861527481,13.09318861263854,0.4684347603357989,CYP1B1
GO_Molecular_Function_2023,Fucose Binding (GO:0042806),1,0.15276029180742112,6.968593861527481,13.09318861263854,0.4684347603357989,ASGR1
GO_Molecular_Function_2023,"Oxidoreductase Activity, Acting On The CH-NH2 Group Of Donors, Oxygen As Acceptor (GO:0016641)",1,0.15276029180742112,6.968593861527481,13.09318861263854,0.4684347603357989,MAOA
GO_Molecular_Function_2023,Procollagen-Proline Dioxygenase Activity (GO:0019798),1,0.15276029180742112,6.968593861527481,13.09318861263854,0.4684347603357989,P3H2
GO_Molecular_Function_2023,Protein Kinase B Binding (GO:0043422),1,0.15276029180742112,6.968593861527481,13.09318861263854,0.4684347603357989,PDE3B
GO_Molecular_Function_2023,Protein-Glutamine Gamma-Glutamyltransferase Activity (GO:0003810),1,0.15276029180742112,6.968593861527481,13.09318861263854,0.4684347603357989,F13A1
GO_Molecular_Function_2023,Retinal Dehydrogenase Activity (GO:0001758),1,0.15276029180742112,6.968593861527481,13.09318861263854,0.4684347603357989,ALDH1A3
GO_Molecular_Function_2023,Retinoid Binding (GO:0005501),2,0.1551574394762933,2.9895769466584916,5.570523386057107,0.4684347603357989,CRABP1;PTGDS
GO_Molecular_Function_2023,Receptor Tyrosine Kinase Binding (GO:0030971),3,0.15982200551570297,2.243778801843318,4.114404957034355,0.4684347603357989,GRB14;LRP4;GAS6
GO_Molecular_Function_2023,Potassium Ion Transmembrane Transporter Activity (GO:0015079),2,0.16342693195814473,2.8863400917566966,5.228285523365482,0.4684347603357989,KCNK17;KCNN4
GO_Molecular_Function_2023,Protease Binding (GO:0002020),5,0.16962621537802636,1.7469402447804177,3.0993480034007117,0.4684347603357989,COL1A1;COL1A2;CNTN1;LCOR;TNF
GO_Molecular_Function_2023,Serine-Type Endopeptidase Activity (GO:0004252),5,0.16962621537802636,1.7469402447804177,3.0993480034007117,0.4684347603357989,GZMK;MMP13;PLAU;HP;CNTN1
GO_Molecular_Function_2023,Tubulin-Glutamic Acid Ligase Activity (GO:0070740),1,0.17259261404620668,5.972774548791679,10.493097508978673,0.4684347603357989,TTLL7
GO_Molecular_Function_2023,Tumor Necrosis Factor Receptor Activity (GO:0005031),1,0.17259261404620668,5.972774548791679,10.493097508978673,0.4684347603357989,TNFRSF19
GO_Molecular_Function_2023,L-aspartate Transmembrane Transporter Activity (GO:0015183),1,0.17259261404620668,5.972774548791679,10.493097508978673,0.4684347603357989,SLC25A18
GO_Molecular_Function_2023,P-type Calcium Transporter Activity (GO:0005388),1,0.17259261404620668,5.972774548791679,10.493097508978673,0.4684347603357989,ATP2B4
GO_Molecular_Function_2023,cAMP-dependent Protein Kinase Inhibitor Activity (GO:0004862),1,0.17259261404620668,5.972774548791679,10.493097508978673,0.4684347603357989,PPP1R1B
GO_Molecular_Function_2023,Calcium-Dependent Protein Serine/Threonine Kinase Activity (GO:0009931),1,0.17259261404620668,5.972774548791679,10.493097508978673,0.4684347603357989,PRKCA
GO_Molecular_Function_2023,"Endodeoxyribonuclease Activity, Producing 5'-Phosphomonoesters (GO:0016888)",1,0.17259261404620668,5.972774548791679,10.493097508978673,0.4684347603357989,FSCN1
GO_Molecular_Function_2023,Long-Chain Fatty Acid Binding (GO:0036041),1,0.17259261404620668,5.972774548791679,10.493097508978673,0.4684347603357989,FABP4
GO_Molecular_Function_2023,Nuclear Glucocorticoid Receptor Binding (GO:0035259),1,0.17259261404620668,5.972774548791679,10.493097508978673,0.4684347603357989,NR4A3
GO_Molecular_Function_2023,"Oxidoreductase Activity, Acting On Paired Donors, With Incorporation Or Reduction Of Molecular Oxygen, Reduced Iron-Sulfur Protein As One Donor, And Incorporation Of One Atom Of Oxygen (GO:0016713)",1,0.17259261404620668,5.972774548791679,10.493097508978673,0.4684347603357989,CYP4A11
GO_Molecular_Function_2023,PDZ Domain Binding (GO:0030165),3,0.1770582297181378,2.1293603061782393,3.6865117116247235,0.4684347603357989,FZD3;SDC2;ATP2B4
GO_Molecular_Function_2023,MHC Protein Binding (GO:0042287),2,0.18866089215243653,2.615343347639485,4.361880349944519,0.4684347603357989,MARCHF8;HLA-E
GO_Molecular_Function_2023,Kinase Inhibitor Activity (GO:0019210),2,0.18866089215243653,2.615343347639485,4.361880349944519,0.4684347603357989,GMFG;PPP1R1B
GO_Molecular_Function_2023,Nuclear Estrogen Receptor Binding (GO:0030331),2,0.18866089215243653,2.615343347639485,4.361880349944519,0.4684347603357989,LCOR;RERG
GO_Molecular_Function_2023,1-Phosphatidylinositol-3-Kinase Activity (GO:0016303),1,0.19196166725101038,5.225910064239828,8.625153312086455,0.4684347603357989,PIK3CD
GO_Molecular_Function_2023,Store-Operated Calcium Channel Activity (GO:0015279),1,0.19196166725101038,5.225910064239828,8.625153312086455,0.4684347603357989,TRPC3
GO_Molecular_Function_2023,Superoxide-Generating NADPH Oxidase Activator Activity (GO:0016176),1,0.19196166725101038,5.225910064239828,8.625153312086455,0.4684347603357989,SH3PXD2A
GO_Molecular_Function_2023,Tumor Necrosis Factor Receptor Binding (GO:0005164),1,0.19196166725101038,5.225910064239828,8.625153312086455,0.4684347603357989,TNF
GO_Molecular_Function_2023,Voltage-Gated Chloride Channel Activity (GO:0005247),1,0.19196166725101038,5.225910064239828,8.625153312086455,0.4684347603357989,ANO6
GO_Molecular_Function_2023,MHC Class II Receptor Activity (GO:0032395),1,0.19196166725101038,5.225910064239828,8.625153312086455,0.4684347603357989,HLA-DPA1
GO_Molecular_Function_2023,NADP-retinol Dehydrogenase Activity (GO:0052650),1,0.19196166725101038,5.225910064239828,8.625153312086455,0.4684347603357989,DHRS3
GO_Molecular_Function_2023,Cardiolipin Binding (GO:1901612),1,0.19196166725101038,5.225910064239828,8.625153312086455,0.4684347603357989,PLEKHN1
GO_Molecular_Function_2023,Histone H3 Kinase Activity (GO:0140996),1,0.19196166725101038,5.225910064239828,8.625153312086455,0.4684347603357989,PRKCA
GO_Molecular_Function_2023,Inhibitory MHC Class I Receptor Activity (GO:0032396),1,0.19196166725101038,5.225910064239828,8.625153312086455,0.4684347603357989,LILRB4
GO_Molecular_Function_2023,Interleukin-1 Binding (GO:0019966),1,0.19196166725101038,5.225910064239828,8.625153312086455,0.4684347603357989,PXDN
GO_Molecular_Function_2023,Interleukin-1 Receptor Binding (GO:0005149),1,0.19196166725101038,5.225910064239828,8.625153312086455,0.4684347603357989,IL1B
GO_Molecular_Function_2023,Lipase Inhibitor Activity (GO:0055102),1,0.19196166725101038,5.225910064239828,8.625153312086455,0.4684347603357989,ANXA5
GO_Molecular_Function_2023,Mitogen-Activated Protein Kinase Kinase Kinase Binding (GO:0031435),1,0.19196166725101038,5.225910064239828,8.625153312086455,0.4684347603357989,ROR2
GO_Molecular_Function_2023,Phospholipase Inhibitor Activity (GO:0004859),1,0.19196166725101038,5.225910064239828,8.625153312086455,0.4684347603357989,ANXA5
GO_Molecular_Function_2023,Small Ribosomal Subunit rRNA Binding (GO:0070181),1,0.19196166725101038,5.225910064239828,8.625153312086455,0.4684347603357989,MAP3K20
GO_Molecular_Function_2023,Double-Stranded RNA Binding (GO:0003725),3,0.19477678542037827,2.0260145681581685,3.314359392244354,0.47233370464441726,AGO2;VIM;OASL
GO_Molecular_Function_2023,Chemoattractant Activity (GO:0042056),2,0.1971882379759648,2.5359604629990895,4.117376490641038,0.4733453679702193,FGF7;FGF2
GO_Molecular_Function_2023,Transferrin Receptor Binding (GO:1990459),1,0.2108782501195694,4.645015465143945,7.229847313947393,0.4733453679702193,F3
GO_Molecular_Function_2023,Transforming Growth Factor Beta Receptor Activity (GO:0005024),1,0.2108782501195694,4.645015465143945,7.229847313947393,0.4733453679702193,LTBP1
GO_Molecular_Function_2023,Vinculin Binding (GO:0017166),1,0.2108782501195694,4.645015465143945,7.229847313947393,0.4733453679702193,DMD
GO_Molecular_Function_2023,JUN Kinase Kinase Kinase Activity (GO:0004706),1,0.2108782501195694,4.645015465143945,7.229847313947393,0.4733453679702193,MAP3K20
GO_Molecular_Function_2023,acyl-CoA Dehydrogenase Activity (GO:0003995),1,0.2108782501195694,4.645015465143945,7.229847313947393,0.4733453679702193,ACADL
GO_Molecular_Function_2023,alditol:NADP+ 1-Oxidoreductase Activity (GO:0004032),1,0.2108782501195694,4.645015465143945,7.229847313947393,0.4733453679702193,AKR1C1
GO_Molecular_Function_2023,Ammonium Transmembrane Transporter Activity (GO:0008519),1,0.2108782501195694,4.645015465143945,7.229847313947393,0.4733453679702193,RHD
GO_Molecular_Function_2023,cAMP-dependent Protein Kinase Regulator Activity (GO:0008603),1,0.2108782501195694,4.645015465143945,7.229847313947393,0.4733453679702193,PPP1R1B
GO_Molecular_Function_2023,Death Domain Binding (GO:0070513),1,0.2108782501195694,4.645015465143945,7.229847313947393,0.4733453679702193,DAP
GO_Molecular_Function_2023,"Inositol 1,4,5 Trisphosphate Binding (GO:0070679)",1,0.2108782501195694,4.645015465143945,7.229847313947393,0.4733453679702193,TRPC3
GO_Molecular_Function_2023,"DNA-binding Transcription Repressor Activity, RNA Polymerase II-specific (GO:0001227)",8,0.210965917124539,1.4280851063829787,2.222184238088744,0.4733453679702193,HEYL;CREB3L1;IRX3;SNAI2;EN1;MXD1;ETS2;ELK3
GO_Molecular_Function_2023,Calcium Ion Transmembrane Transporter Activity (GO:0015085),3,0.21290712390499475,1.9322084367245658,2.9889317745983024,0.4733453679702193,TRPC3;ATP2B4;CLU
GO_Molecular_Function_2023,Monoatomic Cation Transmembrane Transporter Activity (GO:0008324),2,0.21437387550931938,2.390803188228081,3.6819174955106284,0.4733453679702193,P2RX1;CLU
GO_Molecular_Function_2023,Monoatomic Ion Channel Activity (GO:0005216),2,0.21437387550931938,2.390803188228081,3.6819174955106284,0.4733453679702193,P2RX1;CLU
GO_Molecular_Function_2023,Carboxypeptidase Activity (GO:0004180),2,0.22301886023901007,2.324272770624702,3.4875688193785606,0.4733453679702193,CPE;CPXM1
GO_Molecular_Function_2023,RNA Nuclease Activity (GO:0004540),3,0.2251889070619493,1.874337987481945,2.7942923903047308,0.4733453679702193,AZGP1;AGO2;RNASE2
GO_Molecular_Function_2023,MHC Class I Receptor Activity (GO:0032393),1,0.22935291025361143,4.180299785867238,6.155463714629547,0.4733453679702193,LILRB4
GO_Molecular_Function_2023,P-type Ion Transporter Activity (GO:0015662),1,0.22935291025361143,4.180299785867238,6.155463714629547,0.4733453679702193,ATP2B4
GO_Molecular_Function_2023,cAMP Binding (GO:0030552),1,0.22935291025361143,4.180299785867238,6.155463714629547,0.4733453679702193,PDE10A
GO_Molecular_Function_2023,Calcium-Activated Potassium Channel Activity (GO:0015269),1,0.22935291025361143,4.180299785867238,6.155463714629547,0.4733453679702193,KCNN4
GO_Molecular_Function_2023,Cytidine Deaminase Activity (GO:0004126),1,0.22935291025361143,4.180299785867238,6.155463714629547,0.4733453679702193,APOBEC3A
GO_Molecular_Function_2023,Death Receptor Activity (GO:0005035),1,0.22935291025361143,4.180299785867238,6.155463714629547,0.4733453679702193,TNFRSF19
GO_Molecular_Function_2023,Histone Methyltransferase Binding (GO:1990226),1,0.22935291025361143,4.180299785867238,6.155463714629547,0.4733453679702193,LCOR
GO_Molecular_Function_2023,Ligand-Gated Sodium Channel Activity (GO:0015280),1,0.22935291025361143,4.180299785867238,6.155463714629547,0.4733453679702193,SHROOM2
GO_Molecular_Function_2023,Monoatomic Cation:Bicarbonate Symporter Activity (GO:0140410),1,0.22935291025361143,4.180299785867238,6.155463714629547,0.4733453679702193,SLC4A4
GO_Molecular_Function_2023,Neurexin Family Protein Binding (GO:0042043),1,0.22935291025361143,4.180299785867238,6.155463714629547,0.4733453679702193,CPE
GO_Molecular_Function_2023,Phosphatidylinositol 3-Kinase Activity (GO:0035004),1,0.22935291025361143,4.180299785867238,6.155463714629547,0.4733453679702193,PIK3CD
GO_Molecular_Function_2023,Phosphatidylinositol Binding (GO:0035091),4,0.2366017741118762,1.642156862745098,2.3669668517188187,0.4857221606106242,MYO1E;PLEKHF1;SESTD1;PLEKHN1
GO_Molecular_Function_2023,L-glutamate Transmembrane Transporter Activity (GO:0005313),1,0.24739595003266782,3.8000778664590227,5.307816480409327,0.5052085716456585,SLC25A18
GO_Molecular_Function_2023,Ligand-Gated Monoatomic Cation Channel Activity (GO:0099094),3,0.2564332215243595,1.7437275985663083,2.3730162085748687,0.5141338183013113,P2RX1;SHROOM2;CLU
GO_Molecular_Function_2023,5'-3' Exonuclease Activity (GO:0008409),1,0.265017432114078,3.483226266952177,4.625584016525852,0.5141338183013113,FSCN1
GO_Molecular_Function_2023,Ubiquitination-Like Modification-Dependent Protein Binding (GO:0140035),1,0.265017432114078,3.483226266952177,4.625584016525852,0.5141338183013113,FSCN1
GO_Molecular_Function_2023,MHC Class I Protein Binding (GO:0042288),1,0.265017432114078,3.483226266952177,4.625584016525852,0.5141338183013113,HLA-E
GO_Molecular_Function_2023,Carbonate Dehydratase Activity (GO:0004089),1,0.265017432114078,3.483226266952177,4.625584016525852,0.5141338183013113,CA3
GO_Molecular_Function_2023,Insulin-Like Growth Factor Receptor Binding (GO:0005159),1,0.265017432114078,3.483226266952177,4.625584016525852,0.5141338183013113,IGF2
GO_Molecular_Function_2023,Metalloendopeptidase Inhibitor Activity (GO:0008191),1,0.265017432114078,3.483226266952177,4.625584016525852,0.5141338183013113,RARRES1
GO_Molecular_Function_2023,"Oxidoreductase Activity, Acting On The CH-NH Group Of Donors, NAD Or NADP As Acceptor (GO:0016646)",1,0.265017432114078,3.483226266952177,4.625584016525852,0.5141338183013113,ALDH1L1
GO_Molecular_Function_2023,Phosphatidylglycerol Binding (GO:1901611),1,0.265017432114078,3.483226266952177,4.625584016525852,0.5141338183013113,PLEKHN1
GO_Molecular_Function_2023,Phosphatidylinositol Phosphate Kinase Activity (GO:0016307),1,0.265017432114078,3.483226266952177,4.625584016525852,0.5141338183013113,PIK3CD
GO_Molecular_Function_2023,CCR Chemokine Receptor Binding (GO:0048020),2,0.27524345263536026,1.9916206826078071,2.569388429849175,0.5165289990646427,CCL20;CCL4
GO_Molecular_Function_2023,Guanyl Ribonucleotide Binding (GO:0032561),7,0.2791259563363268,1.33906833467051,1.708774580322963,0.5165289990646427,DIRAS3;PDE11A;PDE10A;RHOJ;TUBE1;SEPTIN4;RERG
GO_Molecular_Function_2023,1-Phosphatidylinositol Binding (GO:0005545),1,0.28222718505593875,3.2151210673694615,4.06726611626464,0.5165289990646427,SESTD1
GO_Molecular_Function_2023,C4-dicarboxylate Transmembrane Transporter Activity (GO:0015556),1,0.28222718505593875,3.2151210673694615,4.06726611626464,0.5165289990646427,SLC25A18
GO_Molecular_Function_2023,G Protein-Coupled Photoreceptor Activity (GO:0008020),1,0.28222718505593875,3.2151210673694615,4.06726611626464,0.5165289990646427,GPR88
GO_Molecular_Function_2023,Acylglycerol Lipase Activity (GO:0047372),1,0.28222718505593875,3.2151210673694615,4.06726611626464,0.5165289990646427,MGLL
GO_Molecular_Function_2023,Aldo-Keto Reductase (NADP) Activity (GO:0004033),1,0.28222718505593875,3.2151210673694615,4.06726611626464,0.5165289990646427,AKR1C1
GO_Molecular_Function_2023,Hyaluronic Acid Binding (GO:0005540),1,0.28222718505593875,3.2151210673694615,4.06726611626464,0.5165289990646427,LAYN
GO_Molecular_Function_2023,Myosin V Binding (GO:0031489),1,0.28222718505593875,3.2151210673694615,4.06726611626464,0.5165289990646427,RAB3C
GO_Molecular_Function_2023,Nucleoside Diphosphate Kinase Activity (GO:0004550),1,0.28222718505593875,3.2151210673694615,4.06726611626464,0.5165289990646427,AK5
GO_Molecular_Function_2023,Protein Kinase C Activity (GO:0004697),1,0.28222718505593875,3.2151210673694615,4.06726611626464,0.5165289990646427,PRKCA
GO_Molecular_Function_2023,Purinergic Nucleotide Receptor Activity (GO:0001614),1,0.28222718505593875,3.2151210673694615,4.06726611626464,0.5165289990646427,P2RX1
GO_Molecular_Function_2023,Protein Kinase Inhibitor Activity (GO:0004860),2,0.2839569912691717,1.945204112186845,2.4488806593965355,0.5172549887907916,GMFG;PPP1R1B
GO_Molecular_Function_2023,Hydro-Lyase Activity (GO:0016836),2,0.2926604571007757,1.9008973858759266,2.3357128196156656,0.5250022888380828,ECHS1;CA3
GO_Molecular_Function_2023,Magnesium Ion Binding (GO:0000287),5,0.29756899639015055,1.3953923686105112,1.6913678721311753,0.5250022888380828,BRSK1;DYRK3;FSCN1;MAP3K20;SEPTIN4
GO_Molecular_Function_2023,Transmembrane Receptor Protein Serine/Threonine Kinase Activity (GO:0004675),1,0.2990348088484956,2.9853166105842766,3.6038601658272706,0.5250022888380828,LTBP1
GO_Molecular_Function_2023,Voltage-Gated Monoatomic Anion Channel Activity (GO:0008308),1,0.2990348088484956,2.9853166105842766,3.6038601658272706,0.5250022888380828,ANO6
GO_Molecular_Function_2023,Acidic Amino Acid Transmembrane Transporter Activity (GO:0015172),1,0.2990348088484956,2.9853166105842766,3.6038601658272706,0.5250022888380828,SLC25A18
GO_Molecular_Function_2023,Arachidonic Acid Epoxygenase Activity (GO:0008392),1,0.2990348088484956,2.9853166105842766,3.6038601658272706,0.5250022888380828,CYP4A11
GO_Molecular_Function_2023,"Oxidoreductase Activity, Acting On NAD(P)H, Quinone Or Similar Compound As Acceptor (GO:0016655)",1,0.2990348088484956,2.9853166105842766,3.6038601658272706,0.5250022888380828,AKR1C1
GO_Molecular_Function_2023,Potassium Ion Leak Channel Activity (GO:0022841),1,0.2990348088484956,2.9853166105842766,3.6038601658272706,0.5250022888380828,KCNK17
GO_Molecular_Function_2023,CXCR Chemokine Receptor Binding (GO:0045236),1,0.31544968004706386,2.786152748037116,3.2145407353791247,0.5415684772489415,CXCL3
GO_Molecular_Function_2023,Ubiquitin-Dependent Protein Binding (GO:0140036),1,0.31544968004706386,2.786152748037116,3.2145407353791247,0.5415684772489415,FSCN1
GO_Molecular_Function_2023,Wnt Receptor Activity (GO:0042813),1,0.31544968004706386,2.786152748037116,3.2145407353791247,0.5415684772489415,FZD3
GO_Molecular_Function_2023,Arachidonic Acid Monooxygenase Activity (GO:0008391),1,0.31544968004706386,2.786152748037116,3.2145407353791247,0.5415684772489415,CYP4A11
GO_Molecular_Function_2023,Phosphatidylinositol Kinase Activity (GO:0052742),1,0.31544968004706386,2.786152748037116,3.2145407353791247,0.5415684772489415,PIK3CD
GO_Molecular_Function_2023,Protein Tyrosine Kinase Binding (GO:1990782),3,0.32027671868219737,1.5302911093627065,1.742343412166412,0.5474333341352096,GRB14;LRP4;GAS6
GO_Molecular_Function_2023,Nuclear Receptor Coactivator Activity (GO:0030374),2,0.32729079506850034,1.742131616595136,1.9457976416065605,0.5519940402497636,FGF2;PPARGC1A
GO_Molecular_Function_2023,"DNA Binding, Bending (GO:0008301)",1,0.33148095716029624,2.6118843683083512,2.884003320437652,0.5519940402497636,FOXD1
GO_Molecular_Function_2023,Calcium-Release Channel Activity (GO:0015278),1,0.33148095716029624,2.6118843683083512,2.884003320437652,0.5519940402497636,CLU
GO_Molecular_Function_2023,Carboxylic Acid Binding (GO:0031406),1,0.33148095716029624,2.6118843683083512,2.884003320437652,0.5519940402497636,AKR1C1
GO_Molecular_Function_2023,Chemokine Binding (GO:0019956),1,0.33148095716029624,2.6118843683083512,2.884003320437652,0.5519940402497636,FGF2
GO_Molecular_Function_2023,"Hydrolase Activity, Acting On Carbon-Nitrogen (But Not Peptide) Bonds, In Cyclic Amidines (GO:0016814)",1,0.33148095716029624,2.6118843683083512,2.884003320437652,0.5519940402497636,APOBEC3A
GO_Molecular_Function_2023,Heme Binding (GO:0020037),3,0.33312162878016693,1.4937019969278034,1.6419483413588754,0.5523555212252341,HBM;PXDN;CYP1B1
GO_Molecular_Function_2023,Exopeptidase Activity (GO:0008238),2,0.34444336790941665,1.672274678111588,1.7823531475712848,0.5612057630665693,ENPEP;CPE
GO_Molecular_Function_2023,Cholesterol Transfer Activity (GO:0120020),1,0.3471375854020016,2.458118150900617,2.600772771164602,0.5612057630665693,APOB
GO_Molecular_Function_2023,Leak Channel Activity (GO:0022840),1,0.3471375854020016,2.458118150900617,2.600772771164602,0.5612057630665693,KCNK17
GO_Molecular_Function_2023,Mannose Binding (GO:0005537),1,0.3471375854020016,2.458118150900617,2.600772771164602,0.5612057630665693,ASGR1
GO_Molecular_Function_2023,Nucleobase-Containing Compound Kinase Activity (GO:0019205),1,0.3471375854020016,2.458118150900617,2.600772771164602,0.5612057630665693,AK5
GO_Molecular_Function_2023,Nucleoside Monophosphate Kinase Activity (GO:0050145),1,0.3471375854020016,2.458118150900617,2.600772771164602,0.5612057630665693,AK5
GO_Molecular_Function_2023,Monoatomic Anion Channel Activity (GO:0005253),2,0.352967168154442,1.6394008247075655,1.7072396151676004,0.5682624947880643,ANO6;ANO5
GO_Molecular_Function_2023,Sterol Transfer Activity (GO:0120015),1,0.362428301969357,2.3214370687604093,2.3560929018582786,0.5763204146070103,APOB
GO_Molecular_Function_2023,MAP Kinase Kinase Kinase Activity (GO:0004709),1,0.362428301969357,2.3214370687604093,2.3560929018582786,0.5763204146070103,MAP3K20
GO_Molecular_Function_2023,Cysteine-Type Endopeptidase Inhibitor Activity Involved In Apoptotic Process (GO:0043027),1,0.362428301969357,2.3214370687604093,2.3560929018582786,0.5763204146070103,GAS6
GO_Molecular_Function_2023,Chloride Transmembrane Transporter Activity (GO:0015108),2,0.3698948031937539,1.5773746862094096,1.5687569038210596,0.5833319385948329,ANO6;ANO5
GO_Molecular_Function_2023,Phosphatidylinositol Bisphosphate Binding (GO:1902936),3,0.3715455737154998,1.3936917562724014,1.3798715568748936,0.5833319385948329,GSDMB;SESTD1;PLEKHA5
GO_Molecular_Function_2023,Ubiquitin-Specific Protease Binding (GO:1990381),1,0.3773616406889254,2.1991434689507496,2.1431781094152442,0.5833319385948329,LCOR
GO_Molecular_Function_2023,Deaminase Activity (GO:0019239),1,0.3773616406889254,2.1991434689507496,2.1431781094152442,0.5833319385948329,APOBEC3A
GO_Molecular_Function_2023,"Phosphotransferase Activity, Phosphate Group As Acceptor (GO:0016776)",1,0.3773616406889254,2.1991434689507496,2.1431781094152442,0.5833319385948329,AK5
GO_Molecular_Function_2023,Sialyltransferase Activity (GO:0008373),1,0.3773616406889254,2.1991434689507496,2.1431781094152442,0.5833319385948329,ST6GAL2
GO_Molecular_Function_2023,Solute:Proton Symporter Activity (GO:0015295),1,0.3773616406889254,2.1991434689507496,2.1431781094152442,0.5833319385948329,SLC25A18
GO_Molecular_Function_2023,RNA Polymerase II Cis-Regulatory Region Sequence-Specific DNA Binding (GO:0000978),28,0.3897946096881526,1.0725112182150573,1.0104507002144407,0.5987205648335354,DLX2;FOXC1;DLX5;DLX6;SATB2;HOXA13;GLIS1;ETS2;ELK3;HOXA10;CREB3L1;HOXC9;TP63;EMX2;FOXD1;BCL11B;DMRT2;IRX3;EBF1;EN1;ZFHX4;RUNX2;HEYL;TBX15;NR4A3;SNAI2;SP7;MXD1
GO_Molecular_Function_2023,Lipid Kinase Activity (GO:0001727),1,0.3919459367724691,2.0890792291220555,1.9566971301741825,0.5987205648335354,PIK3CD
GO_Molecular_Function_2023,Lysophospholipase Activity (GO:0004622),1,0.3919459367724691,2.0890792291220555,1.9566971301741825,0.5987205648335354,MGLL
GO_Molecular_Function_2023,Endonuclease Activity (GO:0004519),2,0.3949460422825803,1.4926425505824648,1.3866740722672717,0.6009375074731025,ANKLE1;AGO2
GO_Molecular_Function_2023,"Steroid Dehydrogenase Activity, Acting On The CH-OH Group Of Donors, NAD Or NADP As Acceptor (GO:0033764)",1,0.4061893314356561,1.9894972978484755,1.7924095276320218,0.6108583744071108,AKR1C1
GO_Molecular_Function_2023,Phosphatase Inhibitor Activity (GO:0019212),1,0.4061893314356561,1.9894972978484755,1.7924095276320218,0.6108583744071108,PPP1R1B
GO_Molecular_Function_2023,Protein Kinase A Regulatory Subunit Binding (GO:0034237),1,0.4061893314356561,1.9894972978484755,1.7924095276320218,0.6108583744071108,AKAP8L
GO_Molecular_Function_2023,Secondary Active Transmembrane Transporter Activity (GO:0015291),2,0.4113920939853936,1.4410241231315672,1.2799299026681443,0.614883530856089,SLC16A2;SLC4A4
GO_Molecular_Function_2023,Cytokine Receptor Binding (GO:0005126),3,0.4158073985706457,1.292650482208181,1.1343435979713743,0.614883530856089,KITLG;IL1B;PXDN
GO_Molecular_Function_2023,Protein Phosphatase Regulator Activity (GO:0019888),2,0.41953230848436046,1.4165272423074124,1.2304164414174674,0.614883530856089,PPP1R16B;PPP1R1B
GO_Molecular_Function_2023,Steroid Hydroxylase Activity (GO:0008395),1,0.42009977650176,1.8989682694179482,1.6469049805623424,0.614883530856089,CYP1B1
GO_Molecular_Function_2023,High Voltage-Gated Calcium Channel Activity (GO:0008331),1,0.42009977650176,1.8989682694179482,1.6469049805623424,0.614883530856089,CACNA1G
GO_Molecular_Function_2023,Lipoprotein Particle Binding (GO:0071813),1,0.42009977650176,1.8989682694179482,1.6469049805623424,0.614883530856089,CD36
GO_Molecular_Function_2023,Protein-Cysteine S-palmitoyltransferase Activity (GO:0019706),1,0.42009977650176,1.8989682694179482,1.6469049805623424,0.614883530856089,ZDHHC11B
GO_Molecular_Function_2023,Metalloendopeptidase Activity (GO:0004222),3,0.4220546059620663,1.2793943383805135,1.103631880213137,0.614883530856089,MMP13;MMP16;TRABD2B
GO_Molecular_Function_2023,Cis-Regulatory Region Sequence-Specific DNA Binding (GO:0000987),27,0.4231286153056077,1.0553364202823987,0.9076727891139791,0.614883530856089,DLX2;FOXC1;DLX5;DLX6;SATB2;HOXA13;GLIS1;ETS2;ELK3;HOXA10;HOXC9;TP63;EMX2;FOXD1;BCL11B;DMRT2;IRX3;EBF1;EN1;ZFHX4;RUNX2;HEYL;TBX15;NR4A3;SNAI2;SP7;MXD1
GO_Molecular_Function_2023,Notch Binding (GO:0005112),1,0.4336850384837421,1.8163113304161624,1.5174131915007172,0.6266844519352184,MEGF10
GO_Molecular_Function_2023,Protein Kinase Regulator Activity (GO:0019887),3,0.4344796844602416,1.2536774193548388,1.0450731335536076,0.6266844519352184,GMFG;PPP1R1B;MAP3K20
GO_Molecular_Function_2023,Carboxylic Ester Hydrolase Activity (GO:0052689),3,0.440655287763755,1.2412008942829766,1.0171546619940766,0.6306096323177224,PON3;ALDH2;MGLL
GO_Molecular_Function_2023,Chloride Channel Activity (GO:0005254),2,0.4435995516382017,1.3477779316073653,1.0955184256313086,0.6306096323177224,ANO6;ANO5
GO_Molecular_Function_2023,MHC Class II Protein Complex Binding (GO:0023026),1,0.4469527033179733,1.7405424696645253,1.4016632006084395,0.6306096323177224,HLA-DPA1
GO_Molecular_Function_2023,Adenylyltransferase Activity (GO:0070566),1,0.4469527033179733,1.7405424696645253,1.4016632006084395,0.6306096323177224,OASL
GO_Molecular_Function_2023,Epidermal Growth Factor Receptor Binding (GO:0005154),1,0.4469527033179733,1.7405424696645253,1.4016632006084395,0.6306096323177224,LINGO1
GO_Molecular_Function_2023,"Phosphatidylinositol-3,4-Bisphosphate Binding (GO:0043325)",1,0.4469527033179733,1.7405424696645253,1.4016632006084395,0.6306096323177224,SESTD1
GO_Molecular_Function_2023,NAD Binding (GO:0051287),1,0.45991018028046393,1.6708351177730192,1.297777851011729,0.6442063175047653,ALDH2
GO_Molecular_Function_2023,Excitatory Extracellular Ligand-Gated Monoatomic Ion Channel Activity (GO:0005231),1,0.45991018028046393,1.6708351177730192,1.297777851011729,0.6442063175047653,P2RX1
GO_Molecular_Function_2023,GDP Binding (GO:0019003),2,0.46710328715605637,1.285374711125784,0.9784334951894358,0.6478979009751273,DIRAS3;RERG
GO_Molecular_Function_2023,ADP Binding (GO:0043531),1,0.4725647061236109,1.6064898698731676,1.2041936361313998,0.6478979009751273,COQ8A
GO_Molecular_Function_2023,Tumor Necrosis Factor Receptor Superfamily Binding (GO:0032813),1,0.4725647061236109,1.6064898698731676,1.2041936361313998,0.6478979009751273,TNF
GO_Molecular_Function_2023,Nuclear Thyroid Hormone Receptor Binding (GO:0046966),1,0.4725647061236109,1.6064898698731676,1.2041936361313998,0.6478979009751273,OASL
GO_Molecular_Function_2023,Palmitoyltransferase Activity (GO:0016409),1,0.4725647061236109,1.6064898698731676,1.2041936361313998,0.6478979009751273,ZDHHC11B
GO_Molecular_Function_2023,Protein Phosphatase Inhibitor Activity (GO:0004864),1,0.4725647061236109,1.6064898698731676,1.2041936361313998,0.6478979009751273,PPP1R1B
GO_Molecular_Function_2023,Protein Homodimerization Activity (GO:0042803),16,0.4834481194459408,1.0348776678813119,0.7521607540772298,0.6578680400218391,SH3GLB1;PON3;CSF1R;TENM1;PDGFRA;TENM2;TPM4;FECH;TPM1;ALDH1A3;NR4A3;KIT;CASQ2;COL9A2;APOE;MGLL
GO_Molecular_Function_2023,Cell Adhesion Mediator Activity (GO:0098631),1,0.48492334908826285,1.546910936632564,1.1195991334307016,0.6578680400218391,CNTN1
GO_Molecular_Function_2023,Dicarboxylic Acid Transmembrane Transporter Activity (GO:0005310),1,0.48492334908826285,1.546910936632564,1.1195991334307016,0.6578680400218391,SLC25A18
GO_Molecular_Function_2023,Metal Ion Transmembrane Transporter Activity (GO:0046873),1,0.496993013032404,1.491587641480575,1.0428872198680812,0.6695600314464333,ATP2B4
GO_Molecular_Function_2023,miRNA Binding (GO:0035198),1,0.496993013032404,1.491587641480575,1.0428872198680812,0.6695600314464333,AGO2
GO_Molecular_Function_2023,RNA Polymerase II Transcription Regulatory Region Sequence-Specific DNA Binding (GO:0000977),29,0.5019400476539526,1.0127608352823763,0.6980703129573238,0.6718083798482585,DLX2;FOXC1;DLX5;DLX6;SATB2;BARX1;HOXA13;GLIS1;ETS2;ELK3;HOXA10;ALX4;HOXC9;TP63;EMX2;FOXD1;BCL11B;DMRT2;IRX3;EBF1;EN1;ZFHX4;RUNX2;HEYL;TBX15;NR4A3;SNAI2;SP7;MXD1
GO_Molecular_Function_2023,Transition Metal Ion Binding (GO:0046914),11,0.5021248199896777,1.0324146239520076,0.7112371913875492,0.6718083798482585,ENPEP;MT2A;MMP13;MMP16;HEPH;AGMO;ADH1A;LCN2;MT1X;MYRIP;ADH6
GO_Molecular_Function_2023,Protein Phosphatase Binding (GO:0019903),3,0.5066547838493258,1.118663594470046,0.7606077997816909,0.6737433824032606,ATP2B4;KCNN4;LILRB4
GO_Molecular_Function_2023,GTP Binding (GO:0005525),5,0.5082007391957072,1.065367831797946,0.7211248500704452,0.6737433824032606,DIRAS3;RHOJ;TUBE1;SEPTIN4;RERG
GO_Molecular_Function_2023,Receptor Antagonist Activity (GO:0048019),1,0.5087804408354519,1.4400797459942405,0.9731176290622954,0.6737433824032606,PXDN
GO_Molecular_Function_2023,"Phosphatidylinositol-4,5-Bisphosphate Binding (GO:0005546)",2,0.5122839045785613,1.1763888049326,0.7868585988413505,0.6760753570628631,GSDMB;SESTD1
GO_Molecular_Function_2023,RNA Polymerase II Complex Binding (GO:0000993),1,0.5202922185641929,1.392005710206995,0.9094873465724389,0.6820046648746854,AGO2
GO_Molecular_Function_2023,Adenyl Nucleotide Binding (GO:0030554),1,0.5202922185641929,1.392005710206995,0.9094873465724389,0.6820046648746854,ALDH2
GO_Molecular_Function_2023,Endopeptidase Activity (GO:0004175),8,0.5267536725762986,1.0214067278287462,0.654744443106578,0.6874516471675938,GZMK;SFRP1;MMP13;MMP16;PLAU;HP;CNTN1;TRABD2B
GO_Molecular_Function_2023,Beta-Tubulin Binding (GO:0048487),1,0.5315347787378303,1.3470332251157007,0.8513070130551839,0.6874516471675938,TTLL7
GO_Molecular_Function_2023,Monocarboxylic Acid Transmembrane Transporter Activity (GO:0008028),1,0.5315347787378303,1.3470332251157007,0.8513070130551839,0.6874516471675938,SLC16A2
GO_Molecular_Function_2023,Protein Serine/Threonine Kinase Inhibitor Activity (GO:0030291),1,0.5315347787378303,1.3470332251157007,0.8513070130551839,0.6874516471675938,PPP1R1B
GO_Molecular_Function_2023,Telomeric DNA Binding (GO:0042162),1,0.5425144042480763,1.3048715203426124,0.7979819676831995,0.6947049136906059,TENM1
GO_Molecular_Function_2023,RNA Polymerase Core Enzyme Binding (GO:0043175),1,0.5425144042480763,1.3048715203426124,0.7979819676831995,0.6947049136906059,AGO2
GO_Molecular_Function_2023,Frizzled Binding (GO:0005109),1,0.5425144042480763,1.3048715203426124,0.7979819676831995,0.6947049136906059,SFRP1
GO_Molecular_Function_2023,Zinc Ion Binding (GO:0008270),8,0.5469486869577311,1.0026896461679071,0.6050232223568048,0.6967324587622167,MT2A;ENPEP;MMP13;MMP16;ADH1A;MT1X;MYRIP;ADH6
GO_Molecular_Function_2023,Hsp70 Protein Binding (GO:0030544),1,0.5532372315062072,1.2652650704042567,0.7489969132187179,0.6967324587622167,SPN
GO_Molecular_Function_2023,Nucleosomal DNA Binding (GO:0031492),1,0.5532372315062072,1.2652650704042567,0.7489969132187179,0.6967324587622167,H1-5
GO_Molecular_Function_2023,Sodium Channel Regulator Activity (GO:0017080),1,0.5532372315062072,1.2652650704042567,0.7489969132187179,0.6967324587622167,SGK2
GO_Molecular_Function_2023,Solute:Sodium Symporter Activity (GO:0015370),1,0.5532372315062072,1.2652650704042567,0.7489969132187179,0.6967324587622167,SLC4A4
GO_Molecular_Function_2023,Potassium Channel Activity (GO:0005267),2,0.5548719839111468,1.084387715289003,0.6387237222105339,0.6967324587622167,KCNK17;KCNN4
GO_Molecular_Function_2023,Metallopeptidase Activity (GO:0008237),3,0.5575151417317574,1.0349773393761663,0.6047016726949751,0.6977931451352319,MMP13;MMP16;TRABD2B
GO_Molecular_Function_2023,Core Promoter Sequence-Specific DNA Binding (GO:0001046),1,0.5637092541362817,1.2279884116387454,0.703903424746072,0.7010230468105042,AGO2
GO_Molecular_Function_2023,Inorganic Cation Transmembrane Transporter Activity (GO:0022890),1,0.5637092541362817,1.2279884116387454,0.703903424746072,0.7010230468105042,RHD
GO_Molecular_Function_2023,Basal RNA Polymerase II Transcription Machinery Binding (GO:0001099),1,0.5739363261604541,1.1928418476598348,0.6623097128855812,0.7091952055740642,AGO2
GO_Molecular_Function_2023,Protein Kinase C Binding (GO:0005080),1,0.5739363261604541,1.1928418476598348,0.6623097128855812,0.7091952055740642,ADCY6
GO_Molecular_Function_2023,Chromatin DNA Binding (GO:0031490),2,0.5817676814253234,1.0306257616701107,0.5582735713995178,0.7143223430159035,H1-5;PPARGC1A
GO_Molecular_Function_2023,Phosphatase Activity (GO:0016791),2,0.5817676814253234,1.0306257616701107,0.5582735713995178,0.7143223430159035,ACP5;ALPL
GO_Molecular_Function_2023,Sodium Channel Activity (GO:0005272),1,0.5839241652598034,1.1596478705686415,0.6238721839118695,0.7147084420214628,SHROOM2
GO_Molecular_Function_2023,Adenyl Ribonucleotide Binding (GO:0032559),7,0.587516767934752,0.9668730516728677,0.5142319084325249,0.7168443583606409,BRSK1;DYRK3;ACSS2;PDE10A;MAP3K20;COQ8A;AK5
GO_Molecular_Function_2023,Alpha-Tubulin Binding (GO:0043014),1,0.5936783557275808,1.1282481625094045,0.5882884434041429,0.721147189019778,TTLL7
GO_Molecular_Function_2023,Ribosome Binding (GO:0043022),2,0.5947605682637345,1.005687988003516,0.522551818569429,0.721147189019778,MAP3K20;CPEB4
GO_Molecular_Function_2023,Monoatomic Ion Gated Channel Activity (GO:0022839),1,0.6125074815615599,1.0702794707077363,0.5246447052706743,0.7403517222613246,ANO6
GO_Molecular_Function_2023,RNA Endonuclease Activity (GO:0004521),1,0.6215929474623557,1.0434689507494648,0.49613800021378585,0.7475107806811988,AGO2
GO_Molecular_Function_2023,Transcription Corepressor Binding (GO:0001222),1,0.6304658316841505,1.01796626103306,0.46958408751079245,0.7475107806811988,LCOR
GO_Molecular_Function_2023,Lipase Activity (GO:0016298),1,0.6304658316841505,1.01796626103306,0.46958408751079245,0.7475107806811988,MGLL
GO_Molecular_Function_2023,Promoter-Specific Chromatin Binding (GO:1990841),1,0.6304658316841505,1.01796626103306,0.46958408751079245,0.7475107806811988,FOXC1
GO_Molecular_Function_2023,Regulatory RNA Binding (GO:0061980),1,0.6304658316841505,1.01796626103306,0.46958408751079245,0.7475107806811988,AGO2
GO_Molecular_Function_2023,Tubulin Binding (GO:0015631),7,0.6307402883141904,0.9263436972764522,0.4269157647667992,0.7475107806811988,TTLL7;BRSK1;MAP1B;DIXDC1;UNC5C;DYNC1I1;HDGFL3
GO_Molecular_Function_2023,Calcium Channel Activity (GO:0005262),2,0.6319163300603949,0.9375994599025895,0.4303565419974037,0.7475107806811988,TRPC3;CLU
GO_Molecular_Function_2023,Cell-Cell Adhesion Mediator Activity (GO:0098632),1,0.6391310977422311,0.9936779851126746,0.4448156621772944,0.7514632300726839,CNTN1
GO_Molecular_Function_2023,Single-Stranded RNA Binding (GO:0003727),1,0.6391310977422311,0.9936779851126746,0.4448156621772944,0.7514632300726839,AGO2
GO_Molecular_Function_2023,Kinase Activator Activity (GO:0019209),1,0.647593593727201,0.9705193964444002,0.4216828646444161,0.754553496595057,MAP3K20
GO_Molecular_Function_2023,Phosphoric Diester Hydrolase Activity (GO:0008081),1,0.647593593727201,0.9705193964444002,0.4216828646444161,0.754553496595057,PDE11A
GO_Molecular_Function_2023,Signaling Receptor Complex Adaptor Activity (GO:0030159),1,0.647593593727201,0.9705193964444002,0.4216828646444161,0.754553496595057,SORBS1
GO_Molecular_Function_2023,Protein Heterodimerization Activity (GO:0046982),4,0.6526302158174389,0.896644419725621,0.3826381599560793,0.7573598961757115,TENM1;TENM2;TPM4;TPM1
GO_Molecular_Function_2023,Copper Ion Binding (GO:0005507),1,0.6558580544202038,0.9484134708974109,0.4000511339542736,0.7573598961757115,HEPH
GO_Molecular_Function_2023,Potassium Channel Regulator Activity (GO:0015459),1,0.6558580544202038,0.9484134708974109,0.4000511339542736,0.7573598961757115,SGK2
GO_Molecular_Function_2023,Exonuclease Activity (GO:0004527),1,0.6639291045576803,0.9272900309302878,0.3797993631936268,0.7621434691372189,FSCN1
GO_Molecular_Function_2023,rRNA Binding (GO:0019843),1,0.6639291045576803,0.9272900309302878,0.3797993631936268,0.7621434691372189,MAP3K20
GO_Molecular_Function_2023,Voltage-Gated Calcium Channel Activity (GO:0005245),1,0.6718112609919624,0.907085001396518,0.36081831212294546,0.7666552037202394,CACNA1G
GO_Molecular_Function_2023,Calcium-Dependent Phospholipid Binding (GO:0005544),1,0.6718112609919624,0.907085001396518,0.36081831212294546,0.7666552037202394,ANXA5
GO_Molecular_Function_2023,Transcription Cis-Regulatory Region Binding (GO:0000976),10,0.6746674363390676,0.8972669778647794,0.35310631583286706,0.7676567897347749,FOXC1;DLX5;CREB3L1;SATB2;AGO2;SNAI2;ALX4;BARX1;TNF;ELK3
GO_Molecular_Function_2023,E-box Binding (GO:0070888),1,0.701537653180497,0.8343468950749464,0.29575987611521315,0.7958965188129615,SNAI2
GO_Molecular_Function_2023,Channel Activity (GO:0015267),1,0.7085394939744567,0.8179451652181216,0.28182257997172305,0.8014965704434087,RHD
GO_Molecular_Function_2023,Kinase Activity (GO:0016301),2,0.7130990175700043,0.8017497523935292,0.27109964742468234,0.8043093570266328,PIK3CD;COQ8A
GO_Molecular_Function_2023,Serine-Type Endopeptidase Inhibitor Activity (GO:0004867),1,0.7153774153953307,0.8021742711250206,0.26868427877278644,0.8045403976040242,SERPINB2
GO_Molecular_Function_2023,Amino Acid Transmembrane Transporter Activity (GO:0015171),1,0.7349455133489753,0.7583025111933035,0.2335260178420649,0.8217834558484219,SLC16A2
GO_Molecular_Function_2023,Protein Serine/Threonine Kinase Activator Activity (GO:0043539),1,0.7349455133489753,0.7583025111933035,0.2335260178420649,0.8217834558484219,IGF2
GO_Molecular_Function_2023,Endopeptidase Inhibitor Activity (GO:0004866),2,0.7411160735835511,0.7577838470542333,0.22703054125762948,0.8239342021501944,SERPINB2;RARRES1
GO_Molecular_Function_2023,Phosphatase Binding (GO:0019902),2,0.7411160735835511,0.7577838470542333,0.22703054125762948,0.8239342021501944,KCNN4;LILRB4
GO_Molecular_Function_2023,GTPase Activity (GO:0003924),5,0.7460241326938888,0.8004651935537465,0.23453416434590416,0.8270210385292253,DIRAS3;RAB3C;RHOJ;SEPTIN4;RERG
GO_Molecular_Function_2023,SH3 Domain Binding (GO:0017124),1,0.7531709516215823,0.7189692091855571,0.2038012045777524,0.8301997989465169,ENAH
GO_Molecular_Function_2023,Carboxylic Acid Transmembrane Transporter Activity (GO:0046943),1,0.7531709516215823,0.7189692091855571,0.2038012045777524,0.8301997989465169,SLC16A2
GO_Molecular_Function_2023,Ribonucleoside Triphosphate Phosphatase Activity (GO:0017111),5,0.7604171831630446,0.7851583194099189,0.21504549760467545,0.8356984328567416,DIRAS3;RAB3C;RHOJ;SEPTIN4;RERG
GO_Molecular_Function_2023,Ubiquitin Protein Ligase Binding (GO:0031625),5,0.763221049599239,0.7821659981487196,0.21134718035779276,0.8356984328567416,DIO2;PPARGC1A;CLU;CCDC50;ACTG1
GO_Molecular_Function_2023,UDP-glycosyltransferase Activity (GO:0008194),1,0.7646209888251114,0.6949321912919343,0.18650243196002164,0.8356984328567416,HAS2
GO_Molecular_Function_2023,Nucleosome Binding (GO:0031491),1,0.770145672622713,0.6835047565556218,0.17851476271135847,0.8381891086170506,H1-5
GO_Molecular_Function_2023,Transcription Regulatory Region Nucleic Acid Binding (GO:0001067),4,0.7722227604342718,0.7567398119122257,0.1956037871466975,0.8381891086170506,FOXC1;DLX5;CREB3L1;TNF
GO_Molecular_Function_2023,DNA Binding (GO:0003677),17,0.7740429431362785,0.8504114967676708,0.2178141319299618,0.8381891086170506,FOXC1;H2AC8;FOXD1;CSRNP3;HOXA13;ETS2;OASL;H1-5;NR4A3;FSCN1;SHOX;SNAI2;ALX4;SP7;PPARGC1A;DNASE1L3;TP63
GO_Molecular_Function_2023,L-amino Acid Transmembrane Transporter Activity (GO:0015179),1,0.7755409535915495,0.6724459487462872,0.1709320539763603,0.8381891086170506,SLC25A18
GO_Molecular_Function_2023,RNA Polymerase II-specific DNA-binding Transcription Factor Binding (GO:0061629),4,0.7839032401731555,0.7430726600985221,0.18091566603663678,0.8448734921866231,FOXC1;TACC2;PPARGC1A;ETS2
GO_Molecular_Function_2023,Purine Ribonucleoside Triphosphate Binding (GO:0035639),9,0.7864603655431471,0.800478649703993,0.19228533882944465,0.8452815009161803,DIRAS3;BRSK1;DYRK3;RHOJ;MAP3K20;TUBE1;SEPTIN4;AK5;RERG
GO_Molecular_Function_2023,Ubiquitin-Like Protein Ligase Binding (GO:0044389),5,0.8095268865627953,0.7319076445715329,0.15465595901159326,0.8676697016197915,DIO2;PPARGC1A;CLU;CCDC50;ACTG1
GO_Molecular_Function_2023,Protein Serine/Threonine Kinase Activity (GO:0004674),6,0.814617406197523,0.7419604205318491,0.1521291281845923,0.8707205333461127,BRSK1;DYRK3;MAP3K20;PRKCA;TNIK;SGK2
GO_Molecular_Function_2023,Cytokine Receptor Activity (GO:0004896),1,0.8351886004577592,0.5555174875089222,0.10004742782311997,0.8894951508758359,EBI3
GO_Molecular_Function_2023,G Protein-Coupled Peptide Receptor Activity (GO:0008528),1,0.8390598588158658,0.5481798715203426,0.09619089247371287,0.8894951508758359,NPR1
GO_Molecular_Function_2023,Phospholipase Activity (GO:0004620),1,0.8390598588158658,0.5481798715203426,0.09619089247371287,0.8894951508758359,MGLL
GO_Molecular_Function_2023,G Protein-Coupled Receptor Binding (GO:0001664),2,0.8427509748550936,0.603159793493811,0.10319085024569441,0.8909737826805896,UTS2B;SFRP1
GO_Molecular_Function_2023,Guanyl-Nucleotide Exchange Factor Activity (GO:0005085),3,0.8571831168252718,0.6236129032258064,0.09610106280217152,0.9037691557831671,DOCK11;ARHGEF19;ARHGEF6
GO_Molecular_Function_2023,mRNA 3'-UTR Binding (GO:0003730),1,0.889991147462513,0.45247183688669584,0.05273277051177947,0.9358172499063822,CPEB4
GO_Molecular_Function_2023,ATP Binding (GO:0005524),4,0.8945659319881156,0.6036677115987461,0.06725864654250624,0.9362073690478084,BRSK1;DYRK3;MAP3K20;AK5
GO_Molecular_Function_2023,Hexosyltransferase Activity (GO:0016758),1,0.8975691179409357,0.4381156316916488,0.04734503143489453,0.9362073690478084,HAS2
GO_Molecular_Function_2023,DNA-binding Transcription Factor Binding (GO:0140297),4,0.8991673384407811,0.5970602828082362,0.06345922290223571,0.9362073690478084,FOXC1;LMO3;PPARGC1A;ETS2
GO_Molecular_Function_2023,GTPase Binding (GO:0051020),3,0.9000137851928673,0.5611740773031095,0.05911699478774549,0.9362073690478084,EHD1;RAB34;SPTBN1
GO_Molecular_Function_2023,Transcription Coregulator Binding (GO:0001221),1,0.9046261066659336,0.4246383778350741,0.0425630173652662,0.9384891160063695,LCOR
GO_Molecular_Function_2023,Cysteine-Type Endopeptidase Activity (GO:0004197),1,0.9192626053214825,0.39618639747119405,0.03335233630823098,0.9502572082524255,SFRP1
GO_Molecular_Function_2023,Microtubule Binding (GO:0008017),3,0.9208678100590516,0.5275013668671406,0.043486570049138314,0.9502572082524255,MAP1B;DYNC1I1;HDGFL3
GO_Molecular_Function_2023,Small GTPase Binding (GO:0031267),2,0.9489465143964071,0.42123265288337947,0.022073788121486294,0.9766346089809176,EHD1;RAB34
GO_Molecular_Function_2023,Protein Kinase Binding (GO:0019901),7,0.956824970617009,0.5732706676307544,0.02530118515730031,0.982137800527512,ACTA2;NR4A3;PDE3B;UNC5C;NBEAL2;ROR2;ADCY6
GO_Molecular_Function_2023,Cysteine-Type Peptidase Activity (GO:0008234),1,0.9673525007634612,0.29033707192165437,0.009636960909588915,0.9903239321800078,SFRP1
GO_Molecular_Function_2023,Ubiquitin-Like Protein Transferase Activity (GO:0019787),2,0.9775655572386642,0.3479280124066794,0.007894459860679985,0.9981458847594783,MARCHF8;LMO7
GO_Molecular_Function_2023,Kinase Binding (GO:0019900),5,0.9841068338823216,0.45278048085823464,0.007253913136560455,0.9999035738455183,ACTA2;NR4A3;UNC5C;NBEAL2;ADCY6
GO_Molecular_Function_2023,mRNA Binding (GO:0003729),2,0.9905680179864146,0.29509503372164314,0.002796540340033764,0.9999035738455183,AGO2;CPEB4
GO_Molecular_Function_2023,GTPase Activator Activity (GO:0005096),1,0.9934116373091276,0.19702253492403385,0.001302350824606522,0.9999035738455183,ARHGEF6
GO_Molecular_Function_2023,GTPase Regulator Activity (GO:0030695),3,0.9974508822362934,0.29286644701555437,0.0007475042058961867,0.9999035738455183,DOCK11;ARHGEF19;ARHGEF6
GO_Molecular_Function_2023,Ubiquitin Protein Ligase Activity (GO:0061630),1,0.9993992861174434,0.13277612765075636,7.978442935902779e-05,0.9999035738455183,MARCHF8
GO_Molecular_Function_2023,Ubiquitin-Protein Transferase Activity (GO:0004842),2,0.9994169059055522,0.2001674866534073,0.00011675052094658605,0.9999035738455183,MARCHF8;LMO7
GO_Molecular_Function_2023,Ubiquitin-Like Protein Ligase Activity (GO:0061659),1,0.999503926176725,0.12938197783254549,6.419893742932344e-05,0.9999035738455183,MARCHF8
GO_Molecular_Function_2023,RNA Binding (GO:0003723),15,0.9999035738455183,0.43017894077686486,4.148250102928874e-05,0.9999035738455183,AKAP8L;OASL;H1-5;MEX3A;TMSB4X;AGO2;FSCN1;MAP3K20;VIM;KCTD12;PPARGC1A;APOBEC3A;SPTBN1;CPEB4;TNS1
KEGG_2021_Human,ECM-receptor interaction,14,1.6096643633708663e-08,8.10846529348732,145.5036127304066,3.943677690258622e-06,LAMA4;TNC;DMP1;NPNT;COL1A1;COL1A2;IBSP;COL4A2;COL4A1;CHAD;ITGA8;SPP1;CD36;COL9A2
KEGG_2021_Human,PI3K-Akt signaling pathway,24,3.5471841762985815e-06,3.1452907452907453,39.47137472982674,0.00033355483562121254,PDGFRA;CSF1R;LAMA4;IGF2;TNC;PIK3CD;PRKCA;FGF2;COL1A1;KITLG;FGF7;COL1A2;IBSP;COL4A2;COL4A1;GNG4;CREB3L1;PDGFD;KIT;CHAD;SPP1;ITGA8;COL9A2;SGK2
KEGG_2021_Human,Protein digestion and absorption,12,5.213251205233475e-06,5.622035858877964,68.38816939405025,0.00033355483562121254,COL28A1;COL1A1;COL1A2;COL4A2;COL13A1;COL5A1;COL4A1;COL11A1;COL22A1;COL8A1;COL9A2;KCNN4
KEGG_2021_Human,Focal adhesion,17,5.445793234632042e-06,3.963607442398535,48.04156644686408,0.00033355483562121254,PDGFRA;LAMA4;TNC;PIK3CD;PRKCA;ACTG1;COL1A1;COL1A2;IBSP;COL4A2;COL4A1;PDGFD;CHAD;SPP1;ITGA8;COL9A2;PPP1R12B
KEGG_2021_Human,Cell adhesion molecules,14,1.0268847858912025e-05,4.4640015780130184,51.275288643991836,0.0005031735450866892,CNTNAP2;SDC2;PTPRF;HLA-E;SPN;CLDN11;CDH2;CD6;CNTN1;ITGA8;NCAM1;CDH15;NCAM2;HLA-DPA1
KEGG_2021_Human,Fatty acid degradation,7,5.708922251469249e-05,8.223186309954206,80.34789169949347,0.002331143252683277,ECHS1;ACADL;ALDH2;ACSL1;ADH1A;HADH;ADH6
KEGG_2021_Human,Axon guidance,14,0.00010203042011623593,3.5543318649045523,32.66516128830318,0.003571064704068258,EPHA7;FZD3;TRPC3;SEMA3C;UNC5B;SEMA3D;SEMA3A;PIK3CD;PRKCA;UNC5C;ENAH;ABLIM1;SLIT3;EPHB1
KEGG_2021_Human,Amoebiasis,10,0.00013940125529119215,4.613632048604519,40.96053607930462,0.00426916344329276,COL1A1;COL1A2;COL4A2;COL4A1;IL1B;LAMA4;PIK3CD;PRKCA;CXCL3;TNF
KEGG_2021_Human,Complement and coagulation cascades,9,0.00016610595810997764,5.019607843137255,43.68506815431974,0.004521773304104947,C1QA;SERPINB2;C7;PLAU;F13A1;CD46;CLU;F3;C1QC
KEGG_2021_Human,Relaxin signaling pathway,11,0.0002283153390880956,3.9601305492712235,33.20483458810689,0.005593725807658343,COL1A1;ACTA2;COL1A2;MMP13;COL4A2;COL4A1;GNG4;CREB3L1;PIK3CD;PRKCA;ADCY6
KEGG_2021_Human,Regulation of lipolysis in adipocytes,7,0.0002824056845245345,6.163593637020969,50.36990988498667,0.006289944791682814,FABP4;NPR1;PDE3B;PIK3CD;PLIN1;MGLL;ADCY6
KEGG_2021_Human,AGE-RAGE signaling pathway in diabetic complications,9,0.0005640243140767184,4.188967894850248,31.33521072383082,0.011515496412399668,COL1A1;COL1A2;COL4A2;COL4A1;IL1B;PIK3CD;PRKCA;TNF;F3
KEGG_2021_Human,Human papillomavirus infection,18,0.0008592023235976171,2.4561022364217253,17.338868793532757,0.016192659175493555,FZD3;LAMA4;TNC;PIK3CD;TNF;HLA-E;OASL;COL1A1;HEYL;COL1A2;IBSP;COL4A2;COL4A1;CREB3L1;CHAD;SPP1;ITGA8;COL9A2
KEGG_2021_Human,PPAR signaling pathway,7,0.0017124561177186983,4.411402855570305,28.09987130939667,0.02996798206007722,FABP4;ACADL;ACSL1;PLIN4;CD36;PLIN1;SORBS1
KEGG_2021_Human,Tryptophan metabolism,5,0.002862524788579077,5.689977234253692,33.320798297248984,0.046754571546791586,ECHS1;ALDH2;MAOA;CYP1B1;HADH
KEGG_2021_Human,Type I diabetes mellitus,5,0.0031779719236998422,5.539956803455723,31.863128286559817,0.048098377921535006,IL1B;CPE;TNF;HLA-DPA1;HLA-E
KEGG_2021_Human,Proteoglycans in cancer,12,0.003337438468024878,2.6368966457594762,15.037039428832516,0.048098377921535006,COL1A1;FZD3;COL1A2;PLAU;SDC2;IGF2;PIK3CD;PRKCA;PPP1R12B;FGF2;TNF;ACTG1
KEGG_2021_Human,Rap1 signaling pathway,12,0.004049418021421597,2.569643806485912,14.156635679037247,0.05511707862490507,ENAH;PDGFRA;CSF1R;KITLG;FGF7;PDGFD;KIT;PIK3CD;PRKCA;FGF2;ADCY6;ACTG1
KEGG_2021_Human,Pyruvate metabolism,5,0.0046927696889119295,5.011313380643834,26.86932091275499,0.060512030199127514,ACSS2;ALDH2;ADH1A;ACACB;ADH6
KEGG_2021_Human,Morphine addiction,7,0.0054944435396981454,3.5155459146782357,18.294964089439055,0.06730693336130228,PDE11A;PDE10A;GNG4;PDE3B;PRKCA;PDE7B;ADCY6
KEGG_2021_Human,Rheumatoid arthritis,7,0.006181394616608876,3.4334359077838874,17.46318074153291,0.07211627052710355,CCL20;IL1B;CCL3L3;ACP5;CXCL3;TNF;HLA-DPA1
KEGG_2021_Human,Dilated cardiomyopathy,7,0.007329230904385525,3.3171902800458213,16.306924921300077,0.08162098052611153,TPM4;TPM1;ITGA8;DMD;TNF;ADCY6;ACTG1
KEGG_2021_Human,Hematopoietic cell lineage,7,0.00862767509193439,3.208525888899368,15.249418343433893,0.08937762842361295,CSF1R;KITLG;IL1B;KIT;CD36;TNF;HLA-DPA1
KEGG_2021_Human,Ras signaling pathway,12,0.008755359519047799,2.3100478468899523,10.945212869553329,0.08937762842361295,PDGFRA;CSF1R;KITLG;FGF7;GNG4;PDGFD;KIT;IGF2;PIK3CD;PRKCA;FGF2;ETS2
KEGG_2021_Human,African trypanosomiasis,4,0.010619068760763505,5.093782654127482,23.1517716837393,0.10406687385548236,LAMA4;IL1B;PRKCA;TNF
KEGG_2021_Human,Mineral absorption,5,0.013061835800975021,3.824268603966228,16.589908948266334,0.11810152319219924,MT2A;HEPH;ATP2B4;MT1X;STEAP1
KEGG_2021_Human,cAMP signaling pathway,11,0.013127510362860204,2.269274697123339,9.83286988616233,0.11810152319219924,HCAR3;ADCYAP1R1;LHCGR;PDE10A;NPR1;CREB3L1;PPP1R1B;PDE3B;ATP2B4;PIK3CD;ADCY6
KEGG_2021_Human,Insulin resistance,7,0.013534821670001066,2.9212645776508235,12.568710264007292,0.11810152319219924,CREB3L1;PIK3CD;CD36;TNF;ACACB;PPARGC1A;PTPRF
KEGG_2021_Human,Regulation of actin cytoskeleton,11,0.013979363969688888,2.2471167771329505,9.595577477067012,0.11810152319219924,ENAH;PDGFRA;FGF7;PDGFD;TMSB4X;ITGA8;PIK3CD;PPP1R12B;FGF2;ARHGEF6;ACTG1
KEGG_2021_Human,Graft-versus-host disease,4,0.016430896756532715,4.422413793103448,18.1698929049827,0.13239551919513273,IL1B;TNF;HLA-DPA1;HLA-E
KEGG_2021_Human,GnRH secretion,5,0.01691180157771923,3.564264011421459,14.541283227130501,0.13239551919513273,SPP1;PIK3CD;PRKCA;KCNN4;CACNA1G
KEGG_2021_Human,Human cytomegalovirus infection,11,0.017292475976507134,2.1728256201558316,8.816204725182489,0.13239551919513273,PDGFRA;GNG4;CREB3L1;IL1B;CCL3L3;CCL4;PIK3CD;PRKCA;TNF;ADCY6;HLA-E
KEGG_2021_Human,Hypertrophic cardiomyopathy,6,0.01901578650731024,3.006802721088435,11.914413013521868,0.14117780891790935,TPM4;TPM1;ITGA8;DMD;TNF;ACTG1
KEGG_2021_Human,MAPK signaling pathway,13,0.021646346076630046,1.9573970513472292,7.502543587654651,0.15248023103471398,PDGFRA;CSF1R;IGF2;PRKCA;FGF2;TNF;CACNA1G;KITLG;FGF7;PDGFD;IL1B;KIT;MAP3K20
KEGG_2021_Human,Adipocytokine signaling pathway,5,0.022694627147525022,3.284962203023758,12.435641846416287,0.15248023103471398,ACSL1;CD36;TNF;ACACB;PPARGC1A
KEGG_2021_Human,IL-17 signaling pathway,6,0.023027626727691496,2.8695395513577333,10.821207604815477,0.15248023103471398,MMP13;CCL20;IL1B;LCN2;CXCL3;TNF
KEGG_2021_Human,TGF-beta signaling pathway,6,0.023027626727691496,2.8695395513577333,10.821207604815477,0.15248023103471398,GREM2;BMP8A;FMOD;TNF;LTBP1;BMP5
KEGG_2021_Human,Fatty acid elongation,3,0.024556759498642642,5.244086021505376,19.438610917906043,0.15352681355749392,ECHS1;HADH;HACD2
KEGG_2021_Human,Adherens junction,5,0.02532545225222989,3.185090647293671,11.70821922136011,0.15352681355749392,SNAI2;LMO7;SORBS1;PTPRF;ACTG1
KEGG_2021_Human,"Valine, leucine and isoleucine degradation",4,0.025621949082102982,3.8181818181818183,13.990986197321927,0.15352681355749392,ECHS1;ALDH2;OXCT1;HADH
KEGG_2021_Human,Calcium signaling pathway,11,0.026317561151625597,2.0289241588869884,7.380249849292912,0.15352681355749392,PDGFRA;FGF7;LHCGR;ASPH;PDGFD;P2RX1;CASQ2;ATP2B4;PRKCA;FGF2;CACNA1G
KEGG_2021_Human,Melanoma,5,0.02671106533631064,3.1373907997807935,11.36575464292192,0.15352681355749392,PDGFRA;FGF7;PDGFD;PIK3CD;FGF2
KEGG_2021_Human,Butanoate metabolism,3,0.027037722040705165,5.034064516129032,18.175602071349356,0.15352681355749392,ECHS1;OXCT1;HADH
KEGG_2021_Human,Aldosterone synthesis and secretion,6,0.027572162434815233,2.7442123094297006,9.854325412888128,0.15352681355749392,NPR1;CREB3L1;ATP2B4;PRKCA;ADCY6;CACNA1G
KEGG_2021_Human,Malaria,4,0.029250470736250707,3.651799100449775,12.897641753602883,0.15925256289736497,IL1B;SDC2;CD36;TNF
KEGG_2021_Human,Viral protein interaction with cytokine and cytokine receptor,6,0.03005174459369717,2.6855484940591325,9.4124031834598,0.1600582049012132,CSF1R;CCL20;CCL3L3;CCL4;CXCL3;TNF
KEGG_2021_Human,Melanogenesis,6,0.03134454973111539,2.657142857142857,9.200928107839106,0.1600982386867412,FZD3;KITLG;CREB3L1;KIT;PRKCA;ADCY6
KEGG_2021_Human,MicroRNAs in cancer,13,0.0314526773835344,1.8504088504088505,6.401065985281741,0.1600982386867412,PDGFRA;FZD3;TPM1;TNC;PIK3CD;PRKCA;MARCKS;MMP16;PLAU;FSCN1;CYP1B1;VIM;TP63
KEGG_2021_Human,Purine metabolism,7,0.032174319031580835,2.415810248568685,8.302141346385106,0.1600982386867412,PDE11A;PDE10A;NPR1;PDE3B;AK5;PDE7B;ADCY6
KEGG_2021_Human,Chagas disease,6,0.03267310993606963,2.6293290043290045,8.995467923922675,0.1600982386867412,C1QA;CCL3L3;IL1B;PIK3CD;TNF;C1QC
KEGG_2021_Human,Toll-like receptor signaling pathway,6,0.035438642073068086,2.5754041876490854,8.601727578307205,0.17024445701768,CCL3L3;IL1B;CCL4;SPP1;PIK3CD;TNF
KEGG_2021_Human,Hippo signaling pathway,8,0.03825273565203433,2.1741374474053297,7.095384962003381,0.1772805236571574,WWTR1;FZD3;FRMD6;RASSF6;BMP8A;SNAI2;ACTG1;BMP5
KEGG_2021_Human,"Parathyroid hormone synthesis, secretion and action",6,0.03835048062787487,2.5236363636363635,8.229548449792997,0.1772805236571574,MMP13;MMP16;CREB3L1;PRKCA;RUNX2;ADCY6
KEGG_2021_Human,Systemic lupus erythematosus,7,0.03965821151389567,2.3018573752711498,7.4291462797434,0.17993077446119332,C1QA;H2AC8;C7;TNF;H4C6;HLA-DPA1;C1QC
KEGG_2021_Human,Apelin signaling pathway,7,0.042385331935374644,2.2662105790088436,7.1633849504916025,0.1888073877121234,ACTA2;GNG4;PDE3B;SPP1;PLIN1;PPARGC1A;ADCY6
KEGG_2021_Human,Propanoate metabolism,3,0.04459733738268012,4.058480749219563,12.622204360841913,0.1951133510492255,ACSS2;ECHS1;ACACB
KEGG_2021_Human,Cytokine-cytokine receptor interaction,12,0.04575988926604409,1.7899386274874465,5.5207924655735034,0.19668724333650528,CSF1R;CCL20;IL1B;CCL3L3;EBI3;TNFRSF19;CCL4;BMP8A;CXCL17;CXCL3;TNF;BMP5
KEGG_2021_Human,Thiamine metabolism,2,0.04692047015534701,6.4440409376031695,19.714262398064516,0.19819853772517274,ALPL;AK5
KEGG_2021_Human,TNF signaling pathway,6,0.04798148682940496,2.3800539083557952,7.228080996236295,0.19924515717295277,CCL20;CREB3L1;IL1B;PIK3CD;CXCL3;TNF
KEGG_2021_Human,Insulin secretion,5,0.05124244073568697,2.593259205930192,7.705058480321464,0.20454219953995087,ADCYAP1R1;CREB3L1;PRKCA;KCNN4;ADCY6
KEGG_2021_Human,Tyrosine metabolism,3,0.05144284067060912,3.812121212121212,11.311646193348475,0.20454219953995087,MAOA;ADH1A;ADH6
KEGG_2021_Human,Viral myocarditis,4,0.05176169947541614,2.998152709359606,8.877844365531528,0.20454219953995087,DMD;ACTG1;HLA-DPA1;HLA-E
KEGG_2021_Human,Allograft rejection,3,0.058764180670299364,3.5939170506912443,10.185961581587437,0.22791018332792354,TNF;HLA-DPA1;HLA-E
KEGG_2021_Human,Phospholipase D signaling pathway,7,0.059535721359131044,2.088229411855202,5.891268520361876,0.22791018332792354,PDGFRA;KITLG;PDGFD;KIT;PIK3CD;PRKCA;ADCY6
KEGG_2021_Human,Fatty acid biosynthesis,2,0.06531825635027583,5.234978540772532,14.283553645570034,0.24619958162796274,ACSL1;ACACB
KEGG_2021_Human,Platelet activation,6,0.07136917822461859,2.136693814659916,5.640634883068221,0.2588102548537393,COL1A1;COL1A2;P2RX1;PIK3CD;ADCY6;ACTG1
KEGG_2021_Human,Acute myeloid leukemia,4,0.07183305032675213,2.6640667761357415,7.015581681738523,0.2588102548537393,CSF1R;KIT;PIK3CD;MPO
KEGG_2021_Human,Glycolysis / Gluconeogenesis,4,0.07183305032675213,2.6640667761357415,7.015581681738523,0.2588102548537393,ACSS2;ALDH2;ADH1A;ADH6
KEGG_2021_Human,Retinol metabolism,4,0.07498209279811723,2.6223060344827585,6.793099402476196,0.2589046952199291,ALDH1A3;ADH1A;DHRS3;ADH6
KEGG_2021_Human,Circadian entrainment,5,0.07742904730475002,2.2819044041694054,5.838008894631377,0.2589046952199291,ADCYAP1R1;GNG4;PRKCA;ADCY6;CACNA1G
KEGG_2021_Human,Prostate cancer,5,0.07742904730475002,2.2819044041694054,5.838008894631377,0.2589046952199291,PDGFRA;PLAU;CREB3L1;PDGFD;PIK3CD
KEGG_2021_Human,Osteoclast differentiation,6,0.07808224933664351,2.0833959429000752,5.3126440897394085,0.2589046952199291,CSF1R;IL1B;PIK3CD;ACP5;TNF;LILRB4
KEGG_2021_Human,Amphetamine addiction,4,0.07819978549499898,2.5818302387267904,6.5797643482382915,0.2589046952199291,MAOA;CREB3L1;PPP1R1B;PRKCA
KEGG_2021_Human,Renin secretion,4,0.07819978549499898,2.5818302387267904,6.5797643482382915,0.2589046952199291,ADCYAP1R1;NPR1;PDE3B;ADCY6
KEGG_2021_Human,Transcriptional misregulation in cancer,8,0.08256660118826765,1.828733459357278,4.561135601896625,0.2689297636286681,HOXA10;CSF1R;NR4A3;BCL11B;EYA1;PLAU;MPO;RUNX2
KEGG_2021_Human,Vasopressin-regulated water reabsorption,3,0.08342311035011744,3.0670338316286387,7.617990352129945,0.2689297636286681,CREB3L1;ADCY6;DYNC1I1
KEGG_2021_Human,Type II diabetes mellitus,3,0.09248074002184713,2.9240810202550636,6.961520135456815,0.2915957867338315,PIK3CD;TNF;CACNA1G
KEGG_2021_Human,Histidine metabolism,2,0.09283457700097493,4.1871244635193134,9.952527341076623,0.2915957867338315,ALDH2;MAOA
KEGG_2021_Human,Thermogenesis,9,0.09596055731753286,1.6977930185527126,3.979317893553127,0.2940338274193769,ACSL1;NPR1;CREB3L1;BMP8A;PLIN1;PPARGC1A;MGLL;ADCY6;ACTG1
KEGG_2021_Human,Other types of O-glycan biosynthesis,3,0.09715567353106822,2.8574780058651026,6.662040536978154,0.2940338274193769,GALNT13;ST6GAL2;GALNT16
KEGG_2021_Human,NF-kappa B signaling pathway,5,0.0972111837590593,2.119794052839409,4.9409633355978375,0.2940338274193769,PLAU;IL1B;CCL4;CXCL3;TNF
KEGG_2021_Human,Thyroid hormone synthesis,4,0.09890531233853232,2.3629188926663427,5.466831020705348,0.2955097746700051,CREB3L1;PRKCA;ASGR1;ADCY6
KEGG_2021_Human,Metabolism of xenobiotics by cytochrome P450,4,0.10258161801466228,2.3299808429118776,5.305591278258434,0.29665100184023757,ADH1A;AKR1C1;CYP1B1;ADH6
KEGG_2021_Human,Pertussis,4,0.10258161801466228,2.3299808429118776,5.305591278258434,0.29665100184023757,C1QA;IL1B;TNF;C1QC
KEGG_2021_Human,Insulin signaling pathway,6,0.10291973533232733,1.9233667096262517,4.373362501351666,0.29665100184023757,PDE3B;PIK3CD;SORBS1;ACACB;PPARGC1A;PTPRF
KEGG_2021_Human,Arrhythmogenic right ventricular cardiomyopathy,4,0.10631987085976734,2.297945205479452,5.150391664908756,0.3007160363686484,CDH2;ITGA8;DMD;ACTG1
KEGG_2021_Human,Cocaine addiction,3,0.10678487822070373,2.732959326788219,6.113463172801425,0.3007160363686484,MAOA;CREB3L1;PPP1R1B
KEGG_2021_Human,Cholesterol metabolism,3,0.11173388603700889,2.6746739876458476,5.861909800062403,0.3110772963530361,CD36;APOE;APOB
KEGG_2021_Human,Ovarian steroidogenesis,3,0.11676894363090959,2.618817204301075,5.624062197760932,0.32144259763565,LHCGR;CYP1B1;ADCY6
KEGG_2021_Human,Pathways in cancer,17,0.12040144089151052,1.394678492239468,2.9524280637816935,0.3277594779824453,ALK;CSF1R;PDGFRA;FZD3;LAMA4;IGF2;PIK3CD;PRKCA;FGF2;ADCY6;HEYL;FGF7;KITLG;COL4A2;GNG4;COL4A1;KIT
KEGG_2021_Human,Cholinergic synapse,5,0.1259955092524099,1.9422446204303656,4.023377237681649,0.33843667774314184,GNG4;CREB3L1;PIK3CD;PRKCA;ADCY6
KEGG_2021_Human,Endocrine and other factor-regulated calcium reabsorption,3,0.12708642592803693,2.5138064516129033,5.185700924174408,0.33843667774314184,ATP2B4;PRKCA;ADCY6
KEGG_2021_Human,Breast cancer,6,0.1313891188152846,1.786036658377084,3.6249256885183807,0.34613262483596474,HEYL;FGF7;FZD3;KIT;PIK3CD;FGF2
KEGG_2021_Human,Lipid and atherosclerosis,8,0.13301361093499314,1.6236084856122663,3.27531159718924,0.3466844114795034,IL1B;CCL3L3;PIK3CD;PRKCA;CD36;APOB;CXCL3;TNF
KEGG_2021_Human,Adrenergic signaling in cardiomyocytes,6,0.14059601583692594,1.7485569985569986,3.4304321410223384,0.3625897250531248,TPM4;CREB3L1;TPM1;ATP2B4;PRKCA;ADCY6
KEGG_2021_Human,Cardiac muscle contraction,4,0.1468794259461983,2.0200457000415457,3.8747370453073335,0.3705097547930958,TPM4;ASPH;TPM1;CASQ2
KEGG_2021_Human,Phagosome,6,0.146895946514133,1.724426258672834,3.307502658680796,0.3705097547930958,CD36;MPO;DYNC1I1;ACTG1;HLA-E;HLA-DPA1
KEGG_2021_Human,Legionellosis,3,0.14863475820242691,2.327120669056153,4.436104655330281,0.3705097547930958,IL1B;CXCL3;TNF
KEGG_2021_Human,AMPK signaling pathway,5,0.15077428121056866,1.8233636961217015,3.44975194107468,0.3705097547930958,CREB3L1;PIK3CD;CD36;ACACB;PPARGC1A
KEGG_2021_Human,Gap junction,4,0.1512284713441207,1.9958949096880132,3.770172694957408,0.3705097547930958,PDGFRA;PDGFD;PRKCA;ADCY6
KEGG_2021_Human,Thyroid hormone signaling pathway,5,0.15447135844186116,1.8075519475683324,3.3760489720083613,0.3726820850165868,DIO2;PIK3CD;PRKCA;SLC16A2;ACTG1
KEGG_2021_Human,beta-Alanine metabolism,2,0.1551574394762933,2.9895769466584916,5.570523386057107,0.3726820850165868,ECHS1;ALDH2
KEGG_2021_Human,Asthma,2,0.16342693195814473,2.8863400917566966,5.228285523365482,0.3881901154459233,TNF;HLA-DPA1
KEGG_2021_Human,Chemokine signaling pathway,7,0.16478274288316744,1.587958023099021,2.8632905937176827,0.3881901154459233,GNG4;CCL20;CCL3L3;CCL4;PIK3CD;CXCL3;ADCY6
KEGG_2021_Human,Small cell lung cancer,4,0.16909809781834734,1.9047805642633229,3.3853213002271763,0.39456222824281045,COL4A2;COL4A1;LAMA4;PIK3CD
KEGG_2021_Human,Riboflavin metabolism,1,0.17259261404620668,5.972774548791679,10.493097508978673,0.3976731528311669,ACP5
KEGG_2021_Human,Salivary secretion,4,0.17367766266504023,1.8832816737698566,3.2967866649162167,0.3976731528311669,ATP2B4;PRKCA;KCNN4;ADCY6
KEGG_2021_Human,Coronavirus disease,8,0.1784114595074107,1.4990683229813664,2.583888341945436,0.40472969980847795,C1QA;C7;IL1B;F13A1;PIK3CD;PRKCA;TNF;C1QC
KEGG_2021_Human,Lysine degradation,3,0.18291434577147028,2.093763440860215,3.55675403679195,0.41113774966981853,ECHS1;ALDH2;HADH
KEGG_2021_Human,Prion disease,9,0.19178532213264743,1.4310754604872251,2.3632474568392188,0.4170258449206851,C1QA;C7;CREB3L1;IL1B;PIK3CD;NCAM1;NCAM2;TNF;C1QC
KEGG_2021_Human,Wnt signaling pathway,6,0.1943281414133061,1.5724025974025975,2.575921096334338,0.4170258449206851,SFRP1;FZD3;WIF1;PRKCA;ROR2;LGR4
KEGG_2021_Human,Cortisol synthesis and secretion,3,0.19477678542037827,2.0260145681581685,3.314359392244354,0.4170258449206851,CREB3L1;ADCY6;CACNA1G
KEGG_2021_Human,Inflammatory bowel disease,3,0.19477678542037827,2.0260145681581685,3.314359392244354,0.4170258449206851,IL1B;TNF;HLA-DPA1
KEGG_2021_Human,Choline metabolism in cancer,4,0.1971853490569593,1.782648569332355,2.894328065919845,0.4170258449206851,PDGFRA;PDGFD;PIK3CD;PRKCA
KEGG_2021_Human,Inflammatory mediator regulation of TRP channels,4,0.1971853490569593,1.782648569332355,2.894328065919845,0.4170258449206851,IL1B;PIK3CD;PRKCA;ADCY6
KEGG_2021_Human,Dopaminergic synapse,5,0.1974489714726509,1.6500569718202072,2.676846339485432,0.4170258449206851,MAOA;GNG4;CREB3L1;PPP1R1B;PRKCA
KEGG_2021_Human,Vascular smooth muscle contraction,5,0.20154713440851116,1.6370815334773219,2.6221658907136365,0.4220431447015832,ACTA2;NPR1;PRKCA;PPP1R12B;ADCY6
KEGG_2021_Human,Mucin type O-glycan biosynthesis,2,0.2057614988843312,2.461247159808129,3.891324187695624,0.4246275563859287,GALNT13;GALNT16
KEGG_2021_Human,Progesterone-mediated oocyte maturation,4,0.20684920584653715,1.745330459770115,2.7502310452574257,0.4246275563859287,PDE3B;PIK3CD;ADCY6;CPEB4
KEGG_2021_Human,Synthesis and degradation of ketone bodies,1,0.2108782501195694,4.645015465143945,7.229847313947393,0.4246275563859287,OXCT1
KEGG_2021_Human,Fc epsilon RI signaling pathway,3,0.21290712390499475,1.9322084367245658,2.9889317745983024,0.4246275563859287,PIK3CD;PRKCA;TNF
KEGG_2021_Human,Aldosterone-regulated sodium reabsorption,2,0.21437387550931938,2.390803188228081,3.6819174955106284,0.4246275563859287,PIK3CD;PRKCA
KEGG_2021_Human,Influenza A,6,0.21623830404598754,1.5150993584728525,2.3201840982573314,0.4246275563859287,IL1B;PIK3CD;PRKCA;TNF;ACTG1;HLA-DPA1
KEGG_2021_Human,Longevity regulating pathway,4,0.21664671244180037,1.7095355383532724,2.6147129040827872,0.4246275563859287,CREB3L1;PIK3CD;PPARGC1A;ADCY6
KEGG_2021_Human,Pancreatic secretion,4,0.21664671244180037,1.7095355383532724,2.6147129040827872,0.4246275563859287,ATP2B4;PRKCA;SLC4A4;ADCY6
KEGG_2021_Human,Central carbon metabolism in cancer,3,0.2251889070619493,1.874337987481945,2.7942923903047308,0.43735371165556064,PDGFRA;KIT;PIK3CD
KEGG_2021_Human,Fluid shear stress and atherosclerosis,5,0.2267098831847192,1.5632958318558396,2.3200625291505226,0.43735371165556064,SDC2;IL1B;PIK3CD;TNF;ACTG1
KEGG_2021_Human,Non-small cell lung cancer,3,0.23760360242846276,1.8198223468910706,2.6153604699309034,0.4519560559471574,ALK;PIK3CD;PRKCA
KEGG_2021_Human,Apoptosis,5,0.23962521621522237,1.5288265989815706,2.1842027246251683,0.4519560559471574,PIK3CD;SEPTIN4;PTPN13;TNF;ACTG1
KEGG_2021_Human,"Glycine, serine and threonine metabolism",2,0.24038202377810255,2.2017167381974247,3.138604136599046,0.4519560559471574,MAOA;PHGDH
KEGG_2021_Human,Glucagon signaling pathway,4,0.2416581360370515,1.6261298962169402,2.309480434309669,0.4519560559471574,CREB3L1;PDE3B;ACACB;PPARGC1A
KEGG_2021_Human,Drug metabolism,4,0.24673901398351988,1.6104111405835544,2.2536482005330005,0.45796256383304823,MAOA;ADH1A;MPO;ADH6
KEGG_2021_Human,Human T-cell leukemia virus 1 infection,7,0.2539351370309143,1.3837842262513813,1.8967203962763293,0.46777525242536844,CREB3L1;PIK3CD;TNF;ADCY6;ETS2;HLA-E;HLA-DPA1
KEGG_2021_Human,Glioma,3,0.2564332215243595,1.7437275985663083,2.3730162085748687,0.4688517856228961,PDGFRA;PIK3CD;PRKCA
KEGG_2021_Human,Gastric acid secretion,3,0.26275589028293883,1.7197525408749448,2.2985006083364214,0.47633837781224514,PRKCA;ADCY6;ACTG1
KEGG_2021_Human,Fat digestion and absorption,2,0.2665243459122792,2.040301475976133,2.697869596547495,0.47633837781224514,CD36;APOB
KEGG_2021_Human,Porphyrin and chlorophyll metabolism,2,0.2665243459122792,2.040301475976133,2.697869596547495,0.47633837781224514,FECH;HEPH
KEGG_2021_Human,Leishmaniasis,3,0.2690978911064685,1.6964254577157802,2.226863868429864,0.47633837781224514,IL1B;TNF;HLA-DPA1
KEGG_2021_Human,Alcoholism,6,0.2702491204730697,1.3962481962481963,1.8268666061591352,0.47633837781224514,H2AC8;MAOA;GNG4;CREB3L1;PPP1R1B;H4C6
KEGG_2021_Human,Antigen processing and presentation,3,0.27545704335277055,1.6737204301075268,2.1579672253023072,0.48204982586734846,TNF;HLA-DPA1;HLA-E
KEGG_2021_Human,Leukocyte transendothelial migration,4,0.2776696295084099,1.5221003134796238,1.9503025281679445,0.48247559737276896,CLDN11;PIK3CD;PRKCA;ACTG1
KEGG_2021_Human,Neutrophil extracellular trap formation,6,0.28224426209160003,1.3731459797033567,1.7370055042738215,0.48697073389043666,H2AC8;PIK3CD;PRKCA;MPO;H4C6;ACTG1
KEGG_2021_Human,Oxytocin signaling pathway,5,0.29302099485286953,1.4048298954875555,1.7244441747674086,0.5020289771954758,NPR1;PRKCA;PPP1R12B;ADCY6;ACTG1
KEGG_2021_Human,Cushing syndrome,5,0.29756899639015055,1.3953923686105112,1.6913678721311753,0.5062805841360201,FZD3;PDE11A;CREB3L1;ADCY6;CACNA1G
KEGG_2021_Human,"Growth hormone synthesis, secretion and action",4,0.3038950331176034,1.4555472263868066,1.7336628894943675,0.5099608432452934,CREB3L1;PIK3CD;PRKCA;ADCY6
KEGG_2021_Human,Sphingolipid signaling pathway,4,0.3038950331176034,1.4555472263868066,1.7336628894943675,0.5099608432452934,PIK3CD;PRKCA;S1PR3;TNF
KEGG_2021_Human,Arginine and proline metabolism,2,0.32729079506850034,1.742131616595136,1.9457976416065605,0.5378333410878979,ALDH2;MAOA
KEGG_2021_Human,Vibrio cholerae infection,2,0.32729079506850034,1.742131616595136,1.9457976416065605,0.5378333410878979,PRKCA;ACTG1
KEGG_2021_Human,Chemical carcinogenesis,7,0.32737562960697686,1.263183484179819,1.410530114954631,0.5378333410878979,FGF7;CREB3L1;CYP1B1;PIK3CD;PRKCA;FGF2;ADCY6
KEGG_2021_Human,Nitrogen metabolism,1,0.33148095716029624,2.6118843683083512,2.884003320437652,0.5378333410878979,CA3
KEGG_2021_Human,Phenylalanine metabolism,1,0.33148095716029624,2.6118843683083512,2.884003320437652,0.5378333410878979,MAOA
KEGG_2021_Human,GABAergic synapse,3,0.34595703497323416,1.458814703675919,1.5484452827530635,0.5576281155818578,GNG4;PRKCA;ADCY6
KEGG_2021_Human,cGMP-PKG signaling pathway,5,0.3528349465840167,1.2912300349305388,1.3451452221291487,0.5615386766093395,NPR1;CREB3L1;PDE3B;ATP2B4;ADCY6
KEGG_2021_Human,Autoimmune thyroid disease,2,0.352967168154442,1.6394008247075655,1.7072396151676004,0.5615386766093395,HLA-DPA1;HLA-E
KEGG_2021_Human,Hepatocellular carcinoma,5,0.35747600273522273,1.2832421259060012,1.3200545496416072,0.5650427140008359,FZD3;IGF2;PIK3CD;PRKCA;ACTG1
KEGG_2021_Human,Natural killer cell mediated cytotoxicity,4,0.3676106528102244,1.3172006516426826,1.3181634062010625,0.5773372431955448,PIK3CD;PRKCA;TNF;HLA-E
KEGG_2021_Human,Human immunodeficiency virus 1 infection,6,0.37700899971604346,1.2183835581893834,1.1885163715582023,0.5851493795492831,GNG4;PIK3CD;PRKCA;TNF;APOBEC3A;HLA-E
KEGG_2021_Human,One carbon pool by folate,1,0.3773616406889254,2.1991434689507496,2.1431781094152442,0.5851493795492831,ALDH1L1
KEGG_2021_Human,Staphylococcus aureus infection,3,0.3842735048852354,1.3632538569424966,1.3038169807111266,0.5921195515527212,C1QA;HLA-DPA1;C1QC
KEGG_2021_Human,Pantothenate and CoA biosynthesis,1,0.3919459367724691,2.0890792291220555,1.9566971301741825,0.6001672156828433,ALDH2
KEGG_2021_Human,Fc gamma R-mediated phagocytosis,3,0.39694151647576964,1.334111187371311,1.2326738080147779,0.6040414381153016,MARCKS;PIK3CD;PRKCA
KEGG_2021_Human,Yersinia infection,4,0.39944638940165217,1.2573891625615763,1.153875501326027,0.6041010210086715,IL1B;PIK3CD;TNF;ACTG1
KEGG_2021_Human,VEGF signaling pathway,2,0.40319600619920054,1.4663805436337625,1.3319610575426377,0.606030806863829,PIK3CD;PRKCA
KEGG_2021_Human,Glycerolipid metabolism,2,0.41953230848436046,1.4165272423074124,1.2304164414174674,0.6163140433708455,ALDH2;MGLL
KEGG_2021_Human,Steroid hormone biosynthesis,2,0.41953230848436046,1.4165272423074124,1.2304164414174674,0.6163140433708455,AKR1C1;CYP1B1
KEGG_2021_Human,Proximal tubule bicarbonate reclamation,1,0.42009977650176,1.8989682694179482,1.6469049805623424,0.6163140433708455,SLC4A4
KEGG_2021_Human,Renin-angiotensin system,1,0.42009977650176,1.8989682694179482,1.6469049805623424,0.6163140433708455,ENPEP
KEGG_2021_Human,Signaling pathways regulating pluripotency of stem cells,4,0.430999103446189,1.2027412552716448,1.0122862983578338,0.627830856640999,FZD3;DLX5;PIK3CD;FGF2
KEGG_2021_Human,Vitamin digestion and absorption,1,0.4336850384837421,1.8163113304161624,1.5174131915007172,0.627830856640999,APOB
KEGG_2021_Human,Cytosolic DNA-sensing pathway,2,0.43563773726110133,1.3699430099204952,1.138346279038175,0.627830856640999,IL1B;CCL4
KEGG_2021_Human,C-type lectin receptor signaling pathway,3,0.440655287763755,1.2412008942829766,1.0171546619940766,0.6313482193106432,IL1B;PIK3CD;TNF
KEGG_2021_Human,Retrograde endocannabinoid signaling,4,0.456950214483285,1.1606800766283525,0.9090223902861418,0.6506498679873786,GNG4;PRKCA;MGLL;ADCY6
KEGG_2021_Human,Folate biosynthesis,1,0.45991018028046393,1.6708351177730192,1.297777851011729,0.6506498679873786,ALPL
KEGG_2021_Human,Gastric cancer,4,0.46209419195838314,1.152615933412604,0.8898039748383548,0.6506498679873786,FGF7;FZD3;PIK3CD;FGF2
KEGG_2021_Human,Biosynthesis of unsaturated fatty acids,1,0.4725647061236109,1.6064898698731676,1.2041936361313998,0.6578549752090228,HACD2
KEGG_2021_Human,Kaposi sarcoma-associated herpesvirus infection,5,0.47258153321137963,1.1111621708561188,0.8328660381021391,0.6578549752090228,GNG4;PIK3CD;CXCL3;FGF2;HLA-E
KEGG_2021_Human,mTOR signaling pathway,4,0.48754620127203596,1.1139080459770114,0.8001983693790935,0.6639406242034718,FZD3;PIK3CD;PRKCA;TNF
KEGG_2021_Human,Toxoplasmosis,3,0.48903859613710254,1.1496300680674756,0.8223463260636363,0.6639406242034718,LAMA4;TNF;HLA-DPA1
KEGG_2021_Human,Epithelial cell signaling in Helicobacter pylori infection,2,0.4900075427755775,1.2284776571572835,0.8763154886666863,0.6639406242034718,PTPRZ1;CXCL3
KEGG_2021_Human,Prolactin signaling pathway,2,0.4900075427755775,1.2284776571572835,0.8763154886666863,0.6639406242034718,LHCGR;PIK3CD
KEGG_2021_Human,Pathogenic Escherichia coli infection,5,0.4905030733911363,1.087787976961843,0.7748571937273452,0.6639406242034718,CLDN11;MYO1E;IL1B;TNF;ACTG1
KEGG_2021_Human,Serotonergic synapse,3,0.49494507399867166,1.1391202346041056,0.8011529255084175,0.6662722149982119,MAOA;GNG4;PRKCA
KEGG_2021_Human,Glutamatergic synapse,3,0.5008173805680098,1.128799767509445,0.7805805649608647,0.6704932144216524,GNG4;PRKCA;ADCY6
KEGG_2021_Human,Ascorbate and aldarate metabolism,1,0.5087804408354519,1.4400797459942405,0.9731176290622954,0.6737903135388418,ALDH2
KEGG_2021_Human,Glyoxylate and dicarboxylate metabolism,1,0.5087804408354519,1.4400797459942405,0.9731176290622954,0.6737903135388418,ACSS2
KEGG_2021_Human,Epstein-Barr virus infection,5,0.5125870366421241,1.0599050553113112,0.7083183899939147,0.6751818493404322,PIK3CD;VIM;TNF;HLA-E;HLA-DPA1
KEGG_2021_Human,Diabetic cardiomyopathy,5,0.5169572949323811,1.0544974583851474,0.6957521606400141,0.6772969906868094,COL1A1;COL1A2;PIK3CD;PRKCA;CD36
KEGG_2021_Human,Hepatitis B,4,0.5271978549908614,1.0570711479703185,0.6767151357221106,0.6851406179552632,CREB3L1;PIK3CD;PRKCA;TNF
KEGG_2021_Human,Salmonella infection,6,0.5285370481369173,1.0308909197798086,0.6573397350583132,0.6851406179552632,IL1B;RHOJ;PIK3CD;TNF;DYNC1I1;ACTG1
KEGG_2021_Human,Pancreatic cancer,2,0.5339106535062144,1.1285233731585662,0.7081786267223256,0.688463737415908,PIK3CD;ARHGEF6
KEGG_2021_Human,Bacterial invasion of epithelial cells,2,0.5409723231554158,1.1134191702432046,0.6840704420310161,0.6939173778695124,PIK3CD;ACTG1
KEGG_2021_Human,B cell receptor signaling pathway,2,0.5684710991337938,1.05682620742109,0.5969005190920279,0.7253928087905182,PIK3CD;LILRB4
KEGG_2021_Human,ErbB signaling pathway,2,0.5947605682637345,1.005687988003516,0.522551818569429,0.7550069389876423,PIK3CD;PRKCA
KEGG_2021_Human,PD-L1 expression and PD-1 checkpoint pathway in cancer,2,0.6198343040408759,0.9592521335898574,0.45881325786617316,0.7784198501716808,ALK;PIK3CD
KEGG_2021_Human,Ferroptosis,1,0.6215929474623557,1.0434689507494648,0.49613800021378585,0.7784198501716808,ACSL1
KEGG_2021_Human,Estrogen signaling pathway,3,0.6251339259915328,0.9339431872893597,0.43875658214618435,0.7784198501716808,CREB3L1;PIK3CD;ADCY6
KEGG_2021_Human,Bile secretion,2,0.6259131040155964,0.9483027701911823,0.44432131616064685,0.7784198501716808,SLC4A4;ADCY6
KEGG_2021_Human,Measles,3,0.6348853313561104,0.9201138519924099,0.4180177309811352,0.785590435263874,IL1B;PIK3CD;CD46
KEGG_2021_Human,GnRH signaling pathway,2,0.643696894401787,0.9168985520916851,0.4039188660277018,0.7924911513991849,PRKCA;ADCY6
KEGG_2021_Human,Spinocerebellar ataxia,3,0.6538542304202716,0.8936405529953917,0.3796818138694987,0.8009714322648327,TRPC3;PIK3CD;PRKCA
KEGG_2021_Human,Phosphatidylinositol signaling system,2,0.6663620112983455,0.8781115879828326,0.3564449837838931,0.812232302328829,PIK3CD;PRKCA
KEGG_2021_Human,Carbohydrate digestion and absorption,1,0.6718112609919624,0.907085001396518,0.36081831212294546,0.8148205888268851,PIK3CD
KEGG_2021_Human,Intestinal immune network for IgA production,1,0.6795089352193653,0.8877397603535468,0.3430092347839866,0.8200969907819926,HLA-DPA1
KEGG_2021_Human,Cysteine and methionine metabolism,1,0.6943679720033368,0.8514180832932745,0.3105575044475373,0.8298544055649635,PHGDH
KEGG_2021_Human,N-Glycan biosynthesis,1,0.6943679720033368,0.8514180832932745,0.3105575044475373,0.8298544055649635,ST6GAL2
KEGG_2021_Human,Viral carcinogenesis,4,0.7027180793072928,0.8375064980072777,0.2954718676893878,0.8321417849426168,CREB3L1;PIK3CD;H4C6;HLA-E
KEGG_2021_Human,T cell receptor signaling pathway,2,0.7032113589566562,0.8175544896070016,0.28785912041420547,0.8321417849426168,PIK3CD;TNF
KEGG_2021_Human,Non-alcoholic fatty liver disease,3,0.7064713929308747,0.8225806451612904,0.28582420992527335,0.8321417849426168,IL1B;PIK3CD;TNF
KEGG_2021_Human,Hepatitis C,3,0.71461876072317,0.8118139924591538,0.27277443751983954,0.837595013803686,CLDN11;PIK3CD;TNF
KEGG_2021_Human,Th17 cell differentiation,2,0.7179385832603022,0.7940731657469855,0.26313301929361704,0.837595013803686,IL1B;HLA-DPA1
KEGG_2021_Human,Necroptosis,3,0.7225905695224047,0.8013234077750206,0.26036000063266374,0.8390269646113231,H2AC8;IL1B;TNF
KEGG_2021_Human,HIF-1 signaling pathway,2,0.7274119303273545,0.779150455256508,0.24797425117997293,0.8406411458971785,PIK3CD;PRKCA
KEGG_2021_Human,JAK-STAT signaling pathway,3,0.7342218055348876,0.786082369649016,0.2428555170086768,0.8445274289016312,PDGFRA;FHL1;PIK3CD
KEGG_2021_Human,Endometrial cancer,1,0.7472391809384329,0.7316202712348323,0.21317216655019758,0.8554841090182993,PIK3CD
KEGG_2021_Human,Notch signaling pathway,1,0.7531709516215823,0.7189692091855571,0.2038012045777524,0.8582645727780822,HEYL
KEGG_2021_Human,Long-term depression,1,0.7589638054673071,0.7067469966972744,0.19492166261550103,0.8608617237939363,PRKCA
KEGG_2021_Human,Arachidonic acid metabolism,1,0.7646209888251114,0.6949321912919343,0.18650243196002164,0.8632817615767387,PTGDS
KEGG_2021_Human,Basal cell carcinoma,1,0.7755409535915495,0.6724459487462872,0.1709320539763603,0.87159419096298,FZD3
KEGG_2021_Human,Long-term potentiation,1,0.7958874936813221,0.6315618713905652,0.144183960160112,0.8833545948284504,PRKCA
KEGG_2021_Human,Tuberculosis,3,0.7960788698424226,0.7054856934572626,0.16089096160753355,0.8833545948284504,IL1B;TNF;HLA-DPA1
KEGG_2021_Human,NOD-like receptor signaling pathway,3,0.7991337678934609,0.7014860456687205,0.15729206111698732,0.8833545948284504,IL1B;CXCL3;TNF
KEGG_2021_Human,Renal cell carcinoma,1,0.8053597121603031,0.6129235420078095,0.13267726310602765,0.8833545948284504,PIK3CD
KEGG_2021_Human,Oocyte meiosis,2,0.8080770255919227,0.6557737149809063,0.13974399911235488,0.8833545948284504,ADCY6;CPEB4
KEGG_2021_Human,RIG-I-like receptor signaling pathway,1,0.8099300249710907,0.60400955838997,0.1273296990586368,0.8833545948284504,TNF
KEGG_2021_Human,Neuroactive ligand-receptor interaction,6,0.8124656289859948,0.7442139949602636,0.15455960416425785,0.8833545948284504,P2RY8;UTS2B;ADCYAP1R1;LHCGR;P2RX1;S1PR3
KEGG_2021_Human,FoxO signaling pathway,2,0.8148495446172644,0.6455401403999068,0.13217549966072323,0.8833545948284504,PIK3CD;SGK2
KEGG_2021_Human,Inositol phosphate metabolism,1,0.8230083703515549,0.5787532714727576,0.11273471764758554,0.8882689459741452,PIK3CD
KEGG_2021_Human,Shigellosis,4,0.8306663370100882,0.6871615844970077,0.12748708542141055,0.8896574222267436,IL1B;PIK3CD;TNF;ACTG1
KEGG_2021_Human,Autophagy,2,0.8339029454430074,0.6166587188046415,0.11200881408637078,0.8896574222267436,SH3GLB1;PIK3CD
KEGG_2021_Human,Chronic myeloid leukemia,1,0.8351886004577592,0.5555174875089222,0.10004742782311997,0.8896574222267436,PIK3CD
KEGG_2021_Human,Endocytosis,4,0.8442604083514642,0.6703281423804227,0.11348272778550267,0.8954277058273105,EHD1;SH3GLB1;PDGFRA;HLA-E
KEGG_2021_Human,Peroxisome,1,0.8570967136854516,0.5142094271287705,0.0792934154782257,0.9051236847109295,ACSL1
KEGG_2021_Human,Colorectal cancer,1,0.8700623192349569,0.48991056808162237,0.06819086684329252,0.9109626846690788,PIK3CD
KEGG_2021_Human,Taste transduction,1,0.8700623192349569,0.48991056808162237,0.06819086684329252,0.9109626846690788,ADCY6
KEGG_2021_Human,Cellular senescence,2,0.8831022480845576,0.5400479348977203,0.06713567496458858,0.9206810671519856,PIK3CD;HLA-E
KEGG_2021_Human,Th1 and Th2 cell differentiation,1,0.887342830569497,0.45746758594724335,0.054678294273443395,0.9211821758030795,HLA-DPA1
KEGG_2021_Human,Tight junction,2,0.908598508332315,0.49767417953791987,0.04770304922252117,0.939268500174756,CLDN11;ACTG1
KEGG_2021_Human,Huntington disease,4,0.9300282227925017,0.5489266955926011,0.03981933254032533,0.954026949423998,DNAH3;CREB3L1;DNAH6;PPARGC1A
KEGG_2021_Human,Pathways of neurodegeneration,7,0.9306630241319818,0.6185364406622541,0.04444680248508628,0.954026949423998,DNAH3;FZD3;TRPC3;IL1B;DNAH6;PRKCA;TNF
KEGG_2021_Human,Alzheimer disease,5,0.9353527733441503,0.5686753850900719,0.03800544216805929,0.9548392894554868,FZD3;IL1B;PIK3CD;APOE;TNF
KEGG_2021_Human,Neurotrophin signaling pathway,1,0.9407573904625935,0.352302834537074,0.021515131855100466,0.9563716210096905,PIK3CD
KEGG_2021_Human,Lysosome,1,0.9521910938214019,0.3271847443052488,0.016028628656051622,0.9639951156456342,ACP5
KEGG_2021_Human,Amyotrophic lateral sclerosis,4,0.972576924402005,0.4590996168582375,0.012765773058809254,0.9805816727509927,DNAH3;DNAH6;TNF;ACTG1
KEGG_2021_Human,Herpes simplex virus 1 infection,5,0.9915164656884149,0.41704817772793185,0.003553135499717658,0.9955800577609083,IL1B;PIK3CD;TNF;HLA-DPA1;HLA-E
KEGG_2021_Human,Parkinson disease,1,0.9973472626473023,0.16650549146922705,0.0004422822256467321,0.9973472626473023,MAOA
Reactome_2022,Extracellular Matrix Organization R-HSA-1474244,34,1.1793497850534288e-14,5.875576036866359,188.43693897365188,8.52669894593629e-12,SPARC;PTPRS;COL13A1;SDC2;COL11A1;LAMA4;LRP4;LTBP1;SCUBE3;SCUBE1;SH3PXD2A;IBSP;BSG;DMD;NCAM1;COL28A1;COL22A1;P3H2;BGN;PRKCA;COL1A1;MFAP4;COL1A2;MMP13;MMP16;COL4A2;COL5A1;COL4A1;PXDN;MFAP2;ITGA8;COL8A1;COL9A2;FMOD
Reactome_2022,Collagen Formation R-HSA-1474290,15,2.536940075147466e-09,8.59028697571744,170.02159856170633,9.17103837165809e-07,COL28A1;COL13A1;COL11A1;LAMA4;COL22A1;P3H2;COL1A1;MMP13;COL1A2;COL4A2;COL5A1;COL4A1;PXDN;COL8A1;COL9A2
Reactome_2022,Collagen Chain Trimerization R-HSA-8948216,11,3.9156802804060144e-09,14.222465353756382,275.322420528136,9.436789475778495e-07,COL28A1;COL1A1;COL1A2;COL13A1;COL4A2;COL5A1;COL4A1;COL11A1;COL22A1;COL8A1;COL9A2
Reactome_2022,Collagen Biosynthesis And Modifying Enzymes R-HSA-1650814,12,4.375007855782729e-08,9.31913875598086,157.91068545005433,7.907826699327283e-06,COL28A1;COL1A1;COL1A2;COL4A2;COL13A1;COL5A1;COL4A1;COL11A1;COL22A1;P3H2;COL8A1;COL9A2
Reactome_2022,Assembly Of Collagen Fibrils And Other Multimeric Structures R-HSA-2022090,11,7.162102704560008e-08,10.19627057368471,167.74779068566443,1.035640051079377e-05,COL1A1;MMP13;COL1A2;COL4A2;COL5A1;COL4A1;COL11A1;LAMA4;PXDN;COL8A1;COL9A2
Reactome_2022,Binding And Uptake Of Ligands By Scavenger Receptors R-HSA-2173782,9,3.508862477850209e-07,11.948529411764707,177.58864770503354,4.228179285809502e-05,COL1A1;CD163;SPARC;COL1A2;COL4A2;COL4A1;APOE;CD36;APOB
Reactome_2022,ECM Proteoglycans R-HSA-3000178,10,5.094167830288458e-07,9.455118874332848,137.00466613792182,5.261547630426507e-05,PTPRS;SPARC;IBSP;LAMA4;BGN;ITGA8;LRP4;NCAM1;COL9A2;FMOD
Reactome_2022,Scavenging By Class A Receptors R-HSA-3000480,6,3.3297642600348895e-06,19.4995004995005,245.9395764560531,0.0003009274450006531,COL1A1;COL1A2;COL4A2;COL4A1;APOE;APOB
Reactome_2022,Smooth Muscle Contraction R-HSA-445355,7,5.708922251469249e-05,8.223186309954206,80.34789169949347,0.004462221744034021,ACTA2;ALDH2;TPM4;TPM1;PXDN;SORBS1;CACNA1G
Reactome_2022,Muscle Contraction R-HSA-397014,15,6.171814307100998e-05,3.5401192784749917,34.314137623332854,0.004462221744034021,WWTR1;TPM4;NPR1;TPM1;ATP2B4;PRKCA;KCNK17;SORBS1;CACNA1G;ACTA2;ALDH2;ASPH;PXDN;DMD;VIM
Reactome_2022,Ethanol Oxidation R-HSA-71384,4,8.571790948498322e-05,24.045566502463053,225.17347578712327,0.005634004414331171,ACSS2;ALDH2;ADH1A;ADH6
Reactome_2022,Beta Oxidation Of lauroyl-CoA To decanoyl-CoA-CoA R-HSA-77310,3,0.000122923128240505,63.0,567.2489364122949,0.007406118476490427,ECHS1;ACADL;HADH
Reactome_2022,RUNX2 Regulates Osteoblast Differentiation R-HSA-8940973,5,0.00020202069185078298,11.090712742980562,94.35025078335548,0.01123545847754739,COL1A1;WWTR1;SATB2;SP7;RUNX2
Reactome_2022,Hemostasis R-HSA-109582,28,0.00023520263781986252,2.2045122760451226,18.41883923012328,0.011774089712355076,SPARC;SDC2;F13A1;CLU;DOCK11;PDE11A;GRB14;GNG4;PLAU;TMSB4X;BSG;CD36;APOB;SERPINB2;TRPC3;PCDH7;RARRES2;ANXA5;IGF2;ATP2B4;PRKCA;F3;EHD1;PDE10A;P2RX1;KIF26B;GAS6;MGLL
Reactome_2022,Response To Elevated Platelet Cytosolic Ca2+ R-HSA-76005,11,0.0002442757201733418,3.9266498722027103,32.65878324546188,0.011774089712355076,SPARC;RARRES2;TMSB4X;PCDH7;ANXA5;IGF2;F13A1;PRKCA;CD36;GAS6;CLU
Reactome_2022,NCAM Signaling For Neurite Out-Growth R-HSA-375165,7,0.0003534590583205764,5.91644251626898,47.02236398644292,0.015971931197861045,COL4A2;COL4A1;NCAM1;COL9A2;SPTB;SPTBN1;CACNA1G
Reactome_2022,Transcriptional Regulation By RUNX2 R-HSA-8878166,10,0.0004897314890303747,3.8906694443331595,29.653333604269253,0.020827992151115346,COL1A1;WWTR1;MMP13;DLX5;DLX6;SATB2;ITGBL1;SP7;PPARGC1A;RUNX2
Reactome_2022,Regulation Of IGF Transport And Uptake By IGFBPs R-HSA-381426,10,0.0006357616287304251,3.7521737450245394,27.618575990714472,0.024832033733197475,CDH2;IGFBP4;SDC2;IGFBP2;IGF2;MEPE;APOE;APOB;GAS6;LTBP1
Reactome_2022,RUNX2 Regulates Genes Involved In Cell Migration R-HSA-8941332,3,0.0006531062975509311,25.196129032258064,184.78263180580933,0.024832033733197475,MMP13;ITGBL1;RUNX2
Reactome_2022,RUNX2 Regulates Bone Development R-HSA-8941326,5,0.0007057848150586512,8.101844160159494,58.78860290311209,0.024832033733197475,COL1A1;WWTR1;SATB2;SP7;RUNX2
Reactome_2022,Platelet Degranulation R-HSA-114608,10,0.000721262390590798,3.6865388266565406,26.67029301522254,0.024832033733197475,SPARC;RARRES2;TMSB4X;PCDH7;ANXA5;IGF2;F13A1;CD36;GAS6;CLU
Reactome_2022,Integrin Cell Surface Interactions R-HSA-216083,7,0.0008694329365240076,5.011618074193904,35.320227125104076,0.027750083322782594,IBSP;COL4A2;COL13A1;COL4A1;BSG;ITGA8;COL9A2
Reactome_2022,Cell Junction Organization R-HSA-446728,8,0.0009110133462825401,4.337569676700111,30.3671214870678,0.027750083322782594,CLDN11;CDH2;FBLIM1;LAMA4;CDH11;PXDN;CDH15;ARHGEF6
Reactome_2022,Interleukin-4 And Interleukin-13 Signaling R-HSA-6785807,9,0.000921164591627638,3.8883553421368546,27.179105463186584,0.027750083322782594,COL1A2;MAOA;IL1B;FSCN1;LCN2;F13A1;CD36;VIM;TNF
Reactome_2022,Receptor-type Tyrosine-Protein Phosphatases R-HSA-388844,4,0.0010647319132022226,10.515086206896552,71.9761040526444,0.03079204692980828,PTPRD;PTPRS;PTPRF;PPFIA2
Reactome_2022,RA Biosynthesis Pathway R-HSA-5365859,4,0.0015491573220056387,9.345785440613026,60.4676445023484,0.04167262754780359,ALDH1A3;ADH1A;CRABP1;DHRS3
Reactome_2022,Triglyceride Metabolism R-HSA-8979227,5,0.0016138776920311209,6.580723542116631,42.30823166935123,0.04167262754780359,FABP4;AGMO;PRKCA;PLIN1;MGLL
Reactome_2022,NCAM1 Interactions R-HSA-419037,5,0.0016138776920311209,6.580723542116631,42.30823166935123,0.04167262754780359,COL4A2;COL4A1;NCAM1;COL9A2;CACNA1G
Reactome_2022,Mitochondrial Fatty Acid Beta-Oxidation Of Saturated Fatty Acids R-HSA-77286,3,0.0018260810060456145,15.745161290322581,99.28242349369171,0.044367401276835354,ECHS1;ACADL;HADH
Reactome_2022,Triglyceride Catabolism R-HSA-163560,4,0.0018409710073375664,8.85344827586207,55.75425519446463,0.044367401276835354,FABP4;PRKCA;PLIN1;MGLL
Reactome_2022,Cell-Cell Communication R-HSA-1500931,9,0.002060136402652944,3.4306659600777247,21.21861092819492,0.048047697390905766,CLDN11;CDH2;FBLIM1;LAMA4;CDH11;PXDN;CDH15;SPTBN1;ARHGEF6
Reactome_2022,"Platelet Activation, Signaling And Aggregation R-HSA-76002",14,0.0027604542842982168,2.4787812041116006,14.605871258090648,0.06236901398586284,SPARC;TRPC3;RARRES2;PCDH7;ANXA5;IGF2;F13A1;PRKCA;CLU;GNG4;TMSB4X;CD36;GAS6;MGLL
Reactome_2022,Platelet Homeostasis R-HSA-418346,7,0.003303046100487749,3.8872017353579174,22.207234348203624,0.07075384625085708,PDE11A;PDE10A;TRPC3;GNG4;P2RX1;ATP2B4;APOB
Reactome_2022,Signaling By Receptor Tyrosine Kinases R-HSA-9006934,22,0.0033272901418107065,1.983292652929935,11.3158687644028,0.07075384625085708,ALK;PDGFRA;ADCYAP1R1;SPARC;PTPRS;BCL11B;LAMA4;PDE3B;IGF2;PRKCA;F3;FGF7;KITLG;COL4A2;PTPRZ1;COL4A1;PDGFD;PXDN;KIT;COL9A2;APOE;TNS3
Reactome_2022,Post-translational Protein Phosphorylation R-HSA-8957275,8,0.0034578869192138906,3.448802129547471,19.5446982486999,0.07143006407404695,CDH2;IGFBP4;SDC2;MEPE;APOE;APOB;GAS6;LTBP1
Reactome_2022,Molecules Associated With Elastic Fibres R-HSA-2129379,4,0.0038821107117140556,7.007183908045977,38.899514504460996,0.07587081392299437,MFAP4;MFAP2;ITGA8;LTBP1
Reactome_2022,Regulation Of Complement Cascade R-HSA-977606,5,0.0038827387484796565,5.262419006479481,29.212816753524848,0.07587081392299437,C1QA;AKR1C1;CD46;CLU;C1QC
Reactome_2022,Degradation Of Extracellular Matrix R-HSA-1474228,8,0.0041009580134136366,3.34584588893672,18.390557931554937,0.07802612220258051,SCUBE3;SCUBE1;MMP13;COL13A1;MMP16;LAMA4;BSG;COL9A2
Reactome_2022,Beta Oxidation Of butanoyl-CoA To acetyl-CoA R-HSA-77352,2,0.005213858500246738,27.938483547925607,146.85682562537212,0.08930003398734662,ECHS1;HADH
Reactome_2022,Beta Oxidation Of hexanoyl-CoA To butanoyl-CoA R-HSA-77350,2,0.005213858500246738,27.938483547925607,146.85682562537212,0.08930003398734662,ECHS1;HADH
Reactome_2022,Beta Oxidation Of octanoyl-CoA To hexanoyl-CoA R-HSA-77348,2,0.005213858500246738,27.938483547925607,146.85682562537212,0.08930003398734662,ECHS1;HADH
Reactome_2022,Chylomicron Clearance R-HSA-8964026,2,0.005213858500246738,27.938483547925607,146.85682562537212,0.08930003398734662,APOE;APOB
Reactome_2022,Netrin-1 Signaling R-HSA-373752,5,0.005616104029212143,4.783035538975064,24.786250202430296,0.08930003398734662,ABLIM1;TRPC3;UNC5B;UNC5C;SLIT3
Reactome_2022,Plasma Lipoprotein Assembly R-HSA-8963898,3,0.005681606588406563,9.686848635235732,50.08605658007049,0.08930003398734662,PRKCA;APOE;APOB
Reactome_2022,Cell-extracellular Matrix Interactions R-HSA-446353,3,0.005681606588406563,9.686848635235732,50.08605658007049,0.08930003398734662,FBLIM1;PXDN;ARHGEF6
Reactome_2022,Regulation Of KIT Signaling R-HSA-1433559,3,0.005681606588406563,9.686848635235732,50.08605658007049,0.08930003398734662,KITLG;KIT;PRKCA
Reactome_2022,Striated Muscle Contraction R-HSA-390522,4,0.007078385733703696,5.79756242568371,28.702046803644087,0.10888665713761218,TPM4;TPM1;DMD;VIM
Reactome_2022,Signaling By PDGF R-HSA-186797,5,0.007230780443539622,4.477046091631818,22.069188179119365,0.10891363043081555,PDGFRA;COL4A2;COL4A1;PDGFD;COL9A2
Reactome_2022,Beta Oxidation Of decanoyl-CoA To octanoyl-CoA-CoA R-HSA-77346,2,0.0077000139974579065,20.952789699570815,101.96744528649882,0.10915902196396209,ECHS1;HADH
Reactome_2022,Classical Antibody-Mediated Complement Activation R-HSA-173623,2,0.0077000139974579065,20.952789699570815,101.96744528649882,0.10915902196396209,C1QA;C1QC
Reactome_2022,Scavenging By Class B Receptors R-HSA-3000471,2,0.0077000139974579065,20.952789699570815,101.96744528649882,0.10915902196396209,CD36;APOB
Reactome_2022,Complement Cascade R-HSA-166658,5,0.009143944802371724,4.207775377969762,19.754089016064523,0.1271360017714376,C1QA;AKR1C1;CD46;CLU;C1QC
Reactome_2022,Nervous System Development R-HSA-9675108,22,0.009710576807568405,1.792855979216147,8.30906202378485,0.13246692512965957,WWTR1;EPHA7;TRPC3;UNC5B;SEMA3A;SDC2;PRKCA;UNC5C;SPTB;ACTG1;CACNA1G;ENAH;ABLIM1;COL4A2;COL4A1;DOK6;CNTN1;SLIT3;NCAM1;COL9A2;EPHB1;SPTBN1
Reactome_2022,G Alpha (S) Signaling Events R-HSA-418555,9,0.010047704224251273,2.639978213507625,12.144985092940045,0.13452759544691983,LHCGR;ADCYAP1R1;PDE11A;PDE10A;GNG4;PDE3B;PRKCA;PDE7B;ADCY6
Reactome_2022,Terminal Pathway Of Complement R-HSA-166665,2,0.01061387030481904,16.76137339055794,76.19039184442887,0.13952414964334847,AKR1C1;CLU
Reactome_2022,Axon Guidance R-HSA-422475,21,0.011083419535097542,1.7956119781137976,8.084392828377341,0.14150433468815976,EPHA7;TRPC3;UNC5B;SEMA3A;SDC2;PRKCA;UNC5C;SPTB;ACTG1;CACNA1G;ENAH;ABLIM1;COL4A2;COL4A1;DOK6;CNTN1;SLIT3;NCAM1;COL9A2;EPHB1;SPTBN1
Reactome_2022,Phase I - Functionalization Of Compounds R-HSA-211945,7,0.0111559433986516,3.042355256390187,13.677768685238926,0.14150433468815976,ACSS2;ALDH2;MAOA;ADH1A;CYP4A11;CYP1B1;ADH6
Reactome_2022,Synaptic Adhesion-Like Molecules R-HSA-8849932,3,0.012376911021588043,6.99426523297491,30.718271242586994,0.1526686206247762,PTPRD;PTPRS;PTPRF
Reactome_2022,Elastic Fibre Formation R-HSA-1566948,4,0.012751277101993959,4.802216748768473,20.9478642008186,0.1526686206247762,MFAP4;MFAP2;ITGA8;LTBP1
Reactome_2022,Diseases Associated With Glycosaminoglycan Metabolism R-HSA-3560782,4,0.013912487887185078,4.668582375478927,19.958042282141975,0.1526686206247762,SDC2;OMD;BGN;FMOD
Reactome_2022,Regulation Of Cytoskeletal Remodeling And Cell Spreading By IPP Complex Components R-HSA-446388,2,0.0139341362969878,13.967095851216023,59.68717737439796,0.1526686206247762,PXDN;ARHGEF6
Reactome_2022,Defective B4GALT1 Causes B4GALT1-CDG (CDG-2d) R-HSA-3656244,2,0.0139341362969878,13.967095851216023,59.68717737439796,0.1526686206247762,OMD;FMOD
Reactome_2022,Defective CHST6 Causes MCDC1 R-HSA-3656225,2,0.0139341362969878,13.967095851216023,59.68717737439796,0.1526686206247762,OMD;FMOD
Reactome_2022,Defective ST3GAL3 Causes MCT12 And EIEE15 R-HSA-3656243,2,0.0139341362969878,13.967095851216023,59.68717737439796,0.1526686206247762,OMD;FMOD
Reactome_2022,Netrin Mediated Repulsion Signals R-HSA-418886,2,0.0139341362969878,13.967095851216023,59.68717737439796,0.1526686206247762,UNC5B;UNC5C
Reactome_2022,Transcriptional Regulation Of White Adipocyte Differentiation R-HSA-381340,6,0.013936554579855088,3.239094239094239,13.841427276477999,0.1526686206247762,FABP4;EBF1;CD36;PLIN1;TNF;PPARGC1A
Reactome_2022,Signal Transduction R-HSA-162582,74,0.014267751128289183,1.3464557233449463,5.722104861328688,0.1539639412798967,ALK;SPARC;PTPRS;PDE3B;CXCL3;TNF;ACTG1;DOCK11;FGF7;SH3PXD2A;TNS3;PDGFRA;LHCGR;TPM4;TRPC3;ARHGEF19;PRKCA;F3;SPTB;ACTA2;GREM2;UTS2B;ALDH1A3;SFRP1;COL4A2;COL4A1;PXDN;RHOJ;KIT;ITGA8;PLIN1;PPP1R12B;MGLL;ARHGEF6;ADCYAP1R1;ADH1A;LAMA4;CRABP1;LTBP1;ADCY6;HCAR3;PDE11A;PTPRZ1;GNG4;WIF1;PDGFD;CCL4;S1PR3;NCAM1;APOE;SPTBN1;DYNC1I1;LINGO1;WWTR1;BCL11B;CCL20;PCDH7;IGF2;PTPN13;DHRS3;FMNL3;HEYL;KITLG;COL1A2;PDE10A;AGO2;PPP1R1B;CNTN1;SNAI2;VIM;COL9A2;PDE7B;LGR4;SPC25
Reactome_2022,Signaling By Retinoic Acid R-HSA-5362517,4,0.015138668437747303,4.542171481826654,19.033983152028508,0.15862691710856955,ALDH1A3;ADH1A;CRABP1;DHRS3
Reactome_2022,Non-integrin membrane-ECM Interactions R-HSA-3000171,4,0.015138668437747303,4.542171481826654,19.033983152028508,0.15862691710856955,LAMA4;SDC2;DMD;PRKCA
Reactome_2022,Protein-protein Interactions At Synapses R-HSA-6794362,6,0.017201265450136238,3.080456129236617,12.515191910814355,0.1738148062489692,PTPRD;PTPRS;SYT12;EPB41L2;PTPRF;PPFIA2
Reactome_2022,Chylomicron Assembly R-HSA-8963888,2,0.017640279347373927,11.971183323114653,48.3344953487166,0.1738148062489692,APOE;APOB
Reactome_2022,Chylomicron Remodeling R-HSA-8963901,2,0.017640279347373927,11.971183323114653,48.3344953487166,0.1738148062489692,APOE;APOB
Reactome_2022,Synthesis Of (16-20)-Hydroxyeicosatetraenoic Acids (HETE) R-HSA-2142816,2,0.017640279347373927,11.971183323114653,48.3344953487166,0.1738148062489692,CYP4A11;CYP1B1
Reactome_2022,Retinoid Metabolism And Transport R-HSA-975634,4,0.017790173806948438,4.308797524314766,17.360614916400486,0.1738148062489692,SDC2;AKR1C1;APOE;APOB
Reactome_2022,Interferon Gamma Signaling R-HSA-877300,6,0.01809294847015727,3.043185729932718,12.20997022264369,0.1744160232523161,MT2A;BCL11B;NCAM1;OASL;HLA-DPA1;HLA-E
Reactome_2022,Interleukin-10 Signaling R-HSA-6783783,4,0.02071349313020521,4.098191757779647,15.888566290268631,0.19605082187590905,CCL20;IL1B;CCL4;TNF
Reactome_2022,Fatty Acid Metabolism R-HSA-8978868,9,0.020879548111265557,2.315638450502152,8.959170797173051,0.19605082187590905,PON3;ECHS1;ACADL;ACSL1;CYP4A11;CYP1B1;HADH;PTGDS;HACD2
Reactome_2022,Acetylcholine Regulates Insulin Secretion R-HSA-399997,2,0.021712501636118656,10.474248927038627,40.114981070237064,0.19622673353642234,MARCKS;PRKCA
Reactome_2022,Synthesis Of Pyrophosphates In Cytosol R-HSA-1855167,2,0.021712501636118656,10.474248927038627,40.114981070237064,0.19622673353642234,NUDT11;NUDT10
Reactome_2022,Neurotransmitter Clearance R-HSA-112311,2,0.021712501636118656,10.474248927038627,40.114981070237064,0.19622673353642234,ALDH2;MAOA
Reactome_2022,Platelet Calcium Homeostasis R-HSA-418360,3,0.022204815913341946,5.472370266479663,20.83575472268383,0.19819854204131143,TRPC3;P2RX1;ATP2B4
Reactome_2022,Metabolism Of Fat-Soluble Vitamins R-HSA-6806667,4,0.023915098750896622,3.907177225340818,14.586450905765957,0.21086117557192996,SDC2;AKR1C1;APOE;APOB
Reactome_2022,Metallothioneins Bind Metals R-HSA-5661231,2,0.02613171713909911,9.309966618979495,33.93115541748625,0.22762929507914043,MT2A;MT1X
Reactome_2022,Visual Phototransduction R-HSA-2187338,6,0.027572162434815233,2.7442123094297006,9.854325412888128,0.23731754095680255,SDC2;AKR1C1;PRKCA;APOE;APOB;DHRS3
Reactome_2022,Adherens Junctions Interactions R-HSA-418990,3,0.029647321878829434,4.840198511166253,17.029674491817488,0.25217663198110213,CDH2;CDH11;CDH15
Reactome_2022,Keratan Sulfate Degradation R-HSA-2022857,2,0.03087952927388616,8.378540772532189,29.13773116479746,0.2596034844769732,OMD;FMOD
Reactome_2022,Regulation Of Insulin Secretion R-HSA-422356,5,0.034358542141520496,2.9187664986801054,9.838883450902959,0.28553133296918753,MARCKS;GNG4;PRKCA;CD36;ADCY6
Reactome_2022,Dissolution Of Fibrin Clot R-HSA-75205,2,0.03593820921763448,7.616465079984393,25.33201421894807,0.295265059822156,SERPINB2;PLAU
Reactome_2022,Integration Of Energy Metabolism R-HSA-163685,6,0.03687614897726305,2.5492588219860948,8.413039252063863,0.2995669180961931,MARCKS;GNG4;PRKCA;CD36;ACACB;ADCY6
Reactome_2022,Glucagon Signaling In Metabolic Regulation R-HSA-163359,3,0.038241008689772246,4.338820912124583,14.161246807414015,0.30720276980783706,GNG4;PRKCA;ADCY6
Reactome_2022,Signaling By Interleukins R-HSA-449147,17,0.03882973251874665,1.650928619377937,5.363155573387748,0.30850435836322887,CSF1R;SERPINB2;CCL20;MAOA;EBI3;F13A1;PRKCA;PTPN13;TNF;COL1A2;PTPRZ1;IL1B;CCL4;FSCN1;LCN2;CD36;VIM
Reactome_2022,Physiological Factors R-HSA-5578768,2,0.041290674812658926,6.9814020028612305,22.250556149267673,0.3175867860590681,WWTR1;NPR1
Reactome_2022,Creation Of C4 And C2 Activators R-HSA-166786,2,0.041290674812658926,6.9814020028612305,22.250556149267673,0.3175867860590681,C1QA;C1QC
Reactome_2022,Response To Metal Ions R-HSA-5660526,2,0.041290674812658926,6.9814020028612305,22.250556149267673,0.3175867860590681,MT2A;MT1X
Reactome_2022,Elevation Of Cytosolic Ca2+ Levels R-HSA-139853,2,0.04692047015534701,6.4440409376031695,19.714262398064516,0.3461581624726111,TRPC3;P2RX1
Reactome_2022,YAP1- And WWTR1 (TAZ)-stimulated Gene Expression R-HSA-2032785,2,0.04692047015534701,6.4440409376031695,19.714262398064516,0.3461581624726111,WWTR1;RUNX2
Reactome_2022,cGMP Effects R-HSA-418457,2,0.04692047015534701,6.4440409376031695,19.714262398064516,0.3461581624726111,PDE11A;PDE10A
Reactome_2022,Negative Regulation Of TCF-dependent Signaling By WNT Ligand Antagonists R-HSA-3772470,2,0.04692047015534701,6.4440409376031695,19.714262398064516,0.3461581624726111,SFRP1;WIF1
Reactome_2022,Arachidonic Acid Metabolism R-HSA-2142753,4,0.049181705948043324,3.0528213166144202,9.195810807185518,0.3591754888932861,PON3;CYP4A11;CYP1B1;PTGDS
Reactome_2022,Mitochondrial Fatty Acid Beta-Oxidation R-HSA-77289,3,0.05144284067060912,3.812121212121212,11.311646193348475,0.37193173804850393,ECHS1;ACADL;HADH
Reactome_2022,PKA Activation In Glucagon Signaling R-HSA-164378,2,0.05281174572654139,5.983445738810546,17.59744349574797,0.3780484372305884,PRKCA;ADCY6
Reactome_2022,Cell-cell Junction Organization R-HSA-421270,4,0.05441428665648222,2.9454022988505746,8.574444685829286,0.3857012671827122,CLDN11;CDH2;CDH11;CDH15
Reactome_2022,PKA Activation R-HSA-163615,2,0.05894923912253111,5.5842632331902715,15.809487908685345,0.41378931927757273,PRKCA;ADCY6
Reactome_2022,Metabolism Of Lipids R-HSA-556833,24,0.06160767811903818,1.437165979538861,4.0053367043229,0.4282918392313904,PON3;ECHS1;ACSL1;AKR1C1;CYP4A11;PLEKHA5;G0S2;PRKCA;PTPN13;HACD2;ACACB;FABP4;ACADL;OXCT1;AGMO;CYP1B1;PLIN1;CD36;PTGDS;HADH;PPARGC1A;MGLL;SH3D19;MFSD2A
Reactome_2022,Regulation Of TLR By Endogenous Ligand R-HSA-5686938,2,0.06531825635027583,5.234978540772532,14.283553645570034,0.44551980510612665,CD36;APOB
Reactome_2022,Norepinephrine Neurotransmitter Release Cycle R-HSA-181430,2,0.06531825635027583,5.234978540772532,14.283553645570034,0.44551980510612665,MAOA;PPFIA2
Reactome_2022,Collagen Degradation R-HSA-1442490,3,0.06654611971042579,3.399302528334786,9.211634092954158,0.44611840539586534,MMP13;COL13A1;COL9A2
Reactome_2022,Cytokine Signaling In Immune System R-HSA-1280215,23,0.06664009375207947,1.4350879515480466,3.8868623468639734,0.44611840539586534,CSF1R;SERPINB2;BCL11B;CCL20;MAOA;EBI3;F13A1;PRKCA;PTPN13;TNF;HLA-E;OASL;MT2A;COL1A2;PTPRZ1;IL1B;CCL4;FSCN1;LCN2;NCAM1;VIM;CD36;HLA-DPA1
Reactome_2022,Neuronal System R-HSA-112316,14,0.07114439236956903,1.5882715172185118,4.197871141438182,0.4719027126898937,PTPRS;MAOA;PRKCA;KCNK17;ADCY6;PTPRF;PTPRD;GJD3;SYT12;ALDH2;GNG4;EPB41L2;KCNN4;PPFIA2
Reactome_2022,PKA-mediated Phosphorylation Of CREB R-HSA-111931,2,0.07190465370231207,4.926786165109821,12.969342313184953,0.4726096784251966,PRKCA;ADCY6
Reactome_2022,Signaling By SCF-KIT R-HSA-1433557,3,0.07477181914619982,3.22464846980976,8.362526713110375,0.4762488145065395,KITLG;KIT;PRKCA
Reactome_2022,Glucagon-like Peptide-1 (GLP1) Regulates Insulin Secretion R-HSA-381676,3,0.07477181914619982,3.22464846980976,8.362526713110375,0.4762488145065395,GNG4;PRKCA;ADCY6
Reactome_2022,Vasopressin Regulates Renal Water Homeostasis Via Aquaporins R-HSA-432040,3,0.07477181914619982,3.22464846980976,8.362526713110375,0.4762488145065395,GNG4;PRKCA;ADCY6
Reactome_2022,Cardiac Conduction R-HSA-5576891,6,0.07580623120604474,2.100865800865801,5.41934044412011,0.4762488145065395,WWTR1;ASPH;NPR1;ATP2B4;PRKCA;KCNK17
Reactome_2022,Defective B3GALT6 Causes EDSP2 And SEMDJL1 R-HSA-4420332,2,0.07869482010939396,4.652837386742966,11.828340581144582,0.4762488145065395,SDC2;BGN
Reactome_2022,Defective B3GAT3 Causes JDSSDHD R-HSA-3560801,2,0.07869482010939396,4.652837386742966,11.828340581144582,0.4762488145065395,SDC2;BGN
Reactome_2022,"Defective B4GALT7 Causes EDS, Progeroid Type R-HSA-3560783",2,0.07869482010939396,4.652837386742966,11.828340581144582,0.4762488145065395,SDC2;BGN
Reactome_2022,Syndecan Interactions R-HSA-3000170,2,0.07869482010939396,4.652837386742966,11.828340581144582,0.4762488145065395,SDC2;PRKCA
Reactome_2022,G Beta:Gamma Signaling Thru CDC42 R-HSA-8964616,2,0.07869482010939396,4.652837386742966,11.828340581144582,0.4762488145065395,GNG4;ARHGEF6
Reactome_2022,GPER1 Signaling R-HSA-9634597,3,0.07904544639112689,3.1438709677419356,7.978302968351757,0.4762488145065395,GNG4;PRKCA;ADCY6
Reactome_2022,Initial Triggering Of Complement R-HSA-166663,2,0.0856756600501935,4.407725321888412,10.830603188099262,0.5077336247236878,C1QA;C1QC
Reactome_2022,Nitric Oxide Stimulates Guanylate Cyclase R-HSA-392154,2,0.0856756600501935,4.407725321888412,10.830603188099262,0.5077336247236878,PDE11A;PDE10A
Reactome_2022,Regulation Of RUNX2 Expression And Activity R-HSA-8939902,4,0.08825750892525472,2.467545638945233,5.989958401677509,0.5187819427069851,DLX5;DLX6;PPARGC1A;RUNX2
Reactome_2022,GPCR Downstream Signaling R-HSA-388396,20,0.0920759301181333,1.4110571190078702,3.365571196733334,0.5349086002863638,LHCGR;ADCYAP1R1;TRPC3;CCL20;PDE3B;ARHGEF19;PRKCA;CXCL3;ADCY6;HCAR3;UTS2B;PDE11A;PDE10A;GNG4;CCL4;PPP1R1B;S1PR3;PDE7B;MGLL;ARHGEF6
Reactome_2022,NR1H2 And NR1H3-mediated Signaling R-HSA-9024446,3,0.09248074002184713,2.9240810202550636,6.961520135456815,0.5349086002863638,AGO2;APOE;PLIN1
Reactome_2022,Developmental Biology R-HSA-1266738,32,0.09540185320392816,1.3036864694321797,3.0632163973492887,0.5474249195749211,SEMA3A;SDC2;TNF;ACTG1;CACNA1G;ABLIM1;CDH2;SLIT3;NCAM1;CD36;PTGDS;PPARGC1A;EPHB1;TP63;SPTBN1;WWTR1;EPHA7;TRPC3;UNC5B;EBF1;PRKCA;UNC5C;SPTB;ENAH;FABP4;COL4A2;COL4A1;DOK6;CNTN1;PLIN1;COL9A2;CDH15
Reactome_2022,G Alpha (Z) Signaling Events R-HSA-418597,3,0.09715567353106822,2.8574780058651026,6.662040536978154,0.553098834354034,GNG4;PRKCA;ADCY6
Reactome_2022,Other Interleukin Signaling R-HSA-449836,2,0.10763865444908072,3.8060866172454157,8.483673644399483,0.560997219477482,CSF1R;PTPRZ1
Reactome_2022,DARPP-32 Events R-HSA-180024,2,0.10763865444908072,3.8060866172454157,8.483673644399483,0.560997219477482,PPP1R1B;PRKCA
Reactome_2022,Synthesis Of Very Long-Chain Fatty acyl-CoAs R-HSA-75876,2,0.10763865444908072,3.8060866172454157,8.483673644399483,0.560997219477482,ACSL1;HACD2
Reactome_2022,Constitutive Signaling By Aberrant PI3K In Cancer R-HSA-2219530,4,0.1101190824486753,2.266775396085741,5.000943855073365,0.560997219477482,PDGFRA;FGF7;KITLG;KIT
Reactome_2022,Abacavir Metabolism R-HSA-2161541,1,0.11166135399510033,10.453961456102784,22.91805884636622,0.560997219477482,ADH1A
Reactome_2022,PKA-mediated Phosphorylation Of Key Metabolic Factors R-HSA-163358,1,0.11166135399510033,10.453961456102784,22.91805884636622,0.560997219477482,PRKCA
Reactome_2022,Arachidonate Production From DAG R-HSA-426048,1,0.11166135399510033,10.453961456102784,22.91805884636622,0.560997219477482,MGLL
Reactome_2022,RUNX2 Regulates Chondrocyte Maturation R-HSA-8941284,1,0.11166135399510033,10.453961456102784,22.91805884636622,0.560997219477482,RUNX2
Reactome_2022,Disinhibition Of SNARE Formation R-HSA-114516,1,0.11166135399510033,10.453961456102784,22.91805884636622,0.560997219477482,PRKCA
Reactome_2022,Extrinsic Pathway Of Fibrin Clot Formation R-HSA-140834,1,0.11166135399510033,10.453961456102784,22.91805884636622,0.560997219477482,F3
Reactome_2022,Signaling To P38 Via RIT And RIN R-HSA-187706,1,0.11166135399510033,10.453961456102784,22.91805884636622,0.560997219477482,BCL11B
Reactome_2022,VLDL Clearance R-HSA-8964046,1,0.11166135399510033,10.453961456102784,22.91805884636622,0.560997219477482,APOB
Reactome_2022,MET Interacts With TNS Proteins R-HSA-8875513,1,0.11166135399510033,10.453961456102784,22.91805884636622,0.560997219477482,TNS3
Reactome_2022,NGF-independant TRKA Activation R-HSA-187024,1,0.11166135399510033,10.453961456102784,22.91805884636622,0.560997219477482,ADCYAP1R1
Reactome_2022,NR1H2 And NR1H3 Regulate Gene Expression Linked To Triglyceride Lipolysis In Adipose R-HSA-9031528,1,0.11166135399510033,10.453961456102784,22.91805884636622,0.560997219477482,PLIN1
Reactome_2022,Aquaporin-mediated Transport R-HSA-445717,3,0.11173388603700889,2.6746739876458476,5.861909800062403,0.560997219477482,GNG4;PRKCA;ADCY6
Reactome_2022,Ion Homeostasis R-HSA-5578775,3,0.11173388603700889,2.6746739876458476,5.861909800062403,0.560997219477482,ASPH;ATP2B4;PRKCA
Reactome_2022,IRS-related Events Triggered By IGF1R R-HSA-2428928,3,0.11676894363090959,2.618817204301075,5.624062197760932,0.582234112035501,FGF7;PDE3B;IGF2
Reactome_2022,IGF1R Signaling Cascade R-HSA-2428924,3,0.1218873592910555,2.5652402896642528,5.3989533570867385,0.5911357106460103,FGF7;PDE3B;IGF2
Reactome_2022,GAG Synthesis Requires Tetrasaccharide Linker Sequence R-HSA-1971475,2,0.12301565954521516,3.488555078683834,7.310070476847426,0.5911357106460103,SDC2;BGN
Reactome_2022,Pyroptosis R-HSA-5620971,2,0.12301565954521516,3.488555078683834,7.310070476847426,0.5911357106460103,IL1B;TP63
Reactome_2022,Signaling By ALK R-HSA-201556,2,0.12301565954521516,3.488555078683834,7.310070476847426,0.5911357106460103,ALK;PTPRZ1
Reactome_2022,Leishmania Infection R-HSA-9658195,9,0.12703110763914577,1.589553468446202,3.279762677007108,0.5911357106460103,MYO1E;ADCYAP1R1;LHCGR;CD163;GNG4;IL1B;PRKCA;ADCY6;ACTG1
Reactome_2022,Sensory Processing Of Sound By Outer Hair Cells Of Cochlea R-HSA-9662361,3,0.12708642592803693,2.5138064516129033,5.185700924174408,0.5911357106460103,MYO1E;ATP2B4;SPTBN1
Reactome_2022,Signaling By Type 1 Insulin-like Growth Factor 1 Receptor (IGF1R) R-HSA-2404192,3,0.12708642592803693,2.5138064516129033,5.185700924174408,0.5911357106460103,FGF7;PDE3B;IGF2
Reactome_2022,Effects Of PIP2 Hydrolysis R-HSA-114508,2,0.13089237668812928,3.348841201716738,6.809466205145836,0.5911357106460103,TRPC3;MGLL
Reactome_2022,Insulin Processing R-HSA-264876,2,0.13089237668812928,3.348841201716738,6.809466205145836,0.5911357106460103,CPE;MYRIP
Reactome_2022,Activation Of TRKA Receptors R-HSA-187015,1,0.13245364470906457,8.362740899357602,16.905469274578557,0.5911357106460103,ADCYAP1R1
Reactome_2022,Proton-coupled Monocarboxylate Transport R-HSA-433692,1,0.13245364470906457,8.362740899357602,16.905469274578557,0.5911357106460103,BSG
Reactome_2022,CLEC7A/inflammasome Pathway R-HSA-5660668,1,0.13245364470906457,8.362740899357602,16.905469274578557,0.5911357106460103,IL1B
Reactome_2022,Scavenging By Class F Receptors R-HSA-3000484,1,0.13245364470906457,8.362740899357602,16.905469274578557,0.5911357106460103,APOB
Reactome_2022,TNFR1-mediated Ceramide Production R-HSA-5626978,1,0.13245364470906457,8.362740899357602,16.905469274578557,0.5911357106460103,TNF
Reactome_2022,Mitochondrial Fatty Acid Beta-Oxidation Of Unsaturated Fatty Acids R-HSA-77288,1,0.13245364470906457,8.362740899357602,16.905469274578557,0.5911357106460103,ACADL
Reactome_2022,LDL Remodeling R-HSA-8964041,1,0.13245364470906457,8.362740899357602,16.905469274578557,0.5911357106460103,APOB
Reactome_2022,Metal Sequestration By Antimicrobial Proteins R-HSA-6799990,1,0.13245364470906457,8.362740899357602,16.905469274578557,0.5911357106460103,LCN2
Reactome_2022,PPARA Activates Gene Expression R-HSA-1989781,5,0.13637271687243596,1.8894596540384878,3.764490593990306,0.5932489293247031,ACSL1;CYP4A11;G0S2;CD36;PPARGC1A
Reactome_2022,Signaling By ALK Fusions And Activated Point Mutants R-HSA-9725370,3,0.13771563257491948,2.4168734491315136,4.7916071468458235,0.5932489293247031,ALK;TPM4;LMO7
Reactome_2022,"Adrenaline,noradrenaline Inhibits Insulin Secretion R-HSA-400042",2,0.13888120105207122,3.2198745460548035,6.3564714803354745,0.5932489293247031,GNG4;ADCY6
Reactome_2022,Keratan Sulfate Biosynthesis R-HSA-2022854,2,0.13888120105207122,3.2198745460548035,6.3564714803354745,0.5932489293247031,OMD;FMOD
Reactome_2022,MET Promotes Cell Motility R-HSA-8875878,2,0.13888120105207122,3.2198745460548035,6.3564714803354745,0.5932489293247031,LAMA4;TNS3
Reactome_2022,Chemokine Receptors Bind Chemokines R-HSA-380108,3,0.1431403193526643,2.3711503347534997,4.609349975320819,0.5932489293247031,CCL20;CCL4;CXCL3
Reactome_2022,Regulation Of Lipid Metabolism By PPARalpha R-HSA-400206,5,0.14349484196513992,1.8558267550985301,3.603006339253591,0.5932489293247031,ACSL1;CYP4A11;G0S2;CD36;PPARGC1A
Reactome_2022,Interaction Between L1 And Ankyrins R-HSA-445095,2,0.1469726039435062,3.1004609759974566,5.9451620652996935,0.5932489293247031,SPTB;SPTBN1
Reactome_2022,Myogenesis R-HSA-525793,2,0.1469726039435062,3.1004609759974566,5.9451620652996935,0.5932489293247031,CDH2;CDH15
Reactome_2022,Signaling By TGFB Family Members R-HSA-9006936,5,0.14711522146351597,1.8394528437724982,3.525383444392114,0.5932489293247031,WWTR1;GREM2;COL1A2;ITGA8;LTBP1
Reactome_2022,Metabolism Of Vitamins And Cofactors R-HSA-196854,7,0.14717861356775847,1.6416946400222978,3.145664843201996,0.5932489293247031,ALDH1L1;SDC2;AKR1C1;ACP5;APOE;APOB;ACACB
Reactome_2022,Glycosaminoglycan Metabolism R-HSA-1630316,5,0.15077428121056866,1.8233636961217015,3.44975194107468,0.5932489293247031,SDC2;OMD;BGN;HAS2;FMOD
Reactome_2022,Opioid Signaling R-HSA-111885,4,0.1512284713441207,1.9958949096880132,3.770172694957408,0.5932489293247031,GNG4;PPP1R1B;PRKCA;ADCY6
Reactome_2022,Acyl Chain Remodeling Of DAG And TAG R-HSA-1482883,1,0.15276029180742112,6.968593861527481,13.09318861263854,0.5932489293247031,MGLL
Reactome_2022,Anchoring Fibril Formation R-HSA-2214320,1,0.15276029180742112,6.968593861527481,13.09318861263854,0.5932489293247031,LAMA4
Reactome_2022,Post-transcriptional Silencing By Small RNAs R-HSA-426496,1,0.15276029180742112,6.968593861527481,13.09318861263854,0.5932489293247031,AGO2
Reactome_2022,RUNX1 Regulates Transcription Of Genes Involved In Differentiation Of Myeloid Cells R-HSA-8939246,1,0.15276029180742112,6.968593861527481,13.09318861263854,0.5932489293247031,RUNX2
Reactome_2022,ChREBP Activates Metabolic Gene Expression R-HSA-163765,1,0.15276029180742112,6.968593861527481,13.09318861263854,0.5932489293247031,ACACB
Reactome_2022,Release Of Apoptotic Factors From Mitochondria R-HSA-111457,1,0.15276029180742112,6.968593861527481,13.09318861263854,0.5932489293247031,SEPTIN4
Reactome_2022,Retinoid Cycle In Cones (Daylight Vision) R-HSA-2187335,1,0.15276029180742112,6.968593861527481,13.09318861263854,0.5932489293247031,DHRS3
Reactome_2022,HDL Assembly R-HSA-8963896,1,0.15276029180742112,6.968593861527481,13.09318861263854,0.5932489293247031,PRKCA
Reactome_2022,Insulin-like Growth Factor-2 mRNA Binding Proteins (IGF2BPs/IMPs/VICKZs) Bind RNA R-HSA-428359,1,0.15276029180742112,6.968593861527481,13.09318861263854,0.5932489293247031,IGF2
Reactome_2022,Vitamin B2 (Riboflavin) Metabolism R-HSA-196843,1,0.15276029180742112,6.968593861527481,13.09318861263854,0.5932489293247031,ACP5
Reactome_2022,Neurofascin Interactions R-HSA-447043,1,0.15276029180742112,6.968593861527481,13.09318861263854,0.5932489293247031,CNTN1
Reactome_2022,Signaling By Nuclear Receptors R-HSA-9006931,9,0.15778370288795204,1.5062104523084134,2.781263016820178,0.5932489293247031,ALDH1A3;GNG4;ADH1A;CRABP1;AGO2;S1PR3;APOE;PLIN1;DHRS3
Reactome_2022,Regulation Of MECP2 Expression And Activity R-HSA-9022692,2,0.16342693195814473,2.8863400917566966,5.228285523365482,0.5932489293247031,AGO2;PRKCA
Reactome_2022,EPH-Ephrin Signaling R-HSA-2682334,4,0.16456214632845936,1.926773682124455,3.4767995083098113,0.5932489293247031,EPHA7;SDC2;EPHB1;ACTG1
Reactome_2022,Signaling By TGF-beta Receptor Complex R-HSA-170834,4,0.16456214632845936,1.926773682124455,3.4767995083098113,0.5932489293247031,WWTR1;COL1A2;ITGA8;LTBP1
Reactome_2022,Transcriptional Regulation By MECP2 R-HSA-8986944,3,0.16550939195909864,2.204301075268817,3.964936602574297,0.5932489293247031,TRPC3;AGO2;PRKCA
Reactome_2022,Ca2+ Pathway R-HSA-4086398,3,0.17125569229432303,2.1661846496106785,3.822444153098738,0.5932489293247031,GNG4;AGO2;PRKCA
Reactome_2022,G-protein Beta:Gamma Signaling R-HSA-397795,2,0.17177266360982302,2.789985693848355,4.914792483443588,0.5932489293247031,GNG4;ARHGEF6
Reactome_2022,Generation Of Second Messenger Molecules R-HSA-202433,2,0.17177266360982302,2.789985693848355,4.914792483443588,0.5932489293247031,ENAH;HLA-DPA1
Reactome_2022,Nuclear Signaling By ERBB4 R-HSA-1251985,2,0.17177266360982302,2.789985693848355,4.914792483443588,0.5932489293247031,SPARC;APOE
Reactome_2022,Axonal Growth Inhibition (RHOA Activation) R-HSA-193634,1,0.17259261404620668,5.972774548791679,10.493097508978673,0.5932489293247031,LINGO1
Reactome_2022,CREB3 Factors Activate Genes R-HSA-8874211,1,0.17259261404620668,5.972774548791679,10.493097508978673,0.5932489293247031,CREB3L1
Reactome_2022,Ca2+ Activated K+ Channels R-HSA-1296052,1,0.17259261404620668,5.972774548791679,10.493097508978673,0.5932489293247031,KCNN4
Reactome_2022,ROBO Receptors Bind AKAP5 R-HSA-9010642,1,0.17259261404620668,5.972774548791679,10.493097508978673,0.5932489293247031,PRKCA
Reactome_2022,RUNX3 Regulates YAP1-mediated Transcription R-HSA-8951671,1,0.17259261404620668,5.972774548791679,10.493097508978673,0.5932489293247031,WWTR1
Reactome_2022,Cross-presentation Of Particulate Exogenous Antigens (Phagosomes) R-HSA-1236973,1,0.17259261404620668,5.972774548791679,10.493097508978673,0.5932489293247031,CD36
Reactome_2022,"Defective CHST14 Causes EDS, Musculocontractural Type R-HSA-3595174",1,0.17259261404620668,5.972774548791679,10.493097508978673,0.5932489293247031,BGN
Reactome_2022,Defective CHST3 Causes SEDCJD R-HSA-3595172,1,0.17259261404620668,5.972774548791679,10.493097508978673,0.5932489293247031,BGN
Reactome_2022,Defective CHSY1 Causes TPBS R-HSA-3595177,1,0.17259261404620668,5.972774548791679,10.493097508978673,0.5932489293247031,BGN
Reactome_2022,SHC-related Events Triggered By IGF1R R-HSA-2428933,1,0.17259261404620668,5.972774548791679,10.493097508978673,0.5932489293247031,IGF2
Reactome_2022,"SMAC, XIAP-regulated Apoptotic Response R-HSA-111469",1,0.17259261404620668,5.972774548791679,10.493097508978673,0.5932489293247031,SEPTIN4
Reactome_2022,EGFR Transactivation By Gastrin R-HSA-2179392,1,0.17259261404620668,5.972774548791679,10.493097508978673,0.5932489293247031,PRKCA
Reactome_2022,Synthesis Of Epoxy (EET) And Dihydroxyeicosatrienoic Acids (DHET) R-HSA-2142670,1,0.17259261404620668,5.972774548791679,10.493097508978673,0.5932489293247031,CYP1B1
Reactome_2022,Linoleic Acid (LA) Metabolism R-HSA-2046105,1,0.17259261404620668,5.972774548791679,10.493097508978673,0.5932489293247031,ACSL1
Reactome_2022,Activation Of Matrix Metalloproteinases R-HSA-1592389,2,0.18018656274738,2.699847708708293,4.6268977727664,0.5932489293247031,MMP13;MMP16
Reactome_2022,Plasma Lipoprotein Remodeling R-HSA-8963899,2,0.18018656274738,2.699847708708293,4.6268977727664,0.5932489293247031,APOE;APOB
Reactome_2022,CaM Pathway R-HSA-111997,2,0.18018656274738,2.699847708708293,4.6268977727664,0.5932489293247031,PRKCA;ADCY6
Reactome_2022,Glucagon-type Ligand Receptors R-HSA-420092,2,0.18018656274738,2.699847708708293,4.6268977727664,0.5932489293247031,ADCYAP1R1;GNG4
Reactome_2022,Keratan Sulfate/Keratin Metabolism R-HSA-1638074,2,0.18018656274738,2.699847708708293,4.6268977727664,0.5932489293247031,OMD;FMOD
Reactome_2022,EPHB-mediated Forward Signaling R-HSA-3928662,2,0.18866089215243653,2.615343347639485,4.361880349944519,0.5932489293247031,SDC2;ACTG1
Reactome_2022,Metabolic Disorders Of Biological Oxidation Enzymes R-HSA-5579029,2,0.18866089215243653,2.615343347639485,4.361880349944519,0.5932489293247031,MAOA;CYP1B1
Reactome_2022,Signaling By GPCR R-HSA-372790,20,0.19029821321279936,1.2587417253897075,2.0884575639490524,0.5932489293247031,LHCGR;ADCYAP1R1;TRPC3;CCL20;PDE3B;ARHGEF19;PRKCA;CXCL3;ADCY6;HCAR3;UTS2B;PDE11A;PDE10A;GNG4;CCL4;PPP1R1B;S1PR3;PDE7B;MGLL;ARHGEF6
Reactome_2022,Anti-inflammatory Response Favoring Leishmania Infection R-HSA-9662851,6,0.1907613797706908,1.5823736012415257,2.6215689060632323,0.5932489293247031,LHCGR;ADCYAP1R1;CD163;GNG4;PRKCA;ADCY6
Reactome_2022,OAS Antiviral Response R-HSA-8983711,1,0.19196166725101038,5.225910064239828,8.625153312086455,0.5932489293247031,OASL
Reactome_2022,Activation Of PUMA And Translocation To Mitochondria R-HSA-139915,1,0.19196166725101038,5.225910064239828,8.625153312086455,0.5932489293247031,TP63
Reactome_2022,Adenylate Cyclase Activating Pathway R-HSA-170660,1,0.19196166725101038,5.225910064239828,8.625153312086455,0.5932489293247031,ADCY6
Reactome_2022,Atorvastatin ADME R-HSA-9754706,1,0.19196166725101038,5.225910064239828,8.625153312086455,0.5932489293247031,PON3
Reactome_2022,CD163 Mediating An Anti-Inflammatory Response R-HSA-9662834,1,0.19196166725101038,5.225910064239828,8.625153312086455,0.5932489293247031,CD163
Reactome_2022,Regulation Of Commissural Axon Pathfinding By SLIT And ROBO R-HSA-428542,1,0.19196166725101038,5.225910064239828,8.625153312086455,0.5932489293247031,SLIT3
Reactome_2022,Serine Biosynthesis R-HSA-977347,1,0.19196166725101038,5.225910064239828,8.625153312086455,0.5932489293247031,PHGDH
Reactome_2022,Small Interfering RNA (siRNA) Biogenesis R-HSA-426486,1,0.19196166725101038,5.225910064239828,8.625153312086455,0.5932489293247031,AGO2
Reactome_2022,Synthesis Of 5-Eicosatetraenoic Acids R-HSA-2142688,1,0.19196166725101038,5.225910064239828,8.625153312086455,0.5932489293247031,PON3
Reactome_2022,Transport Of Gamma-Carboxylated Protein Precursors From Endoplasmic Reticulum To Golgi Apparatus R-HSA-159763,1,0.19196166725101038,5.225910064239828,8.625153312086455,0.5932489293247031,GAS6
Reactome_2022,Type I Hemidesmosome Assembly R-HSA-446107,1,0.19196166725101038,5.225910064239828,8.625153312086455,0.5932489293247031,LAMA4
Reactome_2022,Interleukin-1 Processing R-HSA-448706,1,0.19196166725101038,5.225910064239828,8.625153312086455,0.5932489293247031,IL1B
Reactome_2022,p75NTR Regulates Axonogenesis R-HSA-193697,1,0.19196166725101038,5.225910064239828,8.625153312086455,0.5932489293247031,LINGO1
Reactome_2022,ADORA2B Mediated Anti-Inflammatory Cytokine Production R-HSA-9660821,5,0.19338017701848698,1.6632383695018684,2.732862305424853,0.5932489293247031,LHCGR;ADCYAP1R1;GNG4;PRKCA;ADCY6
Reactome_2022,Plasma Lipoprotein Clearance R-HSA-8964043,2,0.1971882379759648,2.5359604629990895,4.117376490641038,0.5932489293247031,APOE;APOB
Reactome_2022,RHOBTB GTPase Cycle R-HSA-9706574,2,0.1971882379759648,2.5359604629990895,4.117376490641038,0.5932489293247031,VIM;ACTG1
Reactome_2022,Ca-dependent Events R-HSA-111996,2,0.1971882379759648,2.5359604629990895,4.117376490641038,0.5932489293247031,PRKCA;ADCY6
Reactome_2022,L1CAM Interactions R-HSA-373760,4,0.20199993050106516,1.763793103448276,2.8211657722840213,0.5932489293247031,CNTN1;NCAM1;SPTB;SPTBN1
Reactome_2022,Cell Surface Interactions At Vascular Wall R-HSA-202733,5,0.20567390318818882,1.6243072647211478,2.568782422400484,0.5932489293247031,GRB14;SDC2;BSG;APOB;GAS6
Reactome_2022,SMAD2/SMAD3:SMAD4 Heterotrimer Regulates Transcription R-HSA-2173796,2,0.2057614988843312,2.461247159808129,3.891324187695624,0.5932489293247031,WWTR1;COL1A2
Reactome_2022,Transcriptional Regulation By AP-2 (TFAP2) Family Of Transcription Factors R-HSA-8864260,2,0.2057614988843312,2.461247159808129,3.891324187695624,0.5932489293247031,KIT;APOE
Reactome_2022,NR1H3 And NR1H2 Regulate Gene Expression Linked To Cholesterol Transport And Efflux R-HSA-9029569,2,0.2057614988843312,2.461247159808129,3.891324187695624,0.5932489293247031,AGO2;APOE
Reactome_2022,Sensory Processing Of Sound By Inner Hair Cells Of Cochlea R-HSA-9662360,3,0.20682219513185052,1.9625,3.092695538018069,0.5932489293247031,MYO1E;ATP2B4;SPTBN1
Reactome_2022,Stimuli-sensing Channels R-HSA-2672351,4,0.20684920584653715,1.745330459770115,2.7502310452574257,0.5932489293247031,TRPC3;ASPH;ANO6;ANO5
Reactome_2022,Organic Anion Transporters R-HSA-428643,1,0.2108782501195694,4.645015465143945,7.229847313947393,0.5932489293247031,SLC25A18
Reactome_2022,Abacavir ADME R-HSA-2161522,1,0.2108782501195694,4.645015465143945,7.229847313947393,0.5932489293247031,ADH1A
Reactome_2022,Activation Of PPARGC1A (PGC-1alpha) By Phosphorylation R-HSA-2151209,1,0.2108782501195694,4.645015465143945,7.229847313947393,0.5932489293247031,PPARGC1A
Reactome_2022,Bicarbonate Transporters R-HSA-425381,1,0.2108782501195694,4.645015465143945,7.229847313947393,0.5932489293247031,SLC4A4
Reactome_2022,Caspase Activation Via Dependence Receptors In Absence Of Ligand R-HSA-418889,1,0.2108782501195694,4.645015465143945,7.229847313947393,0.5932489293247031,UNC5B
Reactome_2022,Competing Endogenous RNAs (ceRNAs) Regulate PTEN Translation R-HSA-8948700,1,0.2108782501195694,4.645015465143945,7.229847313947393,0.5932489293247031,AGO2
Reactome_2022,Crosslinking Of Collagen Fibrils R-HSA-2243919,1,0.2108782501195694,4.645015465143945,7.229847313947393,0.5932489293247031,PXDN
Reactome_2022,Removal Of Aminoterminal Propeptides From Gamma-Carboxylated Proteins R-HSA-159782,1,0.2108782501195694,4.645015465143945,7.229847313947393,0.5932489293247031,GAS6
Reactome_2022,Role Of Second Messengers In Netrin-1 Signaling R-HSA-418890,1,0.2108782501195694,4.645015465143945,7.229847313947393,0.5932489293247031,TRPC3
Reactome_2022,FGFR2b Ligand Binding And Activation R-HSA-190377,1,0.2108782501195694,4.645015465143945,7.229847313947393,0.5932489293247031,FGF7
Reactome_2022,Gamma-carboxylation Of Protein Precursors R-HSA-159740,1,0.2108782501195694,4.645015465143945,7.229847313947393,0.5932489293247031,GAS6
Reactome_2022,Thyroxine Biosynthesis R-HSA-209968,1,0.2108782501195694,4.645015465143945,7.229847313947393,0.5932489293247031,DIO2
Reactome_2022,HDL Remodeling R-HSA-8964058,1,0.2108782501195694,4.645015465143945,7.229847313947393,0.5932489293247031,APOE
Reactome_2022,HuR (ELAVL1) Binds And Stabilizes mRNA R-HSA-450520,1,0.2108782501195694,4.645015465143945,7.229847313947393,0.5932489293247031,PRKCA
Reactome_2022,Ketone Body Metabolism R-HSA-74182,1,0.2108782501195694,4.645015465143945,7.229847313947393,0.5932489293247031,OXCT1
Reactome_2022,RHOV GTPase Cycle R-HSA-9013424,2,0.21437387550931938,2.390803188228081,3.6819174955106284,0.5961242768970689,TPM4;SPTBN1
Reactome_2022,Fatty acyl-CoA Biosynthesis R-HSA-75105,2,0.21437387550931938,2.390803188228081,3.6819174955106284,0.5961242768970689,ACSL1;HACD2
Reactome_2022,Formation Of Fibrin Clot (Clotting Cascade) R-HSA-140877,2,0.21437387550931938,2.390803188228081,3.6819174955106284,0.5961242768970689,F13A1;F3
Reactome_2022,FCGR3A-mediated IL10 Synthesis R-HSA-9664323,2,0.22301886023901007,2.324272770624702,3.4875688193785606,0.6091346707420102,PRKCA;ADCY6
Reactome_2022,Biotin Transport And Metabolism R-HSA-196780,1,0.22935291025361143,4.180299785867238,6.155463714629547,0.6091346707420102,ACACB
Reactome_2022,Reduction Of Cytosolic Ca++ Levels R-HSA-418359,1,0.22935291025361143,4.180299785867238,6.155463714629547,0.6091346707420102,ATP2B4
Reactome_2022,Regulation Of PTEN mRNA Translation R-HSA-8943723,1,0.22935291025361143,4.180299785867238,6.155463714629547,0.6091346707420102,AGO2
Reactome_2022,Dermatan Sulfate Biosynthesis R-HSA-2022923,1,0.22935291025361143,4.180299785867238,6.155463714629547,0.6091346707420102,BGN
Reactome_2022,Endosomal/Vacuolar Pathway R-HSA-1236977,1,0.22935291025361143,4.180299785867238,6.155463714629547,0.6091346707420102,HLA-E
Reactome_2022,Signaling By PDGFRA Extracellular Domain Mutants R-HSA-9673770,1,0.22935291025361143,4.180299785867238,6.155463714629547,0.6091346707420102,PDGFRA
Reactome_2022,Free Fatty Acids Regulate Insulin Secretion R-HSA-400451,1,0.22935291025361143,4.180299785867238,6.155463714629547,0.6091346707420102,CD36
Reactome_2022,"Gamma-carboxylation, Transport, And Amino-Terminal Cleavage Of Proteins R-HSA-159854",1,0.22935291025361143,4.180299785867238,6.155463714629547,0.6091346707420102,GAS6
Reactome_2022,Transport Of Organic Anions R-HSA-879518,1,0.22935291025361143,4.180299785867238,6.155463714629547,0.6091346707420102,SLC16A2
Reactome_2022,Interleukin-27 Signaling R-HSA-9020956,1,0.22935291025361143,4.180299785867238,6.155463714629547,0.6091346707420102,EBI3
Reactome_2022,"Plasma Lipoprotein Assembly, Remodeling, And Clearance R-HSA-174824",3,0.23138084801215208,1.8466793168880455,2.702966480293327,0.6091346707420102,PRKCA;APOE;APOB
Reactome_2022,PI3K/AKT Signaling In Cancer R-HSA-2219528,4,0.23157118529640575,1.658501194947081,2.4261682544726084,0.6091346707420102,PDGFRA;FGF7;KITLG;KIT
Reactome_2022,RHOU GTPase Cycle R-HSA-9013420,2,0.23169022746065399,2.261338591810695,3.3068775938556536,0.6091346707420102,SPTBN1;ARHGEF6
Reactome_2022,DAG And IP3 Signaling R-HSA-1489509,2,0.23169022746065399,2.261338591810695,3.3068775938556536,0.6091346707420102,PRKCA;ADCY6
Reactome_2022,"PI5P, PP2A And IER3 Regulate PI3K/AKT Signaling R-HSA-6811558",4,0.2366017741118762,1.642156862745098,2.3669668517188187,0.6146641645141541,PDGFRA;FGF7;KITLG;KIT
Reactome_2022,RET Signaling R-HSA-8853659,2,0.24038202377810255,2.2017167381974247,3.138604136599046,0.6146641645141541,DOK6;PRKCA
Reactome_2022,ALK Mutants Bind TKIs R-HSA-9700645,1,0.24739595003266782,3.8000778664590227,5.307816480409327,0.6146641645141541,ALK
Reactome_2022,CREB1 Phosphorylation Thru Activation Of Adenylate Cyclase R-HSA-442720,1,0.24739595003266782,3.8000778664590227,5.307816480409327,0.6146641645141541,PRKCA
Reactome_2022,Caspase-mediated Cleavage Of Cytoskeletal Proteins R-HSA-264870,1,0.24739595003266782,3.8000778664590227,5.307816480409327,0.6146641645141541,VIM
Reactome_2022,"Regulation Of Glycolysis By Fructose 2,6-Bisphosphate Metabolism R-HSA-9634600",1,0.24739595003266782,3.8000778664590227,5.307816480409327,0.6146641645141541,PRKCA
Reactome_2022,Reversible Hydration Of Carbon Dioxide R-HSA-1475029,1,0.24739595003266782,3.8000778664590227,5.307816480409327,0.6146641645141541,CA3
Reactome_2022,Scavenging Of Heme From Plasma R-HSA-2168880,1,0.24739595003266782,3.8000778664590227,5.307816480409327,0.6146641645141541,CD163
Reactome_2022,Disorders Of Developmental Biology R-HSA-9675151,1,0.24739595003266782,3.8000778664590227,5.307816480409327,0.6146641645141541,PRKCA
Reactome_2022,Eicosanoids R-HSA-211979,1,0.24739595003266782,3.8000778664590227,5.307816480409327,0.6146641645141541,CYP4A11
Reactome_2022,TP53 Regulates Transcription Of Caspase Activators And Caspases R-HSA-6803207,1,0.24739595003266782,3.8000778664590227,5.307816480409327,0.6146641645141541,TP63
Reactome_2022,TP53 Regulates Transcription Of Death Receptors And Ligands R-HSA-6803211,1,0.24739595003266782,3.8000778664590227,5.307816480409327,0.6146641645141541,TP63
Reactome_2022,Tandem Pore Domain Potassium Channels R-HSA-1296346,1,0.24739595003266782,3.8000778664590227,5.307816480409327,0.6146641645141541,KCNK17
Reactome_2022,Hormone Ligand-Binding Receptors R-HSA-375281,1,0.24739595003266782,3.8000778664590227,5.307816480409327,0.6146641645141541,LHCGR
Reactome_2022,Interleukin-35 Signaling R-HSA-8984722,1,0.24739595003266782,3.8000778664590227,5.307816480409327,0.6146641645141541,EBI3
Reactome_2022,Miscellaneous Substrates R-HSA-211958,1,0.24739595003266782,3.8000778664590227,5.307816480409327,0.6146641645141541,CYP4A11
Reactome_2022,Biological Oxidations R-HSA-211859,7,0.25039286093795166,1.3904144092278274,1.9253404120694844,0.6199795837607501,ACSS2;ALDH2;MAOA;ADH1A;CYP4A11;CYP1B1;ADH6
Reactome_2022,Sensory Processing Of Sound R-HSA-9659379,3,0.2564332215243595,1.7437275985663083,2.3730162085748687,0.6327686660822932,MYO1E;ATP2B4;SPTBN1
Reactome_2022,Activation Of GABAB Receptors R-HSA-991365,2,0.2578043966445498,2.0914163090128755,2.8350280238985994,0.6339883631769031,GNG4;ADCY6
Reactome_2022,"PTK6 Regulates RHO GTPases, RAS GTPase And MAP Kinases R-HSA-8849471",1,0.265017432114078,3.483226266952177,4.625584016525852,0.634462262975094,PXDN
Reactome_2022,Adenylate Cyclase Inhibitory Pathway R-HSA-170670,1,0.265017432114078,3.483226266952177,4.625584016525852,0.634462262975094,ADCY6
Reactome_2022,Apoptosis Induced DNA Fragmentation R-HSA-140342,1,0.265017432114078,3.483226266952177,4.625584016525852,0.634462262975094,H1-5
Reactome_2022,"Defective EXT1 Causes Exostoses 1, TRPS2 And CHDS R-HSA-3656253",1,0.265017432114078,3.483226266952177,4.625584016525852,0.634462262975094,SDC2
Reactome_2022,TFAP2 (AP-2) Family Regulates Transcription Of Growth Factors And Their Receptors R-HSA-8866910,1,0.265017432114078,3.483226266952177,4.625584016525852,0.634462262975094,KIT
Reactome_2022,TNFR1-induced Proapoptotic Signaling R-HSA-5357786,1,0.265017432114078,3.483226266952177,4.625584016525852,0.634462262975094,TNF
Reactome_2022,Transcriptional Regulation Of Testis Differentiation R-HSA-9690406,1,0.265017432114078,3.483226266952177,4.625584016525852,0.634462262975094,PTGDS
Reactome_2022,Alpha-Linolenic (Omega3) And Linoleic (Omega6) Acid Metabolism R-HSA-2046104,1,0.265017432114078,3.483226266952177,4.625584016525852,0.634462262975094,ACSL1
Reactome_2022,CDC42 GTPase Cycle R-HSA-9013148,5,0.27048096088142176,1.4539836813054956,1.9011615504273458,0.6436916555061316,FMNL3;DOCK11;SH3PXD2A;ARHGEF19;ARHGEF6
Reactome_2022,Negative Regulation Of PI3K/AKT Network R-HSA-199418,4,0.27246764155647807,1.536143625434989,1.9973483497112414,0.6436916555061316,PDGFRA;FGF7;KITLG;KIT
Reactome_2022,PI3K Cascade R-HSA-109704,2,0.27524345263536026,1.9916206826078071,2.569388429849175,0.6436916555061316,FGF7;PDE3B
Reactome_2022,TGF-beta Receptor Signaling Activates SMADs R-HSA-2173789,2,0.27524345263536026,1.9916206826078071,2.569388429849175,0.6436916555061316,ITGA8;LTBP1
Reactome_2022,G Alpha (12/13) Signaling Events R-HSA-416482,3,0.27545704335277055,1.6737204301075268,2.1579672253023072,0.6436916555061316,GNG4;ARHGEF19;ARHGEF6
Reactome_2022,Pentose Phosphate Pathway R-HSA-71336,1,0.28222718505593875,3.2151210673694615,4.06726611626464,0.6436916555061316,PHGDH
Reactome_2022,CS/DS Degradation R-HSA-2024101,1,0.28222718505593875,3.2151210673694615,4.06726611626464,0.6436916555061316,BGN
Reactome_2022,Regulation Of TP53 Activity Thru Association With Co-factors R-HSA-6804759,1,0.28222718505593875,3.2151210673694615,4.06726611626464,0.6436916555061316,TP63
Reactome_2022,DCC Mediated Attractive Signaling R-HSA-418885,1,0.28222718505593875,3.2151210673694615,4.06726611626464,0.6436916555061316,ABLIM1
Reactome_2022,SEMA3A-Plexin Repulsion Signaling By Inhibiting Integrin Adhesion R-HSA-399955,1,0.28222718505593875,3.2151210673694615,4.06726611626464,0.6436916555061316,SEMA3A
Reactome_2022,Synthesis Of Bile Acids And Bile Salts Via 24-Hydroxycholesterol R-HSA-193775,1,0.28222718505593875,3.2151210673694615,4.06726611626464,0.6436916555061316,AKR1C1
Reactome_2022,TP53 Regulates Transcription Of Additional Cell Death Genes With Uncertain Roles In P53-Dependent Apoptosis R-HSA-6803205,1,0.28222718505593875,3.2151210673694615,4.06726611626464,0.6436916555061316,TP63
Reactome_2022,Heme Biosynthesis R-HSA-189451,1,0.28222718505593875,3.2151210673694615,4.06726611626464,0.6436916555061316,FECH
Reactome_2022,Triglyceride Biosynthesis R-HSA-75109,1,0.28222718505593875,3.2151210673694615,4.06726611626464,0.6436916555061316,AGMO
Reactome_2022,Lysosphingolipid And LPA Receptors R-HSA-419408,1,0.28222718505593875,3.2151210673694615,4.06726611626464,0.6436916555061316,S1PR3
Reactome_2022,Heme Signaling R-HSA-9707616,2,0.2839569912691717,1.945204112186845,2.4488806593965355,0.6456003292063243,APOB;PPARGC1A
Reactome_2022,COPI-mediated Anterograde Transport R-HSA-6807878,3,0.28821828102591973,1.6300795978215332,2.027879602729181,0.6532345366198745,SPTB;DYNC1I1;SPTBN1
Reactome_2022,Depolymerisation Of Nuclear Lamina R-HSA-4419969,1,0.2990348088484956,2.9853166105842766,3.6038601658272706,0.6672906382637726,PRKCA
Reactome_2022,Fatty Acids R-HSA-211935,1,0.2990348088484956,2.9853166105842766,3.6038601658272706,0.6672906382637726,CYP4A11
Reactome_2022,Synthesis Of Prostaglandins (PG) And Thromboxanes (TX) R-HSA-2162123,1,0.2990348088484956,2.9853166105842766,3.6038601658272706,0.6672906382637726,PTGDS
Reactome_2022,Synthesis Of Bile Acids And Bile Salts Via 27-Hydroxycholesterol R-HSA-193807,1,0.2990348088484956,2.9853166105842766,3.6038601658272706,0.6672906382637726,AKR1C1
Reactome_2022,WNT5A-dependent Internalization Of FZD4 R-HSA-5099900,1,0.2990348088484956,2.9853166105842766,3.6038601658272706,0.6672906382637726,PRKCA
Reactome_2022,PLC Beta Mediated Events R-HSA-112043,2,0.301349558239015,1.8585598474010492,2.2293134783632778,0.6683304619840731,PRKCA;ADCY6
Reactome_2022,IRS-mediated Signaling R-HSA-112399,2,0.301349558239015,1.8585598474010492,2.2293134783632778,0.6683304619840731,FGF7;PDE3B
Reactome_2022,RHO GTPases Activate Formins R-HSA-5663220,4,0.3038950331176034,1.4555472263868066,1.7336628894943675,0.6710707867530673,FMNL3;DYNC1I1;ACTG1;SPC25
Reactome_2022,G Alpha (I) Signaling Events R-HSA-418594,9,0.3089694075308304,1.2443538471494209,1.4615097846860703,0.6710707867530673,HCAR3;CCL20;GNG4;PPP1R1B;CCL4;PRKCA;S1PR3;CXCL3;ADCY6
Reactome_2022,Inositol Phosphate Metabolism R-HSA-1483249,2,0.3100202083668754,1.8180630714685575,2.129166016060717,0.6710707867530673,NUDT11;NUDT10
Reactome_2022,CRMPs In Sema3A Signaling R-HSA-399956,1,0.31544968004706386,2.786152748037116,3.2145407353791247,0.6710707867530673,SEMA3A
Reactome_2022,Rap1 Signaling R-HSA-392517,1,0.31544968004706386,2.786152748037116,3.2145407353791247,0.6710707867530673,PRKCA
Reactome_2022,Sema3A PAK Dependent Axon Repulsion R-HSA-399954,1,0.31544968004706386,2.786152748037116,3.2145407353791247,0.6710707867530673,SEMA3A
Reactome_2022,Signaling By NTRK3 (TRKC) R-HSA-9034015,1,0.31544968004706386,2.786152748037116,3.2145407353791247,0.6710707867530673,PTPRS
Reactome_2022,Gap Junction Assembly R-HSA-190861,1,0.31544968004706386,2.786152748037116,3.2145407353791247,0.6710707867530673,GJD3
Reactome_2022,Hyaluronan Metabolism R-HSA-2142845,1,0.31544968004706386,2.786152748037116,3.2145407353791247,0.6710707867530673,HAS2
Reactome_2022,EPH-ephrin Mediated Repulsion Of Cells R-HSA-3928665,2,0.3186685195966599,1.779289562597023,2.034802376225636,0.6710707867530673,EPHA7;EPHB1
Reactome_2022,Vesicle-mediated Transport R-HSA-5653656,17,0.3238458091404205,1.1497889993562693,1.2963730396606383,0.6710707867530673,CD163;SPARC;SPTB;COL1A1;MYO1E;COL1A2;GJD3;COL4A2;SYT12;COL4A1;KIF26B;APOE;CD36;APOB;SPTBN1;DYNC1I1;SH3D19
Reactome_2022,Interferon Signaling R-HSA-913531,6,0.3271107256453361,1.2945508100147276,1.4466042882558428,0.6710707867530673,MT2A;BCL11B;NCAM1;HLA-E;HLA-DPA1;OASL
Reactome_2022,Chondroitin Sulfate/Dermatan Sulfate Metabolism R-HSA-1793185,2,0.32729079506850034,1.742131616595136,1.9457976416065605,0.6710707867530673,SDC2;BGN
Reactome_2022,Neurotransmitter Release Cycle R-HSA-112310,2,0.32729079506850034,1.742131616595136,1.9457976416065605,0.6710707867530673,MAOA;PPFIA2
Reactome_2022,MAPK Family Signaling Cascades R-HSA-5683057,9,0.3284059191942888,1.2198109017069612,1.3582653883406763,0.6710707867530673,PDGFRA;KITLG;FGF7;AGO2;KIT;PRKCA;NCAM1;SPTB;SPTBN1
Reactome_2022,Acetylcholine Neurotransmitter Release Cycle R-HSA-264642,1,0.33148095716029624,2.6118843683083512,2.884003320437652,0.6710707867530673,PPFIA2
Reactome_2022,Activated Point Mutants Of FGFR2 R-HSA-2033519,1,0.33148095716029624,2.6118843683083512,2.884003320437652,0.6710707867530673,FGF7
Reactome_2022,Platelet Sensitization By LDL R-HSA-432142,1,0.33148095716029624,2.6118843683083512,2.884003320437652,0.6710707867530673,APOB
Reactome_2022,Regulation Of RUNX1 Expression And Activity R-HSA-8934593,1,0.33148095716029624,2.6118843683083512,2.884003320437652,0.6710707867530673,AGO2
Reactome_2022,Formation Of Senescence-Associated Heterochromatin Foci (SAHF) R-HSA-2559584,1,0.33148095716029624,2.6118843683083512,2.884003320437652,0.6710707867530673,H1-5
Reactome_2022,GAB1 Signalosome R-HSA-180292,1,0.33148095716029624,2.6118843683083512,2.884003320437652,0.6710707867530673,PXDN
Reactome_2022,Gastrin-CREB Signaling Pathway Via PKC And MAPK R-HSA-881907,1,0.33148095716029624,2.6118843683083512,2.884003320437652,0.6710707867530673,PRKCA
Reactome_2022,Gastrulation R-HSA-9758941,1,0.33148095716029624,2.6118843683083512,2.884003320437652,0.6710707867530673,TP63
Reactome_2022,Tie2 Signaling R-HSA-210993,1,0.33148095716029624,2.6118843683083512,2.884003320437652,0.6710707867530673,GRB14
Reactome_2022,Trafficking Of GluR2-containing AMPA Receptors R-HSA-416993,1,0.33148095716029624,2.6118843683083512,2.884003320437652,0.6710707867530673,PRKCA
Reactome_2022,Translocation Of ZAP-70 To Immunological Synapse R-HSA-202430,1,0.33148095716029624,2.6118843683083512,2.884003320437652,0.6710707867530673,HLA-DPA1
Reactome_2022,MET Activates PTK2 Signaling R-HSA-8874081,1,0.33148095716029624,2.6118843683083512,2.884003320437652,0.6710707867530673,LAMA4
Reactome_2022,Metabolism Of Folate And Pterines R-HSA-196757,1,0.33148095716029624,2.6118843683083512,2.884003320437652,0.6710707867530673,ALDH1L1
Reactome_2022,MyD88 Deficiency (TLR2/4) R-HSA-5602498,1,0.33148095716029624,2.6118843683083512,2.884003320437652,0.6710707867530673,CD36
Reactome_2022,Synthesis Of PIPs At Plasma Membrane R-HSA-1660499,2,0.335883522627434,1.7064903214504685,1.8617653057799848,0.6710707867530673,PLEKHA5;PTPN13
Reactome_2022,Transcriptional Activity Of SMAD2/SMAD3:SMAD4 Heterotrimer R-HSA-2173793,2,0.335883522627434,1.7064903214504685,1.8617653057799848,0.6710707867530673,WWTR1;COL1A2
Reactome_2022,RHO GTPase Cycle R-HSA-9012999,12,0.33817926268364973,1.171819408661514,1.2704621834696714,0.6710707867530673,FMNL3;DOCK11;TPM4;SH3PXD2A;PCDH7;RHOJ;ARHGEF19;VIM;PTPN13;SPTBN1;ARHGEF6;ACTG1
Reactome_2022,Metabolism R-HSA-1430728,51,0.34081784303249013,1.0732963179006345,1.1553038082051972,0.6710707867530673,ALDH1L1;NUDT11;NUDT10;ACADL;CA3;ALDH2;BSG;CYP1B1;ACP5;PHGDH;CD36;PTGDS;HADH;SH3D19;MFSD2A;ACSL1;OMD;CYP4A11;BGN;DIO2;PRKCA;PLIN1;MGLL;PON3;ECHS1;ACSS2;FECH;MAOA;ADH1A;SDC2;AK5;HACD2;ACACB;ADCY6;ADH6;RHD;GNG4;OXCT1;AGMO;HAS2;APOE;APOB;PPARGC1A;ADHFE1;AKR1C1;PLEKHA5;G0S2;PTPN13;MARCKS;FABP4;FMOD
Reactome_2022,Apoptotic Execution Phase R-HSA-75153,2,0.34444336790941665,1.672274678111588,1.7823531475712848,0.6710707867530673,H1-5;VIM
Reactome_2022,G-protein Mediated Events R-HSA-112040,2,0.34444336790941665,1.672274678111588,1.7823531475712848,0.6710707867530673,PRKCA;ADCY6
Reactome_2022,Transcriptional Activation Of Mitochondrial Biogenesis R-HSA-2151201,2,0.34444336790941665,1.672274678111588,1.7823531475712848,0.6710707867530673,ACSS2;PPARGC1A
Reactome_2022,Peptide Hormone Metabolism R-HSA-2980736,3,0.34595703497323416,1.458814703675919,1.5484452827530635,0.6710707867530673,ENPEP;CPE;MYRIP
Reactome_2022,Phospholipase C-mediated Cascade; FGFR2 R-HSA-5654221,1,0.3471375854020016,2.458118150900617,2.600772771164602,0.6710707867530673,FGF7
Reactome_2022,Serotonin Neurotransmitter Release Cycle R-HSA-181429,1,0.3471375854020016,2.458118150900617,2.600772771164602,0.6710707867530673,PPFIA2
Reactome_2022,Signaling By FLT3 Fusion Proteins R-HSA-9703465,1,0.3471375854020016,2.458118150900617,2.600772771164602,0.6710707867530673,SPTBN1
Reactome_2022,Ephrin Signaling R-HSA-3928664,1,0.3471375854020016,2.458118150900617,2.600772771164602,0.6710707867530673,EPHB1
Reactome_2022,G Beta:Gamma Signaling Thru BTK R-HSA-8964315,1,0.3471375854020016,2.458118150900617,2.600772771164602,0.6710707867530673,GNG4
Reactome_2022,IRAK4 Deficiency (TLR2/4) R-HSA-5603041,1,0.3471375854020016,2.458118150900617,2.600772771164602,0.6710707867530673,CD36
Reactome_2022,VEGFR2 Mediated Cell Proliferation R-HSA-5218921,1,0.3471375854020016,2.458118150900617,2.600772771164602,0.6710707867530673,PRKCA
Reactome_2022,LDL Clearance R-HSA-8964038,1,0.3471375854020016,2.458118150900617,2.600772771164602,0.6710707867530673,APOB
Reactome_2022,MECP2 Regulates Neuronal Receptors And Channels R-HSA-9022699,1,0.3471375854020016,2.458118150900617,2.600772771164602,0.6710707867530673,TRPC3
Reactome_2022,Metabolism Of Angiotensinogen To Angiotensins R-HSA-2022377,1,0.3471375854020016,2.458118150900617,2.600772771164602,0.6710707867530673,ENPEP
Reactome_2022,Metabolism Of Amine-Derived Hormones R-HSA-209776,1,0.3471375854020016,2.458118150900617,2.600772771164602,0.6710707867530673,DIO2
Reactome_2022,Metabolism Of Carbohydrates R-HSA-71387,8,0.3511225165791162,1.2089153978967195,1.2652751139426395,0.6753496451645492,SDC2;OMD;BGN;HAS2;PRKCA;PHGDH;FMOD;RHD
Reactome_2022,Heparan Sulfate/Heparin (HS-GAG) Metabolism R-HSA-1638091,2,0.352967168154442,1.6394008247075655,1.7072396151676004,0.6753496451645492,SDC2;BGN
Reactome_2022,Insulin Receptor Signaling Cascade R-HSA-74751,2,0.352967168154442,1.6394008247075655,1.7072396151676004,0.6753496451645492,FGF7;PDE3B
Reactome_2022,Programmed Cell Death R-HSA-5357801,6,0.36031790491262033,1.2427671338562427,1.2685776275919485,0.6753496451645492,H1-5;UNC5B;IL1B;SEPTIN4;VIM;TP63
Reactome_2022,Pyruvate Metabolism And Citric Acid (TCA) Cycle R-HSA-71406,2,0.3614519259028392,1.6077913502806207,1.6361306524722594,0.6753496451645492,ADHFE1;BSG
Reactome_2022,RHOJ GTPase Cycle R-HSA-9013409,2,0.3614519259028392,1.6077913502806207,1.6361306524722594,0.6753496451645492,FMNL3;RHOJ
Reactome_2022,Interleukin-12 Family Signaling R-HSA-447115,2,0.3614519259028392,1.6077913502806207,1.6361306524722594,0.6753496451645492,SERPINB2;EBI3
Reactome_2022,Phase 4 - Resting Membrane Potential R-HSA-5576886,1,0.362428301969357,2.3214370687604093,2.3560929018582786,0.6753496451645492,KCNK17
Reactome_2022,Prostacyclin Signaling Thru Prostacyclin Receptor R-HSA-392851,1,0.362428301969357,2.3214370687604093,2.3560929018582786,0.6753496451645492,GNG4
Reactome_2022,RHO GTPases Activate ROCKs R-HSA-5627117,1,0.362428301969357,2.3214370687604093,2.3560929018582786,0.6753496451645492,PPP1R12B
Reactome_2022,RHO GTPases Activate CIT R-HSA-5625900,1,0.362428301969357,2.3214370687604093,2.3560929018582786,0.6753496451645492,PPP1R12B
Reactome_2022,Signaling By KIT In Disease R-HSA-9669938,1,0.362428301969357,2.3214370687604093,2.3560929018582786,0.6753496451645492,KIT
Reactome_2022,Signaling By PDGFR In Disease R-HSA-9671555,1,0.362428301969357,2.3214370687604093,2.3560929018582786,0.6753496451645492,PDGFRA
Reactome_2022,Nuclear Events Stimulated By ALK Signaling In Cancer R-HSA-9725371,1,0.362428301969357,2.3214370687604093,2.3560929018582786,0.6753496451645492,ALK
Reactome_2022,Post-translational Modification: Synthesis Of GPI-anchored Proteins R-HSA-163125,3,0.3651627392412952,1.409423704240667,1.4198705836438532,0.6779351968576439,CD52;ALPL;CNTN3
Reactome_2022,Intrinsic Pathway For Apoptosis R-HSA-109606,2,0.3698948031937539,1.5773746862094096,1.5687569038210596,0.6779351968576439,SEPTIN4;TP63
Reactome_2022,Signaling By NTRKs R-HSA-166520,4,0.37292820411350897,1.3068426724137931,1.2890295705856765,0.6779351968576439,ADCYAP1R1;PTPRS;BCL11B;F3
Reactome_2022,Phosphorylation Of CD3 And TCR Zeta Chains R-HSA-202427,1,0.3773616406889254,2.1991434689507496,2.1431781094152442,0.6779351968576439,HLA-DPA1
Reactome_2022,Apoptotic Factor-Mediated Response R-HSA-111471,1,0.3773616406889254,2.1991434689507496,2.1431781094152442,0.6779351968576439,SEPTIN4
Reactome_2022,CD209 (DC-SIGN) Signaling R-HSA-5621575,1,0.3773616406889254,2.1991434689507496,2.1431781094152442,0.6779351968576439,PRKCA
Reactome_2022,Chondroitin Sulfate Biosynthesis R-HSA-2022870,1,0.3773616406889254,2.1991434689507496,2.1431781094152442,0.6779351968576439,BGN
Reactome_2022,Regulation Of FZD By Ubiquitination R-HSA-4641263,1,0.3773616406889254,2.1991434689507496,2.1431781094152442,0.6779351968576439,LGR4
Reactome_2022,Signal Transduction By L1 R-HSA-445144,1,0.3773616406889254,2.1991434689507496,2.1431781094152442,0.6779351968576439,NCAM1
Reactome_2022,Signaling By Hippo R-HSA-2028269,1,0.3773616406889254,2.1991434689507496,2.1431781094152442,0.6779351968576439,WWTR1
Reactome_2022,FGFR2 Ligand Binding And Activation R-HSA-190241,1,0.3773616406889254,2.1991434689507496,2.1431781094152442,0.6779351968576439,FGF7
Reactome_2022,G Beta:Gamma Signaling Thru PLC Beta R-HSA-418217,1,0.3773616406889254,2.1991434689507496,2.1431781094152442,0.6779351968576439,GNG4
Reactome_2022,TP53 Regulates Transcription Of Genes Involved In Cytochrome C Release R-HSA-6803204,1,0.3773616406889254,2.1991434689507496,2.1431781094152442,0.6779351968576439,TP63
Reactome_2022,NOTCH4 Intracellular Domain Regulates Transcription R-HSA-9013695,1,0.3773616406889254,2.1991434689507496,2.1431781094152442,0.6779351968576439,ACTA2
Reactome_2022,Drug ADME R-HSA-9748784,3,0.3842735048852354,1.3632538569424966,1.3038169807111266,0.6779351968576439,PON3;ADH1A;BSG
Reactome_2022,P75 NTR Receptor-Mediated Signaling R-HSA-193704,3,0.3842735048852354,1.3632538569424966,1.3038169807111266,0.6779351968576439,LINGO1;ARHGEF19;ARHGEF6
Reactome_2022,Regulated Necrosis R-HSA-5218859,2,0.3866443265301556,1.519859539602029,1.4442466208779716,0.6779351968576439,IL1B;TP63
Reactome_2022,Signaling By ERBB4 R-HSA-1236394,2,0.3866443265301556,1.519859539602029,1.4442466208779716,0.6779351968576439,SPARC;APOE
Reactome_2022,NRAGE Signals Death Thru JNK R-HSA-193648,2,0.3866443265301556,1.519859539602029,1.4442466208779716,0.6779351968576439,ARHGEF19;ARHGEF6
Reactome_2022,Neurexins And Neuroligins R-HSA-6794361,2,0.3866443265301556,1.519859539602029,1.4442466208779716,0.6779351968576439,SYT12;EPB41L2
Reactome_2022,Ion Channel Transport R-HSA-983712,5,0.3899878123051406,1.22995807394232,1.1581774634968764,0.6779351968576439,TRPC3;ASPH;ATP2B4;ANO6;ANO5
Reactome_2022,PD-1 Signaling R-HSA-389948,1,0.3919459367724691,2.0890792291220555,1.9566971301741825,0.6779351968576439,HLA-DPA1
Reactome_2022,Presynaptic Function Of Kainate Receptors R-HSA-500657,1,0.3919459367724691,2.0890792291220555,1.9566971301741825,0.6779351968576439,GNG4
Reactome_2022,Branched-chain Amino Acid Catabolism R-HSA-70895,1,0.3919459367724691,2.0890792291220555,1.9566971301741825,0.6779351968576439,ECHS1
Reactome_2022,RHO GTPases Activate PAKs R-HSA-5627123,1,0.3919459367724691,2.0890792291220555,1.9566971301741825,0.6779351968576439,PPP1R12B
Reactome_2022,SHC1 Events In ERBB2 Signaling R-HSA-1250196,1,0.3919459367724691,2.0890792291220555,1.9566971301741825,0.6779351968576439,PRKCA
Reactome_2022,Synthesis Of Leukotrienes (LT) And Eoxins (EX) R-HSA-2142691,1,0.3919459367724691,2.0890792291220555,1.9566971301741825,0.6779351968576439,CYP4A11
Reactome_2022,HS-GAG Degradation R-HSA-2024096,1,0.3919459367724691,2.0890792291220555,1.9566971301741825,0.6779351968576439,SDC2
Reactome_2022,Interleukin-37 Signaling R-HSA-9008059,1,0.3919459367724691,2.0890792291220555,1.9566971301741825,0.6779351968576439,PTPN13
Reactome_2022,NOTCH2 Activation And Transmission Of Signal To Nucleus R-HSA-2979096,1,0.3919459367724691,2.0890792291220555,1.9566971301741825,0.6779351968576439,CNTN1
Reactome_2022,Factors Involved In Megakaryocyte Development And Platelet Production R-HSA-983231,4,0.39415505561952685,1.266980146290491,1.179572332513681,0.6801291293864389,EHD1;DOCK11;KIF26B;PRKCA
Reactome_2022,GABA Receptor Activation R-HSA-977443,2,0.40319600619920054,1.4663805436337625,1.3319610575426377,0.6861562771681761,GNG4;ADCY6
Reactome_2022,Iron Uptake And Transport R-HSA-917937,2,0.40319600619920054,1.4663805436337625,1.3319610575426377,0.6861562771681761,HEPH;LCN2
Reactome_2022,Apoptosis R-HSA-109581,5,0.4038988652090096,1.2084420529594626,1.0955624064600362,0.6861562771681761,H1-5;UNC5B;SEPTIN4;VIM;TP63
Reactome_2022,ADP Signaling Thru P2Y Purinoceptor 12 R-HSA-392170,1,0.4061893314356561,1.9894972978484755,1.7924095276320218,0.6861562771681761,GNG4
Reactome_2022,Blood Group Systems Biosynthesis R-HSA-9033658,1,0.4061893314356561,1.9894972978484755,1.7924095276320218,0.6861562771681761,RHD
Reactome_2022,Common Pathway Of Fibrin Clot Formation R-HSA-140875,1,0.4061893314356561,1.9894972978484755,1.7924095276320218,0.6861562771681761,F13A1
Reactome_2022,SHC-mediated cascade:FGFR2 R-HSA-5654699,1,0.4061893314356561,1.9894972978484755,1.7924095276320218,0.6861562771681761,FGF7
Reactome_2022,Laminin Interactions R-HSA-3000157,1,0.4061893314356561,1.9894972978484755,1.7924095276320218,0.6861562771681761,LAMA4
Reactome_2022,Nephrin Family Interactions R-HSA-373753,1,0.4061893314356561,1.9894972978484755,1.7924095276320218,0.6861562771681761,SPTBN1
Reactome_2022,SLC Transporter Disorders R-HSA-5619102,3,0.40953865465517225,1.3061827956989247,1.1660607110132148,0.689379618997469,HEPH;BSG;SLC4A4
Reactome_2022,Death Receptor Signaling R-HSA-73887,4,0.4100044760289235,1.2386334610472542,1.1043497420860022,0.689379618997469,LINGO1;ARHGEF19;TNF;ARHGEF6
Reactome_2022,FCGR3A-mediated Phagocytosis R-HSA-9664422,2,0.4113920939853936,1.4410241231315672,1.2799299026681443,0.6901078513954515,MYO1E;ACTG1
Reactome_2022,PI-3K cascade:FGFR2 R-HSA-5654695,1,0.42009977650176,1.8989682694179482,1.6469049805623424,0.6950392183312871,FGF7
Reactome_2022,RHOBTB1 GTPase Cycle R-HSA-9013422,1,0.42009977650176,1.8989682694179482,1.6469049805623424,0.6950392183312871,VIM
Reactome_2022,RHOBTB2 GTPase Cycle R-HSA-9013418,1,0.42009977650176,1.8989682694179482,1.6469049805623424,0.6950392183312871,ACTG1
Reactome_2022,Dopamine Neurotransmitter Release Cycle R-HSA-212676,1,0.42009977650176,1.8989682694179482,1.6469049805623424,0.6950392183312871,PPFIA2
Reactome_2022,Glutamate Neurotransmitter Release Cycle R-HSA-210500,1,0.42009977650176,1.8989682694179482,1.6469049805623424,0.6950392183312871,PPFIA2
Reactome_2022,Miscellaneous Transport And Binding Events R-HSA-5223345,1,0.42009977650176,1.8989682694179482,1.6469049805623424,0.6950392183312871,AZGP1
Reactome_2022,Intracellular Signaling By Second Messengers R-HSA-9006925,8,0.4256044074505418,1.1224978114969362,0.9588881263203893,0.6983391599637986,PDGFRA;KITLG;FGF7;AGO2;KIT;SNAI2;PRKCA;ADCY6
Reactome_2022,RAB Geranylgeranylation R-HSA-8873719,2,0.4276147751277582,1.3928469241773962,1.1832687948109053,0.6983391599637986,RAB3C;RAB34
Reactome_2022,Regulation Of Actin Dynamics For Phagocytic Cup Formation R-HSA-2029482,2,0.4276147751277582,1.3928469241773962,1.1832687948109053,0.6983391599637986,MYO1E;ACTG1
Reactome_2022,Potassium Channels R-HSA-1296071,3,0.428279085519719,1.2664059954382536,1.073887243401843,0.6983391599637986,GNG4;KCNK17;KCNN4
Reactome_2022,Diseases Of Glycosylation R-HSA-3781865,4,0.430999103446189,1.2027412552716448,1.0122862983578338,0.6983391599637986,SDC2;OMD;BGN;FMOD
Reactome_2022,Aggrephagy R-HSA-9646399,1,0.4336850384837421,1.8163113304161624,1.5174131915007172,0.6983391599637986,DYNC1I1
Reactome_2022,RHO GTPases Activate NADPH Oxidases R-HSA-5668599,1,0.4336850384837421,1.8163113304161624,1.5174131915007172,0.6983391599637986,PRKCA
Reactome_2022,FRS-mediated FGFR2 Signaling R-HSA-5654700,1,0.4336850384837421,1.8163113304161624,1.5174131915007172,0.6983391599637986,FGF7
Reactome_2022,Synthesis Of Bile Acids And Bile Salts Via 7Alpha-Hydroxycholesterol R-HSA-193368,1,0.4336850384837421,1.8163113304161624,1.5174131915007172,0.6983391599637986,AKR1C1
Reactome_2022,G-protein Activation R-HSA-202040,1,0.4336850384837421,1.8163113304161624,1.5174131915007172,0.6983391599637986,GNG4
Reactome_2022,Thromboxane Signaling Thru TP Receptor R-HSA-428930,1,0.4336850384837421,1.8163113304161624,1.5174131915007172,0.6983391599637986,GNG4
Reactome_2022,MicroRNA (miRNA) Biogenesis R-HSA-203927,1,0.4336850384837421,1.8163113304161624,1.5174131915007172,0.6983391599637986,AGO2
Reactome_2022,Signaling By MET R-HSA-6806834,2,0.43563773726110133,1.3699430099204952,1.138346279038175,0.6999246311995028,LAMA4;TNS3
Reactome_2022,Signaling By Rho GTPases R-HSA-194315,16,0.43918807226291545,1.0655543655938222,0.8767674848653902,0.7040642488826782,TPM4;PCDH7;ARHGEF19;PRKCA;PTPN13;ACTG1;FMNL3;DOCK11;SH3PXD2A;RHOJ;VIM;PPP1R12B;SPTBN1;DYNC1I1;ARHGEF6;SPC25
Reactome_2022,ADP Signaling Thru P2Y Purinoceptor 1 R-HSA-418592,1,0.4469527033179733,1.7405424696645253,1.4016632006084395,0.7055607085128706,GNG4
Reactome_2022,Basigin Interactions R-HSA-210991,1,0.4469527033179733,1.7405424696645253,1.4016632006084395,0.7055607085128706,BSG
Reactome_2022,Cell Recruitment (Pro-Inflammatory Response) R-HSA-9664424,1,0.4469527033179733,1.7405424696645253,1.4016632006084395,0.7055607085128706,IL1B
Reactome_2022,G Beta:Gamma Signaling Thru PI3Kgamma R-HSA-392451,1,0.4469527033179733,1.7405424696645253,1.4016632006084395,0.7055607085128706,GNG4
Reactome_2022,Gap Junction Trafficking R-HSA-190828,1,0.4469527033179733,1.7405424696645253,1.4016632006084395,0.7055607085128706,GJD3
Reactome_2022,TRP Channels R-HSA-3295583,1,0.4469527033179733,1.7405424696645253,1.4016632006084395,0.7055607085128706,TRPC3
Reactome_2022,NOTCH3 Intracellular Domain Regulates Transcription R-HSA-9013508,1,0.4469527033179733,1.7405424696645253,1.4016632006084395,0.7055607085128706,HEYL
Reactome_2022,RAF/MAP Kinase Cascade R-HSA-5673001,7,0.4493484876064112,1.1082298034575693,0.8865356908678425,0.7077972909355889,PDGFRA;KITLG;FGF7;KIT;NCAM1;SPTB;SPTBN1
Reactome_2022,Cytochrome P450 - Arranged By Substrate Type R-HSA-211897,2,0.4514986841230977,1.3263165065740172,1.0546641006864808,0.7096381491760861,CYP4A11;CYP1B1
Reactome_2022,Caspase Activation Via Extrinsic Apoptotic Signaling Pathway R-HSA-5357769,1,0.45991018028046393,1.6708351177730192,1.297777851011729,0.7166272852214988,UNC5B
Reactome_2022,Cholesterol Biosynthesis R-HSA-191273,1,0.45991018028046393,1.6708351177730192,1.297777851011729,0.7166272852214988,SH3D19
Reactome_2022,TNFR1-induced NFkappaB Signaling Pathway R-HSA-5357956,1,0.45991018028046393,1.6708351177730192,1.297777851011729,0.7166272852214988,TNF
Reactome_2022,Metal Ion SLC Transporters R-HSA-425410,1,0.45991018028046393,1.6708351177730192,1.297777851011729,0.7166272852214988,HEPH
Reactome_2022,MAPK1/MAPK3 Signaling R-HSA-5684996,7,0.47201417364737547,1.0832650437856512,0.8132571855551122,0.7269452819731291,PDGFRA;KITLG;FGF7;KIT;NCAM1;SPTB;SPTBN1
Reactome_2022,Signaling By BMP R-HSA-201451,1,0.4725647061236109,1.6064898698731676,1.2041936361313998,0.7269452819731291,GREM2
Reactome_2022,Endogenous Sterols R-HSA-211976,1,0.4725647061236109,1.6064898698731676,1.2041936361313998,0.7269452819731291,CYP1B1
Reactome_2022,FLT3 Signaling In Disease R-HSA-9682385,1,0.4725647061236109,1.6064898698731676,1.2041936361313998,0.7269452819731291,SPTBN1
Reactome_2022,Synthesis Of PC R-HSA-1483191,1,0.4725647061236109,1.6064898698731676,1.2041936361313998,0.7269452819731291,MFSD2A
Reactome_2022,Gap Junction Trafficking And Regulation R-HSA-157858,1,0.4725647061236109,1.6064898698731676,1.2041936361313998,0.7269452819731291,GJD3
Reactome_2022,"Signaling By Rho GTPases, Miro GTPases And RHOBTB3 R-HSA-9716542",16,0.478549465374717,1.0382015060737646,0.7651500431334102,0.7345886697790243,TPM4;PCDH7;ARHGEF19;PRKCA;PTPN13;ACTG1;FMNL3;DOCK11;SH3PXD2A;RHOJ;VIM;PPP1R12B;SPTBN1;DYNC1I1;ARHGEF6;SPC25
Reactome_2022,"Antigen Presentation: Folding, Assembly, Peptide Loading Of Class I MHC R-HSA-983170",1,0.48492334908826285,1.546910936632564,1.1195991334307016,0.7365537424176765,HLA-E
Reactome_2022,DAP12 Signaling R-HSA-2424491,1,0.48492334908826285,1.546910936632564,1.1195991334307016,0.7365537424176765,HLA-E
Reactome_2022,Downstream Signal Transduction R-HSA-186763,1,0.48492334908826285,1.546910936632564,1.1195991334307016,0.7365537424176765,PDGFRA
Reactome_2022,Interconversion Of Nucleotide Di- And Triphosphates R-HSA-499943,1,0.48492334908826285,1.546910936632564,1.1195991334307016,0.7365537424176765,AK5
Reactome_2022,Metabolism Of Porphyrins R-HSA-189445,1,0.48492334908826285,1.546910936632564,1.1195991334307016,0.7365537424176765,FECH
Reactome_2022,Transport Of Small Molecules R-HSA-382551,17,0.4870179818394697,1.0308683493220998,0.7416625974681951,0.7381844881969322,TRPC3;ATP2B4;PRKCA;ANO6;ANO5;SLC4A4;ADCY6;SLC25A18;AZGP1;ASPH;HEPH;GNG4;BSG;LCN2;APOE;SLC16A2;APOB
Reactome_2022,Activation Of G Protein Gated Potassium Channels R-HSA-1296041,1,0.496993013032404,1.491587641480575,1.0428872198680812,0.745489519548606,GNG4
Reactome_2022,Activation Of Kainate Receptors Upon Glutamate Binding R-HSA-451326,1,0.496993013032404,1.491587641480575,1.0428872198680812,0.745489519548606,GNG4
Reactome_2022,Downstream Signaling Of Activated FGFR2 R-HSA-5654696,1,0.496993013032404,1.491587641480575,1.0428872198680812,0.745489519548606,FGF7
Reactome_2022,EGR2 And SOX10-mediated Initiation Of Schwann Cell Myelination R-HSA-9619665,1,0.496993013032404,1.491587641480575,1.0428872198680812,0.745489519548606,WWTR1
Reactome_2022,"FOXO-mediated Transcription Of Oxidative Stress, Metabolic And Neuronal Genes R-HSA-9615017",1,0.496993013032404,1.491587641480575,1.0428872198680812,0.745489519548606,PPARGC1A
Reactome_2022,Signaling By NTRK1 (TRKA) R-HSA-187037,3,0.5008173805680098,1.128799767509445,0.7805805649608647,0.7496707373719899,ADCYAP1R1;BCL11B;F3
Reactome_2022,Interferon Alpha/Beta Signaling R-HSA-909733,2,0.5049296861596428,1.1932556713672593,0.8153946704845646,0.754264799779797,OASL;HLA-E
Reactome_2022,Activation Of BH3-only Proteins R-HSA-114452,1,0.5087804408354519,1.4400797459942405,0.9731176290622954,0.7553352335195724,TP63
Reactome_2022,Tight Junction Interactions R-HSA-420029,1,0.5087804408354519,1.4400797459942405,0.9731176290622954,0.7553352335195724,CLDN11
Reactome_2022,HS-GAG Biosynthesis R-HSA-2022928,1,0.5087804408354519,1.4400797459942405,0.9731176290622954,0.7553352335195724,SDC2
Reactome_2022,Extra-nuclear Estrogen Signaling R-HSA-9009391,2,0.5122839045785613,1.1763888049326,0.7868585988413505,0.7574166582219934,GNG4;S1PR3
Reactome_2022,Transmission Across Chemical Synapses R-HSA-112315,6,0.5166999804274005,1.043939393939394,0.6893057506076437,0.7574166582219934,ALDH2;MAOA;GNG4;PRKCA;ADCY6;PPFIA2
Reactome_2022,"Cell Death Signaling Via NRAGE, NRIF And NADE R-HSA-204998",2,0.5195658952241812,1.15999046256557,0.759517249460665,0.7574166582219934,ARHGEF19;ARHGEF6
Reactome_2022,Signaling By NOTCH1 R-HSA-1980143,2,0.5195658952241812,1.15999046256557,0.759517249460665,0.7574166582219934,HEYL;CNTN1
Reactome_2022,Activated NOTCH1 Transmits Signal To Nucleus R-HSA-2122948,1,0.5202922185641929,1.392005710206995,0.9094873465724389,0.7574166582219934,CNTN1
Reactome_2022,Pyruvate Metabolism R-HSA-70268,1,0.5202922185641929,1.392005710206995,0.9094873465724389,0.7574166582219934,BSG
Reactome_2022,Diseases Associated With TLR Signaling Cascade R-HSA-5602358,1,0.5202922185641929,1.392005710206995,0.9094873465724389,0.7574166582219934,CD36
Reactome_2022,Downregulation Of SMAD2/3:SMAD4 Transcriptional Activity R-HSA-2173795,1,0.5202922185641929,1.392005710206995,0.9094873465724389,0.7574166582219934,WWTR1
Reactome_2022,"Glutamate Binding, Activation Of AMPA Receptors And Synaptic Plasticity R-HSA-399721",1,0.5202922185641929,1.392005710206995,0.9094873465724389,0.7574166582219934,PRKCA
Reactome_2022,Diseases Of Metabolism R-HSA-5668914,6,0.5206584773669858,1.0395538071886619,0.6784761918661166,0.7574166582219934,MAOA;SDC2;OMD;BGN;CYP1B1;FMOD
Reactome_2022,Signaling By NOTCH2 R-HSA-1980145,1,0.5315347787378303,1.3470332251157007,0.8513070130551839,0.7685992900549026,CNTN1
Reactome_2022,Thrombin Signaling Thru Proteinase Activated Receptors (PARs) R-HSA-456926,1,0.5315347787378303,1.3470332251157007,0.8513070130551839,0.7685992900549026,GNG4
Reactome_2022,"Inactivation, Recovery And Regulation Of Phototransduction Cascade R-HSA-2514859",1,0.5315347787378303,1.3470332251157007,0.8513070130551839,0.7685992900549026,PRKCA
Reactome_2022,Neutrophil Degranulation R-HSA-6798695,11,0.5369580392870833,1.0046732328141383,0.6247413079100135,0.7721218784869274,PLAU;GMFG;P2RX1;LCN2;NBEAL2;ANO6;PTX3;CD36;RNASE2;OLFM4;MPO
Reactome_2022,Signaling By Insulin Receptor R-HSA-74752,2,0.5409723231554158,1.1134191702432046,0.6840704420310161,0.7721218784869274,FGF7;PDE3B
Reactome_2022,Oncogene Induced Senescence R-HSA-2559585,1,0.5425144042480763,1.3048715203426124,0.7979819676831995,0.7721218784869274,ETS2
Reactome_2022,Sialic Acid Metabolism R-HSA-4085001,1,0.5425144042480763,1.3048715203426124,0.7979819676831995,0.7721218784869274,ST6GAL2
Reactome_2022,Signal Amplification R-HSA-392518,1,0.5425144042480763,1.3048715203426124,0.7979819676831995,0.7721218784869274,GNG4
Reactome_2022,FGFR2 Mutant Receptor Activation R-HSA-1839126,1,0.5425144042480763,1.3048715203426124,0.7979819676831995,0.7721218784869274,FGF7
Reactome_2022,Signaling To ERKs R-HSA-187687,1,0.5425144042480763,1.3048715203426124,0.7979819676831995,0.7721218784869274,BCL11B
Reactome_2022,Phototransduction Cascade R-HSA-2514856,1,0.5425144042480763,1.3048715203426124,0.7979819676831995,0.7721218784869274,PRKCA
Reactome_2022,Metabolism Of Water-Soluble Vitamins And Cofactors R-HSA-196849,3,0.5464843056904304,1.0524803469775006,0.6359609230093815,0.7762439155484895,ALDH1L1;ACP5;ACACB
Reactome_2022,Immunoregulatory Interactions Between A Lymphoid And A non-Lymphoid Cell R-HSA-198933,3,0.5520197943539765,1.0436559139784947,0.6201104684033691,0.7781916699980308,LILRB4;SIGLEC7;HLA-E
Reactome_2022,Immune System R-HSA-168256,45,0.552784216807097,0.9883864314059593,0.585903179328265,0.7781916699980308,CSF1R;C1QA;MAOA;GMFG;EBI3;F13A1;CLU;TNF;MPO;ACTG1;OASL;MT2A;PTPRZ1;PLAU;CCL4;NCAM1;CD36;APOB;DYNC1I1;HLA-DPA1;SERPINB2;BCL11B;CCL20;AKR1C1;PRKCA;NBEAL2;ANO6;LMO7;RNASE2;OLFM4;PTPN13;LILRB4;HLA-E;ENAH;MYO1E;COL1A2;P2RX1;IL1B;FSCN1;LCN2;PTX3;VIM;CD46;SIGLEC7;C1QC
Reactome_2022,COPI-independent Golgi-to-ER Retrograde Traffic R-HSA-6811436,1,0.5532372315062072,1.2652650704042567,0.7489969132187179,0.7781916699980308,DYNC1I1
Reactome_2022,Synthesis Of Bile Acids And Bile Salts R-HSA-192105,1,0.5532372315062072,1.2652650704042567,0.7489969132187179,0.7781916699980308,AKR1C1
Reactome_2022,Negative Regulation Of FGFR2 Signaling R-HSA-5654727,1,0.5532372315062072,1.2652650704042567,0.7489969132187179,0.7781916699980308,FGF7
Reactome_2022,G Alpha (Q) Signaling Events R-HSA-416476,5,0.555508129961434,1.0081802151480055,0.5926809543380781,0.7798686950720713,UTS2B;TRPC3;GNG4;PRKCA;MGLL
Reactome_2022,Regulation Of TNFR1 Signaling R-HSA-5357905,1,0.5637092541362817,1.2279884116387454,0.703903424746072,0.7867988238234203,TNF
Reactome_2022,Gene And Protein Expression By JAK-STAT Signaling After Interleukin-12 Stimulation R-HSA-8950505,1,0.5637092541362817,1.2279884116387454,0.703903424746072,0.7867988238234203,SERPINB2
Reactome_2022,Inwardly Rectifying K+ Channels R-HSA-1296065,1,0.5637092541362817,1.2279884116387454,0.703903424746072,0.7867988238234203,GNG4
Reactome_2022,TP53 Regulates Metabolic Genes R-HSA-5628897,2,0.5684710991337938,1.05682620742109,0.5969005190920279,0.7919163866545914,AGO2;TP63
Reactome_2022,RHO GTPases Activate WASPs And WAVEs R-HSA-5663213,1,0.5739363261604541,1.1928418476598348,0.6623097128855812,0.7964605831362924,ACTG1
Reactome_2022,ROS And RNS Production In Phagocytes R-HSA-1222556,1,0.5739363261604541,1.1928418476598348,0.6623097128855812,0.7964605831362924,MPO
Reactome_2022,PI Metabolism R-HSA-1483255,2,0.5751572979869496,1.0435622317596567,0.5772064945485375,0.7966259127290508,PLEKHA5;PTPN13
Reactome_2022,Cooperation Of PDCL (PhLP1) And TRiC/CCT In G-protein Beta Folding R-HSA-6814122,1,0.5839241652598034,1.1596478705686415,0.6238721839118695,0.8056816249672478,GNG4
Reactome_2022,Early SARS-CoV-2 Infection Events R-HSA-9772572,1,0.5839241652598034,1.1596478705686415,0.6238721839118695,0.8056816249672478,SDC2
Reactome_2022,Apoptotic Cleavage Of Cellular Proteins R-HSA-111465,1,0.5936783557275808,1.1282481625094045,0.5882884434041429,0.8160255726065416,VIM
Reactome_2022,HSP90 Chaperone Cycle For Steroid Hormone Receptors (SHR) In Presence Of Ligand R-HSA-3371497,1,0.5936783557275808,1.1282481625094045,0.5882884434041429,0.8160255726065416,DYNC1I1
Reactome_2022,PIP3 Activates AKT Signaling R-HSA-1257604,6,0.6004438664542752,0.9551898483196193,0.48722908344243354,0.8223474408460739,PDGFRA;KITLG;FGF7;AGO2;KIT;SNAI2
Reactome_2022,"Transport Of Bile Salts And Organic Acids, Metal Ions And Amine Compounds R-HSA-425366",2,0.6011429704330586,0.9936644185571224,0.5056981653090328,0.8223474408460739,HEPH;BSG
Reactome_2022,Transcriptional Regulation By VENTX R-HSA-8853884,1,0.6032043521154389,1.0985010706638116,0.5552914643446706,0.8223474408460739,CSF1R
Reactome_2022,NGF-stimulated Transcription R-HSA-9031628,1,0.6032043521154389,1.0985010706638116,0.5552914643446706,0.8223474408460739,F3
Reactome_2022,RHO GTPase Effectors R-HSA-195258,6,0.604064213890082,0.9515085674781493,0.4796314645032694,0.8223474408460739,FMNL3;PRKCA;PPP1R12B;DYNC1I1;SPC25;ACTG1
Reactome_2022,ER To Golgi Anterograde Transport R-HSA-199977,3,0.6051021279807902,0.96287841191067,0.48370970080599024,0.8223474408460739,SPTB;SPTBN1;DYNC1I1
Reactome_2022,Regulation Of PLK1 Activity At G2/M Transition R-HSA-2565942,2,0.6074493502880349,0.9819237566271144,0.4894757183014513,0.8224454686484068,PRKCA;PPP1R12B
Reactome_2022,Fcgamma Receptor (FCGR) Dependent Phagocytosis R-HSA-2029480,2,0.6074493502880349,0.9819237566271144,0.4894757183014513,0.8224454686484068,MYO1E;ACTG1
Reactome_2022,Antimicrobial Peptides R-HSA-6803157,2,0.6198343040408759,0.9592521335898574,0.45881325786617316,0.83378794251444,LCN2;CLU
Reactome_2022,ER-Phagosome Pathway R-HSA-1236974,2,0.6198343040408759,0.9592521335898574,0.45881325786617316,0.83378794251444,CD36;HLA-E
Reactome_2022,Mitochondrial Biogenesis R-HSA-1592230,2,0.6198343040408759,0.9592521335898574,0.45881325786617316,0.83378794251444,ACSS2;PPARGC1A
Reactome_2022,Carboxyterminal Post-Translational Modifications Of Tubulin R-HSA-8955332,1,0.6215929474623557,1.0434689507494648,0.49613800021378585,0.83378794251444,TTLL7
Reactome_2022,Intraflagellar Transport R-HSA-5620924,1,0.6215929474623557,1.0434689507494648,0.49613800021378585,0.83378794251444,DYNLT5
Reactome_2022,MAPK6/MAPK4 Signaling R-HSA-5687128,2,0.6259131040155964,0.9483027701911823,0.44432131616064685,0.8348476122850564,AGO2;PRKCA
Reactome_2022,Activation Of Gene Expression By SREBF (SREBP) R-HSA-2426168,1,0.6304658316841505,1.01796626103306,0.46958408751079245,0.8348476122850564,ACACB
Reactome_2022,RND1 GTPase Cycle R-HSA-9696273,1,0.6304658316841505,1.01796626103306,0.46958408751079245,0.8348476122850564,PTPN13
Reactome_2022,RND3 GTPase Cycle R-HSA-9696264,1,0.6304658316841505,1.01796626103306,0.46958408751079245,0.8348476122850564,PTPN13
Reactome_2022,Signaling By FGFR2 In Disease R-HSA-5655253,1,0.6304658316841505,1.01796626103306,0.46958408751079245,0.8348476122850564,FGF7
Reactome_2022,"Gamma Carboxylation, Hypusine Formation And Arylsulfatase Activation R-HSA-163841",1,0.6304658316841505,1.01796626103306,0.46958408751079245,0.8348476122850564,GAS6
Reactome_2022,Kinesins R-HSA-983189,1,0.6304658316841505,1.01796626103306,0.46958408751079245,0.8348476122850564,KIF26B
Reactome_2022,Class B/2 (Secretin Family Receptors) R-HSA-373080,2,0.6378441826826136,0.9271340009537434,0.41689623678657073,0.8375852741766839,ADCYAP1R1;GNG4
Reactome_2022,RND2 GTPase Cycle R-HSA-9696270,1,0.6391310977422311,0.9936779851126746,0.4448156621772944,0.8375852741766839,PTPN13
Reactome_2022,DAP12 Interactions R-HSA-2172127,1,0.6391310977422311,0.9936779851126746,0.4448156621772944,0.8375852741766839,HLA-E
Reactome_2022,SUMOylation Of Transcription Cofactors R-HSA-3899300,1,0.6391310977422311,0.9936779851126746,0.4448156621772944,0.8375852741766839,PPARGC1A
Reactome_2022,"Transport Of Vitamins, Nucleosides, And Related Molecules R-HSA-425397",1,0.6391310977422311,0.9936779851126746,0.4448156621772944,0.8375852741766839,SLC16A2
Reactome_2022,Unattached Kinetochores Signal Amplification Via A MAD2 Inhibitory Signal R-HSA-141444,2,0.643696894401787,0.9168985520916851,0.4039188660277018,0.8375852741766839,DYNC1I1;SPC25
Reactome_2022,VEGFA-VEGFR2 Pathway R-HSA-4420097,2,0.643696894401787,0.9168985520916851,0.4039188660277018,0.8375852741766839,PXDN;PRKCA
Reactome_2022,Class A/1 (Rhodopsin-like Receptors) R-HSA-373076,7,0.6466697186991988,0.9116323210412147,0.3973983930579007,0.8375852741766839,UTS2B;HCAR3;LHCGR;CCL20;CCL4;S1PR3;CXCL3
Reactome_2022,Aspirin ADME R-HSA-9749641,1,0.647593593727201,0.9705193964444002,0.4216828646444161,0.8375852741766839,BSG
Reactome_2022,TNF Signaling R-HSA-75893,1,0.647593593727201,0.9705193964444002,0.4216828646444161,0.8375852741766839,TNF
Reactome_2022,TP53 Regulates Transcription Of Cell Death Genes R-HSA-5633008,1,0.647593593727201,0.9705193964444002,0.4216828646444161,0.8375852741766839,TP63
Reactome_2022,Interleukin-12 Signaling R-HSA-9020591,1,0.647593593727201,0.9705193964444002,0.4216828646444161,0.8375852741766839,SERPINB2
Reactome_2022,"Interleukin-3, Interleukin-5 And GM-CSF Signaling R-HSA-512988",1,0.647593593727201,0.9705193964444002,0.4216828646444161,0.8375852741766839,PRKCA
Reactome_2022,Beta-catenin Independent WNT Signaling R-HSA-3858494,3,0.6491789518481281,0.9001160362032954,0.3888923120666289,0.8381363967610654,GNG4;AGO2;PRKCA
Reactome_2022,Bile Acid And Bile Salt Metabolism R-HSA-194068,1,0.6558580544202038,0.9484134708974109,0.4000511339542736,0.8452502198677494,AKR1C1
Reactome_2022,HCMV Early Events R-HSA-9609690,2,0.6608069545503359,0.8874988585517304,0.3676850371016396,0.8501128614588841,CD46;DYNC1I1
Reactome_2022,Diseases Of Signal Transduction By Growth Factor Receptors And Second Messengers R-HSA-5663202,9,0.6632393510994391,0.9032364753130168,0.3708863669187948,0.8517265556747682,ALK;HEYL;PDGFRA;FGF7;KITLG;TPM4;KIT;LMO7;SPTBN1
Reactome_2022,EML4 And NUDC In Mitotic Spindle Formation R-HSA-9648025,2,0.6663620112983455,0.8781115879828326,0.3564449837838931,0.8542193868239429,DYNC1I1;SPC25
Reactome_2022,Hedgehog Off State R-HSA-5610787,2,0.6718435146374807,0.8689198855507868,0.3455953589711755,0.8585406892066664,PRKCA;ADCY6
Reactome_2022,RHOA GTPase Cycle R-HSA-8980692,3,0.6721079254370307,0.8686379928315412,0.34514144782780404,0.8585406892066664,FMNL3;PCDH7;ARHGEF19
Reactome_2022,Peptide Ligand-Binding Receptors R-HSA-375276,4,0.6764204825597191,0.8683548850574713,0.3394749893382331,0.862525588872446,UTS2B;CCL20;CCL4;CXCL3
Reactome_2022,NOTCH1 Intracellular Domain Regulates Transcription R-HSA-2122947,1,0.6795089352193653,0.8877397603535468,0.3430092347839866,0.864938310147185,HEYL
Reactome_2022,Signaling By EGFR R-HSA-177929,1,0.6870264361678275,0.8692005710206995,0.3262826893543213,0.8693638600682724,PXDN
Reactome_2022,Signaling By ERBB2 R-HSA-1227986,1,0.6870264361678275,0.8692005710206995,0.3262826893543213,0.8693638600682724,PRKCA
Reactome_2022,Signaling By NOTCH3 R-HSA-9012852,1,0.6870264361678275,0.8692005710206995,0.3262826893543213,0.8693638600682724,HEYL
Reactome_2022,Signaling By WNT R-HSA-195721,6,0.6884235770352208,0.8677849927849928,0.32398836550746846,0.8693638600682724,SFRP1;WIF1;GNG4;AGO2;PRKCA;LGR4
Reactome_2022,SLC-mediated Transmembrane Transport R-HSA-425407,5,0.6889979139960167,0.8608071684843724,0.32066533458832647,0.8693638600682724,SLC25A18;HEPH;BSG;SLC16A2;SLC4A4
Reactome_2022,Signaling By VEGF R-HSA-194138,2,0.6930421652632038,0.8339914163090129,0.3057949932134641,0.8729433545040006,PXDN;PRKCA
Reactome_2022,Metabolism Of Steroids R-HSA-8957322,3,0.6981474128791073,0.8336344086021505,0.29954568827370226,0.8750805723333261,AKR1C1;ACACB;SH3D19
Reactome_2022,Translocation Of SLC2A4 (GLUT4) To Plasma Membrane R-HSA-1445148,1,0.701537653180497,0.8343468950749464,0.29575987611521315,0.8750805723333261,MYO1E
Reactome_2022,Signaling By NOTCH R-HSA-157118,4,0.7027180793072928,0.8375064980072777,0.2954718676893878,0.8750805723333261,ACTA2;HEYL;AGO2;CNTN1
Reactome_2022,Antigen processing-Cross Presentation R-HSA-1236975,2,0.7032113589566562,0.8175544896070016,0.28785912041420547,0.8750805723333261,CD36;HLA-E
Reactome_2022,Cargo Recognition For Clathrin-Mediated Endocytosis R-HSA-8856825,2,0.7032113589566562,0.8175544896070016,0.28785912041420547,0.8750805723333261,SYT12;APOB
Reactome_2022,Transport Of Inorganic Cations/Anions And Amino Acids/Oligopeptides R-HSA-425393,2,0.7032113589566562,0.8175544896070016,0.28785912041420547,0.8750805723333261,SLC25A18;SLC4A4
Reactome_2022,MHC Class II Antigen Presentation R-HSA-2132295,2,0.7032113589566562,0.8175544896070016,0.28785912041420547,0.8750805723333261,DYNC1I1;HLA-DPA1
Reactome_2022,Signaling By Non-Receptor Tyrosine Kinases R-HSA-9006927,1,0.7085394939744567,0.8179451652181216,0.28182257997172305,0.8801959693187839,PXDN
Reactome_2022,Innate Immune System R-HSA-168249,22,0.7100723816019344,0.9017702601605142,0.308755647889913,0.8805871902198946,C1QA;GMFG;AKR1C1;PRKCA;NBEAL2;ANO6;RNASE2;OLFM4;CLU;MPO;HLA-E;ACTG1;MYO1E;PLAU;P2RX1;IL1B;LCN2;PTX3;CD36;APOB;CD46;C1QC
Reactome_2022,Resolution Of Sister Chromatid Cohesion R-HSA-2500257,2,0.7130990175700043,0.8017497523935292,0.27109964742468234,0.8811207348054925,DYNC1I1;SPC25
Reactome_2022,Ion Transport By P-type ATPases R-HSA-936837,1,0.7153774153953307,0.8021742711250206,0.26868427877278644,0.8811207348054925,ATP2B4
Reactome_2022,Nuclear Envelope Breakdown R-HSA-2980766,1,0.7153774153953307,0.8021742711250206,0.26868427877278644,0.8811207348054925,PRKCA
Reactome_2022,Nuclear Receptor Transcription Pathway R-HSA-383280,1,0.7153774153953307,0.8021742711250206,0.26868427877278644,0.8811207348054925,NR4A3
Reactome_2022,Phospholipid Metabolism R-HSA-1483257,4,0.7205374215724974,0.8167680865449628,0.26770221452092646,0.8859669316274076,PLEKHA5;PTPN13;MGLL;MFSD2A
Reactome_2022,Regulation Of Cholesterol Biosynthesis By SREBP (SREBF) R-HSA-1655829,1,0.7285767284716846,0.7723848045047188,0.2445851756964467,0.892815211330556,ACACB
Reactome_2022,Golgi Associated Vesicle Biogenesis R-HSA-432722,1,0.7285767284716846,0.7723848045047188,0.2445851756964467,0.892815211330556,SH3D19
Reactome_2022,Mitotic Spindle Checkpoint R-HSA-69618,2,0.7320468454528348,0.7718963598791925,0.24076278839330767,0.8955496941834172,DYNC1I1;SPC25
Reactome_2022,Golgi-to-ER Retrograde Transport R-HSA-8856688,2,0.7411160735835511,0.7577838470542333,0.22703054125762948,0.9028497182361762,KIF26B;DYNC1I1
Reactome_2022,SUMOylation Of Chromatin Organization Proteins R-HSA-4551638,1,0.741165169290903,0.7447231569287244,0.22306825131050936,0.9028497182361762,SATB2
Reactome_2022,Transport To Golgi And Subsequent Modification R-HSA-948021,3,0.7417603494222527,0.7762372270086155,0.2318846227494761,0.9028497182361762,SPTB;SPTBN1;DYNC1I1
Reactome_2022,Cellular Senescence R-HSA-2559583,3,0.7454655123013427,0.7714058144165671,0.22659768633351482,0.9058345636871777,H1-5;TNIK;ETS2
Reactome_2022,Constitutive Signaling By NOTCH1 HD+PEST Domain Mutants R-HSA-2894862,1,0.7472391809384329,0.7316202712348323,0.21317216655019758,0.9058873148991677,HEYL
Reactome_2022,GPCR Ligand Binding R-HSA-500792,9,0.7480148367839601,0.8333551683479627,0.24195006102339295,0.9058873148991677,UTS2B;HCAR3;LHCGR;ADCYAP1R1;CCL20;GNG4;CCL4;S1PR3;CXCL3
Reactome_2022,B-WICH Complex Positively Regulates rRNA Expression R-HSA-5250924,1,0.7531709516215823,0.7189692091855571,0.2038012045777524,0.9060608952119867,MYO1E
Reactome_2022,Degradation Of GLI1 By Proteasome R-HSA-5610780,1,0.7531709516215823,0.7189692091855571,0.2038012045777524,0.9060608952119867,PRKCA
Reactome_2022,Degradation Of GLI2 By Proteasome R-HSA-5610783,1,0.7531709516215823,0.7189692091855571,0.2038012045777524,0.9060608952119867,PRKCA
Reactome_2022,GLI3 Is Processed To GLI3R By Proteasome R-HSA-5610785,1,0.7531709516215823,0.7189692091855571,0.2038012045777524,0.9060608952119867,PRKCA
Reactome_2022,TCR Signaling R-HSA-202403,2,0.758469023271471,0.7310443490701002,0.20209963772224182,0.9062638933123861,ENAH;HLA-DPA1
Reactome_2022,Recruitment And ATM-mediated Phosphorylation Of Repair And Signal Proteins At DNA Double Strand Breaks R-HSA-5693565,1,0.7589638054673071,0.7067469966972744,0.19492166261550103,0.9062638933123861,EYA1
Reactome_2022,Post NMDA Receptor Activation Events R-HSA-438064,1,0.7646209888251114,0.6949321912919343,0.18650243196002164,0.9062638933123861,PRKCA
Reactome_2022,Regulation Of PTEN Gene Transcription R-HSA-8943724,1,0.7646209888251114,0.6949321912919343,0.18650243196002164,0.9062638933123861,SNAI2
Reactome_2022,DNA Damage/Telomere Stress Induced Senescence R-HSA-2559586,1,0.7646209888251114,0.6949321912919343,0.18650243196002164,0.9062638933123861,H1-5
Reactome_2022,DNA Double Strand Break Response R-HSA-5693606,1,0.7646209888251114,0.6949321912919343,0.18650243196002164,0.9062638933123861,EYA1
Reactome_2022,Selective Autophagy R-HSA-9663891,1,0.7646209888251114,0.6949321912919343,0.18650243196002164,0.9062638933123861,DYNC1I1
Reactome_2022,Signaling By FGFR In Disease R-HSA-1226099,1,0.7646209888251114,0.6949321912919343,0.18650243196002164,0.9062638933123861,FGF7
Reactome_2022,Nuclear Events (Kinase And Transcription Factor Activation) R-HSA-198725,1,0.7646209888251114,0.6949321912919343,0.18650243196002164,0.9062638933123861,F3
Reactome_2022,Pre-NOTCH Transcription And Translation R-HSA-1912408,1,0.770145672622713,0.6835047565556218,0.17851476271135847,0.909828956382715,AGO2
Reactome_2022,RHO GTPases Activate PKNs R-HSA-5625740,1,0.770145672622713,0.6835047565556218,0.17851476271135847,0.909828956382715,PPP1R12B
Reactome_2022,Synthesis Of Substrates In N-glycan Biosythesis R-HSA-446219,1,0.7755409535915495,0.6724459487462872,0.1709320539763603,0.9147081720174393,ST6GAL2
Reactome_2022,HCMV Infection R-HSA-9609646,2,0.7787389629435776,0.700147870306921,0.17509254655116588,0.9169841534335613,CD46;DYNC1I1
Reactome_2022,Semaphorin Interactions R-HSA-373755,1,0.7808098564213074,0.661738214200741,0.16372966476257123,0.9179276848660247,SEMA3A
Reactome_2022,Disorders Of Transmembrane Transporters R-HSA-5619115,3,0.7834700681232761,0.721946671639008,0.17617117442533545,0.9195598364498841,HEPH;BSG;SLC4A4
Reactome_2022,FOXO-mediated Transcription R-HSA-9614085,1,0.7859553351685283,0.651365096359743,0.15688474458627244,0.9209816974503175,PPARGC1A
Reactome_2022,RAC1 GTPase Cycle R-HSA-9013149,3,0.7898528816933311,0.7136221198156683,0.16834957849306287,0.9238751838111167,DOCK11;ARHGEF19;ARHGEF6
Reactome_2022,RUNX1 Regulates Genes Involved In Megakaryocyte Differentiation And Platelet Function R-HSA-8936459,1,0.7909802749364886,0.6413111513753912,0.15037608069501823,0.9238751838111167,NR4A3
Reactome_2022,Asparagine N-linked Glycosylation R-HSA-446203,5,0.7924436489706129,0.7506764079812244,0.17463276628291968,0.9240915454931502,ST6GAL2;SPTB;SPTBN1;ASGR1;DYNC1I1
Reactome_2022,Costimulation By CD28 Family R-HSA-388841,1,0.8006797434416254,0.6221036146888683,0.13829004574021744,0.9286683762231246,HLA-DPA1
Reactome_2022,Glycerophospholipid Biosynthesis R-HSA-1483206,2,0.8010850079230242,0.6663347639484979,0.14778519475691101,0.9286683762231246,MGLL;MFSD2A
Reactome_2022,Neurotransmitter Receptors And Postsynaptic Signal Transmission R-HSA-112314,3,0.8021503229387791,0.6975310866822851,0.1537771827283261,0.9286683762231246,GNG4;PRKCA;ADCY6
Reactome_2022,RHOB GTPase Cycle R-HSA-9013026,1,0.8053597121603031,0.6129235420078095,0.13267726310602765,0.9286683762231246,PCDH7
Reactome_2022,Circadian Clock R-HSA-400253,1,0.8053597121603031,0.6129235420078095,0.13267726310602765,0.9286683762231246,PPARGC1A
Reactome_2022,Glycolysis R-HSA-70171,1,0.8053597121603031,0.6129235420078095,0.13267726310602765,0.9286683762231246,PRKCA
Reactome_2022,Loss Of Nlp From Mitotic Centrosomes R-HSA-380259,1,0.8053597121603031,0.6129235420078095,0.13267726310602765,0.9286683762231246,PRKCA
Reactome_2022,Mitotic Prometaphase R-HSA-68877,3,0.8138390521763619,0.682143486691345,0.1405165493666178,0.9360990728551052,PRKCA;DYNC1I1;SPC25
Reactome_2022,trans-Golgi Network Vesicle Budding R-HSA-199992,1,0.8143932459555479,0.5953502600183542,0.12223250882477173,0.9360990728551052,SH3D19
Reactome_2022,AURKA Activation By TPX2 R-HSA-8854518,1,0.8187518792061845,0.5869348855445305,0.1173718323233739,0.9374531896814278,PRKCA
Reactome_2022,Signaling By FGFR2 R-HSA-5654738,1,0.8187518792061845,0.5869348855445305,0.1173718323233739,0.9374531896814278,FGF7
Reactome_2022,ESR-mediated Signaling R-HSA-8939211,3,0.8194611561253974,0.6746992153443766,0.13433820123086765,0.9374531896814278,GNG4;AGO2;S1PR3
Reactome_2022,RHOC GTPase Cycle R-HSA-9013106,1,0.8230083703515549,0.5787532714727576,0.11273471764758554,0.940023778458411,FMNL3
Reactome_2022,Activation Of NMDA Receptors And Postsynaptic Events R-HSA-442755,1,0.8271651081236634,0.5707958112111701,0.10830905132569421,0.9409881875034208,PRKCA
Reactome_2022,Positive Epigenetic Regulation Of rRNA Expression R-HSA-5250913,1,0.8271651081236634,0.5707958112111701,0.10830905132569421,0.9409881875034208,MYO1E
Reactome_2022,Signaling By Hedgehog R-HSA-5358351,2,0.8277572437789428,0.6259963212752913,0.11833543458335659,0.9409881875034208,PRKCA;ADCY6
Reactome_2022,Transcriptional Regulation By Small RNAs R-HSA-5578749,1,0.8351886004577592,0.5555174875089222,0.10004742782311997,0.9479456171600626,AGO2
Reactome_2022,Biosynthesis Of N-glycan Precursor (Dolichol LLO) And Transfer To Protein R-HSA-446193,1,0.8390598588158658,0.5481798715203426,0.09619089247371287,0.9489036114656463,ST6GAL2
Reactome_2022,PTEN Regulation R-HSA-6807070,2,0.8398501731371949,0.6075937470630619,0.10604441112342015,0.9489036114656463,AGO2;SNAI2
Reactome_2022,Pre-NOTCH Expression And Processing R-HSA-1912422,1,0.8428403735933413,0.5410328429600378,0.09250454790992131,0.9489036114656463,AGO2
Reactome_2022,COPI-dependent Golgi-to-ER Retrograde Traffic R-HSA-6811434,1,0.8428403735933413,0.5410328429600378,0.09250454790992131,0.9489036114656463,KIF26B
Reactome_2022,Nuclear Events Mediated By NFE2L2 R-HSA-9759194,1,0.8428403735933413,0.5410328429600378,0.09250454790992131,0.9489036114656463,PHGDH
Reactome_2022,TCF Dependent Signaling In Response To WNT R-HSA-201681,3,0.8454486480180113,0.6397684036393714,0.10740934058605618,0.9489036114656463,SFRP1;WIF1;LGR4
Reactome_2022,C-type Lectin Receptors (CLRs) R-HSA-5621481,2,0.8456040907929823,0.5987896378176428,0.1004194214311227,0.9489036114656463,IL1B;PRKCA
Reactome_2022,Amyloid Fiber Formation R-HSA-977225,1,0.8465322674900994,0.534069071542305,0.08897962413151975,0.9489036114656463,APOE
Reactome_2022,Clathrin-mediated Endocytosis R-HSA-8856828,2,0.8484101581426517,0.5944819129368486,0.09772752553277578,0.9495364463423177,SYT12;APOB
Reactome_2022,Recruitment Of NuMA To Mitotic Centrosomes R-HSA-380320,1,0.8501376136256449,0.5272815981351476,0.08560788174418357,0.9499992189356125,PRKCA
Reactome_2022,Centrosome Maturation R-HSA-380287,1,0.8536584365786843,0.5206638115631692,0.08238157463210279,0.9509939131685498,PRKCA
Reactome_2022,Signaling By NOTCH4 R-HSA-9013694,1,0.8536584365786843,0.5206638115631692,0.08238157463210279,0.9509939131685498,ACTA2
Reactome_2022,Transcriptional Regulation By RUNX1 R-HSA-8878171,3,0.8594344090225742,0.6204782538918312,0.0939905236787157,0.9556198373113044,NR4A3;AGO2;RUNX2
Reactome_2022,Antiviral Mechanism By IFN-stimulated Genes R-HSA-1169410,1,0.860454376334245,0.5079124667049668,0.07633654403086756,0.9556198373113044,OASL
Reactome_2022,Signaling By FGFR R-HSA-190236,1,0.8700623192349569,0.48991056808162237,0.06819086684329252,0.9635171461417532,FGF7
Reactome_2022,Signaling By ROBO Receptors R-HSA-376176,3,0.8702305621446262,0.6052615095521453,0.08412958759927791,0.9635171461417532,ENAH;PRKCA;SLIT3
Reactome_2022,Interleukin-1 Family Signaling R-HSA-446652,2,0.8740205548511278,0.5545636623748211,0.07467276546833829,0.9655774844348978,IL1B;PTPN13
Reactome_2022,PCP/CE Pathway R-HSA-4086400,1,0.8760979665135449,0.4785990302493293,0.06330781640138809,0.9655774844348978,PRKCA
Reactome_2022,Regulation Of mRNA Stability By Proteins That Bind AU-rich Elements R-HSA-450531,1,0.8760979665135449,0.4785990302493293,0.06330781640138809,0.9655774844348978,PRKCA
Reactome_2022,Glucose Metabolism R-HSA-70326,1,0.8790100450437759,0.4731360716371423,0.06101513268680507,0.9658423443262159,PRKCA
Reactome_2022,Unfolded Protein Response (UPR) R-HSA-381119,1,0.8790100450437759,0.4731360716371423,0.06101513268680507,0.9658423443262159,CREB3L1
Reactome_2022,Chaperonin-mediated Protein Folding R-HSA-390466,1,0.8818538224616579,0.4677958761398359,0.058815494089543466,0.967496682306189,GNG4
Reactome_2022,HCMV Late Events R-HSA-9610379,1,0.8846308972007954,0.4625743516535808,0.05670457803604949,0.969072937388144,CD46
Reactome_2022,Organelle Biogenesis And Maintenance R-HSA-1852241,4,0.8881451582173208,0.6127051787759257,0.07267913909243355,0.9714507555085067,DYNLT5;ACSS2;PRKCA;PPARGC1A
Reactome_2022,Oxidative Stress Induced Senescence R-HSA-2559580,1,0.889991147462513,0.45247183688669584,0.05273277051177947,0.9714707668731984,TNIK
Reactome_2022,Downstream TCR Signaling R-HSA-202424,1,0.8925773370901838,0.44758352328981604,0.05086433906750582,0.9714707668731984,HLA-DPA1
Reactome_2022,Transcriptional Regulation By RUNX3 R-HSA-8878159,1,0.8951028537457802,0.44279921636521025,0.04906952441806854,0.9714707668731984,WWTR1
Reactome_2022,Metabolism Of Nucleotides R-HSA-15869,1,0.8951028537457802,0.44279921636521025,0.04906952441806854,0.9714707668731984,AK5
Reactome_2022,Toll-like Receptor Cascades R-HSA-168898,2,0.8955954660020374,0.5196351931330472,0.05729833157328171,0.9714707668731984,CD36;APOB
Reactome_2022,Citric Acid (TCA) Cycle And Respiratory Electron Transport R-HSA-1428517,2,0.8975530121571251,0.5163809879241863,0.055812054802743774,0.9714707668731984,ADHFE1;BSG
Reactome_2022,Protein Folding R-HSA-391251,1,0.8975691179409357,0.4381156316916488,0.04734503143489453,0.9714707668731984,GNG4
Reactome_2022,Anchoring Of Basal Body To Plasma Membrane R-HSA-5620912,1,0.8999775168776537,0.43352962169878656,0.045687734740987376,0.9726214420067917,PRKCA
Reactome_2022,CLEC7A (Dectin-1) Signaling R-HSA-5607764,1,0.9046261066659336,0.4246383778350741,0.0425630173652662,0.9742440179151192,IL1B
Reactome_2022,SUMO E3 Ligases SUMOylate Target Proteins R-HSA-3108232,2,0.9068383389504924,0.500698071254977,0.04896380606968857,0.9742440179151192,SATB2;PPARGC1A
Reactome_2022,TNFR2 Non-Canonical NF-kB Pathway R-HSA-5668541,1,0.9068689129417361,0.42032747171933466,0.04109010711947442,0.9742440179151192,TNF
Reactome_2022,KEAP1-NFE2L2 Pathway R-HSA-9755511,1,0.9068689129417361,0.42032747171933466,0.04109010711947442,0.9742440179151192,PHGDH
Reactome_2022,Separation Of Sister Chromatids R-HSA-2467813,2,0.910327547144353,0.4946862865317801,0.04647617351533386,0.976508629948616,DYNC1I1;SPC25
Reactome_2022,Sensory Perception R-HSA-9709957,10,0.9147682741928306,0.6819000677360313,0.06074672523996968,0.9798184625798764,MYO1E;SDC2;AKR1C1;EBF1;ATP2B4;PRKCA;APOE;APOB;DHRS3;SPTBN1
Reactome_2022,SUMOylation R-HSA-2990846,2,0.9169420907808845,0.4830821439265396,0.04188851619276383,0.980693981707958,SATB2;PPARGC1A
Reactome_2022,Gene Silencing By RNA R-HSA-211000,1,0.9230165684104958,0.38874101943204786,0.031141302139201462,0.9857326129406034,AGO2
Reactome_2022,Intra-Golgi And Retrograde Golgi-to-ER Traffic R-HSA-6811442,2,0.9274280973469619,0.4640228259045244,0.03495948461378223,0.9859607491838016,KIF26B;DYNC1I1
Reactome_2022,G2/M Transition R-HSA-69275,2,0.9288200667268948,0.4614210777300906,0.0340714448873022,0.9859607491838016,PRKCA;PPP1R12B
Reactome_2022,Mitotic Prophase R-HSA-68875,1,0.930009980105681,0.3746551690877173,0.027184964680741715,0.9859607491838016,PRKCA
Reactome_2022,MyD88:MAL(TIRAP) Cascade Initiated On Plasma Membrane R-HSA-166058,1,0.930009980105681,0.3746551690877173,0.027184964680741715,0.9859607491838016,CD36
Reactome_2022,Mitotic G2-G2/M Phases R-HSA-453274,2,0.9315287564842605,0.45630335329906146,0.03236478383482283,0.9859607491838016,PRKCA;PPP1R12B
Reactome_2022,Interleukin-1 Signaling R-HSA-9020702,1,0.9332651889091163,0.36798620454416253,0.025415293265697476,0.9859607491838016,IL1B
Reactome_2022,Macroautophagy R-HSA-1632852,1,0.9332651889091163,0.36798620454416253,0.025415293265697476,0.9859607491838016,DYNC1I1
Reactome_2022,Cilium Assembly R-HSA-5617833,2,0.9341398522695769,0.4512968837469677,0.030746458284080864,0.9859607491838016,DYNLT5;PRKCA
Reactome_2022,Epigenetic Regulation Of Gene Expression R-HSA-212165,1,0.9363693024554152,0.3615492039847314,0.023770170431099833,0.986873186115547,MYO1E
Reactome_2022,Estrogen-dependent Gene Expression R-HSA-9018519,1,0.9407573904625935,0.352302834537074,0.021515131855100466,0.9900547209671835,AGO2
Reactome_2022,Membrane Trafficking R-HSA-199991,9,0.9432526238604982,0.6295114656031904,0.036776776467905184,0.9900731386901763,MYO1E;GJD3;SYT12;KIF26B;APOB;SPTB;SPTBN1;DYNC1I1;SH3D19
Reactome_2022,SARS-CoV-2 Activates/Modulates Innate And Adaptive Immune Responses R-HSA-9705671,1,0.9435136826521875,0.346395431834404,0.020140958794456924,0.9900731386901763,HLA-E
Reactome_2022,Autophagy R-HSA-9612973,1,0.9521910938214019,0.3271847443052488,0.016028628656051622,0.9977306678737298,DYNC1I1
Reactome_2022,Disease R-HSA-1643685,31,0.9579978900578515,0.7417100062408987,0.031826556420023834,0.999994242902444,ALK;ADCYAP1R1;MAOA;SDC2;SLC4A4;ADCY6;ACTG1;FGF7;HEPH;GNG4;BSG;CYP1B1;CD36;SPTBN1;DYNC1I1;PDGFRA;CD163;LHCGR;TPM4;OMD;BGN;PRKCA;LMO7;HLA-E;HEYL;MYO1E;KITLG;IL1B;KIT;FMOD;CD46
Reactome_2022,Toll Like Receptor 4 (TLR4) Cascade R-HSA-166016,1,0.9640849143152528,0.2987537165128711,0.010927186914721287,0.999994242902444,CD36
Reactome_2022,Post-translational Protein Modification R-HSA-597592,23,0.9704615368841607,0.6906080634500992,0.020706853380257996,0.999994242902444,RAB3C;CD52;ST6GAL2;IGFBP4;SATB2;SDC2;MEPE;LMO7;SPTB;LTBP1;ASGR1;TTLL7;CDH2;CCDC8;RAB34;ALPL;CNTN3;APOE;GAS6;APOB;PPARGC1A;SPTBN1;DYNC1I1
Reactome_2022,DNA Double-Strand Break Repair R-HSA-5693532,1,0.9710229110932481,0.28045604491000636,0.008246870469855025,0.999994242902444,EYA1
Reactome_2022,Generic Transcription Pathway R-HSA-212436,19,0.9731446644150941,0.6635088126380095,0.018062387964534927,0.999994242902444,CSF1R;WWTR1;TRPC3;DLX5;DLX6;SATB2;PRKCA;RUNX2;COL1A1;COL1A2;MMP13;NR4A3;AGO2;KIT;ITGBL1;SP7;APOE;PPARGC1A;TP63
Reactome_2022,Mitotic Anaphase R-HSA-68882,2,0.9736075819987261,0.36017913789886175,0.0096336933016627,0.999994242902444,DYNC1I1;SPC25
Reactome_2022,Mitotic Metaphase And Anaphase R-HSA-2555396,2,0.9741369158370696,0.35860134143395944,0.009396579605672974,0.999994242902444,DYNC1I1;SPC25
Reactome_2022,Regulation Of TP53 Activity R-HSA-5633007,1,0.9760582323338497,0.2659638719595893,0.006445110507369036,0.999994242902444,TP63
Reactome_2022,Neddylation R-HSA-8951664,2,0.9761536087964646,0.3524244361245548,0.008505876150839944,0.999994242902444,CCDC8;LMO7
Reactome_2022,Cellular Responses To Stimuli R-HSA-8953897,10,0.9796545181046904,0.5655803770134854,0.011625675464943778,0.999994242902444,H1-5;MT2A;CREB3L1;MT1X;PHGDH;TNIK;APOB;PPARGC1A;DYNC1I1;ETS2
Reactome_2022,Regulation Of Expression Of SLITs And ROBOs R-HSA-9010553,1,0.9811423321713996,0.2498129563220763,0.004755874381241296,0.999994242902444,SLIT3
Reactome_2022,Cellular Response To Chemical Stress R-HSA-9711123,1,0.9868206676180497,0.22893276704484958,0.0030372396805096553,0.999994242902444,PHGDH
Reactome_2022,Cell Cycle Checkpoints R-HSA-69620,2,0.9881413207825098,0.3073376198605549,0.0036664008042311285,0.999994242902444,DYNC1I1;SPC25
Reactome_2022,Adaptive Immune System R-HSA-1280218,9,0.9901865617855333,0.5093705990683566,0.005023365659538719,0.999994242902444,ENAH;PRKCA;LMO7;CD36;SIGLEC7;LILRB4;DYNC1I1;HLA-DPA1;HLA-E
Reactome_2022,Infectious Disease R-HSA-5663205,13,0.9902791036370767,0.5600964436407474,0.00547127562865337,0.999994242902444,CD163;LHCGR;ADCYAP1R1;SDC2;PRKCA;ADCY6;HLA-E;ACTG1;MYO1E;GNG4;IL1B;CD46;DYNC1I1
Reactome_2022,SARS-CoV-2-host Interactions R-HSA-9705683,1,0.9905686284815721,0.2123428320430462,0.002012187970663102,0.999994242902444,HLA-E
Reactome_2022,SARS-CoV-2 Infection R-HSA-9694516,2,0.9907629061998591,0.2940295999877812,0.002728600656580117,0.999994242902444,SDC2;HLA-E
Reactome_2022,Metabolism Of Amino Acids And Derivatives R-HSA-71291,3,0.9917958438834245,0.34261460101867575,0.002822457512092469,0.999994242902444,ECHS1;DIO2;PHGDH
Reactome_2022,RNA Polymerase II Transcription R-HSA-73857,19,0.9927605023774861,0.5969112421347086,0.004337055581160325,0.999994242902444,CSF1R;WWTR1;TRPC3;DLX5;DLX6;SATB2;PRKCA;RUNX2;COL1A1;COL1A2;MMP13;NR4A3;AGO2;KIT;ITGBL1;SP7;APOE;PPARGC1A;TP63
Reactome_2022,Class I MHC Mediated Antigen Processing And Presentation R-HSA-983169,3,0.9937310990921373,0.32958279569892474,0.0020726252373449005,0.999994242902444,LMO7;CD36;HLA-E
Reactome_2022,M Phase R-HSA-68886,3,0.9939686537105796,0.32780011979122103,0.0019830623337077067,0.999994242902444,PRKCA;DYNC1I1;SPC25
Reactome_2022,Cellular Responses To Stress R-HSA-2262752,8,0.9951952519555715,0.45836073559858725,0.002207615623681201,0.999994242902444,H1-5;CREB3L1;PHGDH;TNIK;APOB;PPARGC1A;DYNC1I1;ETS2
Reactome_2022,Metabolism Of Proteins R-HSA-392499,29,0.9959413757605236,0.6272609210273459,0.002550996655873206,0.999994242902444,RAB3C;ENPEP;SATB2;SDC2;LTBP1;ASGR1;CDH2;GNG4;APOE;APOB;PPARGC1A;SPTBN1;DYNC1I1;CD52;ST6GAL2;IGFBP4;IGFBP2;IGF2;MEPE;LMO7;MYRIP;SPTB;TTLL7;CCDC8;RAB34;CPE;ALPL;CNTN3;GAS6
Reactome_2022,Gene Expression (Transcription) R-HSA-74160,20,0.9972593074443793,0.5655490852744177,0.0015521240882018555,0.999994242902444,CSF1R;WWTR1;TRPC3;DLX5;DLX6;SATB2;PRKCA;RUNX2;COL1A1;MYO1E;COL1A2;MMP13;NR4A3;AGO2;KIT;ITGBL1;SP7;APOE;PPARGC1A;TP63
Reactome_2022,Transcriptional Regulation By TP53 R-HSA-3700989,2,0.9979513936430494,0.23385680842762388,0.0004795719393165906,0.999994242902444,AGO2;TP63
Reactome_2022,"Cell Cycle, Mitotic R-HSA-69278",4,0.9984092251173314,0.3158095807587536,0.0005027819613461752,0.999994242902444,PRKCA;PPP1R12B;DYNC1I1;SPC25
Reactome_2022,SARS-CoV Infections R-HSA-9679506,2,0.9985171530054745,0.2241232122183111,0.0003325870805049373,0.999994242902444,SDC2;HLA-E
Reactome_2022,Antigen Processing: Ubiquitination And Proteasome Degradation R-HSA-983168,1,0.9993389278115441,0.13453975451708164,8.896990095767395e-05,0.999994242902444,LMO7
Reactome_2022,DNA Repair R-HSA-73894,1,0.9993847355222717,0.1332127537196039,8.198629956005601e-05,0.999994242902444,EYA1
Reactome_2022,Cell Cycle R-HSA-1640170,4,0.9998729173032349,0.2504244031830239,3.182663084216131e-05,0.999994242902444,PRKCA;PPP1R12B;DYNC1I1;SPC25
Reactome_2022,Expression And Translocation Of Olfactory Receptors R-HSA-9752946,1,0.9999139896721375,0.10455359874142377,8.99307606120708e-06,0.999994242902444,EBF1
Reactome_2022,Olfactory Signaling Pathway R-HSA-381753,1,0.9999285194785186,0.10241970021413276,7.321275248681324e-06,0.999994242902444,EBF1
Reactome_2022,Metabolism Of RNA R-HSA-8953854,2,0.999994242902444,0.12195563369357257,7.021125017464218e-07,0.999994242902444,IGF2;PRKCA
MSigDB_Hallmark_2020,Epithelial Mesenchymal Transition,28,2.90248274175968e-14,7.162790697674419,223.26866145366185,1.2480675789566623e-12,LRRC15;TAGLN;SPARC;ECM2;COL11A1;TNC;FGF2;CDH2;SPP1;SLIT3;TPM4;IGFBP4;TPM1;IGFBP2;BGN;COL1A1;ACTA2;SFRP1;COL1A2;COL4A2;COL5A1;COL4A1;CDH11;SNAI2;PTX3;VIM;FMOD;MXRA5
MSigDB_Hallmark_2020,UV Response Dn,15,1.4909388640453268e-06,4.9804918116946455,66.81879873830266,3.205518557697453e-05,SDC2;COL11A1;ATP2B4;PIK3CD;PRKCA;LTBP1;F3;COL1A1;COL1A2;MMP16;MAP1B;KIT;SNAI2;HAS2;MGLL
MSigDB_Hallmark_2020,TNF-alpha Signaling via NF-kB,16,2.0546147383528223e-05,3.722200846479415,40.173107426204865,0.00022087108437292838,SERPINB2;CCL20;TNC;G0S2;CXCL3;F3;TNF;ETS2;EHD1;MARCKS;NR4A3;PLAU;IL1B;CCL4;PTX3;MXD1
MSigDB_Hallmark_2020,Adipogenesis,16,2.0546147383528223e-05,3.722200846479415,40.173107426204865,0.00022087108437292838,ITIH5;PHLDB1;ECHS1;LAMA4;OMD;SORBS1;ADCY6;FABP4;ACADL;ALDH2;COL4A1;RAB34;APOE;CD36;HADH;MGLL
MSigDB_Hallmark_2020,Myogenesis,15,7.762929682200843e-05,3.462860211204582,32.77100499972867,0.0005563432938910604,WWTR1;TAGLN;SPARC;ACSL1;FHL1;SORBS1;FGF2;CLU;COL1A1;ABLIM1;COL4A2;CASQ2;DMD;NCAM1;CD36
MSigDB_Hallmark_2020,Apical Junction,15,7.762929682200843e-05,3.462860211204582,32.77100499972867,0.0005563432938910604,SHROOM2;LAYN;DMP1;ACTG1;CLDN11;CALB2;MDK;EPB41L2;CDH11;FSCN1;MAP3K20;CNTN1;CDH15;HADH;ARHGEF6
MSigDB_Hallmark_2020,Complement,12,0.002730226565270526,2.707726763717805,15.984714792576204,0.016771391758090375,EHD1;GZMK;C1QA;SERPINB2;MMP13;COL4A2;ANXA5;CD36;CD46;F3;CLU;C1QC
MSigDB_Hallmark_2020,heme Metabolism,11,0.007653603417866817,2.463420281801026,12.003209211570974,0.036567216329808125,ALDH1L1;NARF;IGSF3;FECH;BSG;MARCHF8;ACP5;ERMAP;SPTB;TNS1;RHD
MSigDB_Hallmark_2020,KRAS Signaling Up,11,0.007653603417866817,2.463420281801026,12.003209211570974,0.036567216329808125,ALDH1A3;CCL20;PLAU;IL1B;IGF2;SPP1;ITGBL1;G0S2;F13A1;CPE;KCNN4
MSigDB_Hallmark_2020,Fatty Acid Metabolism,9,0.012226783074452434,2.550730359257797,11.233738913203277,0.05257516722014546,ECHS1;ACADL;ACSL1;MAOA;CYP4A11;G0S2;CD36;HADH;MGLL
MSigDB_Hallmark_2020,Xenobiotic Metabolism,9,0.04625126774404754,1.985525100092393,6.102841795876864,0.18080041027218582,MT2A;ENPEP;ALDH2;MAOA;IGFBP4;APOE;CD36;PTGDS;ETS2
MSigDB_Hallmark_2020,IL-6/JAK/STAT3 Signaling,5,0.053370623922975716,2.56150239688142,7.506469449602111,0.19124473572399633,IL1B;EBI3;CD36;CXCL3;TNF
MSigDB_Hallmark_2020,Cholesterol Homeostasis,4,0.09529191266708345,2.3967980295566504,5.634417575813498,0.28264507313683834,ACSS2;ANXA5;CLU;ACTG1
MSigDB_Hallmark_2020,Estrogen Response Early,8,0.09859711853610639,1.7518115942028984,4.058445117029754,0.28264507313683834,CALB2;FOXC1;ABLIM1;BCL11B;SYT12;OLFML3;IGFBP4;DHRS3
MSigDB_Hallmark_2020,Inflammatory Response,8,0.09859711853610639,1.7518115942028984,4.058445117029754,0.28264507313683834,CCL20;IL1B;PCDH7;EBI3;HAS2;MXD1;SLC4A4;F3
MSigDB_Hallmark_2020,Coagulation,6,0.10560730094609679,1.9086973632428177,4.290804681586321,0.2838196212926351,C1QA;SPARC;SERPINB2;PLAU;CLU;F3
MSigDB_Hallmark_2020,UV Response Up,6,0.16653799304386455,1.655844155844156,2.968153320333476,0.410345807512355,PTPRD;MAOA;BSG;IGFBP2;SHOX2;AGO2
MSigDB_Hallmark_2020,Notch Signaling,2,0.17177266360982302,2.789985693848355,4.914792483443588,0.410345807512355,HEYL;PRKCA
MSigDB_Hallmark_2020,Hypoxia,7,0.18962430047758164,1.521506524451238,2.529824920122278,0.42914973265979,MT2A;COL5A1;SDC2;BGN;PRKCA;PPARGC1A;F3
MSigDB_Hallmark_2020,Hedgehog Signaling,2,0.2057614988843312,2.461247159808129,3.891324187695624,0.4423872226013121,UNC5C;ETS2
MSigDB_Hallmark_2020,Pperoxisome,4,0.22656763264531762,1.6751724137931034,2.487148215879649,0.4639242001785075,SEMA3C;ACSL1;CRABP1;DHRS3
MSigDB_Hallmark_2020,Apical Surface,2,0.27524345263536026,1.9916206826078071,2.569388429849175,0.5379758392418406,SCUBE1;SHROOM2
MSigDB_Hallmark_2020,Mitotic Spindle,6,0.3229861334737721,1.3013256173877936,1.4706877942722951,0.5626304481099781,MYO1E;MARCKS;EPB41L2;FSCN1;SHROOM2;SPTBN1
MSigDB_Hallmark_2020,Apoptosis,5,0.32507355031846513,1.3413080799689872,1.5072330046523768,0.5626304481099781,DAP;IL1B;BGN;TNF;CLU
MSigDB_Hallmark_2020,KRAS Signaling Dn,6,0.3271107256453361,1.2945508100147276,1.4466042882558428,0.5626304481099781,NUDT11;TENM2;SERPINB2;SHOX2;IGFBP2;COQ8A
MSigDB_Hallmark_2020,TGF-beta Signaling,2,0.3614519259028392,1.6077913502806207,1.6361306524722594,0.5977858774546956,WWTR1;SPTBN1
MSigDB_Hallmark_2020,IL-2/STAT5 Signaling,5,0.4993815918815064,1.0764623366213177,0.747479043723957,0.7470120013298257,ITIH5;MYO1E;SPP1;MXD1;DHRS3
MSigDB_Hallmark_2020,Estrogen Response Late,5,0.5037987915945336,1.0708866367613668,0.7341766545392672,0.7470120013298257,FOXC1;IGFBP4;MDK;ATP2B4;CPE
MSigDB_Hallmark_2020,Allograft Rejection,5,0.5037987915945336,1.0708866367613668,0.7341766545392672,0.7470120013298257,DYRK3;IL1B;CCL4;TNF;HLA-E
MSigDB_Hallmark_2020,Angiogenesis,1,0.5739363261604541,1.1928418476598348,0.6623097128855812,0.8226420674966509,SPP1
MSigDB_Hallmark_2020,Androgen Response,2,0.6825874529930235,0.8510992379784532,0.32500469039371277,0.901228688270343,ALDH1A3;AZGP1
MSigDB_Hallmark_2020,Reactive Oxygen Species Pathway,1,0.6870264361678275,0.8692005710206995,0.3262826893543213,0.901228688270343,MPO
MSigDB_Hallmark_2020,G2-M Checkpoint,4,0.6916406212307283,0.8504574243490499,0.3135541202150185,0.901228688270343,MT2A;MARCKS;MAP3K20;DMD
MSigDB_Hallmark_2020,Bile Acid Metabolism,2,0.7411160735835511,0.7577838470542333,0.22703054125762948,0.9372938577674322,ACSL1;DIO2
MSigDB_Hallmark_2020,p53 Pathway,3,0.8502393260168568,0.6332077943343704,0.10272999198013326,0.9914288589140041,COQ8A;MXD1;TP63
MSigDB_Hallmark_2020,Interferon Alpha Response,1,0.8999775168776537,0.43352962169878656,0.045687734740987376,0.9914288589140041,OASL
MSigDB_Hallmark_2020,Interferon Gamma Response,2,0.9499435509673938,0.4190835392552131,0.02152107805014761,0.9914288589140041,MT2A;OASL
MSigDB_Hallmark_2020,Glycolysis,2,0.9499435509673938,0.4190835392552131,0.02152107805014761,0.9914288589140041,COL5A1;SDC2
MSigDB_Hallmark_2020,Spermatogenesis,1,0.9595378308835812,0.309981143532871,0.012803317509071467,0.9914288589140041,SEPTIN4
MSigDB_Hallmark_2020,DNA Repair,1,0.971706009678792,0.27855941824871017,0.00799520669815003,0.9914288589140041,ADCY6
MSigDB_Hallmark_2020,mTORC1 Signaling,1,0.9914288589140041,0.20803159265277135,0.001790753541901607,0.9914288589140041,PHGDH
MSigDB_Hallmark_2020,E2F Targets,1,0.9914288589140041,0.20803159265277135,0.001790753541901607,0.9914288589140041,SPC25
MSigDB_Hallmark_2020,Oxidative Phosphorylation,1,0.9914288589140041,0.20803159265277135,0.001790753541901607,0.9914288589140041,ECHS1
WikiPathway_2023_Human,Pleural Mesothelioma WP5087,31,4.8461024892805794e-08,3.341783995220435,56.28401689840054,2.166207812708419e-05,CSF1R;SPARC;LAMA4;PIK3CD;FGF2;ACTG1;FGF7;CDH2;MDK;WIF1;PLAU;PDGFD;CCL4;RASSF6;PPARGC1A;WWTR1;PDGFRA;FZD3;IGF2;ACTA2;SFRP1;KITLG;FABP4;COL4A2;COL4A1;IL1B;KIT;CDH11;TNIK;ROR2;CDH15
WikiPathway_2023_Human,Focal Adhesion PI3K Akt mTOR Signaling Pathway WP3932,23,7.899908441355558e-07,3.566662639442632,50.116048728964294,0.0001765629536642967,PDGFRA;CSF1R;COL11A1;LAMA4;TNC;PIK3CD;FGF2;COL1A1;KITLG;FGF7;COL1A2;IBSP;COL4A2;COL5A1;COL4A1;GNG4;CREB3L1;PDGFD;KIT;CHAD;SPP1;ITGA8;PPARGC1A
WikiPathway_2023_Human,PI3K Akt Signaling Pathway WP4172,24,1.5881963920384955e-06,3.3083146841108624,44.17563329105289,0.00023664126241373581,PDGFRA;CSF1R;LAMA4;IGF2;TNC;PIK3CD;PRKCA;FGF2;COL1A1;KITLG;FGF7;COL1A2;IBSP;COL4A2;COL4A1;GNG4;CREB3L1;PDGFD;KIT;CHAD;SPP1;ITGA8;COL9A2;SGK2
WikiPathway_2023_Human,miRNA Targets In ECM And Membrane Receptors WP2911,6,8.626412001081287e-06,15.840909090909092,184.7158018870093,0.0006900077077987868,COL1A2;COL4A2;COL5A1;COL4A1;LAMA4;SDC2
WikiPathway_2023_Human,Fatty Acid Biosynthesis WP357,6,8.626412001081287e-06,15.840909090909092,184.7158018870093,0.0006900077077987868,ECHS1;ACSS2;ACSL1;ECHDC2;HADH;ACACB
WikiPathway_2023_Human,Type I Collagen Synthesis In The Context Of Osteogenesis Imperfecta WP4786,7,9.261848426829353e-06,11.391790422159186,132.0263730520032,0.0006900077077987868,COL1A1;FKBP10;COL1A2;CREB3L1;P3H2;SP7;IFITM5
WikiPathway_2023_Human,Lung Fibrosis WP3624,9,1.5028560082869842e-05,7.072621641249092,78.54541099229556,0.0009596809081489742,FGF7;MT2A;PLAU;IL1B;CCL4;SPP1;PTX3;TNF;FGF2
WikiPathway_2023_Human,Focal Adhesion WP306,16,1.9309891766180036e-05,3.7427341747666714,40.62697924382155,0.0010789402024353094,PDGFRA;LAMA4;TNC;PIK3CD;PRKCA;ACTG1;COL1A1;COL1A2;IBSP;COL4A2;COL4A1;PDGFD;CHAD;SPP1;ITGA8;PPP1R12B
WikiPathway_2023_Human,TGF Beta Signaling In Thyroid Cells For Epithelial Mesenchymal Transition WP3859,5,3.367164107448478e-05,17.566594672426206,180.91580410283785,0.0016723581733660774,CDH2;TNC;SNAI2;VIM;RUNX2
WikiPathway_2023_Human,Allograft Rejection WP2328,10,4.802957872904729e-05,5.308951965065503,52.7905912175616,0.002146922169188414,PDGFRA;C1QA;C7;COL5A1;IL1B;VIM;TNF;HLA-DPA1;HLA-E;C1QC
WikiPathway_2023_Human,Markers Of Kidney Cell Lineage WP5236,8,6.592155209762996e-05,6.643137254901961,63.95378214091759,0.002678812162512781,ACTA2;FGF7;EMX2;SFRP1;FOXD1;EYA1;KIT;TNC
WikiPathway_2023_Human,Role Of Hypoxia Angiogenesis And FGF Pathway In OA Chondrocyte Hypertrophy WP5373,7,0.00015369546943364457,6.882056197346516,60.42815172329479,0.00572515623640326,COL1A1;MMP13;IBSP;DIO2;SPP1;PRKCA;RUNX2
WikiPathway_2023_Human,Hippocampal Synaptogenesis And Neurogenesis WP5231,5,0.00020202069185078298,11.090712742980562,94.35025078335548,0.006946403789023077,SYT12;DIO2;PRKCA;NCAM1;PPARGC1A
WikiPathway_2023_Human,Striated Muscle Contraction Pathway WP383,6,0.00023246064130087447,7.913961038961039,66.21444716878814,0.0074221361901064915,ACTA2;TPM4;TPM1;DMD;VIM;ACTG1
WikiPathway_2023_Human,OSX And miRNAs In Tooth Development WP3971,4,0.00032912094901786854,15.29858934169279,122.68069211378757,0.009222101344795852,ALPL;DMP1;SP7;RUNX2
WikiPathway_2023_Human,Burn Wound Healing WP5055,8,0.0003300975872857576,5.129380764163373,41.117743160369216,0.009222101344795852,COL1A1;TAGLN;COL1A2;IL1B;TNC;F13A1;SNAI2;TNF
WikiPathway_2023_Human,Complement And Coagulation Cascades WP558,7,0.0003939907457862359,5.800136106503339,45.46832915721317,0.010359639021555733,C1QA;C7;PLAU;CD46;CLU;F3;C1QC
WikiPathway_2023_Human,Genes Controlling Nephrogenesis WP4823,6,0.000528071646578236,6.662337662337662,50.275856055230776,0.012357983040294843,FOXC1;EMX2;FOXD1;EYA1;ITGA8;CD36
WikiPathway_2023_Human,Fatty Acid Omega Oxidation WP206,4,0.000552929889946078,12.943633952254642,97.08087039130753,0.012357983040294843,ALDH2;ADH1A;CYP4A11;ADH6
WikiPathway_2023_Human,miR 509 3P Alteration Of YAP1 ECM Axis WP3967,4,0.000552929889946078,12.943633952254642,97.08087039130753,0.012357983040294843,COL1A1;SPARC;COL5A1;SNAI2
WikiPathway_2023_Human,Endochondral Ossification WP474,7,0.0006558735442253131,5.280911062906725,38.706662367657714,0.013326157921305225,MMP13;PLAU;SPP1;IGF2;ALPL;FGF2;RUNX2
WikiPathway_2023_Human,Endochondral Ossification With Skeletal Dysplasias WP4808,7,0.0006558735442253131,5.280911062906725,38.706662367657714,0.013326157921305225,MMP13;PLAU;SPP1;IGF2;ALPL;FGF2;RUNX2
WikiPathway_2023_Human,PPAR Signaling Pathway WP3942,7,0.0009516500266726265,4.927838033261026,34.28451264457515,0.01833748229072872,FABP4;ACADL;ACSL1;CYP4A11;CD36;PLIN1;SORBS1
WikiPathway_2023_Human,Thermogenesis WP4321,9,0.0009845628075559045,3.8488809665280255,26.647007113418113,0.01833748229072872,ACSL1;NPR1;CREB3L1;BMP8A;PLIN1;PPARGC1A;MGLL;ADCY6;ACTG1
WikiPathway_2023_Human,Fatty Acid Beta Oxidation WP143,5,0.001091165991441894,7.262605198480673,49.53466003491445,0.019510047926981064,ECHS1;ACSS2;ACADL;ACSL1;HADH
WikiPathway_2023_Human,Cardiac Progenitor Differentiation WP2406,6,0.00143897434019557,5.384084001105277,35.23250178138854,0.024739289617977687,PDGFRA;KIT;IGF2;NCAM1;ROR2;FGF2
WikiPathway_2023_Human,Phosphodiesterases In Neuronal Function WP4222,6,0.001587413949031119,5.271645021645021,33.979173641364085,0.02628051982284853,PDE11A;PDE10A;PDE3B;PPP1R1B;PDE7B;ADCY6
WikiPathway_2023_Human,Hippo Signaling Regulation Pathways WP4540,8,0.0021199406724801994,3.7569082125603863,23.12890640068078,0.03384333859280889,PDGFRA;CSF1R;WWTR1;CDH2;CDH11;KIT;PRKCA;CDH15
WikiPathway_2023_Human,A Network Map Of Macrophage Stimulating Protein MSP Signaling WP5353,7,0.0030851691772474446,3.939233550253073,22.773295250806395,0.04735178166312765,ACTA2;PDGFRA;CDH2;COL4A1;IL1B;VIM;TNF
WikiPathway_2023_Human,Vitamin A And Carotenoid Metabolism WP716,5,0.0031779719236998422,5.539956803455723,31.863128286559817,0.04735178166312765,ALDH1A3;ADH1A;CRABP1;CD36;DHRS3
WikiPathway_2023_Human,Overview Of Proinflammatory And Profibrotic Mediators WP5095,9,0.0033614158948673044,3.171895424836601,18.065190988206666,0.048469448548570486,CCL20;CCL3L3;IL1B;EBI3;CCL4;CXCL17;SPP1;CXCL3;TNF
WikiPathway_2023_Human,Osteoblast Signaling WP322,3,0.003823475963548338,11.449266862170088,63.733435469832116,0.05104659472265901,COL1A1;PDGFRA;IBSP
WikiPathway_2023_Human,Angiotensin II Receptor Type 1 Pathway WP5036,4,0.0038821107117140556,7.007183908045977,38.899514504460996,0.05104659472265901,ACTA2;COL1A1;COL1A2;PDGFD
WikiPathway_2023_Human,TROP2 Regulatory Signaling WP5300,5,0.0038827387484796565,5.262419006479481,29.212816753524848,0.05104659472265901,MMP13;MDK;IGF2;PRKCA;VIM
WikiPathway_2023_Human,Mammary Gland Development Pathway Embryonic Development Stage 1 Of 4 WP2813,3,0.0046970681821147,10.494623655913978,56.259754341951265,0.05998827078300774,SFRP1;ALPL;TNF
WikiPathway_2023_Human,Matrix Metalloproteinases WP129,4,0.005008586279453016,6.4675066312997345,34.25580586435084,0.06046000065443633,MMP13;MMP16;BSG;TNF
WikiPathway_2023_Human,Pluripotent Stem Cell Differentiation Pathway WP2848,5,0.005139776341987876,4.894520066301673,25.797770660047455,0.06046000065443633,ALK;CSF1R;KITLG;KIT;FGF2
WikiPathway_2023_Human,IL 26 Signaling Pathways WP5347,5,0.005139776341987876,4.894520066301673,25.797770660047455,0.06046000065443633,ACTA2;CCL20;IL1B;TNF;MPO
WikiPathway_2023_Human,Ethanol Effects On Histone Modifications WP3996,4,0.005646040352623669,6.22765006385696,32.23930384551866,0.06471230865699436,ALDH1A3;ACSS2;ALDH2;ADH1A
WikiPathway_2023_Human,Vitamin B12 Metabolism WP1533,5,0.006122735478225094,4.676505879529637,23.830287573482515,0.06842156896916543,IL1B;APOE;APOB;MPO;TNF
WikiPathway_2023_Human,Hair Follicle Development Organogenesis Part 2 Of 3 WP2839,4,0.006335394509194596,6.004926108374384,30.39455316153845,0.06907125233195084,PDGFRA;NCAM1;TP63;RUNX2
WikiPathway_2023_Human,Mitochondrial Long Chain Fatty Acid Beta Oxidation WP368,3,0.006780612562184362,8.994470046082949,44.91557563076507,0.07068449392449018,ACADL;ACSL1;HADH
WikiPathway_2023_Human,Complement System WP2806,7,0.006930424144666782,3.3550581739301912,16.680793185237565,0.07068449392449018,IBSP;C7;SPP1;F13A1;PRKCA;PTX3;CD46
WikiPathway_2023_Human,Tryptophan Metabolism WP465,4,0.007078385733703696,5.79756242568371,28.702046803644087,0.07068449392449018,ECHS1;ALDH2;MAOA;HADH
WikiPathway_2023_Human,Netrin UNC5B Signaling Pathway WP4747,5,0.007230780443539622,4.477046091631818,22.069188179119365,0.07068449392449018,COL1A1;UNC5B;ALPL;PRKCA;TNF
WikiPathway_2023_Human,Hippo Merlin Signaling Dysregulation WP4541,8,0.007274019509007938,3.015527950310559,14.846789779938042,0.07068449392449018,PDGFRA;CSF1R;WWTR1;CDH2;CDH11;KIT;ITGA8;CDH15
WikiPathway_2023_Human,Fluoroacetic Acid Toxicity WP4966,2,0.0077000139974579065,20.952789699570815,101.96744528649882,0.07178039335192246,ACSS2;ALDH2
WikiPathway_2023_Human,Disturbed Pathways In Duchenne Muscular Dystrophy WP5356,6,0.007707961702219862,3.7173414820473645,18.086730545828136,0.07178039335192246,TRPC3;PLAU;SPP1;DMD;TNF;MPO
WikiPathway_2023_Human,Fatty Acid Transporters WP5061,3,0.007997169971875946,8.394408602150538,40.53380844721421,0.07295377504956221,FABP4;ACSL1;CD36
WikiPathway_2023_Human,Fatty Acids And Lipoproteins Transport In Hepatocytes WP5323,4,0.008731889691405467,5.422969966629588,25.7090721629877,0.07806309384116487,FABP4;ACSL1;APOE;APOB
WikiPathway_2023_Human,Overview Of Nanoparticle Effects WP3287,3,0.00933394855368143,7.869354838709677,36.78212897029497,0.08023605775953076,COL4A1;PIK3CD;TNF
WikiPathway_2023_Human,Mitochondrial Fatty Acid Oxidation Disorders WP5123,3,0.00933394855368143,7.869354838709677,36.78212897029497,0.08023605775953076,ACADL;ACSL1;HADH
WikiPathway_2023_Human,Melatonin Metabolism And Effects WP3298,4,0.010619068760763505,5.093782654127482,23.1517716837393,0.08934392894067612,MAOA;CYP1B1;PRKCA;APOE
WikiPathway_2023_Human,Imatinib And Chronic Myeloid Leukemia WP3640,3,0.010793226314981008,7.40607210626186,33.54088993329185,0.08934392894067612,PDGFRA;CSF1R;KIT
WikiPathway_2023_Human,Myometrial Relaxation And Contraction Pathways WP289,9,0.011316599815955715,2.585700947045485,11.587779028540302,0.09197309304967644,ACTA2;IGFBP4;GNG4;IL1B;IGFBP2;PRKCA;ETS2;ADCY6;ACTG1
WikiPathway_2023_Human,Microglia Pathogen Phagocytosis Pathway WP3937,4,0.013912487887185078,4.668582375478927,19.958042282141975,0.10672360452300174,C1QA;PIK3CD;SIGLEC7;C1QC
WikiPathway_2023_Human,FTO Obesity Variant Mechanism WP3407,2,0.0139341362969878,13.967095851216023,59.68717737439796,0.10672360452300174,IRX3;PPARGC1A
WikiPathway_2023_Human,EGFR Tyrosine Kinase Inhibitor Resistance WP4806,6,0.013936554579855088,3.239094239094239,13.841427276477999,0.10672360452300174,PDGFRA;PDGFD;PIK3CD;PRKCA;GAS6;FGF2
WikiPathway_2023_Human,Blood Clotting Cascade WP272,3,0.014086560775966673,6.625806451612903,28.242725758304942,0.10672360452300174,SERPINB2;PLAU;F3
WikiPathway_2023_Human,FGF23 Signaling In Hypophosphatemic Rickets And Related Disorders WP4790,3,0.015923403752278173,6.2941935483870965,26.057742994369026,0.11480260447207005,SPP1;ALPL;DMP1
WikiPathway_2023_Human,Roles Of Ceramides In Development Of Insulin Resistance WP5181,3,0.015923403752278173,6.2941935483870965,26.057742994369026,0.11480260447207005,ACSL1;CD36;TNF
WikiPathway_2023_Human,Complement Activation WP545,3,0.015923403752278173,6.2941935483870965,26.057742994369026,0.11480260447207005,C1QA;C7;C1QC
WikiPathway_2023_Human,Hair Follicle Development Cytodifferentiation Part 3 Of 3 WP2840,6,0.01634026946767863,3.118646785313452,12.830495527738595,0.11593810241352932,SFRP1;KITLG;BCL11B;WIF1;KLK4;TP63
WikiPathway_2023_Human,Macrophage Markers WP4146,2,0.017640279347373927,11.971183323114653,48.3344953487166,0.11934471066870785,CD163;F3
WikiPathway_2023_Human,Mitochondrial Beta Oxidation WP5241,2,0.017640279347373927,11.971183323114653,48.3344953487166,0.11934471066870785,ECHS1;ACADL
WikiPathway_2023_Human,Benzo A Pyrene Metabolism WP696,2,0.017640279347373927,11.971183323114653,48.3344953487166,0.11934471066870785,AKR1C1;CYP1B1
WikiPathway_2023_Human,GPCRs Class B Secretin Like WP334,3,0.017888357080097148,5.994162826420891,24.11814483922118,0.11934471066870785,ADCYAP1R1;ADGRG2;ADGRL3
WikiPathway_2023_Human,SARS CoV 2 Innate Immunity Evasion And Cell Specific Immune Response WP5039,5,0.019091646724487356,3.447048826257834,13.645157890121542,0.12549950126243894,BSG;CCL4;CXCL17;CXCL3;TNF
WikiPathway_2023_Human,Differentiation Of White And Brown Adipocyte WP2895,3,0.0199820449456618,5.721407624633431,22.38741696723107,0.12944889986537428,EBF3;HOXC9;PPARGC1A
WikiPathway_2023_Human,Aryl Hydrocarbon Receptor Pathway WP2873,4,0.02071349313020521,4.098191757779647,15.888566290268631,0.1304074849183342,SERPINB2;IL1B;CYP1B1;TNF
WikiPathway_2023_Human,Prostaglandin Synthesis And Regulation WP98,4,0.02071349313020521,4.098191757779647,15.888566290268631,0.1304074849183342,AKR1C1;ANXA5;PTGDS;PPARGC1A
WikiPathway_2023_Human,Lipid Particles Composition WP3601,2,0.021712501636118656,10.474248927038627,40.114981070237064,0.1327452932248105,APOE;APOB
WikiPathway_2023_Human,Spinal Cord Injury WP2431,7,0.02191669470981953,2.632863340563991,10.058871814433369,0.1327452932248105,PTPRZ1;COL4A1;IL1B;PRKCA;SLIT3;VIM;TNF
WikiPathway_2023_Human,Thyroid Hormones Production And Peripheral Downstream Signaling Effects WP4746,6,0.021975730869431716,2.902672040603075,11.081869433720303,0.1327452932248105,NPR1;DIO2;PLIN1;SLC16A2;PPARGC1A;MGLL
WikiPathway_2023_Human,Urotensin II Mediated Signaling Pathway WP5158,5,0.022694627147525022,3.284962203023758,12.435641846416287,0.13525997779924914,ACTA2;COL1A1;IL1B;FSCN1;TNF
WikiPathway_2023_Human,Regulation Of Actin Cytoskeleton WP51,8,0.02504248311644609,2.374770361298224,8.756209513137856,0.14728934148751846,ENAH;PDGFRA;FGF7;TMSB4X;PIK3CD;FGF2;ACTG1;ARHGEF6
WikiPathway_2023_Human,Serotonin Transporter Activity WP1455,2,0.02613171713909911,9.309966618979495,33.93115541748625,0.14975484052791413,MAOA;IL1B
WikiPathway_2023_Human,GABA Metabolism Aka GHB WP4157,2,0.02613171713909911,9.309966618979495,33.93115541748625,0.14975484052791413,PON3;ADHFE1
WikiPathway_2023_Human,RAS And Bradykinin Pathways In COVID 19 WP4969,3,0.029647321878829434,4.840198511166253,17.029674491817488,0.16775130227641463,NPR1;IL1B;TNF
WikiPathway_2023_Human,TGF Smad Signaling Pathway WP5382,2,0.03087952927388616,8.378540772532189,29.13773116479746,0.17253936981783893,WWTR1;SPARC
WikiPathway_2023_Human,Sudden Infant Death Syndrome SIDS Susceptibility Pathways WP706,8,0.031680045471036034,2.2623869273416983,7.809914141528365,0.17441058840935061,DLX2;ADCYAP1R1;MAOA;IL1B;EN1;TNF;PPARGC1A;SPTBN1
WikiPathway_2023_Human,Oligodendrocyte Specification And Differentiation Leading To Myelin Components For CNS WP4304,3,0.03238496384334698,4.660692951015531,15.986461323781473,0.17441058840935061,IL1B;FGF2;TNF
WikiPathway_2023_Human,Familial Partial Lipodystrophy WP5102,3,0.03238496384334698,4.660692951015531,15.986461323781473,0.17441058840935061,FABP4;PLIN1;MGLL
WikiPathway_2023_Human,Epithelial To Mesenchymal Transition In Colorectal Cancer WP4239,8,0.03486154649881502,2.217391304347826,7.442387596252484,0.18104165000647715,CLDN11;FZD3;SPARC;CDH2;COL4A2;COL4A1;SNAI2;PIK3CD
WikiPathway_2023_Human,Insulin Signaling WP481,8,0.03486154649881502,2.217391304347826,7.442387596252484,0.18104165000647715,EHD1;GRB14;RHOJ;PIK3CD;PRKCA;SORBS1;SGK2;PTPRF
WikiPathway_2023_Human,Apoptosis Related Network Due To Altered Notch3 In Ovarian Cancer WP2864,4,0.035236294296562665,3.427691766361717,11.46795512589595,0.18104165000647715,ANXA5;APOE;VIM;TNF
WikiPathway_2023_Human,NRP1 Triggered Signaling Pathways In Pancreatic Cancer WP5144,4,0.035236294296562665,3.427691766361717,11.46795512589595,0.18104165000647715,COL1A1;COL1A2;SEMA3A;SNAI2
WikiPathway_2023_Human,Osteopontin Signaling WP1434,2,0.03593820921763448,7.616465079984393,25.33201421894807,0.18254976727593875,PLAU;SPP1
WikiPathway_2023_Human,TGF Beta Receptor Signaling WP560,4,0.037377479674227276,3.3589655172413795,11.039867975407617,0.1863333134854355,SPP1;TNF;LTBP1;RUNX2
WikiPathway_2023_Human,Development And Heterogeneity Of The ILC Family WP3893,3,0.038241008689772246,4.338820912124583,14.161246807414015,0.1863333134854355,BCL11B;IL1B;TNF
WikiPathway_2023_Human,13Q12 12 Copy Number Variation WP5406,3,0.038241008689772246,4.338820912124583,14.161246807414015,0.1863333134854355,LINGO1;TNFRSF19;DMD
WikiPathway_2023_Human,Complement System In Neuronal Development And Plasticity WP5090,6,0.03835048062787487,2.5236363636363635,8.229548449792997,0.1863333134854355,C1QA;C7;GAS6;CD46;CLU;C1QC
WikiPathway_2023_Human,Clock Controlled Autophagy In Bone Metabolism WP5205,5,0.03953525555589381,2.8015838732901366,9.050691688018881,0.18827201291468978,SEMA3A;MEPE;SP7;RUNX2;BMP5
WikiPathway_2023_Human,Overlap Between Signal Transduction Pathways Contributing To LMNA Laminopathies WP4879,4,0.03959187743619875,3.2929344151453686,10.63331757894136,0.18827201291468978,MAOA;AGO2;SPP1;RUNX2
WikiPathway_2023_Human,Cardiomyocyte Signaling Pathways Converging On Titin WP5344,3,0.04135727557691354,4.193978494623656,13.359947524990181,0.19459686508295107,NPR1;FHL1;PRKCA
WikiPathway_2023_Human,TGF Beta Receptor Signaling In Skeletal Dysplasias WP4816,4,0.046674560932463506,3.109514687100894,9.52928188058741,0.21622113566433107,SPP1;TNF;LTBP1;RUNX2
WikiPathway_2023_Human,COVID 19 Adverse Outcome Pathway WP4891,2,0.04692047015534701,6.4440409376031695,19.714262398064516,0.21622113566433107,IL1B;TNF
WikiPathway_2023_Human,Influence Of Laminopathies On Wnt Signaling WP4844,3,0.04795972758814071,3.931451612903226,11.941366081043778,0.21875508399896837,AGO2;SPP1;RUNX2
WikiPathway_2023_Human,ncRNAs Involved In Wnt Signaling In Hepatocellular Carcinoma WP4336,5,0.04916494117125006,2.625809935205184,7.910448019319646,0.22198715862170484,SFRP1;FZD3;PLAU;WIF1;ROR2
WikiPathway_2023_Human,Selenium Micronutrient Network WP15,5,0.05124244073568697,2.593259205930192,7.705058480321464,0.22683803593638252,IL1B;DIO2;APOB;MPO;TNF
WikiPathway_2023_Human,Wnt Signaling WP428,6,0.051494936356974705,2.335738335738336,6.9284347558726305,0.22683803593638252,SFRP1;FZD3;PLAU;WIF1;PRKCA;ROR2
WikiPathway_2023_Human,Development Of Ureteric Collection System WP5053,4,0.05176169947541614,2.998152709359606,8.877844365531528,0.22683803593638252,FOXC1;EYA1;ITGA8;BMP5
WikiPathway_2023_Human,Osteoclast Signaling WP12,2,0.05281174572654139,5.983445738810546,17.59744349574797,0.22919272174528157,SPP1;ACP5
WikiPathway_2023_Human,miRNA Role In Immune Response In Sepsis WP4329,3,0.05504494255661374,3.699810246679317,10.727989363384793,0.23658739733467637,CCL4;LCN2;TNF
WikiPathway_2023_Human,Cells And Molecules Involved In Local Acute Inflammatory Response WP4493,2,0.05894923912253111,5.5842632331902715,15.809487908685345,0.24640201128407385,C7;TNF
WikiPathway_2023_Human,Metabolic Pathway Of LDL HDL And TG Including Diseases WP4522,2,0.05894923912253111,5.5842632331902715,15.809487908685345,0.24640201128407385,APOE;APOB
WikiPathway_2023_Human,Osteoblast Differentiation And Related Diseases WP4787,6,0.058982136929297324,2.2518552875695734,6.373922880632748,0.24640201128407385,FGF7;FZD3;PIK3CD;PRKCA;FGF2;RUNX2
WikiPathway_2023_Human,Immune Infiltration In Pancreatic Cancer WP5285,3,0.06259859351014403,3.4939068100358424,9.6816593361947,0.2590886231392073,CCL20;IL1B;TNF
WikiPathway_2023_Human,Interactions Between LOXL4 And Oxidative Stress Pathway WP3670,2,0.06531825635027583,5.234978540772532,14.283553645570034,0.2678647760419568,FGF7;ANXA5
WikiPathway_2023_Human,Oxidative Damage Response WP3941,3,0.06654611971042579,3.399302528334786,9.211634092954158,0.2679830226176606,C1QA;TNF;C1QC
WikiPathway_2023_Human,Neural Crest Cell Migration During Development WP4564,3,0.06654611971042579,3.399302528334786,9.211634092954158,0.2679830226176606,CDH11;PIK3CD;EPHB1
WikiPathway_2023_Human,lncRNA In Canonical Wnt Signaling And Colorectal Cancer WP4258,5,0.06720280497223036,2.3861182014529745,6.442615284600546,0.2682111948445265,SFRP1;FZD3;PLAU;WIF1;ROR2
WikiPathway_2023_Human,Network Map Of SARS CoV 2 Signaling Pathway WP5115,9,0.07143311293980849,1.8128342245989304,4.784058189371268,0.2794902626515956,CD163;CCL20;IL1B;CCL4;HP;CXCL3;TNF;FGF2;ACTG1
WikiPathway_2023_Human,Extracellular Vesicles In The Crosstalk Of Cardiac Cells WP4300,2,0.07190465370231207,4.926786165109821,12.969342313184953,0.2794902626515956,SPP1;ETS2
WikiPathway_2023_Human,LTF Danger Signal Response Pathway WP4478,2,0.07190465370231207,4.926786165109821,12.969342313184953,0.2794902626515956,IL1B;TNF
WikiPathway_2023_Human,Folate Metabolism WP176,4,0.07498209279811723,2.6223060344827585,6.793099402476196,0.2889396162134345,IL1B;APOB;MPO;TNF
WikiPathway_2023_Human,BMP Signaling In Eyelid Development WP3927,2,0.07869482010939396,4.652837386742966,11.828340581144582,0.29943486895621796,FOXC1;SFRP1
WikiPathway_2023_Human,Neural Crest Cell Migration In Cancer WP4565,3,0.07904544639112689,3.1438709677419356,7.978302968351757,0.29943486895621796,CDH11;PIK3CD;EPHB1
WikiPathway_2023_Human,VEGFA VEGFR2 Signaling WP3888,15,0.0819729605768129,1.525333120561717,3.8154161550115537,0.30791523846920477,TRPC3;SHROOM2;PRKCA;F3;ACACB;ACTG1;FMNL3;NR4A3;PTPRZ1;PLAU;TMSB4X;BSG;RHOJ;FSCN1;TMSB10
WikiPathway_2023_Human,Ebola Virus Infection In Host WP4217,6,0.08274876777398496,2.0493084151620735,5.10676622718028,0.3081828952603512,PIK3CD;GAS6;ASGR1;ACTG1;HLA-E;HLA-DPA1
WikiPathway_2023_Human,Vasopressin Regulated Water Reabsorption WP5085,3,0.08342311035011744,3.0670338316286387,7.617990352129945,0.3081828952603512,CREB3L1;ADCY6;DYNC1I1
WikiPathway_2023_Human,STING Pathway In Kawasaki Like Disease And COVID 19 WP4961,2,0.0856756600501935,4.407725321888412,10.830603188099262,0.3096795217868343,IL1B;F3
WikiPathway_2023_Human,Primary Focal Segmental Glomerulosclerosis FSGS WP2572,4,0.08825750892525472,2.467545638945233,5.989958401677509,0.3096795217868343,MYO1E;CDH2;FAT1;VIM
WikiPathway_2023_Human,Non Small Cell Lung Cancer WP4255,4,0.08825750892525472,2.467545638945233,5.989958401677509,0.3096795217868343,ALK;CRABP1;PIK3CD;PRKCA
WikiPathway_2023_Human,Neural Crest Differentiation WP2064,5,0.08844404807099296,2.1863750899928007,5.302801680175393,0.3096795217868343,FZD3;CDH2;DLX5;SNAI2;FGF2
WikiPathway_2023_Human,Toll Like Receptor Signaling Pathway WP75,5,0.09131884039959688,2.16372380931175,5.178652574455531,0.3096795217868343,IL1B;CCL4;SPP1;PIK3CD;TNF
WikiPathway_2023_Human,MECP2 And Associated Rett Syndrome WP3584,4,0.09174234661019079,2.4316591704147927,5.808677421784709,0.3096795217868343,DLX5;DLX6;IGF2;FGF2
WikiPathway_2023_Human,Microtubule Cytoskeleton Regulation WP2038,3,0.09248074002184713,2.9240810202550636,6.961520135456815,0.3096795217868343,MAP1B;PRKCA;PHLDB2
WikiPathway_2023_Human,Aryl Hydrocarbon Receptor Pathway WP2586,3,0.09248074002184713,2.9240810202550636,6.961520135456815,0.3096795217868343,CYP1B1;CD36;TNF
WikiPathway_2023_Human,NO cGMP PKG Mediated Neuroprotection WP4008,3,0.09248074002184713,2.9240810202550636,6.961520135456815,0.3096795217868343,NPR1;IL1B;TNF
WikiPathway_2023_Human,Endoplasmic Reticulum Stress Response In Coronavirus Infection WP4861,3,0.09248074002184713,2.9240810202550636,6.961520135456815,0.3096795217868343,PPP1R16B;PPP1R1B;PPP1R12B
WikiPathway_2023_Human,Chronic Hyperglycemia Impairment Of Neuron Function WP5283,3,0.09248074002184713,2.9240810202550636,6.961520135456815,0.3096795217868343,MMP13;MMP16;PRKCA
WikiPathway_2023_Human,Transcription Factor Regulation In Adipogenesis WP3599,2,0.09283457700097493,4.1871244635193134,9.952527341076623,0.3096795217868343,TNF;PPARGC1A
WikiPathway_2023_Human,Hippo YAP Signaling WP4537,2,0.09283457700097493,4.1871244635193134,9.952527341076623,0.3096795217868343,WWTR1;TNIK
WikiPathway_2023_Human,Arrhythmogenic Right Ventricular Cardiomyopathy WP2118,4,0.09529191266708345,2.3967980295566504,5.634417575813498,0.3155221108310096,CDH2;ITGA8;DMD;ACTG1
WikiPathway_2023_Human,Mechanoregulation And Pathology Of YAP TAZ Via Hippo And Non Hippo Mechanisms WP4534,3,0.09715567353106822,2.8574780058651026,6.662040536978154,0.3193278387381433,ACTA2;WWTR1;ACTG1
WikiPathway_2023_Human,Ebstein Barr Virus LMP1 Signaling WP262,2,0.1001594572837572,3.9875332107091763,9.175281180743909,0.32442954641912664,CCL20;TNF
WikiPathway_2023_Human,GDNF RET Signaling Axis WP4830,2,0.1001594572837572,3.9875332107091763,9.175281180743909,0.32442954641912664,FOXC1;EYA1
WikiPathway_2023_Human,Brain Derived Neurotrophic Factor BDNF Signaling Pathway WP2380,6,0.10291973533232733,1.9233667096262517,4.373362501351666,0.33097209851475046,LINGO1;MARCKS;CDH2;NCAM1;ACACB;PTPRF
WikiPathway_2023_Human,Angiogenesis WP1539,2,0.10763865444908072,3.8060866172454157,8.483673644399483,0.3397622248880474,PDGFRA;FGF2
WikiPathway_2023_Human,LDL Influence On CD14 And TLR4 WP5272,2,0.10763865444908072,3.8060866172454157,8.483673644399483,0.3397622248880474,IL1B;CREB3L1
WikiPathway_2023_Human,Sulindac Metabolic Pathway WP2542,1,0.11166135399510033,10.453961456102784,22.91805884636622,0.3397622248880474,CYP1B1
WikiPathway_2023_Human,Ketone Bodies Synthesis And Degradation WP311,1,0.11166135399510033,10.453961456102784,22.91805884636622,0.3397622248880474,OXCT1
WikiPathway_2023_Human,Disorders In Ketone Body Synthesis WP5175,1,0.11166135399510033,10.453961456102784,22.91805884636622,0.3397622248880474,OXCT1
WikiPathway_2023_Human,COVID 19 And Endothelial Cell Senescence WP5256,1,0.11166135399510033,10.453961456102784,22.91805884636622,0.3397622248880474,ANO6
WikiPathway_2023_Human,Sebaleic Acid Formation And Metabolism WP5315,1,0.11166135399510033,10.453961456102784,22.91805884636622,0.3397622248880474,ACSL1
WikiPathway_2023_Human,Photodynamic Therapy Induced AP 1 Survival Signaling WP3611,3,0.11173388603700889,2.6746739876458476,5.861909800062403,0.3397622248880474,PDGFRA;FGF7;TNF
WikiPathway_2023_Human,Hypothesized Pathways In Pathogenesis Of Cardiovascular Disease WP3668,2,0.1152609741925176,3.6404179884306775,7.865328313971379,0.34578292257755283,LTBP1;RUNX2
WikiPathway_2023_Human,Mammalian Disorder Of Sexual Development WP4842,2,0.1152609741925176,3.6404179884306775,7.865328313971379,0.34578292257755283,EMX2;PTGDS
WikiPathway_2023_Human,Copper Homeostasis WP3286,3,0.11676894363090959,2.618817204301075,5.624062197760932,0.3479714520201106,MT2A;MT1X;STEAP1
WikiPathway_2023_Human,Cytokines And Inflammatory Response WP530,2,0.12301565954521516,3.488555078683834,7.310070476847426,0.3641589391835177,IL1B;TNF
WikiPathway_2023_Human,Kit Receptor Signaling Pathway WP304,3,0.12708642592803693,2.5138064516129033,5.185700924174408,0.3737344236173191,KITLG;KIT;PRKCA
WikiPathway_2023_Human,exRNA Mechanism Of Action And Biogenesis WP2805,1,0.13245364470906457,8.362740899357602,16.905469274578557,0.37953063580097346,AGO2
WikiPathway_2023_Human,Benzene Metabolism WP3891,1,0.13245364470906457,8.362740899357602,16.905469274578557,0.37953063580097346,MPO
WikiPathway_2023_Human,MED And Pseudoachondroplasia Genes WP4789,1,0.13245364470906457,8.362740899357602,16.905469274578557,0.37953063580097346,COL9A2
WikiPathway_2023_Human,CCL18 Signaling Pathway WP5097,1,0.13245364470906457,8.362740899357602,16.905469274578557,0.37953063580097346,CDH2
WikiPathway_2023_Human,Embryonic Stem Cell Pluripotency Pathways WP3931,5,0.13637271687243596,1.8894596540384878,3.764490593990306,0.3855894215545083,PDGFRA;FGF7;FZD3;PIK3CD;FGF2
WikiPathway_2023_Human,Cardiac Hypertrophic Response WP2795,3,0.13771563257491948,2.4168734491315136,4.7916071468458235,0.3855894215545083,PRKCA;TNF;FGF2
WikiPathway_2023_Human,Nanoparticle Mediated Activation Of Receptor Signaling WP2643,2,0.13888120105207122,3.2198745460548035,6.3564714803354745,0.3855894215545083,COL1A1;PIK3CD
WikiPathway_2023_Human,Interactions Of Natural Killer Cells In Pancreatic Cancer WP5092,2,0.13888120105207122,3.2198745460548035,6.3564714803354745,0.3855894215545083,CCL4;TNF
WikiPathway_2023_Human,Dravet Syndrome WP5200,2,0.13888120105207122,3.2198745460548035,6.3564714803354745,0.3855894215545083,PRKCA;TNF
WikiPathway_2023_Human,Ras Signaling WP4223,7,0.14151890584800178,1.6604164368788068,3.2466487227548413,0.3904873513213382,PDGFRA;CSF1R;GNG4;KIT;PIK3CD;PRKCA;ETS2
WikiPathway_2023_Human,IL 18 Signaling Pathway WP4754,3,0.1431403193526643,2.3711503347534997,4.609349975320819,0.3925381763843003,PRKCA;TNF;ACACB
WikiPathway_2023_Human,Lipid Metabolism Pathway WP3965,2,0.1469726039435062,3.1004609759974566,5.9451620652996935,0.3961247865800606,ACSS2;PLIN1
WikiPathway_2023_Human,Statin Inhibition Of Cholesterol Production WP430,2,0.1469726039435062,3.1004609759974566,5.9451620652996935,0.3961247865800606,APOE;APOB
WikiPathway_2023_Human,Orexin Receptor Pathway WP5094,4,0.1512284713441207,1.9958949096880132,3.770172694957408,0.3961247865800606,IL1B;PRKCA;TNF;RUNX2
WikiPathway_2023_Human,Hypothetical Craniofacial Development Pathway WP3655,1,0.15276029180742112,6.968593861527481,13.09318861263854,0.3961247865800606,TP63
WikiPathway_2023_Human,Nanomaterial Induced Inflammasome Activation WP3890,1,0.15276029180742112,6.968593861527481,13.09318861263854,0.3961247865800606,IL1B
WikiPathway_2023_Human,Vitamin B6 Dependent And Responsive Disorders WP4228,1,0.15276029180742112,6.968593861527481,13.09318861263854,0.3961247865800606,ALPL
WikiPathway_2023_Human,Activation Of NLRP3 Inflammasome By SARS CoV 2 WP4876,1,0.15276029180742112,6.968593861527481,13.09318861263854,0.3961247865800606,IL1B
WikiPathway_2023_Human,COVID 19 Thrombosis And Anticoagulation WP4927,1,0.15276029180742112,6.968593861527481,13.09318861263854,0.3961247865800606,F13A1
WikiPathway_2023_Human,Amino Acid Metabolism In Triple Negative Breast Cancer Cells WP5213,1,0.15276029180742112,6.968593861527481,13.09318861263854,0.3961247865800606,PHGDH
WikiPathway_2023_Human,Breast Cancer Pathway WP4262,6,0.15332180835036185,1.700947700947701,3.1896447588829977,0.3961247865800606,HEYL;FGF7;FZD3;KIT;PIK3CD;FGF2
WikiPathway_2023_Human,Pre Implantation Embryo WP3527,3,0.15419622564861418,2.284692082111437,4.27129877788039,0.3961247865800606,DLX2;FOXD1;MXD1
WikiPathway_2023_Human,Inflammatory Response Pathway WP453,2,0.1551574394762933,2.9895769466584916,5.570523386057107,0.3963164311194463,COL1A1;COL1A2
WikiPathway_2023_Human,Constitutive Androstane Receptor Pathway WP2875,2,0.16342693195814473,2.8863400917566966,5.228285523365482,0.4081952300457904,CYP4A11;PPARGC1A
WikiPathway_2023_Human,Eicosanoid Metabolism Via Cyclooxygenases COX WP4719,2,0.16342693195814473,2.8863400917566966,5.228285523365482,0.4081952300457904,CYP4A11;PTGDS
WikiPathway_2023_Human,Antiviral And Anti Inflammatory Effects Of Nrf2 On SARS CoV 2 Pathway WP5113,2,0.16342693195814473,2.8863400917566966,5.228285523365482,0.4081952300457904,IL1B;TNF
WikiPathway_2023_Human,G Protein Signaling Pathways WP35,4,0.16456214632845936,1.926773682124455,3.4767995083098113,0.4081952300457904,GNG4;PRKCA;PDE7B;ADCY6
WikiPathway_2023_Human,Prion Disease Pathway WP3995,2,0.17177266360982302,2.789985693848355,4.914792483443588,0.4081952300457904,EBF1;NCAM1
WikiPathway_2023_Human,Metabolic Pathways Of Fibroblasts WP5312,2,0.17177266360982302,2.789985693848355,4.914792483443588,0.4081952300457904,PHGDH;CD36
WikiPathway_2023_Human,Monoamine Transport WP727,2,0.17177266360982302,2.789985693848355,4.914792483443588,0.4081952300457904,IL1B;TNF
WikiPathway_2023_Human,Phase I Biotransformations Non P450 WP136,1,0.17259261404620668,5.972774548791679,10.493097508978673,0.4081952300457904,PON3
WikiPathway_2023_Human,ApoE And miR 146 In Inflammation And Atherosclerosis WP3926,1,0.17259261404620668,5.972774548791679,10.493097508978673,0.4081952300457904,APOE
WikiPathway_2023_Human,Caloric Restriction And Aging WP4191,1,0.17259261404620668,5.972774548791679,10.493097508978673,0.4081952300457904,PPARGC1A
WikiPathway_2023_Human,Cerebral Organic Acidurias Including Diseases WP4519,1,0.17259261404620668,5.972774548791679,10.493097508978673,0.4081952300457904,ADHFE1
WikiPathway_2023_Human,Serine Metabolism WP4688,1,0.17259261404620668,5.972774548791679,10.493097508978673,0.4081952300457904,PHGDH
WikiPathway_2023_Human,Ketogenesis And Ketolysis WP4742,1,0.17259261404620668,5.972774548791679,10.493097508978673,0.4081952300457904,OXCT1
WikiPathway_2023_Human,Effect Of Intestinal Microbiome On Anticoagulant Response Of Vitamin K Antagonists WP5273,1,0.17259261404620668,5.972774548791679,10.493097508978673,0.4081952300457904,CD36
WikiPathway_2023_Human,Oxidative Stress Response WP408,2,0.18018656274738,2.699847708708293,4.6268977727664,0.41517213169112815,MAOA;MT1X
WikiPathway_2023_Human,Resistin As A Regulator Of Inflammation WP4481,2,0.18018656274738,2.699847708708293,4.6268977727664,0.41517213169112815,PIK3CD;TNF
WikiPathway_2023_Human,Signal Transduction Through IL1R WP4496,2,0.18018656274738,2.699847708708293,4.6268977727664,0.41517213169112815,IL1B;TNF
WikiPathway_2023_Human,Purinergic Signaling WP4900,2,0.18018656274738,2.699847708708293,4.6268977727664,0.41517213169112815,P2RY8;P2RX1
WikiPathway_2023_Human,Prostaglandin Signaling WP5088,2,0.18018656274738,2.699847708708293,4.6268977727664,0.41517213169112815,IL1B;TNF
WikiPathway_2023_Human,Small Cell Lung Cancer WP4658,4,0.18296258078018973,1.8417014020462297,3.1280812540329666,0.4194065313268964,COL4A2;COL4A1;LAMA4;PIK3CD
WikiPathway_2023_Human,Chemokine Signaling Pathway WP3929,6,0.1907613797706908,1.5823736012415257,2.6215689060632323,0.42269391754286517,GNG4;CCL20;CCL4;PIK3CD;CXCL3;ADCY6
WikiPathway_2023_Human,Folate Alcohol And Cancer Pathway Hypotheses WP1589,1,0.19196166725101038,5.225910064239828,8.625153312086455,0.42269391754286517,ALDH1L1
WikiPathway_2023_Human,Altered Glycosylation Of MUC1 In Tumor Microenvironment WP4480,1,0.19196166725101038,5.225910064239828,8.625153312086455,0.42269391754286517,TNF
WikiPathway_2023_Human,Eicosanoid Metabolism Via Cytochrome P450 Monooxygenases Pathway WP4720,1,0.19196166725101038,5.225910064239828,8.625153312086455,0.42269391754286517,CYP4A11
WikiPathway_2023_Human,Biotin Metabolism Including IMDs WP5031,1,0.19196166725101038,5.225910064239828,8.625153312086455,0.42269391754286517,ACACB
WikiPathway_2023_Human,Hemesynthesis Defects And Porphyrias WP5169,1,0.19196166725101038,5.225910064239828,8.625153312086455,0.42269391754286517,FECH
WikiPathway_2023_Human,Steroid Hormone Precursor Biosynthesis WP5277,1,0.19196166725101038,5.225910064239828,8.625153312086455,0.42269391754286517,AKR1C1
WikiPathway_2023_Human,Heme Biosynthesis WP561,1,0.19196166725101038,5.225910064239828,8.625153312086455,0.42269391754286517,FECH
WikiPathway_2023_Human,Adipogenesis WP236,5,0.19338017701848698,1.6632383695018684,2.732862305424853,0.4237300937610965,WWTR1;EBF1;PLIN1;TNF;PPARGC1A
WikiPathway_2023_Human,Photodynamic Therapy Induced NF kB Survival Signaling WP3617,2,0.1971882379759648,2.5359604629990895,4.117376490641038,0.4299665481719818,IL1B;TNF
WikiPathway_2023_Human,AGE RAGE Pathway WP2324,3,0.20077790402326567,1.993753200204813,3.2010822873902365,0.4356685587300959,MMP13;ALPL;PRKCA
WikiPathway_2023_Human,Zinc Homeostasis WP3529,2,0.2057614988843312,2.461247159808129,3.891324187695624,0.442189375006231,MT2A;MT1X
WikiPathway_2023_Human,Enterocyte Cholesterol Metabolism WP5333,2,0.2057614988843312,2.461247159808129,3.891324187695624,0.442189375006231,CD36;APOB
WikiPathway_2023_Human,Neurotransmitter Disorders WP4220,1,0.2108782501195694,4.645015465143945,7.229847313947393,0.4510171186767824,MAOA
WikiPathway_2023_Human,Neovascularisation Processes WP4331,2,0.21437387550931938,2.390803188228081,3.6819174955106284,0.4563101064412655,KITLG;KIT
WikiPathway_2023_Human,Ectoderm Differentiation WP2858,5,0.21821815982227918,1.5871457556122783,2.416048471691573,0.4622915518509895,CLDN11;DMD;ROR2;PTPN13;ZFHX4
WikiPathway_2023_Human,Glucocorticoid Receptor Pathway WP2880,3,0.2251889070619493,1.874337987481945,2.7942923903047308,0.4748086861164686,CCL20;SNAI2;CPEB4
WikiPathway_2023_Human,Nanoparticle Triggered Regulated Necrosis WP2513,1,0.22935291025361143,4.180299785867238,6.155463714629547,0.4768407017830898,TNF
WikiPathway_2023_Human,Induction Of Autophagy And Toll Like Receptor Signaling Pathways By Graphene Oxide WP5336,1,0.22935291025361143,4.180299785867238,6.155463714629547,0.4768407017830898,TNF
WikiPathway_2023_Human,IDO Metabolic Pathway WP5414,1,0.22935291025361143,4.180299785867238,6.155463714629547,0.4768407017830898,TNF
WikiPathway_2023_Human,Neuroinflammation And Glutamatergic Signaling WP5083,5,0.2309920759048219,1.5516358691304695,2.273723558971993,0.47726051463093244,IL1B;PRKCA;PHGDH;FGF2;TNF
WikiPathway_2023_Human,Kisspeptin Kisspeptin Receptor System In The Ovary WP4871,2,0.23169022746065399,2.261338591810695,3.3068775938556536,0.47726051463093244,PIK3CD;PRKCA
WikiPathway_2023_Human,Cholesterol Metabolism WP5304,3,0.23760360242846276,1.8198223468910706,2.6153604699309034,0.48719637745652683,CD36;APOE;APOB
WikiPathway_2023_Human,Bone Morphogenic Protein Signaling And Regulation WP1425,1,0.24739595003266782,3.8000778664590227,5.307816480409327,0.5003890935049887,RUNX2
WikiPathway_2023_Human,Resolvin E1 And Resolvin D1 Signaling Pathways Promoting Inflammation Resolution WP5191,1,0.24739595003266782,3.8000778664590227,5.307816480409327,0.5003890935049887,PIK3CD
WikiPathway_2023_Human,Octadecanoid Formation From Linoleic Acid WP5324,1,0.24739595003266782,3.8000778664590227,5.307816480409327,0.5003890935049887,CYP4A11
WikiPathway_2023_Human,Common Pathways Underlying Drug Addiction WP2636,2,0.24908855893284546,2.1451524155386816,2.9816477084270874,0.5013858785207732,PRKCA;ACTG1
WikiPathway_2023_Human,Extrafollicular And Follicular B Cell Activation By SARS CoV 2 WP5218,3,0.2501321049443679,1.7683780099954567,2.450558264473499,0.5013858785207732,EBI3;TNF;TMSB10
WikiPathway_2023_Human,Male Infertility WP4673,5,0.25273507094605596,1.4958346189447702,2.057391112674264,0.5040969878935867,ABLIM1;AGO2;APOB;TNF;CLU
WikiPathway_2023_Human,Fibrin Complement Receptor 3 Signaling Pathway WP4136,2,0.2578043966445498,2.0914163090128755,2.8350280238985994,0.5040969878935867,CXCL3;TNF
WikiPathway_2023_Human,Splicing Factor NOVA Regulated Synaptic Proteins WP4148,2,0.2578043966445498,2.0914163090128755,2.8350280238985994,0.5040969878935867,CDH2;EPB41L2
WikiPathway_2023_Human,Genes Targeted By miRNAs In Adipocytes WP1992,1,0.265017432114078,3.483226266952177,4.625584016525852,0.5040969878935867,TMSB4X
WikiPathway_2023_Human,Dopamine Metabolism WP2436,1,0.265017432114078,3.483226266952177,4.625584016525852,0.5040969878935867,MAOA
WikiPathway_2023_Human,Mammary Gland Development Pathway Puberty Stage 2 Of 4 WP2814,1,0.265017432114078,3.483226266952177,4.625584016525852,0.5040969878935867,VIM
WikiPathway_2023_Human,Estrogen Receptor Pathway WP2881,1,0.265017432114078,3.483226266952177,4.625584016525852,0.5040969878935867,CYP1B1
WikiPathway_2023_Human,BMP2 WNT4 FOXO1 Pathway In Primary Endometrial Stromal Cell Differentiation WP3876,1,0.265017432114078,3.483226266952177,4.625584016525852,0.5040969878935867,SFRP1
WikiPathway_2023_Human,Development Of Pulmonary Dendritic Cells And Macrophage Subsets WP3892,1,0.265017432114078,3.483226266952177,4.625584016525852,0.5040969878935867,RUNX2
WikiPathway_2023_Human,Familial Hyperlipidemia Type 3 WP5110,1,0.265017432114078,3.483226266952177,4.625584016525852,0.5040969878935867,APOE
WikiPathway_2023_Human,Lactate Shuttle In Glial Cells WP5314,1,0.265017432114078,3.483226266952177,4.625584016525852,0.5040969878935867,SLC4A4
WikiPathway_2023_Human,Female Steroid Hormones In Cardiomyocyte Energy Metabolism WP5318,1,0.265017432114078,3.483226266952177,4.625584016525852,0.5040969878935867,APOB
WikiPathway_2023_Human,Fas Ligand Pathway And Stress Induction Of Heat Shock Proteins WP314,2,0.2665243459122792,2.040301475976133,2.697869596547495,0.5048151806050373,TNF;ACTG1
WikiPathway_2023_Human,Vitamin D Receptor Pathway WP2877,6,0.2702491204730697,1.3962481962481963,1.8268666061591352,0.5097103664618656,SFRP1;COL13A1;TPM1;SPP1;G0S2;MXD1
WikiPathway_2023_Human,Interleukin 11 Signaling Pathway WP2332,2,0.27524345263536026,1.9916206826078071,2.569388429849175,0.5128274460162789,IBSP;RUNX2
WikiPathway_2023_Human,Cancer Immunotherapy By CTLA4 Blockade WP4582,1,0.28222718505593875,3.2151210673694615,4.06726611626464,0.5128274460162789,PIK3CD
WikiPathway_2023_Human,Omega 9 Fatty Acid Synthesis WP4724,1,0.28222718505593875,3.2151210673694615,4.06726611626464,0.5128274460162789,ACSL1
WikiPathway_2023_Human,Somatic Sex Determination WP4814,1,0.28222718505593875,3.2151210673694615,4.06726611626464,0.5128274460162789,PTGDS
WikiPathway_2023_Human,Riboflavin And CoQ Disorders WP5037,1,0.28222718505593875,3.2151210673694615,4.06726611626464,0.5128274460162789,COQ8A
WikiPathway_2023_Human,Modulation Of PI3K Akt mTOR Signaling By Bioactive Sphingolipids WP5192,1,0.28222718505593875,3.2151210673694615,4.06726611626464,0.5128274460162789,S1PR3
WikiPathway_2023_Human,Mineralocorticoid Biosynthesis WP5279,1,0.28222718505593875,3.2151210673694615,4.06726611626464,0.5128274460162789,AKR1C1
WikiPathway_2023_Human,Glucocorticoid Biosynthesis WP5280,1,0.28222718505593875,3.2151210673694615,4.06726611626464,0.5128274460162789,AKR1C1
WikiPathway_2023_Human,Abnormal Calcium Handling And Its Effects On Muscle Contraction In DMD WP5343,1,0.28222718505593875,3.2151210673694615,4.06726611626464,0.5128274460162789,DMD
WikiPathway_2023_Human,Envelope Proteins And Their Potential Roles In EDMD Physiopathology WP4535,2,0.2926604571007757,1.9008973858759266,2.3357128196156656,0.528248049148391,SYNE3;ADCY6
WikiPathway_2023_Human,Transcriptional Activation By NRF2 In Response To Phytochemicals WP3,1,0.2990348088484956,2.9853166105842766,3.6038601658272706,0.528248049148391,PRKCA
WikiPathway_2023_Human,Biosynthesis And Regeneration Of Tetrahydrobiopterin And Catabolism Of Phenylalanine WP4156,1,0.2990348088484956,2.9853166105842766,3.6038601658272706,0.528248049148391,MAOA
WikiPathway_2023_Human,Omega 3 Omega 6 Fatty Acid Synthesis WP4723,1,0.2990348088484956,2.9853166105842766,3.6038601658272706,0.528248049148391,ACSL1
WikiPathway_2023_Human,Iron Sulfur Cluster Biogenesis WP5152,1,0.2990348088484956,2.9853166105842766,3.6038601658272706,0.528248049148391,NARF
WikiPathway_2023_Human,Pro Survival Signaling Of Neuroprotectin D1 WP5182,1,0.2990348088484956,2.9853166105842766,3.6038601658272706,0.528248049148391,TNF
WikiPathway_2023_Human,Biogenic Amine Synthesis WP550,1,0.2990348088484956,2.9853166105842766,3.6038601658272706,0.528248049148391,MAOA
WikiPathway_2023_Human,Glioblastoma Signaling Pathways WP2261,3,0.3010229695786784,1.5886484279297672,1.9072815878091847,0.528248049148391,PDGFRA;PIK3CD;PRKCA
WikiPathway_2023_Human,Wnt Signaling Pathway WP363,2,0.301349558239015,1.8585598474010492,2.2293134783632778,0.528248049148391,PRKCA;ROR2
WikiPathway_2023_Human,MicroRNAs In Cardiomyocyte Hypertrophy WP1544,3,0.30743659073940205,1.5687096774193547,1.8502717645402262,0.5320981395510851,PIK3CD;FGF2;TNF
WikiPathway_2023_Human,Apoptosis WP254,3,0.31385513763123507,1.54926324173636,1.795323031237128,0.5320981395510851,IGF2;TNF;TP63
WikiPathway_2023_Human,Nuclear Receptors Meta Pathway WP2882,9,0.31542027954598995,1.2360655737704918,1.4262334077500705,0.5320981395510851,SERPINB2;CCL20;IL1B;CYP4A11;CYP1B1;SNAI2;PPARGC1A;TNF;CPEB4
WikiPathway_2023_Human,SREBF And miR33 In Cholesterol And Lipid Homeostasis WP2011,1,0.31544968004706386,2.786152748037116,3.2145407353791247,0.5320981395510851,PPARGC1A
WikiPathway_2023_Human,Deregulation Of Rab And Rab Effector Genes In Bladder Cancer WP2291,1,0.31544968004706386,2.786152748037116,3.2145407353791247,0.5320981395510851,MYRIP
WikiPathway_2023_Human,Major Receptors Targeted By Epinephrine And Norepinephrine WP4589,1,0.31544968004706386,2.786152748037116,3.2145407353791247,0.5320981395510851,ADCY6
WikiPathway_2023_Human,MAPK Pathway In Congenital Thyroid Cancer WP4928,1,0.31544968004706386,2.786152748037116,3.2145407353791247,0.5320981395510851,ALK
WikiPathway_2023_Human,Familial Hyperlipidemia Type 2 WP5109,1,0.31544968004706386,2.786152748037116,3.2145407353791247,0.5320981395510851,APOB
WikiPathway_2023_Human,ID Signaling Pathway WP53,1,0.31544968004706386,2.786152748037116,3.2145407353791247,0.5320981395510851,ELK3
WikiPathway_2023_Human,8Q11 23 RB1CC1 Copy Number Variation WP5412,1,0.31544968004706386,2.786152748037116,3.2145407353791247,0.5320981395510851,TNF
WikiPathway_2023_Human,Clear Cell Renal Cell Carcinoma Pathways WP4018,3,0.32027671868219737,1.5302911093627065,1.742343412166412,0.538209373123843,PDGFRA;PHGDH;ACACB
WikiPathway_2023_Human,NOTCH1 Regulation Of Endothelial Cell Calcification WP3413,1,0.33148095716029624,2.6118843683083512,2.884003320437652,0.5487851401876015,ALPL
WikiPathway_2023_Human,Amplification And Expansion Of Oncogenic Pathways As Metastatic Traits WP3678,1,0.33148095716029624,2.6118843683083512,2.884003320437652,0.5487851401876015,TNC
WikiPathway_2023_Human,Platelet Mediated Interactions With Vascular And Circulating Cells WP4462,1,0.33148095716029624,2.6118843683083512,2.884003320437652,0.5487851401876015,IL1B
WikiPathway_2023_Human,Iron Metabolism Disorders WP5172,1,0.33148095716029624,2.6118843683083512,2.884003320437652,0.5487851401876015,HEPH
WikiPathway_2023_Human,8P23 1 Copy Number Variation Syndrome WP5346,2,0.34444336790941665,1.672274678111588,1.7823531475712848,0.5622119589662853,FAM167A;MEPE
WikiPathway_2023_Human,Transcription Co Factors SKI And SKIL Protein Partners WP4533,1,0.3471375854020016,2.458118150900617,2.600772771164602,0.5622119589662853,SATB2
WikiPathway_2023_Human,Perturbations To Host Cell Autophagy Induced By SARS CoV 2 Proteins WP4936,1,0.3471375854020016,2.458118150900617,2.600772771164602,0.5622119589662853,APOB
WikiPathway_2023_Human,Nephrogenesis WP5052,1,0.3471375854020016,2.458118150900617,2.600772771164602,0.5622119589662853,FOXD1
WikiPathway_2023_Human,Ulcerative Colitis Signaling WP5174,1,0.3471375854020016,2.458118150900617,2.600772771164602,0.5622119589662853,TNF
WikiPathway_2023_Human,Estrogen Metabolism WP697,1,0.3471375854020016,2.458118150900617,2.600772771164602,0.5622119589662853,CYP1B1
WikiPathway_2023_Human,MAPK Signaling Pathway WP382,7,0.3538925973521377,1.2257417475199448,1.2732537152571868,0.5710830000592259,FGF7;IL1B;MAP3K20;PRKCA;TNF;FGF2;CACNA1G
WikiPathway_2023_Human,Hematopoietic Stem Cell Differentiation WP2849,2,0.3614519259028392,1.6077913502806207,1.6361306524722594,0.5724574239586663,KITLG;IL1B
WikiPathway_2023_Human,TP53 Network WP1742,1,0.362428301969357,2.3214370687604093,2.3560929018582786,0.5724574239586663,TP63
WikiPathway_2023_Human,Small Ligand GPCRs WP247,1,0.362428301969357,2.3214370687604093,2.3560929018582786,0.5724574239586663,S1PR3
WikiPathway_2023_Human,Farnesoid X Receptor Pathway WP2879,1,0.362428301969357,2.3214370687604093,2.3560929018582786,0.5724574239586663,PPARGC1A
WikiPathway_2023_Human,Mitochondrial Gene Expression WP391,1,0.362428301969357,2.3214370687604093,2.3560929018582786,0.5724574239586663,PPARGC1A
WikiPathway_2023_Human,Disorders Of Folate Metabolism And Transport WP4259,1,0.362428301969357,2.3214370687604093,2.3560929018582786,0.5724574239586663,ALDH1L1
WikiPathway_2023_Human,Metabolic Epileptic Disorders WP5355,3,0.3651627392412952,1.409423704240667,1.4198705836438532,0.574745579017109,ECHS1;PHGDH;HADH
WikiPathway_2023_Human,Primary Ovarian Insufficiency WP5316,5,0.36676404983479144,1.2675567772759997,1.2714057814576447,0.5752404571093045,CNTNAP2;LHCGR;KIT;TNF;TP63
WikiPathway_2023_Human,Pathogenic Escherichia Coli Infection WP2272,2,0.3698948031937539,1.5773746862094096,1.5687569038210596,0.5781222972993286,PRKCA;ACTG1
WikiPathway_2023_Human,TGF Beta Signaling Pathway WP366,4,0.37292820411350897,1.3068426724137931,1.2890295705856765,0.5808324294032701,COL1A2;TNC;RUNX2;SPTBN1
WikiPathway_2023_Human,Hereditary Leiomyomatosis And Renal Cell Carcinoma Pathway WP4206,1,0.3773616406889254,2.1991434689507496,2.1431781094152442,0.5830931815351602,ACACB
WikiPathway_2023_Human,Hypertrophy Model WP516,1,0.3773616406889254,2.1991434689507496,2.1431781094152442,0.5830931815351602,NR4A3
WikiPathway_2023_Human,11P11 2 Copy Number Variation Syndrome WP5348,2,0.37829311553735223,1.5480845652519473,1.5048712489921123,0.5830931815351602,TSPAN18;ALX4
WikiPathway_2023_Human,Type II Diabetes Mellitus WP1584,1,0.3919459367724691,2.0890792291220555,1.9566971301741825,0.5918913301935597,TNF
WikiPathway_2023_Human,Nicotine Effect On Dopaminergic Neurons WP1602,1,0.3919459367724691,2.0890792291220555,1.9566971301741825,0.5918913301935597,PPP1R1B
WikiPathway_2023_Human,Cell Differentiation Expanded Index WP2023,1,0.3919459367724691,2.0890792291220555,1.9566971301741825,0.5918913301935597,RUNX2
WikiPathway_2023_Human,Metabolism Of Sphingolipids In ER And Golgi Apparatus WP4142,1,0.3919459367724691,2.0890792291220555,1.9566971301741825,0.5918913301935597,GALNT16
WikiPathway_2023_Human,Host Pathogen Interaction Of Human Coronaviruses Apoptosis WP4864,1,0.3919459367724691,2.0890792291220555,1.9566971301741825,0.5918913301935597,TNF
WikiPathway_2023_Human,FOXA2 Pathway WP5066,1,0.3919459367724691,2.0890792291220555,1.9566971301741825,0.5918913301935597,APOB
WikiPathway_2023_Human,MET In Type 1 Papillary Renal Cell Carcinoma WP4205,2,0.40319600619920054,1.4663805436337625,1.3319610575426377,0.6012140104362195,ALK;PIK3CD
WikiPathway_2023_Human,Vitamin D In Inflammatory Diseases WP4482,1,0.4061893314356561,1.9894972978484755,1.7924095276320218,0.6012140104362195,TNF
WikiPathway_2023_Human,PKC Gamma Calcium Signaling Pathway In Ataxia WP4760,1,0.4061893314356561,1.9894972978484755,1.7924095276320218,0.6012140104362195,TRPC3
WikiPathway_2023_Human,NAD Metabolism In Oncogene Induced Senescence And Mitochondrial Dysfunction Associated Senescence WP5046,1,0.4061893314356561,1.9894972978484755,1.7924095276320218,0.6012140104362195,IL1B
WikiPathway_2023_Human,Sildenafil Treatment WP5294,1,0.4061893314356561,1.9894972978484755,1.7924095276320218,0.6012140104362195,PPARGC1A
WikiPathway_2023_Human,Pathophysiological Roles Of DUX4 In FSHD1 WP5342,1,0.4061893314356561,1.9894972978484755,1.7924095276320218,0.6012140104362195,PPARGC1A
WikiPathway_2023_Human,2Q13 Copy Number Variation Syndrome WP5222,2,0.4113920939853936,1.4410241231315672,1.2799299026681443,0.6027425203356026,IL1B;GAS6
WikiPathway_2023_Human,17Q12 Copy Number Variation Syndrome WP5287,3,0.4158073985706457,1.292650482208181,1.1343435979713743,0.6027425203356026,CCL3L3;PPP1R1B;CCL4
WikiPathway_2023_Human,TYROBP Causal Network In Microglia WP3945,2,0.41953230848436046,1.4165272423074124,1.2304164414174674,0.6027425203356026,SPP1;C1QC
WikiPathway_2023_Human,Eicosanoid Synthesis WP167,1,0.42009977650176,1.8989682694179482,1.6469049805623424,0.6027425203356026,PTGDS
WikiPathway_2023_Human,Nanoparticle Triggered Autophagic Cell Death WP2509,1,0.42009977650176,1.8989682694179482,1.6469049805623424,0.6027425203356026,SH3GLB1
WikiPathway_2023_Human,NRF2 ARE Regulation WP4357,1,0.42009977650176,1.8989682694179482,1.6469049805623424,0.6027425203356026,PRKCA
WikiPathway_2023_Human,Leucine Isoleucine And Valine Metabolism WP4686,1,0.42009977650176,1.8989682694179482,1.6469049805623424,0.6027425203356026,ECHS1
WikiPathway_2023_Human,Kynurenine Pathway And Links To Cell Senescence WP5044,1,0.42009977650176,1.8989682694179482,1.6469049805623424,0.6027425203356026,TNF
WikiPathway_2023_Human,Tamoxifen Metabolism WP691,1,0.42009977650176,1.8989682694179482,1.6469049805623424,0.6027425203356026,CYP1B1
WikiPathway_2023_Human,Integrin Mediated Cell Adhesion WP185,3,0.4220546059620663,1.2793943383805135,1.103631880213137,0.6027425203356026,ITGA8;SORBS1;TNS1
WikiPathway_2023_Human,Wnt Signaling Pathway And Pluripotency WP399,3,0.4220546059620663,1.2793943383805135,1.103631880213137,0.6027425203356026,FZD3;PLAU;PRKCA
WikiPathway_2023_Human,Follicle Stimulating Hormone FSH Signaling Pathway WP2035,1,0.4336850384837421,1.8163113304161624,1.5174131915007172,0.6104390863815433,PRKCA
WikiPathway_2023_Human,IL1 And Megakaryocytes In Obesity WP2865,1,0.4336850384837421,1.8163113304161624,1.5174131915007172,0.6104390863815433,IL1B
WikiPathway_2023_Human,Unfolded Protein Response WP4925,1,0.4336850384837421,1.8163113304161624,1.5174131915007172,0.6104390863815433,IL1B
WikiPathway_2023_Human,Estrogen Metabolism WP5276,1,0.4336850384837421,1.8163113304161624,1.5174131915007172,0.6104390863815433,CYP1B1
WikiPathway_2023_Human,Endometrial Cancer WP4155,2,0.43563773726110133,1.3699430099204952,1.138346279038175,0.6104390863815433,PIK3CD;FGF2
WikiPathway_2023_Human,Oxidation By Cytochrome P450 WP43,2,0.43563773726110133,1.3699430099204952,1.138346279038175,0.6104390863815433,CYP4A11;CYP1B1
WikiPathway_2023_Human,Ferroptosis WP4313,2,0.4435995516382017,1.3477779316073653,1.0955184256313086,0.6185382612480931,ACSL1;AKR1C1
WikiPathway_2023_Human,Thyroxine Thyroid Hormone Production WP1981,1,0.4469527033179733,1.7405424696645253,1.4016632006084395,0.6185382612480931,PRKCA
WikiPathway_2023_Human,S1P Receptor Signal Transduction WP26,1,0.4469527033179733,1.7405424696645253,1.4016632006084395,0.6185382612480931,S1PR3
WikiPathway_2023_Human,Relationship Between Inflammation COX 2 And EGFR WP4483,1,0.4469527033179733,1.7405424696645253,1.4016632006084395,0.6185382612480931,PIK3CD
WikiPathway_2023_Human,Physico Chemical Features And Toxicity Associated Pathways WP3680,2,0.459333705400597,1.3055257510729614,1.0156707123389628,0.6251526294038762,FZD3;TMSB4X
WikiPathway_2023_Human,PPAR Alpha Pathway WP2878,1,0.45991018028046393,1.6708351177730192,1.297777851011729,0.6251526294038762,CYP4A11
WikiPathway_2023_Human,Wnt Beta Catenin Signaling Pathway In Leukemia WP3658,1,0.45991018028046393,1.6708351177730192,1.297777851011729,0.6251526294038762,WIF1
WikiPathway_2023_Human,SARS CoV 2 Mitochondrial Chronic Oxidative Stress And Endothelial Dysfunction WP5183,1,0.45991018028046393,1.6708351177730192,1.297777851011729,0.6251526294038762,TNF
WikiPathway_2023_Human,Cell Interactions Of The Pancreatic Cancer Microenvironment WP5284,1,0.45991018028046393,1.6708351177730192,1.297777851011729,0.6251526294038762,CSF1R
WikiPathway_2023_Human,IL 24 Signaling Pathway WP5413,6,0.46012352365520187,1.1094127111826226,0.8611930394150402,0.6251526294038762,PDGFRA;BSG;ANXA5;PIK3CD;CD36;TNF
WikiPathway_2023_Human,AMP Activated Protein Kinase Signaling WP1403,2,0.46710328715605637,1.285374711125784,0.9784334951894358,0.6286798322537324,PIK3CD;ACACB
WikiPathway_2023_Human,Hepatitis B Infection WP4666,4,0.46722116090048227,1.1446622579121397,0.8710336703089041,0.6286798322537324,CREB3L1;PIK3CD;PRKCA;TNF
WikiPathway_2023_Human,CKAP4 Signaling Pathway Map WP5322,3,0.4711219387777385,1.182349360925137,0.8898814426919146,0.6286798322537324,PLAU;VIM;TNF
WikiPathway_2023_Human,Calcium Regulation In Cardiac Cells WP536,4,0.47233047152989516,1.1368167956837907,0.8526994346077297,0.6286798322537324,GNG4;CASQ2;PRKCA;ADCY6
WikiPathway_2023_Human,Canonical And Non Canonical Notch Signaling WP3845,1,0.4725647061236109,1.6064898698731676,1.2041936361313998,0.6286798322537324,MFAP2
WikiPathway_2023_Human,TLR4 Signaling And Tolerance WP3851,1,0.4725647061236109,1.6064898698731676,1.2041936361313998,0.6286798322537324,TNF
WikiPathway_2023_Human,Intraflagellar Transport Proteins Binding To Dynein WP4532,1,0.4725647061236109,1.6064898698731676,1.2041936361313998,0.6286798322537324,DYNC1I1
WikiPathway_2023_Human,Melanoma WP4685,2,0.47480619792480755,1.2658343087527637,0.9428548653297684,0.6297874494729643,KIT;PIK3CD
WikiPathway_2023_Human,T Cell Receptor And Co Stimulatory Signaling WP2583,1,0.48492334908826285,1.546910936632564,1.1195991334307016,0.6375315795366279,PRKCA
WikiPathway_2023_Human,Eicosanoid Metabolism Via Lipooxygenases LOX WP4721,1,0.48492334908826285,1.546910936632564,1.1195991334307016,0.6375315795366279,CYP4A11
WikiPathway_2023_Human,Sphingolipid Metabolism In Senescence WP5121,1,0.48492334908826285,1.546910936632564,1.1195991334307016,0.6375315795366279,PRKCA
WikiPathway_2023_Human,One Carbon Metabolism WP241,1,0.496993013032404,1.491587641480575,1.0428872198680812,0.6464659081890735,ALDH1L1
WikiPathway_2023_Human,PDGFR Beta Pathway WP3972,1,0.496993013032404,1.491587641480575,1.0428872198680812,0.6464659081890735,PRKCA
WikiPathway_2023_Human,Selective Expression Of Chemokine Receptors During T Cell Polarization WP4494,1,0.496993013032404,1.491587641480575,1.0428872198680812,0.6464659081890735,CCL4
WikiPathway_2023_Human,Leptin Signaling Pathway WP2034,2,0.49750396513879475,1.2106114324811843,0.8451904929254385,0.6464659081890735,PDE3B;ACACB
WikiPathway_2023_Human,Gastrin Signaling Pathway WP4659,3,0.5066547838493258,1.118663594470046,0.7606077997816909,0.651647154880937,SERPINB2;KIT;PRKCA
WikiPathway_2023_Human,Glycerophospholipid Biosynthetic Pathway WP2533,1,0.5087804408354519,1.4400797459942405,0.9731176290622954,0.651647154880937,PIK3CD
WikiPathway_2023_Human,Dopaminergic Neurogenesis WP2855,1,0.5087804408354519,1.4400797459942405,0.9731176290622954,0.651647154880937,EN1
WikiPathway_2023_Human,Cell Migration And Invasion Through p75NTR WP4561,1,0.5087804408354519,1.4400797459942405,0.9731176290622954,0.651647154880937,CDH11
WikiPathway_2023_Human,4P16 3 Copy Number Variation WP5365,1,0.5087804408354519,1.4400797459942405,0.9731176290622954,0.651647154880937,FGF2
WikiPathway_2023_Human,Head And Neck Squamous Cell Carcinoma WP4674,2,0.5122839045785613,1.1763888049326,0.7868585988413505,0.6542597295617626,FAT1;TP63
WikiPathway_2023_Human,Cytosolic DNA Sensing Pathway WP4655,2,0.5195658952241812,1.15999046256557,0.759517249460665,0.6588402880968676,IL1B;CCL4
WikiPathway_2023_Human,miRNA Regulation Of Prostate Cancer Signaling Pathways WP3981,1,0.5202922185641929,1.392005710206995,0.9094873465724389,0.6588402880968676,CREB3L1
WikiPathway_2023_Human,Prostaglandin And Leukotriene Metabolism In Senescence WP5122,1,0.5202922185641929,1.392005710206995,0.9094873465724389,0.6588402880968676,PTGDS
WikiPathway_2023_Human,22Q11 2 Copy Number Variation Syndrome WP4657,3,0.5239507238288781,1.0893127629733521,0.7040856240584737,0.6615987953432444,ACTA2;FOXC1;CDH15
WikiPathway_2023_Human,Non Genomic Actions Of 1 25 Dihydroxyvitamin D3 WP4341,2,0.526775005683965,1.144041389852431,0.7333096587630671,0.6618274264507247,PRKCA;TNF
WikiPathway_2023_Human,Endothelin Pathways WP2197,1,0.5315347787378303,1.3470332251157007,0.8513070130551839,0.6618274264507247,PRKCA
WikiPathway_2023_Human,Pregnane X Receptor Pathway WP2876,1,0.5315347787378303,1.3470332251157007,0.8513070130551839,0.6618274264507247,PPARGC1A
WikiPathway_2023_Human,White Fat Cell Differentiation WP4149,1,0.5315347787378303,1.3470332251157007,0.8513070130551839,0.6618274264507247,EBF1
WikiPathway_2023_Human,Regucalcin In Proximal Tubule Epithelial Kidney Cells WP4838,1,0.5315347787378303,1.3470332251157007,0.8513070130551839,0.6618274264507247,ACTA2
WikiPathway_2023_Human,Alpha 6 Beta 4 Signaling Pathway WP244,1,0.5425144042480763,1.3048715203426124,0.7979819676831995,0.6699003831461052,PRKCA
WikiPathway_2023_Human,Nuclear Receptors In Lipid Metabolism And Toxicity WP299,1,0.5425144042480763,1.3048715203426124,0.7979819676831995,0.6699003831461052,CYP4A11
WikiPathway_2023_Human,BDNF TrkB Signaling WP3676,1,0.5425144042480763,1.3048715203426124,0.7979819676831995,0.6699003831461052,TRPC3
WikiPathway_2023_Human,Fragile X Syndrome WP4549,3,0.5464843056904304,1.0524803469775006,0.6359609230093815,0.6729063867148134,MAP1B;AGO2;PRKCA
WikiPathway_2023_Human,Regulatory Circuits Of The STAT3 Signaling Pathway WP4538,2,0.5479595632308547,1.0987124463519313,0.6609346301598599,0.6729063867148134,PTPRD;PDGFRA
WikiPathway_2023_Human,Prostaglandin And Leukotriene Metabolism In Senescence WP5321,1,0.5532372315062072,1.2652650704042567,0.7489969132187179,0.6775261437897935,PTGDS
WikiPathway_2023_Human,Target Of Rapamycin Signaling WP1471,1,0.5739363261604541,1.1928418476598348,0.6623097128855812,0.6952561999829892,PRKCA
WikiPathway_2023_Human,Factors And Pathways Affecting Insulin Like Growth Factor IGF1 Akt Signaling WP3850,1,0.5739363261604541,1.1928418476598348,0.6623097128855812,0.6952561999829892,PPARGC1A
WikiPathway_2023_Human,Wnt Signaling In Kidney Disease WP4150,1,0.5739363261604541,1.1928418476598348,0.6623097128855812,0.6952561999829892,FZD3
WikiPathway_2023_Human,Vitamin D Sensitive Calcium Signaling In Depression WP4698,1,0.5739363261604541,1.1928418476598348,0.6623097128855812,0.6952561999829892,ATP2B4
WikiPathway_2023_Human,Ovarian Infertility WP34,1,0.5839241652598034,1.1596478705686415,0.6238721839118695,0.6978986681046313,LHCGR
WikiPathway_2023_Human,Photodynamic Therapy Induced HIF 1 Survival Signaling WP3614,1,0.5839241652598034,1.1596478705686415,0.6238721839118695,0.6978986681046313,IGFBP2
WikiPathway_2023_Human,Overview Of Interferons Mediated Signaling Pathway WP4558,1,0.5839241652598034,1.1596478705686415,0.6238721839118695,0.6978986681046313,PRKCA
WikiPathway_2023_Human,Genetic Causes Of Porto Sinusoidal Vascular Disease WP5269,1,0.5839241652598034,1.1596478705686415,0.6238721839118695,0.6978986681046313,BEND6
WikiPathway_2023_Human,Type II Interferon Signaling WP619,1,0.5839241652598034,1.1596478705686415,0.6238721839118695,0.6978986681046313,IL1B
WikiPathway_2023_Human,Acute Viral Myocarditis WP4298,2,0.588302129225391,1.0180048152412855,0.5400664558702177,0.7001958443541653,DMD;TNF
WikiPathway_2023_Human,TNF Related Weak Inducer Of Apoptosis TWEAK Signaling Pathway WP2036,1,0.5936783557275808,1.1282481625094045,0.5882884434041429,0.7001958443541653,TNF
WikiPathway_2023_Human,Amyotrophic Lateral Sclerosis ALS WP2447,1,0.5936783557275808,1.1282481625094045,0.5882884434041429,0.7001958443541653,TNF
WikiPathway_2023_Human,Sleep Regulation WP3591,1,0.5936783557275808,1.1282481625094045,0.5882884434041429,0.7001958443541653,PTGDS
WikiPathway_2023_Human,G13 Signaling Pathway WP524,1,0.5936783557275808,1.1282481625094045,0.5882884434041429,0.7001958443541653,PIK3CD
WikiPathway_2023_Human,Angiopoietin Like Protein 8 Regulatory Pathway WP3915,3,0.5999849935255005,0.9703925981495374,0.4957256748374501,0.7057718213313124,DIO2;PIK3CD;SLC16A2
WikiPathway_2023_Human,T Cell Activation SARS CoV 2 WP5098,2,0.613679763335934,0.9704561333466414,0.47385630535244627,0.7198239572944896,PIK3CD;TNF
WikiPathway_2023_Human,2Q37 Copy Number Variation Syndrome WP5224,3,0.6152057643051838,0.9481915933528837,0.46063004525601314,0.7198239572944896,IL1B;SEPTIN4;TNF
WikiPathway_2023_Human,Apoptosis Modulation And Signaling WP1772,2,0.6198343040408759,0.9592521335898574,0.45881325786617316,0.7198239572944896,SEPTIN4;PTPN13
WikiPathway_2023_Human,Pancreatic Adenocarcinoma Pathway WP4263,2,0.6198343040408759,0.9592521335898574,0.45881325786617316,0.7198239572944896,PIK3CD;ARHGEF6
WikiPathway_2023_Human,Measles Virus Infection WP4630,3,0.6201918667943908,0.9410138248847926,0.4495471339688602,0.7198239572944896,IL1B;PIK3CD;CD46
WikiPathway_2023_Human,Nucleotide Binding Oligomerization Domain NOD Pathway WP1433,1,0.6215929474623557,1.0434689507494648,0.49613800021378585,0.7198239572944896,IL1B
WikiPathway_2023_Human,ErbB Signaling Pathway WP673,2,0.6259131040155964,0.9483027701911823,0.44432131616064685,0.722953895335844,PIK3CD;PRKCA
WikiPathway_2023_Human,Inflammatory Bowel Disease Signaling WP5198,1,0.6304658316841505,1.01796626103306,0.46958408751079245,0.7242733321461449,TNF
WikiPathway_2023_Human,GPCRs Other WP117,2,0.6319163300603949,0.9375994599025895,0.4303565419974037,0.7242733321461449,GPR88;ADGRL3
WikiPathway_2023_Human,Amino Acid Metabolism WP3925,2,0.6319163300603949,0.9375994599025895,0.4303565419974037,0.7242733321461449,MAOA;HADH
WikiPathway_2023_Human,Cholesterol Biosynthesis Pathway In Hepatocytes WP5329,1,0.6391310977422311,0.9936779851126746,0.4448156621772944,0.7294474776092504,ACSL1
WikiPathway_2023_Human,Endoderm Differentiation WP2853,3,0.6396944322658303,0.9133506004238285,0.4080527761478651,0.7294474776092504,SFRP1;TCEAL2;ZFHX4
WikiPathway_2023_Human,Heart Development WP1591,1,0.647593593727201,0.9705193964444002,0.4216828646444161,0.7347064375534489,FOXC1
WikiPathway_2023_Human,Renin Angiotensin Aldosterone System RAAS WP4756,1,0.647593593727201,0.9705193964444002,0.4216828646444161,0.7347064375534489,CREB3L1
WikiPathway_2023_Human,1P36 Copy Number Variation Syndrome WP5345,2,0.6494747280014562,0.9068856129874977,0.3914039892306144,0.734975198523167,LRP4;PLEKHN1
WikiPathway_2023_Human,Nephrotic Syndrome WP4758,1,0.6558580544202038,0.9484134708974109,0.4000511339542736,0.7403246220349271,MYO1E
WikiPathway_2023_Human,Translation Inhibitors In Chronically Activated PDGFRA Cells WP4566,1,0.6639291045576803,0.9272900309302878,0.3797993631936268,0.7475473796908894,PRKCA
WikiPathway_2023_Human,Cholesterol Metabolism With Bloch And Kandutsch Russell Pathways WP4718,1,0.6718112609919624,0.907085001396518,0.36081831212294546,0.7545216926216262,ACSL1
WikiPathway_2023_Human,Energy Metabolism WP1541,1,0.6795089352193653,0.8877397603535468,0.3430092347839866,0.7574575911298161,PPARGC1A
WikiPathway_2023_Human,Exercise Induced Circadian Regulation WP410,1,0.6795089352193653,0.8877397603535468,0.3430092347839866,0.7574575911298161,G0S2
WikiPathway_2023_Human,Rett Syndrome Causing Genes WP4312,1,0.6795089352193653,0.8877397603535468,0.3430092347839866,0.7574575911298161,SATB2
WikiPathway_2023_Human,IL 3 Signaling Pathway WP286,1,0.6870264361678275,0.8692005710206995,0.3262826893543213,0.7601505370470766,PIK3CD
WikiPathway_2023_Human,Hepatitis C And Hepatocellular Carcinoma WP3646,1,0.6870264361678275,0.8692005710206995,0.3262826893543213,0.7601505370470766,COL4A2
WikiPathway_2023_Human,Phosphoinositides Metabolism WP4971,1,0.6870264361678275,0.8692005710206995,0.3262826893543213,0.7601505370470766,PIK3CD
WikiPathway_2023_Human,IL 4 Signaling Pathway WP395,1,0.6943679720033368,0.8514180832932745,0.3105575044475373,0.7644888755800284,PIK3CD
WikiPathway_2023_Human,Synaptic Signaling Pathways Associated With Autism Spectrum Disorder WP4539,1,0.6943679720033368,0.8514180832932745,0.3105575044475373,0.7644888755800284,PIK3CD
WikiPathway_2023_Human,Nonalcoholic Fatty Liver Disease WP4396,3,0.7023315386862519,0.8280709250160222,0.29259862047960983,0.7704300917981014,IL1B;PIK3CD;TNF
WikiPathway_2023_Human,NF1 Copy Number Variation Syndrome WP5366,2,0.7032113589566562,0.8175544896070016,0.28785912041420547,0.7704300917981014,SDC2;H4C6
WikiPathway_2023_Human,Smith Magenis And Potocki Lupski Syndrome Copy Number Variation WP5381,3,0.7064713929308747,0.8225806451612904,0.28582420992527335,0.7721093218584377,WWTR1;IL1B;TNF
WikiPathway_2023_Human,IL 1 Signaling Pathway WP195,1,0.7220552468067619,0.7869985051109046,0.25628891518837776,0.7833948915597636,IL1B
WikiPathway_2023_Human,Interferon Type I Signaling Pathways WP585,1,0.7220552468067619,0.7869985051109046,0.25628891518837776,0.7833948915597636,PIK3CD
WikiPathway_2023_Human,Notch Signaling Pathway WP61,1,0.7220552468067619,0.7869985051109046,0.25628891518837776,0.7833948915597636,FHL1
WikiPathway_2023_Human,Alzheimer 39 S Disease And miRNA Effects WP2059,5,0.7310040030527066,0.8163723372718418,0.2557991227810524,0.7884938311263063,FZD3;IL1B;PIK3CD;APOE;TNF
WikiPathway_2023_Human,Alzheimer 39 S Disease WP5124,5,0.7310040030527066,0.8163723372718418,0.2557991227810524,0.7884938311263063,FZD3;IL1B;PIK3CD;APOE;TNF
WikiPathway_2023_Human,DNA Damage Response Only ATM Dependent WP710,2,0.7320468454528348,0.7718963598791925,0.24076278839330767,0.7884938311263063,PLAU;PIK3CD
WikiPathway_2023_Human,Oncostatin M Signaling Pathway WP2374,1,0.7349455133489753,0.7583025111933035,0.2335260178420649,0.7897130876610384,PRKCA
WikiPathway_2023_Human,Proximal Tubule Transport WP4917,1,0.741165169290903,0.7447231569287244,0.22306825131050936,0.7925857193134777,SLC4A4
WikiPathway_2023_Human,N Glycan Biosynthesis WP5153,1,0.741165169290903,0.7447231569287244,0.22306825131050936,0.7925857193134777,ST6GAL2
WikiPathway_2023_Human,15Q11Q13 Copy Number Variation WP5407,1,0.7472391809384329,0.7316202712348323,0.21317216655019758,0.7971740188054404,GJD3
WikiPathway_2023_Human,Novel Intracellular Components Of RIG I Like Receptor Pathway WP3865,1,0.7589638054673071,0.7067469966972744,0.19492166261550103,0.8077543358187769,TNF
WikiPathway_2023_Human,Proteasome Degradation WP183,1,0.770145672622713,0.6835047565556218,0.17851476271135847,0.8119224425998885,HLA-E
WikiPathway_2023_Human,T Cell Antigen Receptor TCR Pathway During Staphylococcus Aureus Infection WP3863,1,0.770145672622713,0.6835047565556218,0.17851476271135847,0.8119224425998885,TNF
WikiPathway_2023_Human,DYRK1A Involvement Regarding Cell Proliferation In Brain Development WP5180,1,0.770145672622713,0.6835047565556218,0.17851476271135847,0.8119224425998885,FGF2
WikiPathway_2023_Human,TAR Syndrome WP5362,1,0.770145672622713,0.6835047565556218,0.17851476271135847,0.8119224425998885,HLA-E
WikiPathway_2023_Human,G1 To S Cell Cycle Control WP45,1,0.7808098564213074,0.661738214200741,0.16372966476257123,0.8212282489889986,CREB3L1
WikiPathway_2023_Human,Histone Modifications WP2369,1,0.7859553351685283,0.651365096359743,0.15688474458627244,0.8246996122543008,H4C6
WikiPathway_2023_Human,Trans Sulfuration One Carbon Metabolism And Related Pathways WP2525,1,0.8006797434416254,0.6221036146888683,0.13829004574021744,0.8362239376598284,PHGDH
WikiPathway_2023_Human,RAC1 PAK1 P38 MMP2 Pathway WP3303,1,0.8006797434416254,0.6221036146888683,0.13829004574021744,0.8362239376598284,GRB14
WikiPathway_2023_Human,Th17 Cell Differentiation Pathway WP5130,1,0.8053597121603031,0.6129235420078095,0.13267726310602765,0.8391510287544416,IL1B
WikiPathway_2023_Human,Peptide GPCRs WP24,1,0.8187518792061845,0.5869348855445305,0.1173718323233739,0.8511211395468941,LHCGR
WikiPathway_2023_Human,16P11 2 Proximal Deletion Syndrome WP4949,1,0.8271651081236634,0.5707958112111701,0.10830905132569421,0.8578719334832425,SPN
WikiPathway_2023_Human,Nucleotide Excision Repair In Xeroderma Pigmentosum WP5114,1,0.8312244253155634,0.5630534174431391,0.10408349512067624,0.8600863845279094,H4C6
WikiPathway_2023_Human,Circadian Rhythm Genes WP3594,3,0.8525858975888676,0.6299771912675138,0.10046959105050837,0.8801521852707247,PTGDS;PPARGC1A;LGR4
WikiPathway_2023_Human,Mesodermal Commitment Pathway WP2857,2,0.8565523864819744,0.5819202256970497,0.09010441116124453,0.8822094856162271,FOXC1;ZFHX4
WikiPathway_2023_Human,Androgen Receptor Signaling Pathway WP138,1,0.873115949886945,0.48418903441063693,0.06569811597936522,0.8972019071252055,RUNX2
WikiPathway_2023_Human,Ciliary Landscape WP4352,3,0.8783343231307189,0.5936098310291859,0.07700780415184338,0.8991246913834503,ECHS1;LCN2;VIM
WikiPathway_2023_Human,TNF Alpha Signaling Pathway WP231,1,0.8790100450437759,0.4731360716371423,0.06101513268680507,0.8991246913834503,TNF
WikiPathway_2023_Human,P53 Transcriptional Gene Network WP4963,1,0.8846308972007954,0.4625743516535808,0.05670457803604949,0.9028082444035515,TNF
WikiPathway_2023_Human,EGF EGFR Signaling Pathway WP437,2,0.8895123904056015,0.5296465378201799,0.062011992438886526,0.9041500975357801,PXDN;PRKCA
WikiPathway_2023_Human,Corticotropin Releasing Hormone Signaling Pathway WP2355,1,0.889991147462513,0.45247183688669584,0.05273277051177947,0.9041500975357801,PRKCA
WikiPathway_2023_Human,Prader Willi And Angelman Syndrome WP3998,1,0.9111978593372736,0.41196175292047404,0.03831047225037898,0.9215055274293241,DLX5
WikiPathway_2023_Human,Genes Related To Primary Cilium Development Based On CRISPR WP4536,1,0.9111978593372736,0.41196175292047404,0.03831047225037898,0.9215055274293241,TUBE1
WikiPathway_2023_Human,7Q11 23 Copy Number Variation Syndrome WP4932,1,0.9153259912856457,0.40392091640506433,0.035736904100143144,0.9235907857893537,ACACB
WikiPathway_2023_Human,Ciliopathies WP4803,2,0.9315287564842605,0.45630335329906146,0.03236478383482283,0.9357154025808189,DNAH6;ADCY6
WikiPathway_2023_Human,Metapathway Biotransformation Phase I And II WP702,2,0.9315287564842605,0.45630335329906146,0.03236478383482283,0.9357154025808189,AKR1C1;CYP1B1
WikiPathway_2023_Human,NRF2 Pathway WP2884,1,0.9649311984867976,0.29660446619761394,0.010588327741278733,0.9670947213533598,CYP4A11
WikiPathway_2023_Human,GPCRs Class A Rhodopsin Like WP455,2,0.9848005366411928,0.3218884120171674,0.004930094159228615,0.9848005366411928,HCAR3;LHCGR
