"donor","localization","ensg"
0.172591480393583,0.429192111111631,"ENSG00000225972.1"
0.0238856430547003,0.368215381929227,"ENSG00000225630.1"
0.203309469916478,0.392948966064499,"ENSG00000237973.1"
2.68598475383565e-20,0.146297830561727,"ENSG00000229344.1"
0.0400402426120043,0,"ENSG00000248527.1"
0.00370082548697702,0.384412386928102,"ENSG00000198744.5"
0,0,"ENSG00000228327.3"
0,0,"ENSG00000237491.10"
0.233573789055121,8.67012888483559e-15,"ENSG00000177757.2"
0.158618519152012,0.628173002037462,"ENSG00000228794.9"
0,0,"ENSG00000225880.5"
1.39221971570993e-16,0.204546115632451,"ENSG00000223764.2"
0,0,"ENSG00000187634.12"
0,0,"ENSG00000188976.11"
0,2.01286629051514e-16,"ENSG00000187961.14"
0.0117742519132453,0.433458432272531,"ENSG00000187583.11"
0,0,"ENSG00000187642.9"
0,0,"ENSG00000272512.1"
0,0,"ENSG00000188290.10"
0,0,"ENSG00000187608.10"
0,0,"ENSG00000188157.15"
2.01990880966381e-15,0.189518151396889,"ENSG00000217801.10"
1.28538377137425e-11,0.314696262767114,"ENSG00000131591.17"
0,0,"ENSG00000285812.1"
0.156820072337932,0.521181117315856,"ENSG00000162571.13"
0,0.612526689419944,"ENSG00000186891.14"
0,0,"ENSG00000186827.11"
0,0,"ENSG00000078808.17"
0,0.0699481216215583,"ENSG00000176022.7"
0,0.139016150130271,"ENSG00000184163.3"
1.91174958295698e-09,0.470254948320806,"ENSG00000260179.1"
3.62371555004614e-16,0.442788151563206,"ENSG00000160087.20"
0,0,"ENSG00000230415.1"
0,0,"ENSG00000162572.21"
0,0,"ENSG00000131584.19"
0,0.643286821099317,"ENSG00000169972.12"
0,0,"ENSG00000127054.20"
0,0.225846878906818,"ENSG00000240731.1"
1.03569111351703e-09,0.0319585243303328,"ENSG00000224051.7"
0.0474019081622041,0.499533512235063,"ENSG00000169962.5"
0,0.00275500307941577,"ENSG00000107404.20"
6.57377034811248e-15,0.230140231291191,"ENSG00000162576.16"
1.89597792651496e-13,0.289926252527068,"ENSG00000175756.13"
0,0.28196681935662,"ENSG00000221978.12"
0.19280269517265,0.472178290407254,"ENSG00000224870.7"
0.321000911062683,0,"ENSG00000242485.6"
0,0.13337615864539,"ENSG00000272455.1"
6.68142854352376e-14,0.0323730490431171,"ENSG00000235098.8"
0,0,"ENSG00000225285.1"
0,0,"ENSG00000179403.12"
0,0,"ENSG00000215915.10"
1.7160895206733e-10,0.283978651654802,"ENSG00000160072.20"
0.103381845808489,0.391180118395374,"ENSG00000197785.14"
0,0.242043234910103,"ENSG00000205090.9"
0,0.282991090846918,"ENSG00000160075.12"
2.41290444880721e-21,0.148899877427261,"ENSG00000215014.5"
0.144634870806601,0.293890552512038,"ENSG00000228594.4"
0,0,"ENSG00000272106.1"
0,0,"ENSG00000197530.12"
1.59417638684402e-21,0.0239885689018341,"ENSG00000248333.8"
0.0843688345486197,0.290280912717343,"ENSG00000189339.12"
0,0,"ENSG00000269737.2"
0.0900559401171794,6.92542750007964e-12,"ENSG00000008128.23"
0,0,"ENSG00000268575.1"
0,0,"ENSG00000215790.7"
0,0.26200322844196,"ENSG00000008130.15"
0.456059084782936,0.0892688471856279,"ENSG00000078369.18"
0.173433604779366,0.286529224340541,"ENSG00000231050.1"
0,0.138349142895599,"ENSG00000067606.17"
0.0365954186159492,0,"ENSG00000162585.17"
0,0,"ENSG00000157933.10"
0,0,"ENSG00000287356.1"
0.127962713213234,8.05058324943435e-12,"ENSG00000116151.14"
0.512316453951635,5.58921853233546e-11,"ENSG00000269896.2"
0,0.405534365696394,"ENSG00000157916.20"
0,0.716920835269876,"ENSG00000157911.10"
1.65723018175543e-12,0.632679701628169,"ENSG00000149527.18"
0,0.140283635079069,"ENSG00000157881.15"
0.131003135589764,0.54372590627364,"ENSG00000272449.2"
1.4214473801109e-12,0.575440204036559,"ENSG00000238164.6"
0,0.23766028427766,"ENSG00000157873.17"
0.0128435104999578,0,"ENSG00000225931.3"
3.1021314971594e-12,0.221638021569649,"ENSG00000157870.16"
0,0,"ENSG00000215912.12"
0.320348897577732,0.144695787480325,"ENSG00000177133.11"
0.0390455466053985,1.52397287447856e-20,"ENSG00000142611.17"
0,0,"ENSG00000286518.1"
0.00553953545794091,0.697461219761752,"ENSG00000130762.15"
0,0,"ENSG00000162591.16"
0,0.1224459383782,"ENSG00000158109.15"
6.41914364283267e-15,0.0724783915521416,"ENSG00000116213.16"
0.110843658070891,2.30322941926683e-10,"ENSG00000227372.12"
0.0226324844677918,0.505366165012048,"ENSG00000235169.8"
0,0,"ENSG00000130764.10"
0,0.0942211639438694,"ENSG00000116198.13"
0,0,"ENSG00000169598.15"
3.90345448282598e-20,0.0397335618101064,"ENSG00000198912.11"
0,0,"ENSG00000236423.6"
2.71955107272359e-11,0.443547314695951,"ENSG00000131697.18"
0.0236847667940412,0.694170928706442,"ENSG00000069424.15"
0.0245605870329413,0.379670375124763,"ENSG00000116251.11"
0.222852037747158,0.102316172631602,"ENSG00000158286.13"
0.111107159761935,0.0227593438470665,"ENSG00000116237.16"
0,0,"ENSG00000158292.7"
0,0,"ENSG00000097021.19"
0.0853474658223108,0.326740597191185,"ENSG00000187017.17"
0.371853469295674,0.100539220891293,"ENSG00000215788.10"
0,0,"ENSG00000171680.22"
3.30871745430888e-19,0.146960333207691,"ENSG00000162408.11"
0.476906373191572,0.133466940879595,"ENSG00000173662.21"
0,0,"ENSG00000204859.13"
0,0,"ENSG00000162413.16"
0,0,"ENSG00000116273.6"
0,0.520067663875924,"ENSG00000041988.15"
1.25930697892839e-11,0.552570513639482,"ENSG00000007923.16"
0,0,"ENSG00000237436.1"
0,0,"ENSG00000171735.19"
0,0,"ENSG00000049245.13"
0.00655868041660318,0.0703870119107224,"ENSG00000049246.14"
2.47072717705558e-15,0.481452835326178,"ENSG00000049249.8"
7.78191908822173e-12,0.281983069850907,"ENSG00000116288.13"
0,0,"ENSG00000284747.1"
4.17852260571299e-12,0.110942169110169,"ENSG00000284716.1"
0.14327982216768,3.47865170034528e-12,"ENSG00000116285.13"
0,0,"ENSG00000238290.1"
2.67475324001328e-13,0.251053963355184,"ENSG00000162426.14"
0,0.339149612248757,"ENSG00000142599.19"
0,0.0925681104537314,"ENSG00000232912.6"
0,0.112063274875989,"ENSG00000234619.1"
0.0586205201959258,0.518182639026314,"ENSG00000228423.2"
0.0164815562281944,0,"ENSG00000074800.16"
0.238268899227221,0.380375073039472,"ENSG00000142583.18"
2.62084778194522e-11,0.396465664358665,"ENSG00000180758.12"
0,0,"ENSG00000228526.7"
0,0,"ENSG00000234546.4"
0,0.151982042170914,"ENSG00000049239.12"
7.43023447274501e-09,0.0995528658514094,"ENSG00000171621.14"
6.75117332055465e-20,0.0990800952155084,"ENSG00000284693.1"
0.034528872934008,5.10174668992005e-21,"ENSG00000171612.7"
0,0,"ENSG00000188807.13"
0.222862502960553,0.559841231512053,"ENSG00000171608.16"
3.9497096750164e-19,0.344532816931653,"ENSG00000179840.5"
0,0.331945595597067,"ENSG00000231789.2"
0,0,"ENSG00000171603.17"
0,0.542140668540039,"ENSG00000178585.15"
0,0,"ENSG00000285701.1"
0,0,"ENSG00000162441.12"
4.71244899299033e-19,0.150862202126196,"ENSG00000173614.14"
3.33583611777919e-10,0.056497483773673,"ENSG00000283611.2"
0.424635897899887,0.296961571521507,"ENSG00000162444.12"
0,0,"ENSG00000130939.20"
0,0.0486593390815452,"ENSG00000054523.17"
0,0.498168935515734,"ENSG00000284735.1"
0.12626606913634,3.83325867888925e-09,"ENSG00000284642.1"
6.28060708497016e-22,0.0866849739714328,"ENSG00000142657.21"
0,0,"ENSG00000160049.12"
0.00154638103078165,0,"ENSG00000142655.13"
6.08360489235809e-20,0.2430329732591,"ENSG00000287727.1"
0,0.229214337744862,"ENSG00000130940.15"
1.67685231423543e-10,0.137097113914725,"ENSG00000272078.1"
0.102878168631457,0.4276305744347,"ENSG00000120948.17"
0,0,"ENSG00000009724.17"
0,0,"ENSG00000116649.10"
5.78368570582698e-14,0.383460613336894,"ENSG00000171824.14"
0,0,"ENSG00000198793.13"
5.25265580469193e-21,0.219452676010844,"ENSG00000171819.5"
0,0,"ENSG00000120942.13"
0.0572575966028298,1.36738426713455e-11,"ENSG00000116661.11"
0,0,"ENSG00000132879.14"
0,0,"ENSG00000116663.11"
0.161440282343345,0.0683826277021315,"ENSG00000116670.15"
3.82969933274867e-22,0.0275046330843809,"ENSG00000162490.7"
0.16783828586131,0.536811751566353,"ENSG00000177674.16"
1.58858550043903e-11,0.315528721998047,"ENSG00000177000.12"
0,0.0611213289235544,"ENSG00000011021.23"
0,0,"ENSG00000285646.2"
0,0.44281944355437,"ENSG00000116685.16"
0,0,"ENSG00000083444.17"
1.95617189191553e-13,0.629502046716407,"ENSG00000116688.16"
0,0.369958519086167,"ENSG00000116691.11"
0,0.175288002190501,"ENSG00000120949.15"
0,0.507640466563039,"ENSG00000028137.19"
0,0.401642746809937,"ENSG00000048707.15"
0.137624230585629,0.476894636011089,"ENSG00000162496.9"
0,0.151120410563417,"ENSG00000272482.1"
0.178914037714813,0.436001181205885,"ENSG00000162493.16"
1.86024684966524e-12,0.277124628443758,"ENSG00000116731.22"
0,0,"ENSG00000189337.17"
4.52046284493464e-11,0.184864122636814,"ENSG00000231606.2"
0,0,"ENSG00000234593.3"
8.58725003902012e-19,0.187882183455318,"ENSG00000287756.1"
0,0,"ENSG00000175147.13"
1.16754296644086e-12,0.440936479144761,"ENSG00000171729.14"
0,0.232229885802821,"ENSG00000142621.19"
0,0,"ENSG00000228140.2"
0.0288253623335588,0.631949801607354,"ENSG00000142634.13"
0.21532219581315,0.412606919222087,"ENSG00000162438.12"
1.79968309816308e-14,0.0662287666286742,"ENSG00000132906.18"
0,0.558795309839064,"ENSG00000116138.13"
8.46393122068415e-12,0.138057906532309,"ENSG00000116771.6"
0,0.353531121199529,"ENSG00000197312.12"
0,0.30035589530595,"ENSG00000116786.13"
0,0.351573356431276,"ENSG00000237938.5"
0,0,"ENSG00000162461.8"
0.00403063449393815,0.447446289784033,"ENSG00000162458.13"
0.308347912446131,0.065418358529633,"ENSG00000233954.6"
0,5.5306929266308e-17,"ENSG00000179743.4"
0,0.357561688804173,"ENSG00000065526.11"
0,0,"ENSG00000116809.11"
0.0635085881380966,0.43809161154297,"ENSG00000173641.17"
0,0,"ENSG00000142627.13"
3.2284124447053e-12,0.461647502982663,"ENSG00000142632.17"
0.0500995601420898,0.246249024934512,"ENSG00000237276.8"
0.256391128124781,0.220573533272451,"ENSG00000288398.1"
0.0850923984207749,0,"ENSG00000132881.12"
6.13844616556844e-14,0.0380696129933906,"ENSG00000037637.11"
0,0,"ENSG00000055070.17"
0,0,"ENSG00000187144.11"
0.369831688459936,0.335687922429321,"ENSG00000157191.20"
0,0,"ENSG00000226029.1"
0,0,"ENSG00000080947.15"
0.15089299133054,0.579365990907372,"ENSG00000233421.4"
0,0,"ENSG00000219481.10"
0.147355749185623,0.0532672801442186,"ENSG00000215908.10"
0,0,"ENSG00000058453.17"
0,0.568265047696821,"ENSG00000117122.14"
0,0,"ENSG00000159363.18"
0,0,"ENSG00000117118.9"
0.0888362660878566,0.612362985638565,"ENSG00000117115.13"
0.234042910571909,0.45824210398113,"ENSG00000159339.13"
0.0622978372019743,0.663665190677438,"ENSG00000179051.14"
0,0,"ENSG00000074964.17"
2.13492244031834e-21,0.555386731403983,"ENSG00000117154.12"
0.0354319584430863,3.91628831536245e-12,"ENSG00000280222.1"
0.169445091320486,7.0426431468565e-14,"ENSG00000159423.17"
0,0,"ENSG00000169991.11"
3.24897929176528e-12,0.57017287242779,"ENSG00000272084.1"
0,0.44689041482107,"ENSG00000127481.15"
0,0.328355823070688,"ENSG00000230424.1"
0,0,"ENSG00000127463.15"
0,0,"ENSG00000053372.5"
0,0,"ENSG00000053371.12"
0,0,"ENSG00000040487.13"
0.447294067425202,0.260194648357337,"ENSG00000077549.18"
4.08011162699308e-12,0.0479397914976913,"ENSG00000240490.3"
0,0,"ENSG00000173436.15"
0,0.0738228878394358,"ENSG00000158747.14"
0.028756580353014,0.109894345783748,"ENSG00000226396.1"
0.362511042769023,0,"ENSG00000158748.4"
0.171784476284883,0.382508553141006,"ENSG00000162542.13"
0,0,"ENSG00000169914.6"
0,0.638495365858888,"ENSG00000188257.11"
1.53943579649347e-15,0.248676898602431,"ENSG00000127472.11"
0.19405634644346,0.353817379114657,"ENSG00000162543.6"
0,0.399156290424107,"ENSG00000162545.6"
0,0,"ENSG00000090432.7"
0.261608959102407,0.461698055304055,"ENSG00000158825.6"
0.0880600840868288,0.633949176706025,"ENSG00000158828.8"
0,0,"ENSG00000117242.7"
0,0.267425267893992,"ENSG00000244038.9"
0,0,"ENSG00000117245.12"
0.0517511355206842,0.159591771719132,"ENSG00000189410.12"
0,0.0498399720294975,"ENSG00000127483.18"
0,0,"ENSG00000075151.20"
1.57089679451751e-12,0.0221478542049133,"ENSG00000117298.16"
0.10747105587796,0.209101099317891,"ENSG00000236936.1"
0,0.303564760148998,"ENSG00000231105.2"
0.145610895196074,3.6350211738297e-13,"ENSG00000142794.18"
0.0705029489284515,0.767703943581694,"ENSG00000162551.14"
0.0398424757324613,0.429492733968706,"ENSG00000076864.19"
0,0,"ENSG00000090686.16"
0,0.491257979721547,"ENSG00000187942.12"
0,0.275791505431739,"ENSG00000142798.20"
0,0,"ENSG00000218510.8"
1.86365340308854e-19,9.43149907591254e-16,"ENSG00000070831.17"
0,0.0096728674909111,"ENSG00000230068.2"
4.5506005124433e-18,0.245633517503753,"ENSG00000162552.15"
2.47194180608378e-19,0.158043612351919,"ENSG00000184677.18"
0.249959138978528,0.458081626458947,"ENSG00000173372.17"
0.322596618119595,0.453671663933809,"ENSG00000159189.12"
0.229759790166659,0.537418548201786,"ENSG00000173369.16"
0,0.198953221451856,"ENSG00000133216.16"
0.0248260098000238,0,"ENSG00000004487.16"
0,0,"ENSG00000169641.13"
0,0,"ENSG00000229010.1"
0,0.42078182147266,"ENSG00000261326.4"
9.45286013393302e-16,0,"ENSG00000284726.1"
0,0,"ENSG00000125944.20"
0.210791329581914,0.0403540203015359,"ENSG00000125945.15"
0.0324265813312498,0.282299036352002,"ENSG00000249087.7"
0.0282886117190002,0.147600426210902,"ENSG00000204219.11"
5.57477674983466e-22,0.316078536906392,"ENSG00000088280.19"
0.29091696436928,0.475718119985683,"ENSG00000007968.7"
0,0.0510248065187301,"ENSG00000117318.9"
0,0,"ENSG00000142676.14"
0,0,"ENSG00000236810.6"
0,0,"ENSG00000011007.12"
0,0.185201680767489,"ENSG00000057757.10"
0,0,"ENSG00000011009.11"
8.7384716328745e-08,0.443574880578121,"ENSG00000117308.15"
0,0,"ENSG00000117305.15"
0,0,"ENSG00000179163.11"
0,0.0622279994881437,"ENSG00000189266.13"
0,0.0985911249636198,"ENSG00000188529.15"
0.180103334943492,0.37987871997911,"ENSG00000185436.12"
0,0,"ENSG00000001460.18"
7.06410873713318e-11,0.0487034859698659,"ENSG00000001461.17"
0.42287375010242,0.204349846183002,"ENSG00000117602.12"
0,0.0874256141372838,"ENSG00000133226.17"
0,0,"ENSG00000169504.15"
0.140055221516142,0.748569487462371,"ENSG00000020633.18"
0.0492031264116394,2.07478747816172e-09,"ENSG00000117614.10"
5.25126494466832e-12,0.117167112570307,"ENSG00000284602.1"
0,0,"ENSG00000284657.1"
0,0.279050780063796,"ENSG00000117616.18"
0.0848429734431634,0.209342271500977,"ENSG00000261349.1"
0.270782415089966,0.195030854882734,"ENSG00000187010.21"
0,0,"ENSG00000183726.11"
0.118882055572236,0.474336970463593,"ENSG00000188672.18"
0,0.299228925572287,"ENSG00000204178.11"
2.13404178434667e-12,0.141838848209496,"ENSG00000157978.11"
7.50451285673798e-11,0.225764219594555,"ENSG00000117643.14"
0,0,"ENSG00000233478.1"
0,0,"ENSG00000162430.17"
0,0,"ENSG00000228172.5"
0.0472460468144506,0.17133288094463,"ENSG00000117640.18"
0.107448535514588,0.266642758161142,"ENSG00000127423.10"
4.20076374935719e-12,0.233832998406927,"ENSG00000182749.5"
0.10118980167515,0.782590708543216,"ENSG00000117632.23"
0,0,"ENSG00000158006.14"
7.68739444883359e-12,0.375084554543723,"ENSG00000158008.10"
1.50703348741212e-10,0.103660221622095,"ENSG00000158022.6"
7.55354934356064e-13,0.024370691941485,"ENSG00000175087.10"
0.232360690063779,1.04380493351948e-12,"ENSG00000197245.6"
6.59072177404412e-12,0.263273637494025,"ENSG00000130695.15"
0.293469371998784,0.346977698253901,"ENSG00000142669.15"
0,0.467363321403991,"ENSG00000158062.20"
1.54024056177729e-15,0.470871751361606,"ENSG00000169442.9"
0,0,"ENSG00000117682.17"
5.65844889961332e-10,0.00124220730564988,"ENSG00000225891.2"
0.208776281775897,0.344653556489069,"ENSG00000198830.11"
0.196671679484594,0.686234834854412,"ENSG00000117676.14"
0,0,"ENSG00000243905.3"
0,0.0714042770134078,"ENSG00000260063.1"
0,0.33368100038709,"ENSG00000117713.20"
1.55652583090543e-19,0.199786868585503,"ENSG00000060642.10"
0,0.428902197119271,"ENSG00000204160.12"
0,0.0137875738892773,"ENSG00000142751.15"
0,0.178233173350577,"ENSG00000198746.13"
0.190856913623711,0.272594192891369,"ENSG00000090273.14"
0,0,"ENSG00000253368.4"
0.0398452373708966,1.08182467344077e-08,"ENSG00000158246.8"
0,0,"ENSG00000090020.11"
4.22337694996594e-13,0.0766077793251563,"ENSG00000142784.16"
0,0.013255439436806,"ENSG00000186501.14"
5.71424752967331e-12,0.282929876361145,"ENSG00000241547.1"
9.12190678796884e-13,0.425377152259267,"ENSG00000142765.18"
0,0,"ENSG00000142733.17"
0,0,"ENSG00000181773.7"
0.0136058975875782,0.225061689557973,"ENSG00000158195.11"
0,0,"ENSG00000241169.1"
2.0634845538341e-16,0.449776882580696,"ENSG00000126705.14"
0.0929431280901699,0.610432900816612,"ENSG00000000938.13"
0.0226804874338138,0.0153180302140762,"ENSG00000235912.1"
0,0.023563723374527,"ENSG00000126709.15"
0,0,"ENSG00000009780.15"
0,0,"ENSG00000117758.14"
0,0,"ENSG00000269971.1"
0,0,"ENSG00000117751.18"
0,0,"ENSG00000252947.1"
0,0.685646912720825,"ENSG00000130775.16"
0.21881036132428,9.12730030850809e-12,"ENSG00000117748.10"
0,0,"ENSG00000158156.7"
0.00951126532950275,8.30161567638099e-16,"ENSG00000158161.16"
0.0494539530441582,0.18715547557416,"ENSG00000169403.12"
5.23303640943841e-16,0,"ENSG00000126698.11"
0.19005712164792,0.329414770313954,"ENSG00000130770.18"
0.160113580434045,0.239645179169464,"ENSG00000270605.1"
0.164756534244788,0,"ENSG00000130766.5"
0,0,"ENSG00000130772.14"
7.99777633642926e-21,0.0980816817353297,"ENSG00000204138.13"
9.83157079655365e-11,0.158787276862811,"ENSG00000180198.16"
9.27334267029361e-23,0.270705262216644,"ENSG00000242125.3"
0,0.161751201392244,"ENSG00000200087.1"
0.296912012141515,6.73507622661287e-20,"ENSG00000279443.1"
0,0,"ENSG00000180098.9"
0,0,"ENSG00000197989.14"
0,0,"ENSG00000221539.1"
0,0,"ENSG00000120656.11"
1.1386502617759e-21,0.0239465631627348,"ENSG00000188060.7"
0,0,"ENSG00000229388.1"
0,0,"ENSG00000162419.12"
0,0,"ENSG00000198492.16"
0,0,"ENSG00000116329.11"
2.76060297488399e-11,0.374035339692529,"ENSG00000159023.21"
0,0.41385074824926,"ENSG00000277958.1"
0.130202059549308,0.107882768981588,"ENSG00000253304.2"
0,0.454538269052459,"ENSG00000116350.17"
2.86149548966671e-20,0.200027950665783,"ENSG00000116353.16"
0.0543810644838733,0,"ENSG00000060656.20"
0.266424438568508,0,"ENSG00000186056.10"
0.117987595575773,0.498868332864661,"ENSG00000287510.1"
0.150931332744763,0.780165875629544,"ENSG00000162511.8"
0.00713729592899072,0.311101316539762,"ENSG00000223382.5"
0,0,"ENSG00000162512.16"
0,0,"ENSG00000134644.15"
0,0,"ENSG00000232768.1"
0.455182014770486,0.175497237528295,"ENSG00000060688.13"
0,0,"ENSG00000121766.15"
0,0,"ENSG00000121769.8"
0,0,"ENSG00000168528.12"
0,0.0684114042425193,"ENSG00000284543.1"
0,0.0298940336432589,"ENSG00000229167.2"
0,0,"ENSG00000142910.16"
0,0,"ENSG00000121764.11"
0,0,"ENSG00000162517.13"
0,0,"ENSG00000235790.7"
0,0,"ENSG00000084636.18"
0.0677334027539016,0.452882609925455,"ENSG00000121753.12"
0,0.370964118491235,"ENSG00000134668.12"
0,0,"ENSG00000269967.1"
0.185815772361341,0.0895242814311936,"ENSG00000184007.21"
0,0.00298243526707978,"ENSG00000228634.1"
0,0,"ENSG00000121774.18"
0,0,"ENSG00000203325.3"
0,0,"ENSG00000121775.18"
0,0.068381165093436,"ENSG00000025800.14"
0,0,"ENSG00000084652.16"
0.263695704353069,0.583047811896077,"ENSG00000160050.14"
6.81206904417862e-11,0.180508913004395,"ENSG00000160051.11"
0,0,"ENSG00000222046.2"
0,0,"ENSG00000160055.19"
0,0,"ENSG00000084623.11"
0,0,"ENSG00000220785.7"
0.161264820053735,0.668805409521621,"ENSG00000183615.6"
0.0736304920996519,0.712947227051092,"ENSG00000182866.17"
0.0135836508682031,0.467454320647544,"ENSG00000116478.12"
0.0322008225458885,0.476092320250607,"ENSG00000175130.7"
0,0,"ENSG00000162526.7"
0,0.272005732849988,"ENSG00000225828.1"
5.67834773498524e-12,0.377224565602751,"ENSG00000160058.18"
0,0.392403379131041,"ENSG00000160062.15"
0,0.273828539161192,"ENSG00000176261.15"
0.126464673670268,0.364529387203498,"ENSG00000162521.19"
0,0,"ENSG00000162520.15"
0,0.359982974089401,"ENSG00000162522.11"
0,0.296748386566351,"ENSG00000134684.10"
1.81948495748693e-21,0.18295334810182,"ENSG00000116497.18"
0,0,"ENSG00000160097.18"
0,0.348087851826474,"ENSG00000121900.19"
2.1253946077557e-19,0.426752786848698,"ENSG00000116514.16"
0.214877799423213,8.816600228103e-15,"ENSG00000236065.2"
0,0,"ENSG00000004455.17"
0.100455252526713,0.372991845690791,"ENSG00000142920.17"
2.03467905006677e-12,0.648782748862052,"ENSG00000116525.14"
0.132258462375285,0.123898628750258,"ENSG00000279179.1"
0,0,"ENSG00000160094.15"
0,0,"ENSG00000225313.5"
0.0913644428768869,0.200745722296419,"ENSG00000134686.18"
0.207411026562216,0.179913911475502,"ENSG00000222112.1"
0,0.0440406981219156,"ENSG00000121903.14"
0,0,"ENSG00000121904.17"
0,0.382763473581876,"ENSG00000163866.9"
0,0,"ENSG00000187513.9"
0.0507736909499075,0.60520213809502,"ENSG00000116544.12"
0,0,"ENSG00000163867.17"
0.142477820822457,0.321483434238246,"ENSG00000197056.11"
1.75022638729378e-11,0.402971962702739,"ENSG00000116560.11"
1.15046252010505e-10,0.212561938822776,"ENSG00000146463.12"
0,0.472290286266546,"ENSG00000229994.1"
0,0.161004148031444,"ENSG00000142687.18"
0,0,"ENSG00000020129.16"
0,0,"ENSG00000239636.1"
0,0,"ENSG00000116819.8"
0.172342203933557,3.74523503743371e-13,"ENSG00000126067.12"
0,0,"ENSG00000142686.8"
0.138880214261356,0.544748900030718,"ENSG00000092853.14"
1.20481206114459e-12,0.111489174656839,"ENSG00000134698.11"
0.0955253145536776,0.400191259487243,"ENSG00000092847.12"
0,0.0536986602189329,"ENSG00000126070.20"
0.17830836214497,0.360002435737846,"ENSG00000092850.12"
0,0,"ENSG00000116863.11"
7.91936021982568e-20,0.187523105118985,"ENSG00000171812.13"
0,0,"ENSG00000054116.12"
0,0,"ENSG00000116871.15"
0,0,"ENSG00000054118.15"
0,0,"ENSG00000214193.11"
0.0149718356583068,0.0886003374799967,"ENSG00000286379.1"
0,0.442667534789742,"ENSG00000196182.10"
0,0.319807428364814,"ENSG00000181817.6"
4.81501704720878e-17,1.24442192312914e-18,"ENSG00000116885.18"
0,0,"ENSG00000116898.12"
0.05823916409502,0.797645490238437,"ENSG00000119535.17"
3.09587075040975e-05,0.0729793805042637,"ENSG00000163873.10"
0,0.123977476778014,"ENSG00000233621.2"
0,0.209175729445919,"ENSG00000163874.11"
0,0,"ENSG00000163875.15"
0.00919688942842736,0.201811183100561,"ENSG00000163877.11"
0.108707498445327,0.290974206197147,"ENSG00000163879.11"
0,0,"ENSG00000134697.13"
0,0.97335449732854,"ENSG00000169218.14"
0,0,"ENSG00000116922.14"
0.0948387276461093,0.517194315021092,"ENSG00000134690.11"
3.18822255239898e-13,0.288145119403946,"ENSG00000185090.14"
0.0679181909910816,0,"ENSG00000196449.4"
0,0,"ENSG00000197982.14"
0,0,"ENSG00000188786.10"
0,0,"ENSG00000204084.13"
0.0295523076936282,0,"ENSG00000183431.12"
1.90776751938526e-12,0.37731530767868,"ENSG00000183386.10"
0.0599906957369452,0,"ENSG00000183520.12"
0,0,"ENSG00000185668.8"
0,0.331199952579082,"ENSG00000116954.8"
0,0,"ENSG00000228436.3"
0,0,"ENSG00000214114.9"
0.043536958137527,0,"ENSG00000158315.11"
0,0,"ENSG00000174574.16"
0,0,"ENSG00000168653.11"
0,0,"ENSG00000127603.27"
0.246592200656829,4.74002588146706e-11,"ENSG00000287422.1"
0.0300245208297833,0.487843447369121,"ENSG00000183682.8"
0,0,"ENSG00000243970.3"
0.126299768918901,0.254251969343409,"ENSG00000090621.14"
0,0,"ENSG00000228060.3"
0,0.00265055140485574,"ENSG00000201457.1"
0.192898435235516,0.755930117332074,"ENSG00000163909.8"
0,0,"ENSG00000084072.16"
5.27932122842758e-12,0.0666004834262127,"ENSG00000116985.12"
0.238763115303746,0.295255813898062,"ENSG00000043514.17"
0.00937254566905269,0.618894396647077,"ENSG00000116990.11"
0,0.246226194765366,"ENSG00000168389.17"
2.82739970447363e-12,0.0767718271644376,"ENSG00000228477.1"
0,0,"ENSG00000131236.17"
0.228517711648414,0.18331842581575,"ENSG00000131238.17"
0,0,"ENSG00000117000.9"
0.0408456156929111,1.56841771396416e-12,"ENSG00000259943.1"
0,0,"ENSG00000084073.9"
0,0.265311798800259,"ENSG00000049089.15"
0.103248468338051,0.703588518144013,"ENSG00000084070.12"
0.000955595728696122,0.369231875610876,"ENSG00000187801.15"
0,0,"ENSG00000260920.2"
0.0823226903815357,2.05271526954294e-20,"ENSG00000187815.10"
0,0,"ENSG00000238287.1"
0,0,"ENSG00000164002.11"
0,0,"ENSG00000117010.17"
0.0517343001923302,0.0951143081460091,"ENSG00000117016.10"
1.69043581359554e-20,0.320975358430074,"ENSG00000272145.1"
0.0233352497511045,0.151253906369531,"ENSG00000066136.20"
0.262616956869133,0.346866733664822,"ENSG00000117013.17"
1.11217918651316e-19,0.151295187959165,"ENSG00000179862.7"
3.48167733403244e-18,0.569057410418778,"ENSG00000171793.16"
0,0,"ENSG00000281207.1"
0,0,"ENSG00000171790.15"
0.000610804253212398,1.85548907842078e-15,"ENSG00000010803.16"
1.11996194321615e-19,0.0481438546407056,"ENSG00000204060.7"
0,0,"ENSG00000127124.16"
0.0730072853516993,4.143973596306e-12,"ENSG00000230638.4"
0,0,"ENSG00000198815.9"
0,0,"ENSG00000066185.13"
0,0,"ENSG00000127125.9"
0,0.0708629713691756,"ENSG00000186409.17"
0,0,"ENSG00000171960.11"
0,0,"ENSG00000285728.2"
0,0.00442054479927524,"ENSG00000065978.19"
4.82989102925939e-20,0.226577651493985,"ENSG00000164007.11"
0,0,"ENSG00000117385.15"
0.129126675619152,0.746821722549543,"ENSG00000164008.16"
0.206889795205695,0,"ENSG00000177868.12"
0.0131490379463461,0.453726652309054,"ENSG00000164010.15"
0.097775771896028,0.37872061173677,"ENSG00000228192.8"
4.38094626280787e-08,0.481431761001889,"ENSG00000164011.18"
0.0385929984434425,0.585244467809126,"ENSG00000117394.23"
0,0.44198832770665,"ENSG00000284138.1"
0.00818927585953571,0,"ENSG00000227533.6"
0.303611953664806,0.152345540654974,"ENSG00000117395.12"
0,0,"ENSG00000066056.14"
0.180543127749286,0.54451264115,"ENSG00000117400.17"
0.261131507852009,0.0294955803912966,"ENSG00000234694.1"
0.14206037335294,0.463806588694724,"ENSG00000117399.14"
0.0486327478574112,0.391178789709754,"ENSG00000066322.15"
0,0,"ENSG00000159479.17"
0.0885185559959066,1.83767709868082e-15,"ENSG00000229431.1"
0,0.335161395237073,"ENSG00000198198.17"
0.221721568231264,0.349183518064704,"ENSG00000142949.17"
0,0,"ENSG00000066135.13"
0,0,"ENSG00000236200.6"
4.67943854241499e-11,0.0383606353623577,"ENSG00000126091.20"
1.87373898512336e-10,0.0334070462016878,"ENSG00000224751.2"
0,0,"ENSG00000237950.2"
0.258332716391926,0.487355793501438,"ENSG00000117408.11"
0,0.0824272018635693,"ENSG00000132768.14"
2.27946799331659e-21,0.15025600392327,"ENSG00000117410.14"
0,0.0109480881479367,"ENSG00000117411.16"
1.39038215693942e-11,0.371763777679881,"ENSG00000159214.13"
0.0574204321158962,0.559753368775517,"ENSG00000196517.11"
0,0,"ENSG00000230615.7"
0.0659223363107561,0,"ENSG00000233514.1"
0.513674880076591,0.230546346525811,"ENSG00000178028.14"
0,0.0684001398495606,"ENSG00000117419.16"
0,0.364440758291846,"ENSG00000187147.18"
1.61700118216058e-17,0.0831573712232085,"ENSG00000126106.14"
0,0,"ENSG00000198520.12"
0.117780155782371,0.648816115102414,"ENSG00000142945.13"
0,0,"ENSG00000142937.12"
0,0,"ENSG00000200913.1"
0,0.439425966860551,"ENSG00000173846.13"
0.186102522660761,0.526762922465622,"ENSG00000188396.3"
2.22787104819623e-13,0.249635518214304,"ENSG00000222009.8"
0.00979613500258268,4.0119677612595e-16,"ENSG00000117425.14"
1.59369503097995e-10,0.663816745995447,"ENSG00000070785.17"
0,0.30462522177402,"ENSG00000126107.15"
9.18392672596936e-12,0.221837053794039,"ENSG00000126088.14"
0.0614723509551454,0.395721047492335,"ENSG00000162415.7"
4.42349086518796e-12,0.059655401698395,"ENSG00000132781.18"
0,0,"ENSG00000132773.12"
0,0,"ENSG00000070759.17"
0,0,"ENSG00000280670.3"
0.197416538148521,0.208267867611297,"ENSG00000132763.15"
0,0,"ENSG00000117450.14"
0.123609693358905,0,"ENSG00000117448.13"
0,0.41839790256377,"ENSG00000132780.17"
1.36165703807516e-12,0.685520904709571,"ENSG00000159588.15"
0,0.441546539357439,"ENSG00000159592.11"
2.03752994845388e-11,0.335535003770038,"ENSG00000234329.1"
0.0484447068522438,0,"ENSG00000159596.7"
0,0,"ENSG00000197429.11"
5.34961042852637e-13,0.0331622661977871,"ENSG00000230896.1"
0,0,"ENSG00000086015.21"
0,0,"ENSG00000117461.15"
0.137144906071765,7.63148743067510e-09,"ENSG00000117472.10"
0.0188145568177726,1.81842904447118e-22,"ENSG00000085998.14"
0,0,"ENSG00000171357.6"
0,1.82023708127432e-16,"ENSG00000085999.13"
0,0,"ENSG00000132128.16"
0.156306068400414,0,"ENSG00000173660.12"
0,0,"ENSG00000117481.10"
0.193058472930508,0.0237214447698031,"ENSG00000117480.16"
0.0157024194166737,0,"ENSG00000269956.2"
0,0.0130921156374391,"ENSG00000079277.21"
0,0.412185803352212,"ENSG00000142961.14"
5.58538856085268e-22,0.532394444116611,"ENSG00000123472.12"
0.110872086464888,0.383845353095222,"ENSG00000159658.12"
0.0392638028371347,0.743658036712884,"ENSG00000142973.14"
0.0378713762567699,0.875377907346294,"ENSG00000154198.14"
0.0049563563424582,0.703207058513089,"ENSG00000187048.13"
0.178685002494519,0,"ENSG00000186377.8"
0.0838498112841965,0.361006836228171,"ENSG00000186160.5"
0.248208139871661,0.509379555852363,"ENSG00000162366.8"
0.257423494935002,0.626627426916717,"ENSG00000162367.11"
8.43541193292093e-15,0.770286188105071,"ENSG00000226252.1"
0,0,"ENSG00000123473.15"
0,0.291465458536288,"ENSG00000162368.13"
6.86959184620031e-12,0.14850563241889,"ENSG00000237424.1"
0.307782225467597,0.0303149298023825,"ENSG00000186564.5"
0,0.818586140404689,"ENSG00000269113.4"
0,0,"ENSG00000225028.1"
1.00739668197063e-12,0.421792102160642,"ENSG00000226133.6"
0,0,"ENSG00000117834.12"
0.402166894156742,1.1219904555337e-20,"ENSG00000272491.1"
2.96948007851278e-10,0.159931537522531,"ENSG00000132122.12"
0,0,"ENSG00000224986.2"
0,0,"ENSG00000162373.13"
1.88314737634283e-14,0.193173575201615,"ENSG00000185104.20"
0,0.152612651057951,"ENSG00000230585.2"
0.0482103243518067,0.106655798303151,"ENSG00000123080.12"
0.00690311236611169,0.0914251538508558,"ENSG00000123091.5"
4.84816202936593e-11,0.291554571777389,"ENSG00000085831.15"
0,0.12300246869342,"ENSG00000085832.17"
3.37481555400038e-20,0.0771494438139174,"ENSG00000117859.19"
0.552874689584438,0,"ENSG00000236973.2"
2.03840672474173e-14,0.189882839160018,"ENSG00000078618.21"
0,0,"ENSG00000266993.3"
0.193780095321776,0.16428609892449,"ENSG00000169213.7"
0,0,"ENSG00000117862.12"
0,0,"ENSG00000198841.4"
0,0,"ENSG00000134717.18"
0,0.307493609078895,"ENSG00000157077.14"
1.25920828854792e-15,0.175305267192415,"ENSG00000224255.2"
0,0,"ENSG00000154222.14"
0.132976521138706,0.262524904437074,"ENSG00000287078.1"
0,0.36057481356637,"ENSG00000085840.13"
0.265501004640424,0.236828895816896,"ENSG00000134748.13"
0,0,"ENSG00000134744.14"
0,0.311218812723289,"ENSG00000116157.6"
0.0312927783919368,0.441948262017794,"ENSG00000182183.15"
0,0,"ENSG00000162377.6"
0,0,"ENSG00000162378.13"
0,0,"ENSG00000228929.1"
0.154516836605185,0.586176815981273,"ENSG00000121310.17"
0.0181783277928189,0.532203471636109,"ENSG00000230953.2"
3.39239378942065e-12,0.395204355175724,"ENSG00000116171.18"
4.14173152564438e-14,0.577558391441027,"ENSG00000174348.13"
0,0.524798808684491,"ENSG00000162383.12"
0,0,"ENSG00000157184.7"
0.10856092901789,0.281441882097547,"ENSG00000162384.14"
1.04489245076558e-11,0.0460197712214355,"ENSG00000162385.11"
7.30508300822431e-10,0.176026223560244,"ENSG00000226754.2"
0,0.144279861712022,"ENSG00000157193.18"
0,0.548259870900106,"ENSG00000174332.5"
0,0,"ENSG00000058804.12"
0,0,"ENSG00000058799.15"
0,0,"ENSG00000211452.10"
0,0,"ENSG00000081870.11"
0,0,"ENSG00000116212.15"
1.19875653815121e-20,0.190801385998809,"ENSG00000116209.12"
0,0,"ENSG00000280378.1"
3.05450385844719e-12,0.0868608143819877,"ENSG00000116205.14"
0,0,"ENSG00000215883.10"
0,0,"ENSG00000116221.15"
0.379869096301027,0.412774059705692,"ENSG00000157216.15"
0.0992533958072526,0.495029375800331,"ENSG00000198711.5"
0,2.24195222615113e-16,"ENSG00000162390.17"
0,0,"ENSG00000243725.7"
0.123639858625244,3.08395773661812e-18,"ENSG00000162396.6"
0.140833054145136,0.356446522651706,"ENSG00000116133.13"
0,0,"ENSG00000169174.10"
0,0.21376579064024,"ENSG00000162402.14"
0.123131818087923,0.17219019721654,"ENSG00000234810.4"
0,0,"ENSG00000260971.4"
0,0,"ENSG00000284686.1"
0,0,"ENSG00000223956.3"
3.11418923792656e-11,0.127103377870215,"ENSG00000162407.9"
0.387037773792303,1.58658233736003e-13,"ENSG00000236776.1"
0.14127862621017,0.0386334470378763,"ENSG00000162409.11"
0.238594722118352,0.431058414418503,"ENSG00000162600.12"
0,0.400790830490543,"ENSG00000184292.7"
1.1074554883691e-15,0.158766594936649,"ENSG00000162601.11"
0,0,"ENSG00000177606.7"
2.64851895778753e-20,0.133510519377502,"ENSG00000234807.7"
0.0493799198320272,2.77562419453777e-15,"ENSG00000232453.7"
0,0,"ENSG00000237352.4"
2.16963618296978e-12,0.0575511244672576,"ENSG00000224609.8"
0,0,"ENSG00000172456.17"
0.0750366219771107,0.526400404530562,"ENSG00000134709.11"
0.020267938080132,0.730834396044229,"ENSG00000162599.17"
0.0502297764228875,0.397648193190859,"ENSG00000162604.12"
0,0,"ENSG00000132849.20"
1.92997189648985e-19,0.326673464954968,"ENSG00000132854.19"
0.491152115031529,0.242662870762146,"ENSG00000162607.13"
3.78174671369656e-18,0.0365129657620345,"ENSG00000116641.18"
0,0,"ENSG00000132855.5"
0,0.482304782715082,"ENSG00000278967.1"
5.66743446292085e-17,0,"ENSG00000213703.2"
0,0,"ENSG00000235545.1"
0,0,"ENSG00000125703.15"
1.87519225021761e-10,0.182366818039435,"ENSG00000088035.18"
1.62906365699511e-19,0.105914810405772,"ENSG00000142856.16"
0,2.8703991160574e-15,"ENSG00000203965.13"
5.11631579599775e-14,0.219314081885134,"ENSG00000116652.6"
0.0114795413230708,0.424725385389975,"ENSG00000079739.17"
0.0490357171402778,0.148574069864718,"ENSG00000244256.3"
0,0,"ENSG00000185483.12"
0.0250098735249748,0,"ENSG00000177452.7"
0,0,"ENSG00000228056.3"
0,0,"ENSG00000223949.7"
0.0217238990927803,1.46463879142766e-09,"ENSG00000158966.16"
0,0,"ENSG00000162437.14"
0,0.0414345049449844,"ENSG00000162434.13"
0,0,"ENSG00000233877.2"
0.0516510931035274,0.65678059986034,"ENSG00000226891.9"
0.138639963215731,0.697926658061006,"ENSG00000185031.6"
3.1686524254693e-20,0.301860476391619,"ENSG00000272506.1"
5.13179497269564e-06,0.404932432690765,"ENSG00000162433.15"
0.140564098338839,0.631627207710893,"ENSG00000116675.16"
0,0,"ENSG00000213625.9"
0,0,"ENSG00000116678.19"
0.399388846803323,9.09379893823129e-12,"ENSG00000224570.1"
0.014423642958088,0.86357508108772,"ENSG00000184588.18"
0,0,"ENSG00000227466.1"
0,0,"ENSG00000118473.22"
0.04050242499248,0.303216391579,"ENSG00000152760.10"
6.95651558573481e-20,0.165544541463308,"ENSG00000152763.17"
0.00514256753904961,0.21471333705398,"ENSG00000198160.14"
0,0.195709284948566,"ENSG00000116704.8"
0.385183099547949,0.159653255059321,"ENSG00000081985.11"
0.202005621923055,0.265623556644039,"ENSG00000142864.14"
0.0938056350399011,0.452304765839601,"ENSG00000116717.13"
7.58614663986943e-13,0.435858854816286,"ENSG00000172380.6"
0.28931141726093,3.23571963369006e-10,"ENSG00000238778.1"
0,0,"ENSG00000232284.7"
1.39566578852157e-23,0.505855461987139,"ENSG00000162595.7"
0,0,"ENSG00000116729.14"
0,0,"ENSG00000234383.1"
0.292864074687592,0.227614251871847,"ENSG00000024526.17"
0,0,"ENSG00000066557.6"
0,0.318215291814037,"ENSG00000116754.13"
0,0,"ENSG00000118454.13"
0,0,"ENSG00000197568.14"
0,0.155121427552173,"ENSG00000116761.12"
0.137330002353579,0.176857474568615,"ENSG00000050628.20"
0.0716892376520018,0.157501680220893,"ENSG00000235782.1"
0.112842688924829,0.276508506241242,"ENSG00000269933.1"
0.0492855892432336,0.560725163671876,"ENSG00000132485.14"
0,0,"ENSG00000229956.11"
0.0368388324175924,0.756079369970212,"ENSG00000172260.15"
0.195244234805364,5.11802437058058e-11,"ENSG00000231985.1"
0,0,"ENSG00000233994.2"
0.0293146575745719,2.52256706306347e-10,"ENSG00000286863.1"
0.103139342768923,0.1611328512776,"ENSG00000162620.16"
0,0,"ENSG00000254685.6"
0,0,"ENSG00000259030.7"
8.36211011282329e-22,0.0236830303592848,"ENSG00000116791.14"
0,0,"ENSG00000162623.16"
9.89305728165908e-13,0.224687481835807,"ENSG00000117054.13"
1.60767800960906e-12,0.136400969244294,"ENSG00000181227.3"
0,0.450579296603695,"ENSG00000137955.16"
0.0023323405328962,1.30659205763161e-09,"ENSG00000057468.7"
0,0,"ENSG00000184005.11"
0,0,"ENSG00000226415.1"
0,0.186712946909452,"ENSG00000117069.15"
8.73400612709722e-11,0.106290538068565,"ENSG00000142892.15"
0.0542980250880209,0.562804345021835,"ENSG00000154027.19"
0,0,"ENSG00000036549.13"
0,0.266513783370063,"ENSG00000077254.14"
0,0.526585688230293,"ENSG00000180488.15"
0,0,"ENSG00000235613.2"
2.5269843700998e-12,0.281898908694379,"ENSG00000235927.4"
5.25462446565364e-09,0.518958950576862,"ENSG00000162614.18"
1.49733240543852e-12,0.232082753086943,"ENSG00000162613.16"
0,0,"ENSG00000162616.9"
0.343677999448215,0.0965585209189966,"ENSG00000137960.6"
0.103289721966112,9.35501302138175e-11,"ENSG00000285928.1"
0.0634855981436141,0,"ENSG00000237413.5"
0,0.369142996724971,"ENSG00000122420.10"
0,0,"ENSG00000137959.16"
0,0,"ENSG00000137965.11"
0,0,"ENSG00000162618.15"
0.132354435555291,0,"ENSG00000117114.19"
0.287084957136685,0,"ENSG00000233008.6"
0,0.646171194642706,"ENSG00000137941.17"
0,0,"ENSG00000233061.1"
0,0,"ENSG00000142875.19"
0,0,"ENSG00000117133.11"
0,0.0500072464474272,"ENSG00000174021.11"
0,0.149872557854593,"ENSG00000285851.1"
0,0.0914992365319424,"ENSG00000122432.17"
0,0,"ENSG00000117151.13"
0.142608014549259,0.553451903645923,"ENSG00000117155.16"
0.0829356489653645,0.60305892459304,"ENSG00000153898.13"
0,0,"ENSG00000162643.13"
2.68960064100191e-10,0.662478029492425,"ENSG00000055732.13"
0.383931777674923,0.0527302900403239,"ENSG00000280099.1"
0,0.330832145142986,"ENSG00000097096.9"
1.45795943748099e-11,0.0312789945857483,"ENSG00000162642.14"
6.17782329046029e-21,0.229831103236646,"ENSG00000142867.14"
0.174084524646461,0.0799421840059102,"ENSG00000223653.6"
0,0,"ENSG00000153904.20"
0,0,"ENSG00000273264.1"
0,0,"ENSG00000282057.1"
0,0,"ENSG00000142871.17"
0.294600649258193,0.0789406583422374,"ENSG00000117174.11"
0,0.301792908661327,"ENSG00000171502.15"
0.15847128722453,0,"ENSG00000285210.1"
0,0,"ENSG00000122417.15"
0,0.292051268600724,"ENSG00000137975.8"
1.89216797053287e-12,0.0324195747111833,"ENSG00000153923.10"
0,0.0827063391210843,"ENSG00000261737.1"
0,0.539641184647304,"ENSG00000097033.14"
0,0,"ENSG00000183291.17"
1.05242598958568e-10,0.16652417681117,"ENSG00000153936.17"
1.89056030873176e-11,0.0289694155354359,"ENSG00000267734.1"
0.287449339767656,0.0447839664436693,"ENSG00000267272.5"
5.94832703021069e-15,0.247037037768006,"ENSG00000143013.13"
0,0,"ENSG00000237505.8"
0,0,"ENSG00000279778.1"
2.91948413033213e-12,0.405251626140356,"ENSG00000065243.20"
0,0,"ENSG00000207234.1"
0,0,"ENSG00000137947.12"
0,4.96705542743814e-15,"ENSG00000137944.18"
0,0,"ENSG00000213516.10"
0.26773662786111,0.397225344861666,"ENSG00000117226.12"
0.0089572222024598,1.14883351360577e-10,"ENSG00000117228.10"
0,0,"ENSG00000234518.2"
0,0.109102728642148,"ENSG00000162645.13"
0.335562587830484,0,"ENSG00000162654.9"
0,0.719513100388701,"ENSG00000154451.14"
0,0.006509781547637,"ENSG00000225492.6"
0,0.0775668531458526,"ENSG00000286548.1"
0,0,"ENSG00000197147.13"
2.19988092692033e-12,0.105618112591469,"ENSG00000231999.7"
1.22626885757779e-19,0.295806091608061,"ENSG00000171488.15"
0.313347265179822,0.151378423338518,"ENSG00000171492.14"
0.003479507770663,0.347121227426006,"ENSG00000162664.17"
0,0,"ENSG00000233593.10"
0,0.0105856766533454,"ENSG00000122482.21"
0.0526743530493824,0.199129948670298,"ENSG00000162669.16"
5.17548167729597e-12,0.0916779643479505,"ENSG00000097046.13"
0.133354055114218,0.537252123522526,"ENSG00000069702.11"
0,0.327869308130663,"ENSG00000239794.3"
0,0,"ENSG00000189195.13"
2.30356886457097e-10,0.0372044668627943,"ENSG00000233401.1"
0.138346982455993,7.77388884581939e-15,"ENSG00000273487.1"
3.23347901070784e-20,0.218739633052447,"ENSG00000174842.17"
1.81249314081251e-13,0.53167295217723,"ENSG00000122484.9"
0.226774661267047,0.437553445000473,"ENSG00000162676.12"
0,0,"ENSG00000067208.14"
0.375274948806089,3.05628229764159e-10,"ENSG00000229992.1"
2.54618178280573e-08,0.0148602196296542,"ENSG00000223896.2"
0,0,"ENSG00000122406.14"
0.0143128927554442,1.47657267739715e-09,"ENSG00000154511.12"
0,0,"ENSG00000207523.1"
0,0,"ENSG00000229052.2"
0.177533683340008,0.334885909384032,"ENSG00000143033.18"
0,0,"ENSG00000117500.13"
0,0,"ENSG00000122483.17"
0,0,"ENSG00000223745.8"
0.178082498487077,0.289447781447607,"ENSG00000117505.13"
2.46784809692946e-11,0.102198574790061,"ENSG00000137942.16"
0,0,"ENSG00000137936.18"
0,0,"ENSG00000224093.5"
0.132042115188301,0.00454910211350293,"ENSG00000260464.1"
0,0,"ENSG00000067334.14"
0,0,"ENSG00000023909.10"
0,0,"ENSG00000198691.13"
0.051256898430726,0.349946635852294,"ENSG00000137962.13"
2.27645089294648e-12,0.163960664511032,"ENSG00000117528.14"
4.88991633530144e-11,0.501333995251952,"ENSG00000117525.14"
0,0,"ENSG00000224081.9"
0,0,"ENSG00000143036.17"
1.35638822637458e-12,0.290363688208975,"ENSG00000117519.16"
5.43976668312146e-11,0.441598711983614,"ENSG00000235501.6"
0,0,"ENSG00000172339.10"
4.6936392668298e-13,0.112195175763744,"ENSG00000152078.10"
0.0266802470608675,0.22578510104879,"ENSG00000231992.1"
0,0.119791613598122,"ENSG00000226026.6"
0,0,"ENSG00000122481.17"
0,2.9654636524758e-15,"ENSG00000228852.6"
1.34678764049782e-20,0.139286712695099,"ENSG00000228971.3"
0,0,"ENSG00000228502.1"
0,0,"ENSG00000117569.18"
0,0,"ENSG00000188641.13"
0,0,"ENSG00000232878.3"
0.146394529772566,0.121428879973943,"ENSG00000228057.1"
0.136880775804303,0,"ENSG00000225206.10"
0.0168238566363815,0.0991348732370827,"ENSG00000162627.17"
1.71235871632384e-19,0.737246305425937,"ENSG00000117600.12"
0.0130923947488998,0.584645370326452,"ENSG00000099260.11"
0,0.319207109498099,"ENSG00000223656.1"
0.110611217631589,0.0531997930883368,"ENSG00000156869.13"
0,0,"ENSG00000162688.17"
0,0.157161562955509,"ENSG00000117620.15"
0,0.0865498104275016,"ENSG00000283761.1"
6.25016120805054e-12,0.210937272111156,"ENSG00000156875.14"
0,0,"ENSG00000156876.10"
0,0,"ENSG00000122435.10"
0,0,"ENSG00000122477.12"
0,0.563507917143305,"ENSG00000137992.14"
0,0,"ENSG00000224616.3"
0.304981561815746,0.25356143264565,"ENSG00000137996.12"
8.46686381922915e-14,0.204223308166039,"ENSG00000079335.20"
0,0.407014846351312,"ENSG00000181656.7"
0.00421933623244322,0.869524267506799,"ENSG00000162692.12"
0.0242429766325375,6.4298497423211e-11,"ENSG00000162694.14"
0,1.3601648307858e-15,"ENSG00000162695.12"
0,0,"ENSG00000230946.3"
0,0.0481783986441349,"ENSG00000117543.21"
0,0,"ENSG00000233184.7"
0,0,"ENSG00000225938.1"
0.189420532967133,1.29011165030214e-20,"ENSG00000170989.9"
4.04048334301262e-12,0.46799943925864,"ENSG00000060718.22"
0.181967953327136,0.278757803777947,"ENSG00000224613.7"
0,0.115746208407919,"ENSG00000185946.16"
1.9203091068886e-09,0.205125493969913,"ENSG00000240038.6"
1.68083243922598e-18,0.266777126899575,"ENSG00000198890.9"
0,0,"ENSG00000162631.18"
0.0848750852751332,0.667132789154127,"ENSG00000134215.16"
5.51340385052152e-15,0.196701342873924,"ENSG00000085491.17"
0.0261018866362987,0.208704927119553,"ENSG00000162636.16"
2.49428234563417e-14,0.281198822205461,"ENSG00000162639.16"
0,0.369886951396068,"ENSG00000134186.12"
0,0,"ENSG00000116266.11"
0.436116342948356,1.61639312968439e-15,"ENSG00000121957.14"
0,0,"ENSG00000121940.15"
0,0,"ENSG00000085433.15"
0,0,"ENSG00000197780.10"
0,0,"ENSG00000273382.1"
0,0,"ENSG00000215717.6"
0,0,"ENSG00000116299.17"
0,0.0951225635445142,"ENSG00000031698.13"
0,0,"ENSG00000143126.8"
1.41498313802054e-09,0.212739165050296,"ENSG00000134222.16"
9.56920042368311e-12,0.213713835257445,"ENSG00000134243.12"
0,0,"ENSG00000143106.13"
0,0,"ENSG00000143028.9"
0.0287070780062222,0.309986723823794,"ENSG00000162650.16"
0.229270790120719,3.97996776910853e-21,"ENSG00000174151.14"
2.58044856533035e-10,0.169918737254492,"ENSG00000181754.7"
0,0,"ENSG00000156097.12"
0,0,"ENSG00000065135.11"
0,0,"ENSG00000116337.18"
0.304844122829132,2.81221157243749e-12,"ENSG00000168765.17"
7.22311180607656e-21,0.540624742061446,"ENSG00000213366.13"
0.898431875821141,0.0365595562664005,"ENSG00000134184.13"
0.168314354766933,0.227509801144589,"ENSG00000134201.12"
0,0.284209625585319,"ENSG00000134202.11"
0,0,"ENSG00000184371.14"
0,0,"ENSG00000168710.18"
0,0,"ENSG00000143093.15"
0,0,"ENSG00000258634.3"
0.123298578881418,0,"ENSG00000258673.1"
0.112781030285722,0.00507847021819307,"ENSG00000186150.5"
0,0,"ENSG00000116396.14"
0,0.382465308825952,"ENSG00000162775.16"
0,0.322068567653117,"ENSG00000224699.9"
0,0.064690169108041,"ENSG00000168679.18"
0,0.042438581509358,"ENSG00000273373.1"
2.73327244176742e-14,0.0662348126406216,"ENSG00000134248.13"
0.282639302246062,0.462614892012693,"ENSG00000177301.15"
0,0.254530012093931,"ENSG00000259834.1"
0.0911860994136353,0.71620128992134,"ENSG00000177272.9"
0.282701760494712,0.670733528948982,"ENSG00000143119.14"
0,0.406909913012287,"ENSG00000261654.1"
0,0,"ENSG00000232811.1"
0,0,"ENSG00000121931.16"
2.15617959900866e-12,0.234308214824403,"ENSG00000156171.14"
4.16988227213911e-12,0.465415920065033,"ENSG00000134255.14"
7.72349522784522e-19,0.0800318121229563,"ENSG00000162777.17"
0.188262653346042,1.20198060025294e-19,"ENSG00000064886.14"
0,0,"ENSG00000173947.14"
0,0.0747629797605998,"ENSG00000085465.13"
2.14534482348856e-16,0.262521141054418,"ENSG00000260948.1"
1.37791840560576e-11,0.36529412479518,"ENSG00000116455.14"
0,0,"ENSG00000116459.11"
0,0.673137744546285,"ENSG00000143110.11"
4.67738527005353e-12,0.636685508640551,"ENSG00000121933.19"
0,0,"ENSG00000116473.14"
0.333118762164329,0.201851685784003,"ENSG00000215867.4"
0.689454526401204,0.0924485689508435,"ENSG00000197852.12"
0,0,"ENSG00000064703.12"
0.346191780079862,0.163132802493426,"ENSG00000171385.9"
0.15448055118598,5.57403269124204e-10,"ENSG00000231437.3"
0.120926423395741,0.552315716282796,"ENSG00000231246.2"
0,0.161335621734234,"ENSG00000143079.15"
0,0,"ENSG00000134245.18"
0,0,"ENSG00000007341.19"
0,0,"ENSG00000116489.13"
4.85765427142794e-13,0.10679826268171,"ENSG00000155363.18"
0,0,"ENSG00000155366.16"
2.32051399356214e-19,0.108303986373879,"ENSG00000155380.11"
0,0,"ENSG00000229020.4"
0,0,"ENSG00000226419.8"
1.62240110208571e-21,0.0454872053743286,"ENSG00000238198.2"
0,0,"ENSG00000198799.12"
0.00367783860598865,2.83126384591745e-11,"ENSG00000081026.19"
0,0,"ENSG00000232499.2"
0,0.0280816528237027,"ENSG00000116793.16"
0,0,"ENSG00000232450.1"
0,0,"ENSG00000081019.13"
0.0718508999185448,0.494224800660882,"ENSG00000134242.16"
0.12520392491994,5.35461744515549e-10,"ENSG00000188761.13"
6.55896853203649e-17,0.0258463710702606,"ENSG00000134262.13"
0,0.170121066230823,"ENSG00000118655.7"
0,0.168957195751852,"ENSG00000235527.7"
0,0.312595976296322,"ENSG00000163349.22"
1.57573851253046e-18,0.712655492702228,"ENSG00000116774.12"
0,0.144148552897646,"ENSG00000134207.16"
1.83093603021237e-19,0.176257991715473,"ENSG00000197323.12"
0,0,"ENSG00000116752.6"
0.010429042784378,8.14583226482977e-14,"ENSG00000175984.15"
0,0,"ENSG00000116748.21"
0,0,"ENSG00000213281.5"
0,0.0162020493867679,"ENSG00000009307.16"
0.22423228101733,1.70666072422381e-09,"ENSG00000201900.1"
0,0,"ENSG00000052723.11"
0.074331425951072,0.0398057928965016,"ENSG00000134198.10"
0.00727911609931893,0.960782036420201,"ENSG00000228035.1"
0.0156224227263606,0.659325685018639,"ENSG00000134259.3"
0.108365837172548,6.41085259093821e-22,"ENSG00000173218.15"
0,0.364273586119847,"ENSG00000118729.11"
0.174137900647099,0.671458461852003,"ENSG00000163393.13"
6.02112354207487e-20,0.192155639838612,"ENSG00000163399.16"
0,0,"ENSG00000203865.10"
0,0.35934039610227,"ENSG00000224950.2"
0,0,"ENSG00000116815.16"
0,0.550112184960557,"ENSG00000177173.5"
0,0.658294698090776,"ENSG00000143061.17"
0.179275298525059,0.435803070278526,"ENSG00000116824.5"
0.279593474925052,0.0742532170449711,"ENSG00000134247.10"
0.129248075852178,0.434010817733066,"ENSG00000134256.12"
0.151679164104746,0.537460429254417,"ENSG00000116830.12"
0,0,"ENSG00000134253.10"
0,0,"ENSG00000198162.12"
0.315548540263908,0.600185767223989,"ENSG00000183508.5"
0,0.36953610752091,"ENSG00000196505.11"
0,0,"ENSG00000065183.16"
0.0402356436065725,0.261818573216429,"ENSG00000155761.14"
0.00181483348301256,0.505767490266506,"ENSG00000092607.15"
0,0,"ENSG00000116874.11"
0.339724472109339,0.048364211089845,"ENSG00000224238.2"
0.12064699132062,0.21476712040457,"ENSG00000223575.2"
0.0129113182451638,0.8421620184165,"ENSG00000231365.6"
0,0,"ENSG00000227712.2"
1.61959392690483e-11,0.0610037587467435,"ENSG00000240244.3"
0,0,"ENSG00000198857.3"
0,0,"ENSG00000143067.5"
0.0446865732216691,0.805782817663079,"ENSG00000092621.12"
0,0.131824763621868,"ENSG00000134250.20"
0,0,"ENSG00000265808.4"
0,0,"ENSG00000274642.1"
0.143518484101468,0.118982570065005,"ENSG00000223804.5"
0,0,"ENSG00000270231.4"
0,0,"ENSG00000270392.2"
3.12321789080351e-17,0.118400886309245,"ENSG00000275131.3"
0.0972985209276518,0,"ENSG00000273136.7"
0,0,"ENSG00000287979.1"
0.16822090797202,0.582411076825743,"ENSG00000226067.7"
1.79605245746832e-11,0.186144332551604,"ENSG00000223345.3"
0.155792925919833,0.583380690136949,"ENSG00000188610.12"
0,0,"ENSG00000171943.12"
0,0,"ENSG00000227082.3"
0.0427089439885178,4.03565262695279e-09,"ENSG00000231752.6"
0,0,"ENSG00000207205.1"
0,0,"ENSG00000266338.6"
0.0918879761169194,2.90268755428485e-11,"ENSG00000278099.1"
0,0,"ENSG00000277918.1"
1.11106058051331e-11,0.59605943496872,"ENSG00000196369.11"
0,0,"ENSG00000272419.6"
0,0,"ENSG00000162825.16"
0,0,"ENSG00000270722.1"
0,0,"ENSG00000272150.5"
0.395412035132351,6.44845786432013e-12,"ENSG00000117262.19"
0.292910851885651,0.128226036048732,"ENSG00000174827.13"
0.112557485464324,5.56476482575517e-13,"ENSG00000117281.16"
0.234230670293775,0.318685212550992,"ENSG00000265491.5"
0,0,"ENSG00000186141.9"
0,0,"ENSG00000186364.12"
0,0,"ENSG00000131788.16"
0.101705052252204,0.503396001757628,"ENSG00000198483.13"
0,0.323749576044947,"ENSG00000143127.13"
0,0,"ENSG00000131779.11"
0.15510207979352,0.209347232827433,"ENSG00000265241.6"
0,0,"ENSG00000234222.6"
0,0,"ENSG00000271601.4"
0,0.0391577226731338,"ENSG00000272031.3"
0,0,"ENSG00000121851.13"
1.93616583605028e-12,0.183649784193552,"ENSG00000265972.6"
0,0,"ENSG00000233396.8"
0.0477038945361117,0,"ENSG00000271425.9"
0,0,"ENSG00000273768.1"
0,0,"ENSG00000287978.1"
0.230002706109864,1.03620036089095e-12,"ENSG00000276975.3"
0,0,"ENSG00000268043.7"
1.35354853931963e-21,0.0282167068703621,"ENSG00000131791.8"
0,0,"ENSG00000180867.11"
1.4806360617069e-12,0.279388680415069,"ENSG00000131781.13"
0,0,"ENSG00000226015.2"
0,0,"ENSG00000131778.19"
0,0,"ENSG00000278811.4"
0.242090914061216,1.18273037187205e-12,"ENSG00000116128.11"
3.85188190947612e-20,0.0997094872452945,"ENSG00000162836.12"
0,0,"ENSG00000265107.3"
0,0,"ENSG00000188092.15"
0.0254475371874904,1.29728430109953e-13,"ENSG00000206585.1"
0.0560287866195414,0.155515410489795,"ENSG00000263956.6"
0,0,"ENSG00000274020.4"
0.388987710969556,0.112935976563482,"ENSG00000272824.1"
1.76793252579268e-11,0.372282363991262,"ENSG00000207340.1"
0,0,"ENSG00000231551.8"
0.373171327666971,1.60288754113119e-13,"ENSG00000225871.2"
0,0.139127360384272,"ENSG00000280649.2"
0,0.519517361480796,"ENSG00000274210.1"
0.214667137495128,1.21362954505226e-22,"ENSG00000270629.6"
0,0,"ENSG00000178104.19"
0,0,"ENSG00000269713.7"
0.173100365447567,6.36140442661104e-11,"ENSG00000274265.5"
0,0,"ENSG00000215861.6"
0.0912890248496946,0.124485556866253,"ENSG00000286219.1"
0.0261843054896677,4.50430624723543e-13,"ENSG00000277147.6"
0.0152910030658959,0.272321901821113,"ENSG00000203814.6"
0.155516118672714,1.66634222619155e-10,"ENSG00000183598.3"
0,0,"ENSG00000220323.4"
0,0,"ENSG00000261716.2"
0.271549985744634,0.296211638707493,"ENSG00000184678.10"
0.204563998346883,8.75822716628637e-12,"ENSG00000184260.5"
0.00441215386573876,0.231548323595123,"ENSG00000184270.5"
0,0.323249809797377,"ENSG00000178096.9"
0.147666588066787,0.0486117370566061,"ENSG00000159164.10"
0,0,"ENSG00000143368.10"
0,0,"ENSG00000014914.21"
0.0565087671637485,0,"ENSG00000264522.6"
0,0,"ENSG00000285184.3"
0.0351178487029404,0.559948439794077,"ENSG00000136631.15"
0.0926126035015498,0.814794668348353,"ENSG00000023902.14"
0.202457054555995,0.529925387545661,"ENSG00000143401.15"
0,0,"ENSG00000118298.12"
0,0,"ENSG00000117362.13"
5.50061862038772e-09,0.267481370604919,"ENSG00000118292.9"
0,0,"ENSG00000159208.16"
0.0932928130788787,1.46959094733069e-20,"ENSG00000266472.5"
0,0.267379775394076,"ENSG00000117360.13"
0,0.111023605890423,"ENSG00000163125.15"
0.108972877184008,1.81994514948058e-13,"ENSG00000143374.17"
2.03367210040325e-13,0.0765719281546563,"ENSG00000143369.15"
0,0,"ENSG00000237781.3"
0,0,"ENSG00000143382.14"
0,0,"ENSG00000203804.4"
0,0,"ENSG00000277452.1"
0,0,"ENSG00000274963.1"
0,0,"ENSG00000143384.13"
2.36587668389814e-09,0.659556602418055,"ENSG00000143420.18"
0,0,"ENSG00000143457.11"
0.0379715049053846,0.787531459181545,"ENSG00000163131.11"
0,0.521729285345739,"ENSG00000143387.13"
0,0,"ENSG00000143437.21"
0,0,"ENSG00000143379.12"
5.88377021670065e-15,0.0991155898769513,"ENSG00000143418.19"
0.0557110713576215,6.03745670608314e-09,"ENSG00000143412.10"
0,0.125018896596093,"ENSG00000143409.15"
0,0,"ENSG00000143363.17"
0.138323370481283,0,"ENSG00000163141.20"
0.0158408021327213,0,"ENSG00000143443.10"
0.114553192308991,0.62927796615109,"ENSG00000197622.13"
0,0.445646310295357,"ENSG00000213190.3"
1.22217390611396e-20,0.138108825923051,"ENSG00000143458.12"
0.0272671865588984,1.65220094423387e-11,"ENSG00000143434.15"
0.0375402510964825,0.356201394401463,"ENSG00000163154.6"
0.169975490973063,2.176485365806e-12,"ENSG00000163156.11"
0.0746908869372133,7.99954148173461e-12,"ENSG00000163155.12"
0.00219831137927587,0,"ENSG00000163159.12"
0,0,"ENSG00000143398.20"
2.30222249965973e-16,0.0130124516385714,"ENSG00000159352.15"
0.000547788809517439,0.372374686608364,"ENSG00000232671.6"
4.56161139151109e-14,0.39034840868306,"ENSG00000143373.18"
0,0,"ENSG00000143393.16"
0,0.421819832268728,"ENSG00000143390.17"
3.98435530623715e-18,0.474487698470824,"ENSG00000143416.21"
0,0,"ENSG00000159377.11"
9.86097803011085e-08,0.182846105002092,"ENSG00000143442.22"
0,0,"ENSG00000143367.16"
0,0,"ENSG00000232536.1"
0,0,"ENSG00000223861.1"
0,0,"ENSG00000143376.14"
0,0.518130209521909,"ENSG00000159409.15"
0,0,"ENSG00000143436.11"
0.291739260294278,0.323252968708191,"ENSG00000182134.16"
2.26109142208167e-19,0.151878484665208,"ENSG00000143365.19"
0,0.0698545181628777,"ENSG00000225556.1"
0,0.31971404272389,"ENSG00000234614.1"
0.208650978219385,0.213649638325738,"ENSG00000196407.12"
0,0,"ENSG00000159445.13"
0.167830627328943,0.131673466336928,"ENSG00000285651.1"
0,0.698438396269301,"ENSG00000197747.9"
0,0.089308203714221,"ENSG00000163191.6"
0.0417846553251578,0.689013541075356,"ENSG00000159450.12"
2.64348545614814e-09,0.184742053418672,"ENSG00000237975.7"
0,0,"ENSG00000197915.6"
3.37148715577572e-21,0.344187456696719,"ENSG00000143631.10"
0,0,"ENSG00000143520.6"
0.234728894174789,0.613133188687577,"ENSG00000163220.11"
0.210256509479088,0.499745302622985,"ENSG00000163221.9"
0.257496280954143,0.582861343121266,"ENSG00000143546.10"
0.203672390024344,0.206217649778673,"ENSG00000263841.2"
0,0,"ENSG00000238279.1"
0.0848474790873232,0.647098505432121,"ENSG00000197956.10"
0.0941602442615219,0.367986318194392,"ENSG00000196154.12"
0,0,"ENSG00000188015.10"
0,0.37094276462955,"ENSG00000188643.11"
0.08804591069703,0.480359610112096,"ENSG00000189171.14"
0.154540194974849,0.135611691819683,"ENSG00000160678.11"
0.305464564298775,0.311929000520529,"ENSG00000160679.13"
0,0.140661849170493,"ENSG00000143553.11"
0,0.42844149965586,"ENSG00000143621.17"
0.0669437232045302,0.578148804434117,"ENSG00000169418.10"
0,0.153080190281467,"ENSG00000143624.14"
6.82616770890591e-12,0.278081147621071,"ENSG00000143554.14"
0,0.205707155011586,"ENSG00000143614.10"
3.28109343887091e-20,0.299967528989194,"ENSG00000223599.1"
0.144616284439839,0.390383574023625,"ENSG00000198837.10"
0,0.315505884970976,"ENSG00000160741.17"
0.266138348132601,0.233535399898339,"ENSG00000143570.18"
0,0,"ENSG00000282386.1"
0,0,"ENSG00000143578.16"
0,0,"ENSG00000143543.15"
0,9.91991789926742e-17,"ENSG00000272654.1"
9.61725440583275e-14,0.18276158974063,"ENSG00000143545.9"
0,0,"ENSG00000177954.14"
0,0,"ENSG00000143552.9"
0.244148577365172,0.639919721958375,"ENSG00000143549.21"
0,0,"ENSG00000143612.20"
5.67897082190118e-20,0.10832154669829,"ENSG00000143569.19"
0.0527789954965996,0.20712055881362,"ENSG00000143575.14"
5.77575528081515e-14,0.204708371002553,"ENSG00000143515.18"
0,0,"ENSG00000228013.1"
0,0.346442154439026,"ENSG00000160712.13"
0.462886133566344,6.44099816868855e-12,"ENSG00000169291.10"
0,0,"ENSG00000163239.12"
2.7737195851356e-12,0.184617448609053,"ENSG00000160714.10"
5.93519851623712e-09,8.89557678688907e-05,"ENSG00000160716.6"
0,0,"ENSG00000160710.17"
0,0.228781438899606,"ENSG00000143603.19"
0.256448511534737,0,"ENSG00000163344.6"
0,0,"ENSG00000163346.17"
0,0,"ENSG00000163348.4"
0,0,"ENSG00000160691.18"
0,0,"ENSG00000173207.13"
0.0200213994880381,0,"ENSG00000160688.19"
1.09044890954229e-13,0.485174262939208,"ENSG00000160685.13"
0,0,"ENSG00000163354.15"
0,0.168603998104974,"ENSG00000143537.13"
0,0,"ENSG00000243364.8"
0,0,"ENSG00000169242.12"
0,0,"ENSG00000169241.19"
0,0.457466301552317,"ENSG00000179085.7"
0,0,"ENSG00000163463.11"
0,0,"ENSG00000163462.18"
0.00303584000598965,0.157096541169592,"ENSG00000185499.16"
0,0,"ENSG00000231064.7"
0,0.0920683222540308,"ENSG00000169231.13"
0.298385225485173,0,"ENSG00000173171.14"
0.633128985331828,0.0980872100353113,"ENSG00000160766.14"
0,0.136639446587507,"ENSG00000236675.1"
0.0753694720064152,0.208136013918928,"ENSG00000177628.16"
0,0.039875523144573,"ENSG00000160767.21"
0,0.604601232575116,"ENSG00000116521.11"
0.184703247391294,0.271876158555145,"ENSG00000176444.19"
0,0,"ENSG00000143630.10"
0.139771588255312,0.400534300825438,"ENSG00000143627.19"
0.208584171132849,0.298090992396328,"ENSG00000160752.14"
0,0,"ENSG00000225855.7"
0,0.0180307765068196,"ENSG00000160753.16"
0,0.0875617696573596,"ENSG00000116539.13"
0.174549460640159,0.024172460132926,"ENSG00000227773.1"
0,0.436746983270474,"ENSG00000235919.4"
0,0,"ENSG00000125459.15"
0.10683390653815,5.17415044002169e-11,"ENSG00000246203.2"
0,0,"ENSG00000287839.1"
0.145917936524667,0.233882706113794,"ENSG00000163374.19"
2.79454909621337e-10,0.446957089209571,"ENSG00000132676.16"
0,0,"ENSG00000203761.5"
0,0,"ENSG00000116580.18"
2.23973677496414e-16,0,"ENSG00000132718.9"
7.10818058756018e-13,0.178057404612013,"ENSG00000143622.11"
0,0,"ENSG00000132680.11"
0,0.144801264327132,"ENSG00000207475.1"
0,0.557978432888066,"ENSG00000173080.5"
0,0.538654750699456,"ENSG00000116584.19"
0,0,"ENSG00000273002.1"
0.353760803616938,2.10399936978702e-12,"ENSG00000163479.14"
0.0124368600006714,0,"ENSG00000160803.8"
0,0,"ENSG00000116586.11"
0.219764224248318,0.535557307091536,"ENSG00000254726.3"
0,0,"ENSG00000160789.20"
0,0.114585303945279,"ENSG00000196189.13"
0,0,"ENSG00000160785.13"
0.327663152064584,0.194093927557493,"ENSG00000160783.19"
0,0.122566695865805,"ENSG00000242252.2"
0,0.113918961082798,"ENSG00000160781.17"
0,0.339868629558251,"ENSG00000198952.8"
0,0,"ENSG00000163472.19"
0,0,"ENSG00000198715.13"
0,0,"ENSG00000163468.15"
0,0,"ENSG00000125462.18"
0,0.267616034098539,"ENSG00000116604.18"
0.116651533582454,0.469027401006691,"ENSG00000183856.11"
0.152046467064033,0.617952783637861,"ENSG00000187862.12"
1.45535579080365e-18,0.0436766349359266,"ENSG00000163382.12"
0.107644424365123,0.55029774985346,"ENSG00000160818.16"
0,0,"ENSG00000132688.11"
0,0.222594628464095,"ENSG00000143320.9"
2.79290729869239e-19,0.255724658312558,"ENSG00000143319.16"
0,0,"ENSG00000143303.12"
7.46693946598315e-14,0.33138915741654,"ENSG00000143314.12"
0.111105575099493,0.51923388052983,"ENSG00000143321.19"
0,0,"ENSG00000143294.15"
0,0.162370903937601,"ENSG00000287624.1"
0.0726055605426916,0.662814411307993,"ENSG00000027869.11"
0.0812527047424704,0,"ENSG00000027644.5"
1.61349513401625e-14,0.403273431068004,"ENSG00000187800.13"
0,0.0978946649471374,"ENSG00000132694.18"
0,0,"ENSG00000117036.12"
0.148638055402077,0.513267074834924,"ENSG00000271736.2"
0.107140160962858,0.630926194764606,"ENSG00000143297.19"
0.558339448686159,1.2150035403226e-13,"ENSG00000160856.21"
0.145197233231625,0.339261998335934,"ENSG00000132704.16"
0.214463303475911,0.371913672098281,"ENSG00000163534.15"
0.186411738214789,0.477608418486786,"ENSG00000073754.6"
3.40831657256818e-17,0.126796140469632,"ENSG00000183853.18"
0.153625727786506,0,"ENSG00000226520.1"
0,0,"ENSG00000227295.2"
1.52761253103869e-12,0.644093263339543,"ENSG00000158473.6"
0.466331260597862,0.0481686083006273,"ENSG00000158481.13"
7.08246646845354e-12,0.409221032982261,"ENSG00000198967.4"
0.315920388503921,0.47979741586356,"ENSG00000163554.15"
0.11270586198462,0.697076517615343,"ENSG00000163563.8"
6.33928619353524e-10,0.18480067136897,"ENSG00000163564.15"
0,0,"ENSG00000163565.18"
0.047481505370519,0.306480863063316,"ENSG00000163568.15"
0,0.628013973167338,"ENSG00000162706.13"
0.196691681077856,0.373674711697833,"ENSG00000213088.12"
2.65719006450026e-11,0.1667220960384,"ENSG00000158716.9"
9.03156617539793e-15,0.557757071238782,"ENSG00000256029.6"
5.13195955967157e-21,0.0686787184609222,"ENSG00000272668.2"
0.0430802063457789,0.303592554864147,"ENSG00000213085.10"
0.411473096935368,0.354028204635421,"ENSG00000158710.14"
0.231618323456709,0.173269096630637,"ENSG00000224259.7"
4.11969651446849e-12,0.467208474883928,"ENSG00000143315.8"
0.129259278542139,0.519837457090067,"ENSG00000162729.14"
0.259923410393604,0.242288860211279,"ENSG00000018625.15"
0.435083541368727,0.394549569239332,"ENSG00000132681.16"
0.262187498939347,0.159270879047761,"ENSG00000143318.13"
0,0.279654533959618,"ENSG00000227741.1"
0,0.408260668164164,"ENSG00000162734.12"
1.6934071511425e-20,0.5628410660968,"ENSG00000132716.18"
0.283970921284061,0,"ENSG00000228606.3"
0,0.365172441701997,"ENSG00000162735.18"
0,0,"ENSG00000122218.16"
3.22138063980678e-12,0.454236382189786,"ENSG00000162736.17"
0.169022160918811,0.671836022103001,"ENSG00000162738.6"
1.26939759248456e-12,0.596955555282505,"ENSG00000066294.14"
6.19689879605532e-16,0.0770809995795359,"ENSG00000117090.15"
0.0796227522280018,0.710718541633072,"ENSG00000117091.10"
0.0452568129324642,0.92513540703008,"ENSG00000026751.17"
0,0.346271223362843,"ENSG00000122224.18"
0.125639817714582,0.569609710055185,"ENSG00000122223.13"
0,0.603825260932002,"ENSG00000158769.18"
0.189738706811799,0.475469775974214,"ENSG00000215845.11"
0,0.34348832926318,"ENSG00000158773.14"
0.149558135081665,0.707904864402955,"ENSG00000186517.14"
0.0428154228903282,0,"ENSG00000162755.14"
0.0849970532936731,2.3714640165061e-11,"ENSG00000143256.5"
0,0,"ENSG00000158793.14"
3.29147965600679e-23,0.244231381601335,"ENSG00000158796.17"
0,0,"ENSG00000143222.12"
0.0124816920870689,2.3177066057895e-12,"ENSG00000143258.16"
0.131463923439981,0.565595488158323,"ENSG00000143224.18"
0,0.169030031569408,"ENSG00000158850.15"
0.149916894734218,2.39320975508182e-12,"ENSG00000158859.10"
0.129448029375406,5.86430061622566e-11,"ENSG00000158864.12"
0.106268951945832,0.570956630389457,"ENSG00000158869.11"
0,0,"ENSG00000158882.15"
0.187994480900693,0.432320378322771,"ENSG00000143257.11"
0,0,"ENSG00000158887.17"
0,0.346320360221311,"ENSG00000143252.14"
0,0,"ENSG00000283696.1"
0,0,"ENSG00000288093.1"
0.174027790259135,0.384534406048403,"ENSG00000143226.13"
0,0,"ENSG00000173110.8"
0,0.72213438102005,"ENSG00000203747.11"
0.0927629775309226,0,"ENSG00000244682.7"
0,0.495727618863454,"ENSG00000225217.1"
0.126282012795492,0.41672979586288,"ENSG00000162747.11"
0.0657408138884059,8.17752935700551e-13,"ENSG00000072694.20"
0.0607112089789009,0.197320235512232,"ENSG00000132185.16"
0,0,"ENSG00000162746.14"
0,0,"ENSG00000081721.12"
0,0,"ENSG00000118217.6"
0,0.518257510815913,"ENSG00000229808.1"
0,0.358000273284758,"ENSG00000162745.10"
0.22259829006428,0.371824911526523,"ENSG00000198929.13"
0.47839628796712,0.106324598292452,"ENSG00000239887.6"
0,0,"ENSG00000152332.16"
0.0727173846281127,0.0882538363882451,"ENSG00000117143.13"
0,0,"ENSG00000272574.1"
0.0373726359514984,0.514170088324398,"ENSG00000162733.19"
0.0469354046092064,0.177933791822472,"ENSG00000132196.14"
0.160625283383764,0.145019702114296,"ENSG00000117152.13"
2.09337807427936e-19,0.13986664332052,"ENSG00000143248.13"
2.70195310419863e-10,0.248375904834879,"ENSG00000232995.7"
0.171969604940051,0.230505000371044,"ENSG00000143228.13"
0.177171519573511,0.265631384755239,"ENSG00000185630.18"
0,0.310630231972609,"ENSG00000269887.1"
0.058355172801696,0.349995193304716,"ENSG00000233693.1"
0.0241144737353419,0.140181098560216,"ENSG00000143171.13"
1.1880172094829e-05,0.670454553366392,"ENSG00000143198.13"
0,0,"ENSG00000143149.12"
3.08926514960194e-18,0.300375143586199,"ENSG00000143183.16"
0,0.361673069275213,"ENSG00000224358.1"
0,0.121826489725461,"ENSG00000143179.16"
0.0909322316390856,2.84289243388905e-16,"ENSG00000236364.4"
0,0.185839740332097,"ENSG00000188859.6"
3.39324496572928e-11,0.168262657399928,"ENSG00000143157.11"
0,0,"ENSG00000152382.6"
6.17603592451456e-22,0.0229532348925464,"ENSG00000143195.13"
0,0,"ENSG00000198842.10"
0.0146563716435148,0.17727603400128,"ENSG00000143190.23"
0.108457023976208,3.06936318946099e-10,"ENSG00000272033.1"
0.119798044569772,0.531959530359626,"ENSG00000198821.10"
0.00211248847524782,0.551255230027576,"ENSG00000287218.1"
0,0,"ENSG00000143162.9"
0.060914410291562,0.746074742304529,"ENSG00000198771.11"
0.184495253981103,0.218256656841454,"ENSG00000197965.12"
0,0,"ENSG00000143199.18"
0,0,"ENSG00000143158.11"
0,0.391118674616111,"ENSG00000143164.15"
0,0,"ENSG00000143147.14"
0,0.189604574992429,"ENSG00000143155.13"
0,0,"ENSG00000213064.10"
0,0,"ENSG00000143178.13"
0.0658303729933953,0.828276897744605,"ENSG00000143196.5"
0,0.31228758136544,"ENSG00000143153.13"
0,0,"ENSG00000143156.14"
0,0,"ENSG00000117475.14"
0.434401015288091,0.138201788282239,"ENSG00000117477.12"
0,0,"ENSG00000117479.15"
0.27559340416833,0.310261116788594,"ENSG00000234604.2"
0,0,"ENSG00000213062.5"
0,0.0136820114036238,"ENSG00000198734.11"
0.266350274066277,0.298432522614609,"ENSG00000174175.17"
0,0,"ENSG00000000460.17"
0.175271010340806,0.691004666610879,"ENSG00000188404.10"
0,0,"ENSG00000007908.16"
0.324298501731556,0.54611865373965,"ENSG00000171806.12"
0.0471576178031051,1.08021251469769e-13,"ENSG00000000457.14"
0,0,"ENSG00000075945.13"
0,0,"ENSG00000231407.6"
0,0.189706345672591,"ENSG00000120370.12"
0,0.56459036605041,"ENSG00000116132.12"
0,0,"ENSG00000271811.1"
0.180421231135587,0.179227631307393,"ENSG00000231424.3"
0,0.102116525144472,"ENSG00000117501.14"
0,0.853653137678295,"ENSG00000007933.13"
0,0,"ENSG00000117507.6"
0.148969246487698,0,"ENSG00000094963.14"
7.09188152537449e-20,0.193703937025422,"ENSG00000076258.10"
0,0.356299538371082,"ENSG00000285665.1"
3.50194230995225e-12,0.289999578328073,"ENSG00000117523.16"
6.16794775645965e-10,0.881108111535118,"ENSG00000034971.17"
0,0,"ENSG00000117533.15"
0,0,"ENSG00000010165.20"
0,0.0127053954446537,"ENSG00000197959.14"
0,0.225831411963854,"ENSG00000230630.5"
0,0,"ENSG00000135845.10"
0.173229443921079,0.402153668850205,"ENSG00000094975.14"
0,0,"ENSG00000117586.11"
0,0,"ENSG00000231615.2"
0.0911680221187583,9.70369729769096e-21,"ENSG00000203739.4"
3.28612644943141e-20,0.366677294035885,"ENSG00000117592.9"
0,1.53680797265498e-15,"ENSG00000076321.11"
0,0.0175030903484101,"ENSG00000120334.15"
0,0,"ENSG00000117593.12"
0,0,"ENSG00000234741.8"
0,0,"ENSG00000270084.2"
1.4201876316698e-19,0.247917785269799,"ENSG00000185278.15"
0,0.37555453206591,"ENSG00000135870.11"
0.21935834797864,0.421331352338866,"ENSG00000236535.1"
0.0650608867112754,0.455246678256615,"ENSG00000152061.23"
0.216403940379905,0.345959593980594,"ENSG00000203737.5"
0,0,"ENSG00000287697.1"
0,0,"ENSG00000116161.18"
2.42639554167425e-13,0.628009663371672,"ENSG00000120333.4"
0.111441001899205,0.328991318837258,"ENSG00000120332.16"
0.0876621324733276,9.45533017712312e-12,"ENSG00000235750.10"
0,0,"ENSG00000143207.21"
0,0,"ENSG00000228686.2"
0,0,"ENSG00000236021.2"
0.220430096460432,0.298676896024369,"ENSG00000116183.11"
0,0,"ENSG00000224968.2"
0.0433383053010014,4.60187523907696e-10,"ENSG00000254154.8"
3.78301747254606e-15,0.466891994210735,"ENSG00000242193.11"
2.25264292698922e-16,0,"ENSG00000224687.2"
0,0,"ENSG00000075391.16"
0.783431037299179,2.25929948861206e-13,"ENSG00000213058.3"
0,0,"ENSG00000213057.5"
0.146833784147168,0.385683230367667,"ENSG00000273062.1"
0,0.45532326039103,"ENSG00000116191.17"
0,0.8444239421267,"ENSG00000116194.13"
0,0.569153512556242,"ENSG00000116199.12"
0,0.0549985373787995,"ENSG00000186283.14"
0.0465322341712135,5.73331420543542e-11,"ENSG00000143322.21"
0,0.242808571196953,"ENSG00000225711.1"
0,0,"ENSG00000057252.13"
0.240168633251154,0.253274948335809,"ENSG00000227141.2"
0,0.0509312457399569,"ENSG00000169905.12"
0,0,"ENSG00000272906.1"
0,0,"ENSG00000143337.18"
0.102570367389858,0.28898059843247,"ENSG00000264916.2"
0,0.134822285469128,"ENSG00000135837.16"
8.72392305645005e-12,0.319426754859897,"ENSG00000235145.2"
2.34158381769273e-10,0.160476728349131,"ENSG00000116260.17"
0,0.0118790549199652,"ENSG00000121454.6"
0,0.0719240419204149,"ENSG00000230124.8"
0,0,"ENSG00000143324.14"
0,0,"ENSG00000135835.12"
0,0,"ENSG00000135823.14"
0.118280757878627,5.18709573101082e-09,"ENSG00000153029.14"
0,0.570178833801609,"ENSG00000162783.11"
0.0545409448001912,0.364582444405284,"ENSG00000135821.18"
0.0929879175554863,0.0425505482869646,"ENSG00000135828.11"
0.0193552313413114,0.734479453803498,"ENSG00000143333.7"
0.283197725234278,0.543432843934523,"ENSG00000135838.13"
3.91136290697881e-22,0.246834751237509,"ENSG00000135829.17"
3.31776025214957e-13,0.288334953172632,"ENSG00000135862.6"
0,0,"ENSG00000224468.3"
0.191592977171581,0,"ENSG00000058085.15"
1.99735146801211e-05,0.244335249985789,"ENSG00000157064.11"
0,0,"ENSG00000232860.8"
0.0145470000067882,0.436828028853682,"ENSG00000116698.21"
0.0648495674328358,0.754172940276053,"ENSG00000116701.14"
0.304076356284246,0.377699967709305,"ENSG00000162704.16"
0,0,"ENSG00000143344.15"
0,0,"ENSG00000173627.8"
0,0,"ENSG00000198756.12"
0.303644483211667,0.284884848662507,"ENSG00000198860.12"
3.29464878180442e-15,0.465896419477354,"ENSG00000116667.14"
0,0,"ENSG00000285847.2"
3.94363148304545e-14,0.20132413651346,"ENSG00000116406.19"
7.58854347282682e-12,0.0562545162285345,"ENSG00000135842.17"
0,0,"ENSG00000121481.11"
0,0,"ENSG00000121486.12"
3.10184100920699e-13,0.203042587571401,"ENSG00000116668.13"
0,0,"ENSG00000238061.2"
3.4537956506626e-13,0.234903821226087,"ENSG00000279838.1"
0,0.418750904441122,"ENSG00000116679.16"
0.109684448729222,0.479655757138786,"ENSG00000273004.1"
1.63158113635739e-12,0.187621487900832,"ENSG00000143341.12"
8.3827203592284e-12,0.478627102954096,"ENSG00000116690.12"
0,0,"ENSG00000047410.14"
0,0.306693945527775,"ENSG00000157181.16"
0.190675582468557,5.9120681905301e-14,"ENSG00000229739.3"
5.68098377186927e-12,0.346697907537271,"ENSG00000073756.12"
1.33260492423246e-19,0.264476048929407,"ENSG00000116711.10"
0.00355404455299039,0.33081186442852,"ENSG00000230426.4"
0,0,"ENSG00000230987.2"
0.000375199461604009,0.72054763337376,"ENSG00000150681.10"
1.2878407626802e-16,0,"ENSG00000285280.2"
0.0788745020747483,0.567691958806071,"ENSG00000090104.12"
0,0.193689591167777,"ENSG00000116741.8"
0,0.170028781596788,"ENSG00000234473.1"
0,0,"ENSG00000116750.13"
0,0,"ENSG00000116747.12"
0.0544881965354845,0,"ENSG00000023572.9"
8.97614595525912e-21,0.021340936526637,"ENSG00000134371.13"
0.269195066559065,1.78422739399024e-10,"ENSG00000162630.6"
0,0,"ENSG00000276735.1"
0.170069833393671,0,"ENSG00000162687.17"
1.29409454388423e-09,0.227726046460326,"ENSG00000000971.15"
0.12079760241085,0.486047651168113,"ENSG00000066279.18"
0.087305525102458,0.534353782943082,"ENSG00000177888.7"
0.0329631681620019,0.0989844236710433,"ENSG00000213047.13"
0.0927689212658338,0.227045419400204,"ENSG00000203724.11"
0,0,"ENSG00000143355.16"
5.60233419913921e-20,0.387770579341442,"ENSG00000151414.15"
0.0548589851797592,0.251554245779355,"ENSG00000232824.1"
0.0616914737115363,0.670367138434435,"ENSG00000081237.20"
0.238361309125523,0.246916328351366,"ENSG00000229989.4"
0.274052320784079,4.79236281452456e-22,"ENSG00000116833.14"
0.0273944836847409,0,"ENSG00000203721.7"
7.84005945098266e-13,0.119606504215263,"ENSG00000162702.8"
0.208648747508028,0.288694551550922,"ENSG00000118193.12"
0,0,"ENSG00000118197.14"
2.74051202984347e-13,0.194653280026381,"ENSG00000118200.14"
0.0554665526282058,0,"ENSG00000163362.11"
0.173841944871607,0.597141944638905,"ENSG00000116852.14"
0,0,"ENSG00000116857.17"
0.215263834217204,4.42727354302781e-13,"ENSG00000081277.12"
0.115767272101559,0.282721853177901,"ENSG00000174307.7"
0,0,"ENSG00000159176.14"
0.178796034009539,1.62088653386092e-10,"ENSG00000223396.4"
0,0.181628241579369,"ENSG00000134369.15"
0.135934854999001,1.86661830243005e-11,"ENSG00000236390.1"
0,0,"ENSG00000231871.5"
0,0,"ENSG00000235121.1"
4.66936407026585e-11,0.159175501221641,"ENSG00000198700.10"
0,0,"ENSG00000198892.6"
0.15438548320583,0.198707863748926,"ENSG00000163431.13"
0,0,"ENSG00000134375.11"
0,0,"ENSG00000176393.11"
1.11661340755495e-12,0.0347278343977321,"ENSG00000234678.2"
0,0,"ENSG00000163435.16"
0,0.385926952369576,"ENSG00000170075.9"
0,0.3564036576105,"ENSG00000143862.8"
0.100529507250849,0.768939141244914,"ENSG00000143851.15"
0.158528759523107,0.319323055090474,"ENSG00000077152.11"
0.03926838016319,0.669527035209067,"ENSG00000077157.22"
0,0,"ENSG00000232626.3"
0.0416549122874231,0.252603852746783,"ENSG00000143858.12"
0,0.141122113679866,"ENSG00000117139.17"
0,0,"ENSG00000226148.1"
0,0,"ENSG00000228288.7"
0.530633235622543,8.23919387629044e-10,"ENSG00000214796.8"
0.0954054536193379,0.114700087647845,"ENSG00000183155.5"
0,0.109254710432201,"ENSG00000117153.16"
0.0470090250903117,0.378339396469964,"ENSG00000159346.13"
0,0,"ENSG00000159348.13"
5.83759479905915e-19,0.256398310392297,"ENSG00000163444.12"
0,0,"ENSG00000143847.15"
3.84283386346248e-11,0.229528259060157,"ENSG00000163485.17"
0.0753776868742954,0.770917263831165,"ENSG00000133048.13"
1.36377643429365e-08,0.438924399167278,"ENSG00000133063.16"
0,0.000913685885598809,"ENSG00000231507.2"
0,0.114840416103783,"ENSG00000159388.6"
0,0.587267391693279,"ENSG00000122176.12"
0.0223716357947721,0.623404352346141,"ENSG00000188783.6"
3.84339113927676e-15,0.696046809473768,"ENSG00000058668.14"
0,0,"ENSG00000122188.13"
4.43884756133111e-12,0.0669279247784745,"ENSG00000058673.16"
0,0.269583049350195,"ENSG00000257315.2"
0,0,"ENSG00000227417.3"
0.12464052995472,1.25726032585494e-10,"ENSG00000182004.13"
0,0,"ENSG00000143842.15"
0.104631228770692,5.89318990732494e-11,"ENSG00000143845.15"
0.0211882170215285,1.09417743306068e-09,"ENSG00000143850.16"
0,0,"ENSG00000219133.2"
0,0,"ENSG00000158615.9"
1.30502358631694e-15,0.288374874217322,"ENSG00000133056.13"
2.97184981327273e-15,0.42043161867778,"ENSG00000198625.13"
0,0,"ENSG00000236779.1"
0,0.014291330609265,"ENSG00000200408.1"
2.24819293034735e-11,0.267411191338828,"ENSG00000170382.12"
0,0.192963173066331,"ENSG00000163531.15"
0,0,"ENSG00000229657.2"
0.0944799283995071,0.482865699547728,"ENSG00000184144.12"
0,0,"ENSG00000174529.7"
0,0,"ENSG00000117222.14"
2.98387318505566e-14,0.0120950541630599,"ENSG00000133059.17"
0.232551016169342,0.595066937289201,"ENSG00000133069.17"
0,0.474489164764285,"ENSG00000163545.10"
0.0464342320375189,0.526684978889525,"ENSG00000162873.14"
0,0.569744646824428,"ENSG00000117266.15"
0.195525314599273,0.634832941289507,"ENSG00000174514.13"
0.157841120404829,0.0632051578821944,"ENSG00000158711.13"
0,0.0781128441290987,"ENSG00000158715.6"
0.00935583321452642,1.28966049022136e-14,"ENSG00000069275.13"
3.76813508521197e-12,0.527300142373303,"ENSG00000117280.13"
0,0,"ENSG00000285521.1"
0,0,"ENSG00000133065.11"
1.65764906113051e-12,0.0343203552054045,"ENSG00000286619.1"
0,0,"ENSG00000162877.13"
0.363585651525619,0.0410609953984804,"ENSG00000276600.5"
0.12073046615469,0.538134222392733,"ENSG00000196188.11"
0.00113195264330117,0.0301534571235785,"ENSG00000285417.1"
0.180000415246501,0.431042632105465,"ENSG00000263961.8"
2.12478439814643e-12,0.0375480240242272,"ENSG00000196550.10"
0.331576761332304,0.167715080454571,"ENSG00000266028.7"
0.174414669976101,0.48758290106248,"ENSG00000263528.8"
0.137133158331129,0.0538734394129034,"ENSG00000162888.4"
0.225521417840025,0.63889651723248,"ENSG00000266094.8"
0,0,"ENSG00000279946.1"
3.80492272170381e-12,0.38705724369786,"ENSG00000143486.16"
2.15850475670835e-12,0.521430582069748,"ENSG00000143479.17"
0,0.208662649590072,"ENSG00000162889.10"
0,0,"ENSG00000224114.1"
0.329546024672102,0.552533912998064,"ENSG00000162894.12"
0.329263407777201,0.534299417493225,"ENSG00000123836.15"
0.0872676620131275,0.504512773180623,"ENSG00000180667.10"
0,0.370272347943143,"ENSG00000196352.15"
0,0.534683420125619,"ENSG00000203710.11"
0,0.491852465890505,"ENSG00000197721.17"
5.06152719349887e-10,0.70026320618636,"ENSG00000117335.19"
0.144032992053899,0.149516309529954,"ENSG00000234219.1"
0,0.404241010884747,"ENSG00000203709.12"
0.125586274242497,0.563483026614839,"ENSG00000174059.17"
0,0,"ENSG00000284237.1"
0,0,"ENSG00000076356.7"
0,0,"ENSG00000008118.10"
0.0465885191520235,0,"ENSG00000196878.15"
0.0592717081399949,0.146340170344941,"ENSG00000227591.5"
0.216787735357884,0.344484897157979,"ENSG00000123689.6"
3.27302435488433e-09,0.0708177711030121,"ENSG00000117594.10"
0.106726548453379,0.659189162550177,"ENSG00000009790.15"
0,0,"ENSG00000162757.4"
0.0629829468001842,6.2805775524029e-10,"ENSG00000117597.18"
1.08760679850702e-16,0,"ENSG00000203706.8"
0,0.650985807213548,"ENSG00000082497.12"
0,0,"ENSG00000054392.13"
2.02587150490192e-13,0.088091403305705,"ENSG00000143473.13"
2.14230836256641e-12,0.0327161344285493,"ENSG00000117625.13"
0,0,"ENSG00000082512.15"
0,0,"ENSG00000153363.13"
8.72976374898277e-13,0.272773093320701,"ENSG00000170385.10"
0.268798248654298,0.16149734959049,"ENSG00000117650.13"
8.75065091051261e-11,0.0784062599111921,"ENSG00000123684.13"
0,0,"ENSG00000143493.13"
0.0892506857394901,0.49188739640682,"ENSG00000143476.18"
1.70817109744084e-10,0.0568117924880198,"ENSG00000066027.12"
0,0,"ENSG00000225338.1"
0,0.424863446620376,"ENSG00000065600.12"
0.0107636556372829,2.22023084290957e-10,"ENSG00000117691.10"
0.186639998768621,1.80636138664064e-15,"ENSG00000260805.2"
1.05973168923599e-20,0.153400332336306,"ENSG00000288007.1"
0,0,"ENSG00000162772.17"
0,0.0903161531939713,"ENSG00000123685.9"
0,0,"ENSG00000117697.15"
0,0.689654332223629,"ENSG00000203705.11"
0.280971762586728,0.180422035814946,"ENSG00000198468.9"
0,0.211220991969269,"ENSG00000162769.13"
0.131396614620201,0,"ENSG00000143494.15"
5.13338388806056e-19,0.0608206808972399,"ENSG00000174606.14"
0.0268660404315282,1.35437729700772e-14,"ENSG00000136643.12"
0,0,"ENSG00000117707.16"
0.0657301967001358,0.0827659330496077,"ENSG00000143499.14"
0,0.228784065903227,"ENSG00000152104.12"
0.042602918205336,0.346169242410701,"ENSG00000213036.3"
0.124050977550779,0.583367216554444,"ENSG00000117724.13"
5.52494862340176e-12,0.238311218788623,"ENSG00000082482.13"
0,0,"ENSG00000136636.13"
0.00845304607303439,0.524371816671581,"ENSG00000042781.13"
0,0,"ENSG00000092978.11"
0,0,"ENSG00000162814.11"
0,0,"ENSG00000067533.6"
0,0,"ENSG00000092969.12"
0,0,"ENSG00000228063.2"
0,0.380165049313211,"ENSG00000143353.12"
0,0,"ENSG00000225920.2"
5.90771449973125e-12,0.093190029190931,"ENSG00000223842.1"
0.0612187727351634,0.359614872040906,"ENSG00000277007.1"
3.45385396560902e-20,0.39162704127896,"ENSG00000287676.1"
0.112885848604797,0.241920794228825,"ENSG00000228536.3"
0,0,"ENSG00000136628.18"
6.94095931722882e-12,0.157041242032144,"ENSG00000162813.18"
0,0.524261649896793,"ENSG00000067704.10"
0,0.120551082816918,"ENSG00000118873.16"
0.21711527006544,1.13710060024414e-12,"ENSG00000270585.1"
0,0.020602325037846,"ENSG00000218283.2"
0.00540302417373044,0.488669969721447,"ENSG00000116141.15"
0,0,"ENSG00000243872.3"
3.56820471303977e-20,0.248439343872881,"ENSG00000233012.2"
1.33471196129088e-14,0.723126743137183,"ENSG00000162817.7"
0,0,"ENSG00000117791.16"
0.195352640090394,0.298266247261763,"ENSG00000186205.13"
0.0741005433910937,0.210559205217073,"ENSG00000238078.1"
0,0,"ENSG00000136630.13"
0,0,"ENSG00000143507.18"
0,0,"ENSG00000143512.13"
0,0,"ENSG00000143498.18"
0,0.309110719735693,"ENSG00000154305.18"
0.0117780217985034,0.693124554983776,"ENSG00000272750.1"
0,0,"ENSG00000186063.13"
0,0,"ENSG00000162819.12"
0,0.0401227910309744,"ENSG00000228106.6"
0,0.32942718569374,"ENSG00000154309.8"
0,0.0961494074842293,"ENSG00000187554.14"
1.13968433014653e-19,0.0600222051204406,"ENSG00000162909.18"
2.91953870208638e-12,0.457519417513349,"ENSG00000143514.17"
0.324650987668182,0.153868197459897,"ENSG00000272645.3"
0,0,"ENSG00000185495.10"
0.139972118492771,0.107399089240424,"ENSG00000278467.1"
0,0,"ENSG00000143756.12"
0,0,"ENSG00000143753.13"
0.285900079090623,7.09292638427472e-12,"ENSG00000143748.18"
0.22787279685466,0.271838578684768,"ENSG00000143771.12"
3.31177431054675e-20,0.403043056894343,"ENSG00000162923.16"
0,0,"ENSG00000143786.8"
2.114885167204e-18,0.220103182162509,"ENSG00000185842.15"
0.284156095348042,0.472451240025938,"ENSG00000143815.15"
0.0570299821404683,0.498765557322484,"ENSG00000154380.17"
3.94338079192128e-10,0.0427584841575916,"ENSG00000227496.3"
1.96241338104939e-13,0.253454109978069,"ENSG00000226349.1"
0,0,"ENSG00000143742.13"
1.03355640106248e-08,0.394679078589052,"ENSG00000143819.12"
0.386769437587015,0.142041780900448,"ENSG00000242861.1"
0.0588568010488259,0.558483623959522,"ENSG00000196187.12"
6.63507996890473e-14,0.247925722676033,"ENSG00000143811.19"
1.38449256542706e-14,0.550445186281908,"ENSG00000143751.10"
4.6341127407893e-20,0.250763872766648,"ENSG00000163041.11"
0.138385692788504,6.13414440502531e-14,"ENSG00000225518.3"
0.0395256650332522,1.33846789767979e-16,"ENSG00000182827.9"
0.238860490591821,0.178166054186042,"ENSG00000183814.15"
0,0,"ENSG00000143799.13"
0,0,"ENSG00000203685.10"
4.05896233076071e-13,0.233830194502881,"ENSG00000143772.9"
0.00798700039476966,0.62875824243962,"ENSG00000228382.1"
0,0.450561451303388,"ENSG00000143801.17"
0.0819093043229237,0.554715391930262,"ENSG00000163050.17"
0.146666317819381,0.312871994796441,"ENSG00000143776.18"
0,0,"ENSG00000228625.1"
0,0,"ENSG00000287525.1"
0,0,"ENSG00000181450.18"
0.211930851168018,0.021779772758099,"ENSG00000143740.14"
0,0,"ENSG00000081692.12"
0,0,"ENSG00000143816.8"
0,0,"ENSG00000276255.2"
2.60298984085392e-12,0.186100262004658,"ENSG00000143761.16"
0.0995161517117805,0.308938497785049,"ENSG00000143793.13"
0,0.412442951859985,"ENSG00000162910.19"
0.340839406157522,0.476975400296755,"ENSG00000143774.16"
0,0.308801363800277,"ENSG00000198835.4"
0,0.296697152321784,"ENSG00000181873.13"
2.35818227299227e-19,0.135609149156883,"ENSG00000154358.21"
0,0,"ENSG00000269934.3"
0.450930308337004,0,"ENSG00000287315.1"
0,0.504319971777047,"ENSG00000154370.16"
1.49885115191906e-11,0.207436290405121,"ENSG00000231563.2"
0,0,"ENSG00000162931.12"
0.217411781250536,0,"ENSG00000181218.5"
0.272521131927495,0.276505128625957,"ENSG00000196890.4"
0,0.00532315573150857,"ENSG00000168159.12"
0.00865324701018161,0.290718195400868,"ENSG00000215811.6"
0,0,"ENSG00000201321.1"
0.0137128800283106,2.33770743524679e-12,"ENSG00000116574.6"
0,0,"ENSG00000177788.6"
0,0,"ENSG00000168118.12"
0.0090364494105933,0.190616699134284,"ENSG00000154429.11"
0.149511826828707,0.368268066601086,"ENSG00000069248.12"
0.011404915138462,0.412446185973022,"ENSG00000135776.5"
0,0.126904565258743,"ENSG00000135801.9"
0,0.145952681002666,"ENSG00000135763.10"
3.41946131855697e-10,0.182217240446554,"ENSG00000143641.10"
0,0.0132563675637391,"ENSG00000227006.2"
0,0,"ENSG00000177614.11"
0,0,"ENSG00000135775.14"
0.0119131373894704,0.00859127744534146,"ENSG00000135744.8"
0,0,"ENSG00000119280.16"
0,0,"ENSG00000143643.13"
0,0,"ENSG00000173409.14"
0.42711330676889,0.199734573384921,"ENSG00000182118.8"
0.150326091733254,0.153934998240948,"ENSG00000227934.1"
0,0,"ENSG00000143633.13"
2.5451977873663e-11,0.286858829844884,"ENSG00000116906.13"
0,0.0532939651863067,"ENSG00000116903.7"
8.0154789019238e-12,0.208329550706268,"ENSG00000010072.16"
0,0,"ENSG00000135766.9"
0.153940070684991,0.374818549409248,"ENSG00000233461.6"
0.101487141908757,0,"ENSG00000116918.15"
0,0.344036603494727,"ENSG00000162946.22"
0.0251842660569114,0.152332152195964,"ENSG00000286071.1"
0,0,"ENSG00000116991.10"
0,0,"ENSG00000212916.4"
0,0,"ENSG00000135778.12"
0.272432831239173,1.03307304594535e-15,"ENSG00000135749.19"
1.72701743665226e-10,0.493660519478771,"ENSG00000143674.11"
0,0,"ENSG00000135750.15"
0,0,"ENSG00000168275.15"
0,0,"ENSG00000059588.10"
3.12421714306768e-15,0.861734225498116,"ENSG00000231768.2"
0,0.148539940537186,"ENSG00000168264.10"
0.0998931344199339,2.45060328584244e-12,"ENSG00000227630.4"
0,0.693043769198981,"ENSG00000238005.4"
0,0.0180848246299747,"ENSG00000258082.1"
0.225717614905817,1.69234540895332e-20,"ENSG00000280587.1"
7.86931928315738e-13,0.22442955925499,"ENSG00000173726.11"
0,0,"ENSG00000207181.1"
0,0,"ENSG00000188739.15"
0,0.353493779497339,"ENSG00000054267.22"
0,0,"ENSG00000236863.2"
0.0278328843387002,0,"ENSG00000152904.11"
0.199342579867415,0.0674867945375687,"ENSG00000285053.1"
0,0,"ENSG00000284770.2"
0,0,"ENSG00000162885.13"
0.0509943065999344,0.722483695521459,"ENSG00000168243.11"
0,0.362551758926781,"ENSG00000143669.13"
0,0.727193522431625,"ENSG00000229463.2"
0,0,"ENSG00000116962.15"
5.47579456864355e-11,0.230480913161692,"ENSG00000252822.1"
0,0.606826755045312,"ENSG00000077585.14"
6.23306223381185e-24,0.115829232575201,"ENSG00000086619.14"
0,0.345079716179715,"ENSG00000186197.14"
0,0.306158168147812,"ENSG00000116977.18"
0.0440011342513302,1.22072748117243e-12,"ENSG00000273058.2"
4.31845837084888e-20,0.113010066758532,"ENSG00000119285.11"
0,0,"ENSG00000077522.13"
0.00728253254016867,0.367810817163016,"ENSG00000116984.13"
0,0,"ENSG00000226498.2"
0,0,"ENSG00000215808.4"
2.29031248048842e-12,0.26578398310991,"ENSG00000133019.11"
0,0,"ENSG00000155816.20"
0,0.809594033702105,"ENSG00000180875.5"
2.52255888632049e-10,0.708361252411425,"ENSG00000091483.6"
2.06398996460485e-11,0.701501024978991,"ENSG00000117009.12"
1.38908263931552e-12,0.234316282144914,"ENSG00000054277.14"
0.023674983535553,0.452233979118319,"ENSG00000203668.2"
0.199246990304843,0.434854086498157,"ENSG00000174371.17"
0.0240954846618096,3.70537391535976e-10,"ENSG00000197769.6"
0,0,"ENSG00000143702.16"
0,0.145348375184867,"ENSG00000054282.16"
0,0,"ENSG00000224727.1"
0.389443873151405,1.93335272507727e-11,"ENSG00000117020.18"
0,0,"ENSG00000226766.1"
0,0,"ENSG00000228939.1"
0,0.152286598528113,"ENSG00000179456.10"
0.188358253582089,0.507771526988793,"ENSG00000035687.10"
0,0,"ENSG00000179397.18"
0,0,"ENSG00000121644.19"
0,0.146463778891488,"ENSG00000287601.1"
0,0,"ENSG00000203667.10"
0,0.315491654954928,"ENSG00000153187.20"
0,0,"ENSG00000272195.1"
0.251372792295542,1.20683088315755e-20,"ENSG00000203666.12"
0,0.715317451184603,"ENSG00000162849.16"
0,0,"ENSG00000185420.19"
0,0,"ENSG00000226876.3"
0,0.164668124990687,"ENSG00000162851.8"
0.0280945736241782,0.382853297341429,"ENSG00000162852.14"
0,0.0556603700354678,"ENSG00000225300.1"
0.0759480159513077,0.503089413913608,"ENSG00000143653.10"
0,0.369297768108683,"ENSG00000223519.8"
7.27686513072598e-11,0.253743163365042,"ENSG00000260855.1"
0,0,"ENSG00000227953.7"
0,0.184402527278291,"ENSG00000153207.15"
2.12150030728376e-14,0.0738498301000544,"ENSG00000277462.2"
0,0,"ENSG00000188295.14"
0.25241334923581,0.296141930944959,"ENSG00000221953.5"
0,0.04086051599082,"ENSG00000196418.12"
0,0,"ENSG00000259865.1"
0,0,"ENSG00000227671.4"
0,0,"ENSG00000162714.12"
5.75200819175491e-20,0.43243713953188,"ENSG00000162711.17"
0.0461077212065143,0.0115613698338754,"ENSG00000177535.8"
0.0862007667665386,0.340363621702218,"ENSG00000169224.13"
0.349804646262765,0.501346940867062,"ENSG00000162722.9"
2.84941926531416e-12,0.0470792061135862,"ENSG00000175137.11"
0,0,"ENSG00000171161.13"
0.0509757302648381,0.467446624637317,"ENSG00000171163.15"
0,0,"ENSG00000185220.12"
0,0,"ENSG00000184731.6"
0.222274114700573,4.14962986512388e-13,"ENSG00000035115.22"
1.88465616289631e-09,0.0281739665116201,"ENSG00000143727.16"
0,0,"ENSG00000189292.16"
0.105047945493745,0,"ENSG00000151353.15"
7.3656198055826e-12,0.535799950864193,"ENSG00000172554.12"
0.185497364754415,0.241761829024344,"ENSG00000203635.2"
0.0883700575879223,0.370012709220189,"ENSG00000130508.11"
2.06953500777738e-13,0.162082176873858,"ENSG00000032389.12"
0,0,"ENSG00000171853.16"
0,0,"ENSG00000182551.14"
0.0711678786043115,0.577451290905815,"ENSG00000171865.10"
0.0415208166731979,1.47982214335639e-09,"ENSG00000234171.3"
0,0.0703653144030422,"ENSG00000287126.1"
6.06949107589467e-16,0.116087332519412,"ENSG00000171863.15"
0,0.164138386317356,"ENSG00000118004.17"
2.80181800335402e-08,0.165969417624094,"ENSG00000176887.7"
2.08574931901055e-16,0.801962208581722,"ENSG00000134326.11"
0.0246794332023246,0.660572846391687,"ENSG00000134321.12"
0,0.135602682222522,"ENSG00000228203.7"
0,0,"ENSG00000151692.15"
0,0,"ENSG00000236790.6"
0,0.42367980787195,"ENSG00000236008.3"
0,0,"ENSG00000235092.6"
4.51376927867725e-11,0.251378237879188,"ENSG00000115738.10"
0,0.380771663982084,"ENSG00000134313.15"
0.107866689335273,0.575002789577914,"ENSG00000143797.12"
0.0744866570256325,0.471727612102037,"ENSG00000151693.11"
0.0516243493718033,0.34018032269068,"ENSG00000119185.12"
0,0,"ENSG00000119203.14"
1.95041357679084e-09,0.177629917126323,"ENSG00000134330.19"
0,0.138779724099902,"ENSG00000151694.14"
0,0,"ENSG00000239300.6"
0,0,"ENSG00000134308.14"
2.7887774485485e-21,4.8170209286908e-16,"ENSG00000115750.17"
0.123853900714974,7.14704352879884e-14,"ENSG00000269973.1"
0.0133022947558803,2.86741003634256e-21,"ENSG00000134317.18"
0,0.591298811758419,"ENSG00000188525.4"
0,0,"ENSG00000260077.1"
0,0,"ENSG00000172059.11"
0,0,"ENSG00000205795.4"
0.187162692038729,0.509039919282554,"ENSG00000171848.15"
0,0.433488325992657,"ENSG00000115756.13"
4.33406553556263e-10,0.412619000646227,"ENSG00000115758.13"
0,0.0887607264727849,"ENSG00000257135.7"
0,0,"ENSG00000115761.16"
0,0,"ENSG00000243819.4"
0.0557022035904717,1.03887833431717e-10,"ENSG00000143882.12"
0.00830010960338848,4.85530793425055e-11,"ENSG00000143870.12"
0,0.474910338876663,"ENSG00000162976.13"
0.144160958534248,4.91997868058195e-10,"ENSG00000134318.14"
0,0,"ENSG00000230154.1"
0.116821914028988,0.244925694079563,"ENSG00000285569.2"
0.0421188793461346,8.61379722564555e-14,"ENSG00000169016.17"
0.237597946659684,0.0328639591950562,"ENSG00000196208.14"
0,0,"ENSG00000239899.3"
9.19993328242047e-15,0.249080283266833,"ENSG00000134324.11"
0,0,"ENSG00000071575.11"
0,0.603571014107542,"ENSG00000162981.14"
0.040677698524712,0.508132377706533,"ENSG00000151779.13"
0,0,"ENSG00000079785.15"
0,0,"ENSG00000197872.11"
0.14785358807359,0.534291231888047,"ENSG00000163032.12"
0.0490546830370523,5.04350730326389e-12,"ENSG00000163029.16"
0,0.151738041573746,"ENSG00000178295.15"
1.16911667144149e-19,0.0478833044928578,"ENSG00000170745.12"
0,0,"ENSG00000240857.2"
0.0421850428716772,5.65440366652868e-13,"ENSG00000287284.1"
0.499907936210136,6.28479077383117e-11,"ENSG00000236204.6"
0,0.411343947537474,"ENSG00000143867.7"
0,0.132217866330268,"ENSG00000228784.9"
0.326458777908238,0.153103330353307,"ENSG00000183891.6"
3.13607254124536e-12,0.458962914575422,"ENSG00000118965.14"
0,0,"ENSG00000132031.13"
1.11346389090585e-20,0.120488829045502,"ENSG00000068697.7"
0.098779307325581,0.88252607943259,"ENSG00000115884.11"
0,0,"ENSG00000055917.15"
0,0,"ENSG00000143878.10"
0.481175273193688,0.0917907629929881,"ENSG00000118960.13"
0,0,"ENSG00000143869.7"
0.140793233336602,3.42291809967205e-11,"ENSG00000118961.15"
0.244297813141461,0.270642028613094,"ENSG00000084674.14"
0,0.251133078133568,"ENSG00000119771.15"
8.1707371364744e-14,0.0739914022656093,"ENSG00000283031.2"
0.220592201777003,0.563887240334118,"ENSG00000119778.15"
0,0,"ENSG00000173960.14"
0,0.22322147608014,"ENSG00000205639.11"
0,0,"ENSG00000163026.12"
0.163777351831283,0,"ENSG00000119782.14"
0,0.115159069155951,"ENSG00000115128.7"
1.06274097824404e-11,0.125877567791049,"ENSG00000219626.9"
0,0.00815846276559178,"ENSG00000115129.14"
0,0.0405729979517215,"ENSG00000176732.7"
0.0676584940049844,0.359665938841992,"ENSG00000198399.14"
0,0.126170465267986,"ENSG00000242628.6"
0,0,"ENSG00000233747.1"
1.06117804734754e-16,0,"ENSG00000084676.15"
0,0.246508527281839,"ENSG00000184924.5"
0.0959490657466271,0.183652120217683,"ENSG00000138092.11"
0,0,"ENSG00000138031.14"
0,0.571464838072664,"ENSG00000271936.1"
0,0,"ENSG00000115137.12"
0,0,"ENSG00000224165.6"
0,0,"ENSG00000084710.14"
0.0367472713093113,0,"ENSG00000115138.11"
0,0,"ENSG00000119772.16"
0.108479478860015,0.453878420369621,"ENSG00000138101.18"
2.81224340045488e-19,0.424892826303193,"ENSG00000143970.17"
9.0589985985909e-13,0.267090839569461,"ENSG00000187536.4"
0,0.303042885427599,"ENSG00000084731.15"
0,0,"ENSG00000084733.11"
0,0.263426487412603,"ENSG00000235440.1"
1.18020460364551e-16,0,"ENSG00000214465.3"
0.373967099286194,1.26448771183059e-13,"ENSG00000157833.13"
0,0.388142042241004,"ENSG00000084754.12"
0,0.0649012301277214,"ENSG00000138029.14"
0,0,"ENSG00000286707.1"
0,0,"ENSG00000173567.15"
0,0.246645322876684,"ENSG00000138018.18"
0.0610699278404718,1.47060434943333e-10,"ENSG00000171303.7"
0,0.192492018876202,"ENSG00000213699.9"
0.111429974616156,0.347949043459859,"ENSG00000115163.15"
2.07866421027605e-11,0.546769422590847,"ENSG00000084764.12"
0,0,"ENSG00000205500.8"
0,0,"ENSG00000119777.20"
0,0.0242723785798418,"ENSG00000084693.16"
0,0.0550589293829382,"ENSG00000229122.1"
0,0,"ENSG00000228474.6"
6.04722873941359e-13,0.290940475555949,"ENSG00000138080.14"
0,0,"ENSG00000138030.13"
0.557887174955854,0.237189709733764,"ENSG00000138028.16"
2.02460346727067e-18,0.0755158752572858,"ENSG00000143994.14"
0,0,"ENSG00000138073.14"
0.0427313678583206,0.232751147286129,"ENSG00000138074.15"
0,0.277030347451339,"ENSG00000138085.16"
0.310108580356966,0.136274585251355,"ENSG00000084774.14"
0,0.132746675149619,"ENSG00000115204.15"
0,0,"ENSG00000115207.13"
0,0,"ENSG00000234945.8"
0,0.166760656379173,"ENSG00000234072.1"
3.18915753895749e-13,0.346497335919616,"ENSG00000115211.15"
0,0,"ENSG00000115234.11"
4.31669723546693e-12,0.151892661284576,"ENSG00000163795.14"
0.115538790231144,0.433758556381653,"ENSG00000115241.11"
8.10789430040813e-07,0.105686027666295,"ENSG00000213453.3"
0,0,"ENSG00000115216.14"
0,0,"ENSG00000157992.12"
1.75443048710583e-18,0.0827843176522452,"ENSG00000138002.15"
0.0623746940062811,1.18037866432117e-09,"ENSG00000115226.10"
0,0,"ENSG00000084734.9"
0,0,"ENSG00000221843.4"
2.35103690816055e-12,0.0667803859385305,"ENSG00000243943.10"
0.282664300333087,0,"ENSG00000176714.9"
0.409896439490896,0.229789381269593,"ENSG00000198522.14"
0,0.416286644288109,"ENSG00000119760.16"
0,0,"ENSG00000163798.13"
0,0.508115555860191,"ENSG00000243147.8"
0,0,"ENSG00000171174.15"
0,0,"ENSG00000158019.20"
0,0.0302125919970037,"ENSG00000223522.2"
0,0,"ENSG00000229951.5"
0.0287717998549543,3.90767309384588e-11,"ENSG00000075426.12"
0.146638942815039,0.736707453106575,"ENSG00000163803.13"
0,0,"ENSG00000226833.6"
0.0686068607089079,0,"ENSG00000213639.10"
0,0,"ENSG00000163806.16"
0,0,"ENSG00000171103.11"
1.09398683801129e-06,0.0475579412030013,"ENSG00000163811.12"
0,0.105737586364968,"ENSG00000222224.1"
6.34871839436405e-18,0.0473982732420042,"ENSG00000189350.12"
2.93400761510705e-19,0.391143233551035,"ENSG00000115295.20"
1.97704048887033e-13,0.417327192443258,"ENSG00000171094.18"
6.17143732438382e-15,0.0761552093035076,"ENSG00000119801.13"
0.238129875023066,0.669646096126974,"ENSG00000213626.13"
0.096789662415531,2.70824512211173e-11,"ENSG00000172954.13"
0.15961974315073,0.474658942811786,"ENSG00000158089.15"
0,0.274360005223369,"ENSG00000013016.16"
0,0.354739405339459,"ENSG00000162959.13"
0,0,"ENSG00000162961.14"
8.07425216613807e-20,0.13867323642048,"ENSG00000021574.12"
0,0,"ENSG00000152683.14"
0,0.0733799281051999,"ENSG00000229816.1"
0.110762251220674,0.135999607084114,"ENSG00000091106.19"
7.90636423753693e-14,0.201228414429399,"ENSG00000119820.11"
0.0643456832067796,1.01794415164982e-21,"ENSG00000272754.1"
0,0.158337370328962,"ENSG00000115760.14"
0,0,"ENSG00000276334.1"
1.03261515704422e-21,0.337521272176604,"ENSG00000276517.1"
0,0,"ENSG00000279897.2"
3.46086255060597e-12,0.193160193130336,"ENSG00000279544.1"
0,0,"ENSG00000018699.13"
0,0.524914108226732,"ENSG00000049323.16"
0,0,"ENSG00000285577.1"
0,0.555086677982883,"ENSG00000152689.18"
0.269244466501844,0,"ENSG00000119812.19"
0,0,"ENSG00000228262.10"
0,0.0282894954382058,"ENSG00000260025.1"
8.06788239927234e-12,0.120559847785941,"ENSG00000150938.10"
0,0,"ENSG00000171055.15"
0.0177292437198003,0.56751738560158,"ENSG00000205221.12"
0,0,"ENSG00000115808.12"
0,0,"ENSG00000008869.12"
0,0,"ENSG00000152133.14"
0,0,"ENSG00000055332.18"
0,0,"ENSG00000218739.10"
0,0,"ENSG00000115816.15"
0,0,"ENSG00000272054.1"
0,0.412914017068015,"ENSG00000003509.16"
0,0.154416141291678,"ENSG00000115825.10"
0.288479851183644,0.1313334923889,"ENSG00000115828.17"
0,0.88704688362258,"ENSG00000163171.7"
0,0.305361489273251,"ENSG00000237803.6"
0,0,"ENSG00000115841.20"
0,0,"ENSG00000235848.4"
0,0.805712480141732,"ENSG00000138061.12"
0,0,"ENSG00000232973.13"
0.0612957621442699,0.0618731205992383,"ENSG00000280276.1"
0,0,"ENSG00000229160.1"
0,0,"ENSG00000119787.14"
0.00399951032612876,0.212570291945564,"ENSG00000231367.6"
0,0.100827287024911,"ENSG00000213553.4"
9.88194288491122e-11,0.143809829362349,"ENSG00000143889.16"
0,0,"ENSG00000143891.17"
0.132921198422767,0.225688197118646,"ENSG00000115875.19"
0,0,"ENSG00000152147.11"
0,0,"ENSG00000163214.21"
0.179017531043471,0.353145560650868,"ENSG00000188010.14"
0,0,"ENSG00000214694.11"
0,0.341468698023877,"ENSG00000115904.12"
0,0.0150169809006075,"ENSG00000229692.3"
0,0,"ENSG00000225900.1"
1.62747677519727e-16,0,"ENSG00000205111.8"
0,0,"ENSG00000011566.15"
0,0,"ENSG00000231312.7"
0.0554411222257297,0.119617911740408,"ENSG00000152154.11"
0.0128413430688995,0,"ENSG00000138050.15"
0,0,"ENSG00000227028.6"
0.206193781512622,0.0944076748832283,"ENSG00000183023.18"
0.091573123418064,9.47726030236775e-13,"ENSG00000287255.1"
0.1427397645969,0.153448857625976,"ENSG00000287145.1"
3.7465977027757e-11,0.37758192586317,"ENSG00000236090.2"
0,0.842125152663713,"ENSG00000214691.9"
0.0518280510074296,0.1832328306544,"ENSG00000234362.6"
1.25132032278535e-09,0.46848418167147,"ENSG00000162878.13"
0,0,"ENSG00000143924.19"
0,0,"ENSG00000115944.15"
0,0.352852374487024,"ENSG00000057935.13"
0,0.519444968356212,"ENSG00000162881.6"
2.15952876134326e-11,0.296805724659891,"ENSG00000162882.15"
0,0,"ENSG00000230587.2"
0,0.0319585466095829,"ENSG00000287387.1"
0,0.1548570860059,"ENSG00000152518.8"
0,0.118002766603144,"ENSG00000279873.2"
0.00465024484046183,0.291731465580968,"ENSG00000115970.18"
0,0.710644492114173,"ENSG00000152527.14"
0,0,"ENSG00000223658.8"
1.42963118622237e-15,0.448411526978036,"ENSG00000138036.18"
0,0,"ENSG00000143921.9"
0,0,"ENSG00000138095.19"
2.49243414758319e-21,0.126260969090941,"ENSG00000138032.21"
0.0705951997895888,0.0530370784799928,"ENSG00000138079.14"
0,0.171239125751749,"ENSG00000138078.15"
0,0.118510178321425,"ENSG00000143919.15"
0.130770510534294,0.116250547999891,"ENSG00000170577.8"
0,0,"ENSG00000068784.13"
4.16660366217939e-12,0.285845845815127,"ENSG00000171132.14"
0,0,"ENSG00000228481.1"
0,0,"ENSG00000116016.14"
0.0534253877115184,0,"ENSG00000228100.2"
0.170073802564724,0.669722403345882,"ENSG00000250565.7"
0.00966885682377968,0.35034514791898,"ENSG00000119729.12"
7.07664672430096e-11,0.102120072476567,"ENSG00000250116.2"
0,0,"ENSG00000151665.13"
3.17220670499146e-11,0.22167124995605,"ENSG00000119878.6"
0.21833973461048,0,"ENSG00000222005.9"
0,0,"ENSG00000171150.9"
0.0162262514422514,0,"ENSG00000239332.6"
0.0884806408615463,0.244410699067927,"ENSG00000228925.1"
0,0.0419343268159028,"ENSG00000180398.12"
0,0.186856689628433,"ENSG00000068724.17"
0.0489593741074707,0,"ENSG00000233845.1"
0.00645812789054405,1.04120169725417e-10,"ENSG00000239605.11"
0,0,"ENSG00000143933.18"
0.102536420856885,0.387310017838686,"ENSG00000119888.10"
2.72454251234874e-11,0.00968407576184111,"ENSG00000095002.14"
0,0,"ENSG00000184261.4"
0,0.0625557403413369,"ENSG00000116062.15"
0,0.0518711854212051,"ENSG00000138081.20"
0,0,"ENSG00000235369.1"
0,0,"ENSG00000236549.1"
0,0,"ENSG00000233230.1"
1.19168450897626e-18,4.7321965328795e-15,"ENSG00000170802.16"
0,0,"ENSG00000162869.16"
0.103696294937581,3.27768863141593e-13,"ENSG00000243244.6"
0.0439267447375506,0.455866320229679,"ENSG00000138039.15"
0,0.0990330464180635,"ENSG00000115239.22"
0,0,"ENSG00000143942.5"
3.97145883300259e-13,0.163022245439611,"ENSG00000068912.14"
0,0,"ENSG00000119737.6"
0,1.78154908114611e-15,"ENSG00000068878.15"
0.136958993622475,0.482636165378832,"ENSG00000170634.13"
0.0555014335097808,8.51689868010375e-14,"ENSG00000233266.1"
0,0,"ENSG00000178021.11"
0.105685390882397,0.429744870327035,"ENSG00000115306.16"
0,0.503203918345565,"ENSG00000228108.1"
0.131630157904501,0.336247560316614,"ENSG00000237887.1"
0.0948379930683591,0.393063826190236,"ENSG00000234943.2"
0,0.221174958322069,"ENSG00000238018.2"
0,0.00400481097159182,"ENSG00000214595.11"
0.0114402423743727,0.260717566410949,"ENSG00000115310.18"
0.144236933788377,0.304995046671426,"ENSG00000200086.1"
0.524257461748112,0.0402008674568124,"ENSG00000162994.16"
2.44321958911737e-12,0.119041403357345,"ENSG00000203327.2"
0,0,"ENSG00000227799.1"
0,0,"ENSG00000143947.13"
0.0760136988089371,0.279706519490059,"ENSG00000085760.15"
2.46237775864782e-12,0.264384437414043,"ENSG00000162997.15"
0,0,"ENSG00000240401.9"
0,0,"ENSG00000115355.17"
0,0,"ENSG00000163001.11"
1.91098758059288e-12,0.0344486542334406,"ENSG00000275052.5"
1.23646009588726e-22,0.517442407202054,"ENSG00000138035.15"
0,0.549564953528993,"ENSG00000115380.20"
0,0.00402401649396856,"ENSG00000233251.8"
1.1877119428612e-14,0.322953931382606,"ENSG00000055813.6"
0,0,"ENSG00000028116.17"
1.48928896880916e-15,0.0387834324380178,"ENSG00000115392.11"
0,0,"ENSG00000233426.3"
0,0.132697409757587,"ENSG00000231043.3"
0.0902057978009275,2.21368515982095e-21,"ENSG00000233891.8"
0.142317727602252,0.719014611751711,"ENSG00000119866.22"
0,0,"ENSG00000115421.13"
0.137499199431941,0.511468297527542,"ENSG00000162924.14"
0,0,"ENSG00000237522.1"
0.102630986857919,0.0586844873004171,"ENSG00000232713.2"
0,0,"ENSG00000162927.14"
0.0168980486168948,0.7315860602128,"ENSG00000162928.9"
1.13292074572908e-11,0.458771002577273,"ENSG00000162929.14"
0,0,"ENSG00000212978.6"
0,0.0552287466459119,"ENSG00000173209.23"
0,0,"ENSG00000115464.15"
0,0,"ENSG00000273302.1"
0,0.348236675396893,"ENSG00000270820.6"
0.0876843051715934,9.0810373145803e-12,"ENSG00000082898.17"
0.069347213803733,0.125076501350141,"ENSG00000285857.1"
0,0.399714093028404,"ENSG00000170264.13"
0.161243285246647,0,"ENSG00000277498.1"
0,0,"ENSG00000115484.15"
0.0503267497016065,5.01959559670541e-11,"ENSG00000173163.10"
0,0,"ENSG00000229839.6"
2.16975009700139e-22,0.507714296738158,"ENSG00000170340.11"
2.84452877883043e-17,0.00865936208868738,"ENSG00000241625.3"
0.121000815259803,0.006513170827201,"ENSG00000186889.10"
0,0.496190621837251,"ENSG00000115504.14"
7.61243789230366e-13,0.192000111627139,"ENSG00000286524.1"
7.39883111466041e-12,0.277464151423294,"ENSG00000237162.1"
0,0.0495868526896156,"ENSG00000231609.7"
0,0.182815392484867,"ENSG00000143951.16"
9.23627578629072e-19,0.260931486967916,"ENSG00000279485.1"
0,0.0250891317484118,"ENSG00000014641.19"
3.92312027135749e-16,0.634406188188391,"ENSG00000169764.15"
3.49233798466802e-13,0.430710547354258,"ENSG00000143952.20"
0,0.0516546947904915,"ENSG00000228079.2"
0,0.154143483257322,"ENSG00000197329.12"
0,0.30493452100826,"ENSG00000225889.8"
0,0.00500081882524581,"ENSG00000119862.13"
0.0355033478360224,0.0768180470987501,"ENSG00000119844.15"
0,0.572856580002305,"ENSG00000179833.4"
0,0,"ENSG00000226756.1"
0.265086511451491,8.38612871591232e-11,"ENSG00000237638.2"
0,0,"ENSG00000115902.11"
0,0,"ENSG00000232613.6"
0,0,"ENSG00000011523.14"
0,0,"ENSG00000138069.18"
0,0,"ENSG00000273763.2"
0.290795220073893,0.157489275332171,"ENSG00000138071.13"
0,0,"ENSG00000198369.10"
0,0,"ENSG00000204929.13"
0.362243487658205,0.17297426660362,"ENSG00000143995.20"
0.0600276233442486,0,"ENSG00000143971.9"
2.80283579787246e-06,0.0893517637042075,"ENSG00000197223.11"
0,0,"ENSG00000243667.7"
0,0,"ENSG00000115946.8"
1.25864838997352e-19,0.153426510786465,"ENSG00000221823.11"
0,0,"ENSG00000273064.1"
0,0,"ENSG00000119865.8"
4.51033269893523e-11,0.826994703419167,"ENSG00000115956.10"
1.31053270014559e-10,0.0294911312277017,"ENSG00000204923.4"
0,0.137844648820485,"ENSG00000169621.10"
0.104022178410847,0.480582983291035,"ENSG00000163219.12"
0.0325840614959602,0.184809891643082,"ENSG00000169604.19"
3.23516335209257e-13,0.00287568584223312,"ENSG00000198380.12"
0,0,"ENSG00000169599.12"
0,0.146614639510403,"ENSG00000115977.19"
0.147067854895033,9.85082085431329e-14,"ENSG00000196975.16"
0,0.162519398003333,"ENSG00000087338.5"
0.531769385612198,0.35581468744763,"ENSG00000124380.11"
0,0.540064660010286,"ENSG00000059728.11"
0,0,"ENSG00000244617.2"
3.68437581321696e-20,0.142498062933187,"ENSG00000179818.14"
0,0.196035269767367,"ENSG00000169564.7"
1.45730227759653e-19,0.263874328586729,"ENSG00000231327.1"
0.0453838235067511,5.44728206742350e-11,"ENSG00000115998.7"
0.0436763785765157,0.186994129365642,"ENSG00000116001.16"
2.76948444357293e-12,0.214177020144405,"ENSG00000116005.12"
0.177769882398549,9.98874274089021e-22,"ENSG00000143977.14"
0,0,"ENSG00000035141.8"
0.525580305434383,0.349784513330025,"ENSG00000163235.16"
0.27214441713607,0.395387090272715,"ENSG00000075340.23"
0.421934396591048,5.05469521537255e-13,"ENSG00000116035.4"
0,0.0700572064745826,"ENSG00000258881.6"
0,0.041496382339689,"ENSG00000144031.12"
0,0.332824743928949,"ENSG00000144043.12"
2.63316448290707e-11,0.150718617561204,"ENSG00000124357.13"
0,0,"ENSG00000124370.11"
0,0,"ENSG00000288065.1"
0,0,"ENSG00000124383.9"
0,0.337949818678145,"ENSG00000124374.9"
1.89339974888777e-13,0.197496702900398,"ENSG00000075292.19"
0,0.00473062447906658,"ENSG00000281195.1"
0.167428914702842,0.481352266445307,"ENSG00000135636.14"
0.0692701356082435,0.580447601820606,"ENSG00000003137.8"
0,0.344405849805341,"ENSG00000144036.15"
8.57228419761634e-20,0.326201263356144,"ENSG00000116096.6"
0.0259558662356321,0.318916916555625,"ENSG00000135638.14"
0,0.351559722274961,"ENSG00000144040.12"
0,0,"ENSG00000135631.16"
0,0,"ENSG00000272702.1"
0,0,"ENSG00000135632.12"
0.0232073265828116,0,"ENSG00000135617.4"
0,0,"ENSG00000135624.16"
0.00159481649413099,0.437853355190393,"ENSG00000163013.11"
0,0,"ENSG00000116127.18"
0.0225283394818931,7.12412923083693e-12,"ENSG00000230002.3"
0,0,"ENSG00000163016.10"
0,0,"ENSG00000144034.15"
0,0.277464721864955,"ENSG00000144048.10"
0,0,"ENSG00000124356.16"
0.190205526341118,0.178654397038811,"ENSG00000163017.14"
0,0,"ENSG00000114956.20"
0.197830457775582,2.75424110315272e-17,"ENSG00000237883.2"
0,0.429320935837244,"ENSG00000235499.1"
0.113456105370102,0.68164368472601,"ENSG00000187605.15"
0,0,"ENSG00000257800.1"
0.12435030379567,1.05354669310561e-22,"ENSG00000163170.12"
0.0725415171709573,0.312178759925896,"ENSG00000225439.3"
0,0,"ENSG00000114978.18"
0,0.403147855506633,"ENSG00000065911.12"
0,0,"ENSG00000188687.17"
0,0,"ENSG00000204843.12"
0,0.0064335829614412,"ENSG00000237737.6"
0.487075805608038,4.9861541954092e-14,"ENSG00000005448.16"
0.0997023532482453,0.522834789054597,"ENSG00000114993.17"
0,0,"ENSG00000115274.15"
0.355463715075639,0.354635696760889,"ENSG00000239779.7"
0,5.54848815346801e-15,"ENSG00000115275.13"
0,0,"ENSG00000135637.14"
0,0.126810774233115,"ENSG00000115282.20"
4.58766223319756e-12,0.244481214594364,"ENSG00000179528.16"
0,0.193143974329184,"ENSG00000257702.3"
0.221487466346186,2.94135761227423e-13,"ENSG00000115289.14"
3.25175691602599e-10,0.164140066426274,"ENSG00000115307.17"
0,0.389774020466392,"ENSG00000115317.11"
2.13078008985952e-19,0.334629411779955,"ENSG00000115318.12"
0,0,"ENSG00000115325.13"
0,0,"ENSG00000159374.17"
0,0,"ENSG00000135622.13"
0.0388153270158567,0.504053563329566,"ENSG00000286739.1"
6.69973030314436e-13,0.232928787650393,"ENSG00000272711.1"
0.145668587402066,4.84541476782651e-14,"ENSG00000159399.9"
0.799256545223755,0.0283472753977319,"ENSG00000204792.2"
0.29059873053559,7.42707358497745e-19,"ENSG00000236209.1"
0,0,"ENSG00000230836.1"
0,0,"ENSG00000115350.12"
0,0,"ENSG00000115353.11"
5.92266976406864e-13,0.402945519287317,"ENSG00000270571.2"
1.58075365280004e-14,2.58092474210265e-21,"ENSG00000115363.14"
0,0,"ENSG00000231172.2"
0,0.373752477229413,"ENSG00000115364.14"
0,0.392774137734785,"ENSG00000005436.14"
2.62185414768858e-11,0.181591701369593,"ENSG00000163541.12"
0.263029346252594,0.557971995188964,"ENSG00000115423.18"
0,0,"ENSG00000186854.11"
1.57314264568164e-12,0.560155641954893,"ENSG00000034510.6"
0,0,"ENSG00000287625.1"
0,0,"ENSG00000176407.18"
0,0.148152555090898,"ENSG00000152284.5"
0,0,"ENSG00000231134.1"
2.0795241733048e-12,0.104467350184378,"ENSG00000246575.2"
3.28566360095857e-11,0.100410606814096,"ENSG00000152291.14"
0.128817995014837,0.398663766871799,"ENSG00000042445.14"
0.0792773702291978,0.335150254419808,"ENSG00000115459.18"
0.172932155403858,0,"ENSG00000042493.16"
0,0,"ENSG00000286532.1"
0,0,"ENSG00000168906.13"
0,0.0141326675302795,"ENSG00000115486.12"
0.163606772149051,0.618905512696999,"ENSG00000118640.11"
1.42302321637547e-18,0.083308348998319,"ENSG00000276281.1"
0,0,"ENSG00000168899.5"
0,0,"ENSG00000168894.10"
0,0,"ENSG00000168890.14"
0,0,"ENSG00000168883.20"
9.31609438747315e-12,0.346175752960446,"ENSG00000168887.11"
0.136900625616115,0.330507035701799,"ENSG00000115523.16"
7.170087125849e-22,0.118909081743201,"ENSG00000168874.13"
0,0,"ENSG00000115525.18"
0.0374094955462557,3.11982845326565e-10,"ENSG00000068654.16"
0,0.424135174575606,"ENSG00000132300.19"
0,0,"ENSG00000208772.1"
0,0,"ENSG00000132305.20"
0,0.300495578542294,"ENSG00000132313.15"
0,0,"ENSG00000068615.18"
8.88056012752783e-20,0.15255556709586,"ENSG00000115548.17"
0,0,"ENSG00000115561.16"
0,0,"ENSG00000228363.2"
0,0,"ENSG00000239305.7"
0,0.180577272604125,"ENSG00000153561.13"
3.169946910382e-19,0.439383279644698,"ENSG00000153563.15"
0,0,"ENSG00000285793.1"
0,0,"ENSG00000204745.4"
0,0,"ENSG00000280721.1"
0,0,"ENSG00000222041.11"
7.36782714492959e-13,0.282410658653534,"ENSG00000273445.1"
0,0,"ENSG00000185304.15"
0,0,"ENSG00000172086.9"
0,0,"ENSG00000144115.16"
3.33390278008097e-13,0.209178159204954,"ENSG00000172071.14"
0,0,"ENSG00000234028.3"
2.82814405672977e-19,0.282548167136202,"ENSG00000153574.9"
0.20817109450111,0.491500728786172,"ENSG00000230006.7"
0.0756149958963865,0.847007207097758,"ENSG00000211592.8"
0.0950523091275827,0.298474444030245,"ENSG00000211597.2"
0.0882301319433302,0.687344129285525,"ENSG00000211598.2"
0.0798238796540171,0.879260622730942,"ENSG00000243466.1"
0.0920752288320544,0.764745441260429,"ENSG00000239855.1"
0.186102900763544,0.524473205684744,"ENSG00000241755.1"
0.118175120978155,0.703743140420251,"ENSG00000241351.3"
0.0804945996640332,0.841362350591809,"ENSG00000244437.1"
0.0700391310277158,0.673884014583757,"ENSG00000240864.3"
0,0.302054131765795,"ENSG00000240382.3"
0.13399698926613,0.7977247440087,"ENSG00000239951.1"
5.04840838983639e-10,0.590611933825109,"ENSG00000241294.1"
3.582081314777e-13,0.179186595541247,"ENSG00000244575.3"
0,0.258687807658291,"ENSG00000243238.1"
0,0.134629252955594,"ENSG00000283196.2"
0.150155898942503,0.489718585117744,"ENSG00000243264.2"
1.86816647801283e-12,0.176705753789864,"ENSG00000211632.4"
2.38214913059561e-12,0.2037364105371,"ENSG00000143429.10"
0.250337811172845,5.42091932707735e-11,"ENSG00000286156.1"
0.166875849481268,0.323327591994729,"ENSG00000259916.1"
0.186963240468137,0.521037130712105,"ENSG00000172005.11"
1.34846591233046e-10,0.158661858967514,"ENSG00000144029.12"
0.0361201927972931,0.290500428880905,"ENSG00000144026.12"
0,0,"ENSG00000275111.5"
0,0,"ENSG00000233757.6"
5.22590351485657e-15,0,"ENSG00000155066.16"
0,0.547540003911172,"ENSG00000115041.13"
0,0,"ENSG00000115042.10"
0.167513122048232,0.0361339661041753,"ENSG00000272913.1"
0,0,"ENSG00000229689.3"
2.17263136769962e-22,0.387272407996298,"ENSG00000232931.6"
0,0.0898012876791234,"ENSG00000174501.14"
0,0,"ENSG00000231584.8"
0.209449921059456,0,"ENSG00000186281.12"
0,0,"ENSG00000274286.2"
0,0.149916720790293,"ENSG00000188886.3"
0,0.627057028816563,"ENSG00000158050.5"
0,0,"ENSG00000084090.13"
0.0835696138388981,4.23792423690657e-12,"ENSG00000204685.7"
0,0,"ENSG00000135956.8"
0,0,"ENSG00000144021.3"
7.21484466279916e-13,0.213970588105105,"ENSG00000144028.15"
3.85438213468966e-12,0.164101065913591,"ENSG00000198885.9"
0.149847993774993,0.536028460597479,"ENSG00000121152.10"
2.9034280721724e-13,0.683003488902317,"ENSG00000196843.16"
0,0,"ENSG00000114982.19"
0,0,"ENSG00000249715.12"
0,0,"ENSG00000114988.11"
1.01854668556662e-13,0.253254539981605,"ENSG00000158158.12"
2.63132023796816e-19,0.32312528966274,"ENSG00000168763.16"
0,0,"ENSG00000213337.9"
0,0,"ENSG00000168758.11"
0,0.18801174778583,"ENSG00000168754.15"
0,0,"ENSG00000144199.11"
1.15509089697244e-12,0.232711680082062,"ENSG00000135976.19"
0,0,"ENSG00000230606.11"
0,0,"ENSG00000196912.12"
0,0,"ENSG00000135940.7"
0.0199303660963733,0.240327689748077,"ENSG00000115073.8"
0,0,"ENSG00000228486.10"
0.076771414884188,0.792352805276002,"ENSG00000115085.13"
0,0.277476249875532,"ENSG00000075568.17"
0,0.0799804738700848,"ENSG00000040933.15"
0,0,"ENSG00000183513.9"
0,0,"ENSG00000115446.11"
0.396790995758155,9.71038976111576e-11,"ENSG00000071073.13"
0.170705470321475,0.462001001644632,"ENSG00000226791.7"
0.118986149205671,0.585095605296099,"ENSG00000196872.12"
0,0,"ENSG00000135951.15"
0,0,"ENSG00000144182.17"
0,0,"ENSG00000158411.11"
0.00447761588041376,0,"ENSG00000185414.20"
8.4211237629831e-15,0.196576987696152,"ENSG00000185674.9"
0,0,"ENSG00000144214.9"
0,0,"ENSG00000115514.12"
0.165963470350764,0.338413726977202,"ENSG00000158417.11"
0.154247057940923,0.484906593969905,"ENSG00000135945.10"
0,0,"ENSG00000273306.1"
0,0.141980602124325,"ENSG00000144218.19"
3.61716530435179e-09,0.0741757854503565,"ENSG00000170500.12"
0,0.141772363797779,"ENSG00000115526.11"
0,0.0479471272071736,"ENSG00000115539.14"
0,0,"ENSG00000170485.17"
0,0,"ENSG00000232034.1"
0.0241948189591152,8.06918707339192e-15,"ENSG00000230140.7"
0,0,"ENSG00000223947.1"
0,0,"ENSG00000071082.11"
0,0,"ENSG00000204634.12"
0,0,"ENSG00000272902.2"
0,0,"ENSG00000158435.8"
0,0.306491979229557,"ENSG00000163162.9"
0,0.0702591060986137,"ENSG00000212283.1"
0,0.127034301270524,"ENSG00000196460.14"
0,0.88752329297412,"ENSG00000071054.16"
0,0,"ENSG00000281162.2"
7.41683715460111e-21,0.247261938261688,"ENSG00000115590.14"
0,0,"ENSG00000287771.1"
0,0,"ENSG00000115594.12"
0,0,"ENSG00000115598.10"
0.0424211639055082,0.17777715210987,"ENSG00000115602.17"
0,0.674593778438537,"ENSG00000115604.10"
0.0952183421409264,0.731288757198651,"ENSG00000115607.9"
0,0.138658436926074,"ENSG00000234389.1"
0,0,"ENSG00000135953.11"
0,0,"ENSG00000170417.16"
0.50166282121056,0.0561319542787136,"ENSG00000198914.4"
0,0.0482285478762509,"ENSG00000135972.9"
0.201433385787343,0.632006942505266,"ENSG00000135966.13"
1.9350557185583e-11,0.161009765862758,"ENSG00000272994.1"
3.87549723942869e-16,0.027668082839657,"ENSG00000135974.10"
4.85629418382595e-10,0.680501049061284,"ENSG00000115641.19"
0,0.0103016091266535,"ENSG00000238273.3"
0.0107906298998525,0.264211913655944,"ENSG00000071051.14"
1.37001281970866e-18,0.0206833231528748,"ENSG00000235522.6"
0.586218050311247,0.26397936237591,"ENSG00000119147.10"
2.59767218479657e-13,0.288326268096943,"ENSG00000115652.14"
0.123782656337159,0.394018608559381,"ENSG00000233339.1"
0,0,"ENSG00000214199.3"
0,0.385693660673215,"ENSG00000144057.15"
0.0911971995317431,8.98806914982815e-12,"ENSG00000225328.2"
0.0691417817396052,0.396203359920389,"ENSG00000196228.3"
0.321812766812706,0,"ENSG00000227597.1"
0,0,"ENSG00000198203.10"
0,0,"ENSG00000198075.10"
0,0,"ENSG00000135968.20"
0,0,"ENSG00000169756.16"
0,0.0679614583694893,"ENSG00000153201.16"
0,0,"ENSG00000163006.12"
0,0,"ENSG00000259863.1"
0,0,"ENSG00000172985.11"
0.0356412746265494,3.40766898418553e-11,"ENSG00000264934.1"
0,0.414364572844434,"ENSG00000186522.15"
0,0,"ENSG00000198142.5"
0,0,"ENSG00000144063.3"
3.23940396449118e-21,0.0845713079597544,"ENSG00000144061.12"
0.163532831009651,0,"ENSG00000175701.10"
7.22033793589997e-12,0.00765448003333445,"ENSG00000175772.11"
0.231208857784198,0.59400853213892,"ENSG00000169679.15"
0,0,"ENSG00000153093.18"
6.88737360350471e-14,0.232516198117037,"ENSG00000172965.16"
0,0.447498607469576,"ENSG00000153094.23"
0.076332817672361,0.115178199805381,"ENSG00000227992.1"
0,0,"ENSG00000271590.1"
0,0,"ENSG00000270190.1"
0.0785488603348162,0,"ENSG00000226928.1"
0.315935088833396,0.269604861562994,"ENSG00000279191.1"
0.146112519543351,0,"ENSG00000240350.2"
0,0,"ENSG00000224959.1"
0,0,"ENSG00000153107.13"
0.0962448376986065,5.01861042299498e-14,"ENSG00000153208.17"
0.184631360422937,0,"ENSG00000153214.11"
0.0798925830969,0.167136249326313,"ENSG00000144152.13"
0,0,"ENSG00000278962.1"
0.128673760332819,0.122238147750158,"ENSG00000144161.13"
0,0,"ENSG00000286545.1"
0,0,"ENSG00000188177.14"
0.189337954022701,1.39975080960824e-19,"ENSG00000169629.12"
0,0.20126741418428,"ENSG00000114999.8"
0,0,"ENSG00000125630.15"
1.62779984714932e-11,0.0302105545993659,"ENSG00000125611.15"
0,0.232180835986637,"ENSG00000228251.1"
0,0.334686044559408,"ENSG00000237753.2"
3.05786223891962e-15,0.256800654252013,"ENSG00000144136.11"
0.222903515379884,0.46093796457358,"ENSG00000169607.13"
0.0981200478932936,0.112378674657737,"ENSG00000115008.5"
0.223465954303551,0.541614745385357,"ENSG00000125538.12"
0,0.523578659785384,"ENSG00000136689.18"
0.189269412571408,0.393375124511405,"ENSG00000125637.16"
0,0,"ENSG00000189223.15"
0.246675896160188,0.158316197339665,"ENSG00000125618.17"
0,0,"ENSG00000234997.2"
0.16233599915595,0.462139345714725,"ENSG00000231292.6"
0.0311098804115671,0.0887510208301452,"ENSG00000136682.15"
0,0,"ENSG00000146556.14"
0.567823999239049,1.70924094066707e-12,"ENSG00000240356.6"
0,0.0992148349171354,"ENSG00000144134.18"
0,0.0125398726197069,"ENSG00000115084.14"
0,0,"ENSG00000270019.1"
0.281358222990841,0.027814564772469,"ENSG00000115091.12"
0,0,"ENSG00000279957.1"
0,0,"ENSG00000234199.3"
0,0,"ENSG00000088205.13"
0,0.120435620547743,"ENSG00000236255.2"
0,2.31410162105804e-15,"ENSG00000125633.11"
0.0762324487861797,0,"ENSG00000235066.7"
0,0,"ENSG00000125629.15"
0.0599538215803091,9.43713073080898e-08,"ENSG00000226856.7"
0,0.701287283042941,"ENSG00000163064.6"
0,0,"ENSG00000019169.10"
4.33438748261544e-11,0.531088257020874,"ENSG00000115107.20"
0,0,"ENSG00000229867.2"
0,0,"ENSG00000186132.15"
0.0828031646164474,0.505734883772249,"ENSG00000155368.16"
0,0,"ENSG00000171227.7"
5.01917889233305e-13,0.79623138732476,"ENSG00000080293.9"
0,0.0871562918284813,"ENSG00000231013.2"
0.542921431062979,4.26433271922727e-09,"ENSG00000163075.13"
1.07182913540737e-10,0.227542559898666,"ENSG00000144120.13"
8.95547837292045e-16,0.642339157633144,"ENSG00000088179.9"
0,0,"ENSG00000115109.14"
0.0474993508854632,0,"ENSG00000234065.2"
0,0,"ENSG00000223549.1"
0,0,"ENSG00000226479.4"
0.170315096778862,0,"ENSG00000144118.14"
0,0.0027495816743224,"ENSG00000163083.6"
0,0,"ENSG00000074047.21"
0.230247191329614,0.521204462169239,"ENSG00000115112.8"
0.00322894239691107,0.157722782116926,"ENSG00000074054.18"
0,2.25887971132031e-16,"ENSG00000264229.1"
0.0682052057574251,0.652461053308987,"ENSG00000236859.7"
0,0.0571902673415825,"ENSG00000155438.12"
0,0,"ENSG00000211460.12"
0.0850521013030777,0.575391203156304,"ENSG00000136732.16"
0.0871230813014726,0.433646643609689,"ENSG00000235128.1"
3.80959108148428e-12,0.415229486239431,"ENSG00000136717.15"
0,0,"ENSG00000186684.14"
4.43793723004163e-20,0.0530647607306944,"ENSG00000163161.13"
0,0,"ENSG00000286145.2"
0,0.332009694575526,"ENSG00000169967.16"
0,0,"ENSG00000236682.2"
0.0120056751043694,0.236107580408136,"ENSG00000163166.15"
0,0,"ENSG00000231731.7"
0,0,"ENSG00000169994.18"
0,0,"ENSG00000072163.19"
0,0,"ENSG00000144230.16"
0,0.0698316542904279,"ENSG00000136709.12"
0,0,"ENSG00000274010.1"
0,0,"ENSG00000144231.11"
0,0.121137290553183,"ENSG00000144233.9"
0,0,"ENSG00000272667.1"
0,0,"ENSG00000286873.1"
0,0,"ENSG00000136715.18"
3.44574407749724e-20,0.250220265784075,"ENSG00000136731.13"
0,0.158346052584314,"ENSG00000136720.7"
0.0586231299598316,0,"ENSG00000152076.18"
0,0,"ENSG00000136699.19"
0,0,"ENSG00000152082.14"
0.112949613770967,0.364031984131881,"ENSG00000213225.7"
0.16340147712008,0.334655012891295,"ENSG00000136710.10"
0,0,"ENSG00000136718.9"
0.228918574404748,0.149188952460924,"ENSG00000072135.13"
0,0,"ENSG00000136002.19"
0,0.123814815335651,"ENSG00000152102.18"
0,0.141453211834425,"ENSG00000115762.16"
0.185739571691692,0.374005927124187,"ENSG00000232742.3"
0.169501081098861,0.0900180838636337,"ENSG00000173272.16"
0,0,"ENSG00000152117.17"
9.93806784098375e-22,0.0267534192009927,"ENSG00000163040.14"
0.500130870184496,1.09227392661749e-14,"ENSG00000287151.1"
0,0,"ENSG00000288031.1"
0,0,"ENSG00000213222.3"
0,0,"ENSG00000183840.7"
5.21658056272691e-12,0.270622860639953,"ENSG00000176771.17"
4.58728786051465e-12,0.386867412390906,"ENSG00000152127.9"
0,0,"ENSG00000152128.13"
0,0,"ENSG00000224043.8"
0,0,"ENSG00000082258.13"
0,0.194914782446419,"ENSG00000115839.17"
0.104058214269275,0.122905477038159,"ENSG00000121988.18"
0,0,"ENSG00000235651.1"
0,0,"ENSG00000048991.16"
0,0,"ENSG00000144224.17"
0,0,"ENSG00000076003.5"
0,0.128357845136446,"ENSG00000115866.11"
0.0311723954884514,0.641950142212306,"ENSG00000231890.8"
0.197978483734435,0.742818167893151,"ENSG00000121966.6"
0,0,"ENSG00000227347.1"
0.405534569497239,0.244349310901974,"ENSG00000144229.12"
0,0,"ENSG00000150540.14"
0.301803215886957,0,"ENSG00000234645.3"
0,0,"ENSG00000228043.5"
0,0,"ENSG00000144228.9"
3.20926699472018e-11,0.336076306793536,"ENSG00000241772.2"
1.82320303568601e-07,0.124632047167502,"ENSG00000168702.17"
0,0.553543744857142,"ENSG00000115919.15"
0.0530836233567413,0.631840473150675,"ENSG00000075884.14"
0,0,"ENSG00000121964.14"
0,0,"ENSG00000169554.21"
0,0,"ENSG00000283118.1"
0,0.0491821136814707,"ENSG00000279166.1"
0,0.380350479366155,"ENSG00000238057.9"
0,0.361045409636696,"ENSG00000287115.1"
0.121624132874137,0.0443535763963001,"ENSG00000226674.11"
0.0230624085617678,0,"ENSG00000121989.15"
0,0,"ENSG00000115947.13"
0,0.0220679947152211,"ENSG00000204406.13"
0,0.247888985225203,"ENSG00000135999.12"
0,0.422829687586444,"ENSG00000168280.17"
0,0.00533338515932053,"ENSG00000168288.13"
0,0,"ENSG00000231969.2"
0,0.0695621238100112,"ENSG00000115963.13"
0,0.0216296714597659,"ENSG00000184898.7"
0,0.224717748123712,"ENSG00000123609.11"
0.16935332683632,2.37958101728851e-15,"ENSG00000123610.5"
0,0,"ENSG00000242113.3"
4.26018514536459e-22,0.0277646451977794,"ENSG00000080345.18"
0,0,"ENSG00000183091.19"
0,0,"ENSG00000162980.17"
5.54471405000562e-12,0.535199032801594,"ENSG00000288066.1"
0,0,"ENSG00000182389.19"
0.00165561082723493,0,"ENSG00000115145.10"
0.0864606124989046,8.71600345959582e-34,"ENSG00000157827.20"
0,0,"ENSG00000213197.3"
0,0,"ENSG00000287085.1"
0,1.46255623786294e-16,"ENSG00000286207.1"
0,0.192074432380415,"ENSG00000196504.16"
0,0.228910533566879,"ENSG00000177917.10"
1.21120527500953e-09,0.547466810979589,"ENSG00000144278.15"
0,0,"ENSG00000226383.7"
0,0.245664159988799,"ENSG00000153234.14"
0,0.0216266494152578,"ENSG00000115159.16"
0.00733528247990973,0.473062834431812,"ENSG00000136542.9"
6.95952430500167e-22,0.0906394685232195,"ENSG00000136541.14"
0.014832113384491,0.742716576240605,"ENSG00000115165.10"
0.168555242333174,0.291333890179723,"ENSG00000123612.16"
0,0,"ENSG00000234584.1"
0,0.161960256376362,"ENSG00000115170.14"
0,0.201383836102042,"ENSG00000153237.18"
0.138147201867433,5.74694719396612e-17,"ENSG00000144283.21"
0,0,"ENSG00000204380.4"
0,0,"ENSG00000115183.15"
0,0,"ENSG00000213189.5"
0,0,"ENSG00000196151.10"
0,0,"ENSG00000123636.18"
0,0,"ENSG00000224152.1"
0,0,"ENSG00000226266.6"
0,0,"ENSG00000136536.15"
0,0.592177382929398,"ENSG00000241399.7"
0,0,"ENSG00000287091.1"
0.0788053024817879,0.252732854666086,"ENSG00000054219.11"
0,0.0181310059500776,"ENSG00000153246.13"
0.0552799995503171,0.440618330726843,"ENSG00000285373.2"
0,0,"ENSG00000153250.20"
0,0,"ENSG00000136560.14"
0,0.156595575170595,"ENSG00000235724.10"
0,0,"ENSG00000115233.12"
0,0.0109552471755037,"ENSG00000232320.6"
0.288436254972196,0,"ENSG00000197635.10"
0,0,"ENSG00000236841.8"
0,0.147698572264923,"ENSG00000078098.14"
2.37237976208684e-13,0.566787962547063,"ENSG00000115267.8"
0.075944344097388,0.308243457247779,"ENSG00000115271.11"
0,0,"ENSG00000182263.14"
0.0612621840282044,0.303526928477606,"ENSG00000115290.10"
0,0,"ENSG00000277998.1"
0,0.361034835590135,"ENSG00000082438.17"
0.134267619166881,0.643362885261255,"ENSG00000236283.5"
0,0,"ENSG00000153253.18"
3.78146910898639e-12,0.408809609649767,"ENSG00000136531.16"
0.0160911354950308,0.686162531758338,"ENSG00000178662.16"
1.16922913903888e-09,0.161739738494411,"ENSG00000115339.14"
9.32907425472969e-22,0.081879982488468,"ENSG00000123607.15"
0.213235678337908,0.0436520908074578,"ENSG00000224490.5"
0,0,"ENSG00000236107.10"
0.161282202576804,1.82228511142749e-13,"ENSG00000169432.16"
1.31693302577537e-12,0.0353499002026453,"ENSG00000228222.1"
0,0.591971467616464,"ENSG00000172318.5"
0.0306786945377945,0,"ENSG00000198648.11"
0,0.643883823314082,"ENSG00000238259.1"
3.76695481532913e-23,0.076385544956318,"ENSG00000172292.14"
1.48320155277809e-20,0.241458648458395,"ENSG00000163072.15"
0.0338430380396725,0.235267887953285,"ENSG00000152253.9"
0.0569845158512437,0.258139797448693,"ENSG00000073734.10"
0.252897677769077,0.369885121512265,"ENSG00000073737.16"
0,0.15634400373722,"ENSG00000163093.12"
0,0,"ENSG00000138399.18"
0,0,"ENSG00000138398.16"
0.27451043504949,0.158306503910725,"ENSG00000154479.13"
0,0,"ENSG00000144362.12"
0,0,"ENSG00000213160.10"
6.95682047161569e-21,0.0689708563136821,"ENSG00000138385.16"
6.88519241770445e-12,0.377484827802453,"ENSG00000138382.15"
1.95332641203565e-13,0.0661037326492284,"ENSG00000144357.16"
0.350239318045075,0.0148851432123807,"ENSG00000071909.18"
1.27091609120271e-12,0.0324318817264945,"ENSG00000128692.8"
6.39832849506722e-19,0.117630745450488,"ENSG00000239467.6"
0,0,"ENSG00000204334.7"
0.0576446777706891,1.50386992150627e-12,"ENSG00000115806.13"
0,0,"ENSG00000198586.14"
0,0.112725529116484,"ENSG00000123600.19"
0,0,"ENSG00000115827.14"
0.34825977270772,2.44108978930273e-13,"ENSG00000233762.3"
2.04567745114123e-13,0.588456517429894,"ENSG00000071967.12"
0,0.454341601640179,"ENSG00000077380.15"
0,0,"ENSG00000115840.14"
0,0,"ENSG00000128708.13"
0.495378297838283,0.13161256113311,"ENSG00000172878.14"
0,0.367684542464389,"ENSG00000144355.15"
0,0.355148534092345,"ENSG00000115844.11"
0,0,"ENSG00000091409.15"
0,0,"ENSG00000232788.1"
0,0,"ENSG00000225205.5"
0,0,"ENSG00000152256.13"
0,0.301585238272681,"ENSG00000228016.1"
1.87160075618883e-19,0.116314428676594,"ENSG00000091428.18"
0.081367861608165,0.526466798569899,"ENSG00000091436.17"
3.13009540319747e-19,0.137079050796497,"ENSG00000238133.6"
0.20669594575057,0.416534695247054,"ENSG00000144354.14"
0,0,"ENSG00000172845.15"
3.34056244691319e-19,0.282728569502871,"ENSG00000273258.1"
0.0446424148632203,0.147111846277237,"ENSG00000260868.1"
0,0,"ENSG00000138430.16"
0,0,"ENSG00000138433.16"
1.25928658156546e-13,0.252536826617859,"ENSG00000144306.15"
0,0,"ENSG00000163328.13"
0,0,"ENSG00000236449.2"
0.382339702513191,0.537204728768582,"ENSG00000115935.17"
1.09474300845909e-11,0.44955474067213,"ENSG00000128656.14"
0,0,"ENSG00000115966.17"
2.85765025323071e-15,0.492705430311208,"ENSG00000154518.9"
0,0.494612505264263,"ENSG00000144320.14"
0,0.217007604482861,"ENSG00000175879.9"
0.111022557786643,0.409374517309333,"ENSG00000128652.11"
0.0112928649506479,0.185452644223583,"ENSG00000170166.6"
0.108088244572411,1.02477407991685e-12,"ENSG00000224189.8"
0.00411429990755946,0.318090173691902,"ENSG00000218175.2"
0,0,"ENSG00000128654.14"
0.0615448240528094,0,"ENSG00000163364.10"
0,0,"ENSG00000229337.2"
0.391993070297867,0.141352841633776,"ENSG00000170144.20"
4.91797775399831e-20,0.146793961927554,"ENSG00000116044.16"
0.185694884343575,0.0757692144025942,"ENSG00000225808.1"
0.0677062793800834,0.125912371516361,"ENSG00000222043.2"
0,0,"ENSG00000213963.6"
0.0108349462020782,0.164941795608803,"ENSG00000271996.1"
0,0,"ENSG00000280374.1"
0,0.149797777650543,"ENSG00000018510.16"
0.124520067434435,0,"ENSG00000196659.10"
1.37399759549671e-13,0.150130161287712,"ENSG00000197557.7"
0,0.291608256356433,"ENSG00000128655.18"
0,0,"ENSG00000155636.15"
0,0.0592727320139908,"ENSG00000079156.17"
0,0,"ENSG00000223960.7"
0,0.10068917274509,"ENSG00000180228.13"
0.119067498873193,0.267070262810475,"ENSG00000204311.14"
0,0.700639445513898,"ENSG00000238082.1"
0.0453248465246064,0.572474854484763,"ENSG00000079150.18"
0,0,"ENSG00000116095.11"
1.86466273939265e-18,0.652410512691992,"ENSG00000237298.10"
0.0130351504911873,0.339233895776659,"ENSG00000155657.26"
1.90015290684347e-15,0.442902537590135,"ENSG00000279598.1"
0.150843342930238,0.514747451381086,"ENSG00000163492.15"
0,0.672981835308376,"ENSG00000187231.14"
0,0.20614450190774,"ENSG00000163510.14"
0.277807643731327,1.21020027299523e-12,"ENSG00000226564.1"
0.496581394432309,1.73464692396854e-20,"ENSG00000170035.16"
0.189744031440316,0.726130106807357,"ENSG00000115232.14"
0,0,"ENSG00000138434.17"
8.50678007107551e-20,0.0518567941577552,"ENSG00000115252.18"
0.215139957627056,0,"ENSG00000287536.1"
1.85420257943948e-12,0.141898605098602,"ENSG00000077232.18"
0,0.914476439857619,"ENSG00000162998.5"
0.0499602791941931,0.319269576750067,"ENSG00000061676.15"
0.0673573255337223,0.394239806951145,"ENSG00000162999.13"
0,0,"ENSG00000163002.13"
0.0372819534050582,4.32248710795911e-10,"ENSG00000170396.8"
7.98478287077734e-15,0.0511795335009649,"ENSG00000188738.15"
0.13779793404068,1.28072537627996e-11,"ENSG00000287129.1"
0,0.088583457655834,"ENSG00000237877.7"
0,2.89402654494745e-15,"ENSG00000065548.18"
0,0,"ENSG00000138448.12"
0,0.32822447900792,"ENSG00000144369.13"
0.127887571919329,2.32634013471004e-11,"ENSG00000224063.6"
8.68794784191628e-12,0.108649723743519,"ENSG00000064989.13"
0.272143779153875,0.0526766800592915,"ENSG00000231739.2"
0,0.265852471328329,"ENSG00000003436.16"
0.21404536307916,0.621609127283956,"ENSG00000144366.16"
0,0.256932087763652,"ENSG00000168542.14"
2.11777104670215e-10,0.159672796608465,"ENSG00000204262.14"
0,0,"ENSG00000228073.1"
0,0.158705678728547,"ENSG00000115368.10"
0.262988020986356,0.598008642861873,"ENSG00000138449.10"
0,0,"ENSG00000138381.10"
0,0,"ENSG00000151687.14"
0,0,"ENSG00000128694.12"
0.00696874442471279,0.261352199245903,"ENSG00000128699.14"
0,0,"ENSG00000064933.17"
0.0672639549656606,4.28936561323824e-10,"ENSG00000187699.10"
0,0,"ENSG00000204253.4"
0,0.521357789694821,"ENSG00000198130.16"
0.217991432156921,0.203705035595347,"ENSG00000151689.13"
0.0938568991683012,2.90876952323929e-10,"ENSG00000151690.15"
0,0,"ENSG00000189362.12"
0.167177617653209,0.0872352208225127,"ENSG00000233654.2"
0,0,"ENSG00000284052.1"
0,0,"ENSG00000138386.17"
0,1.88315251660032e-16,"ENSG00000235852.1"
0,0,"ENSG00000115419.12"
0.177075537673521,4.61983847204711e-12,"ENSG00000115415.18"
0.332170754894602,4.06290227892331e-20,"ENSG00000229023.1"
0,0.230919926237502,"ENSG00000138378.19"
0,0.157698681834771,"ENSG00000128641.19"
0,0,"ENSG00000252130.1"
0,0,"ENSG00000173559.13"
0,0.30340624507186,"ENSG00000168497.5"
0,0,"ENSG00000196950.14"
0.136158372386081,9.96397975595655e-12,"ENSG00000118997.14"
0,0,"ENSG00000203435.2"
0.0365792185632763,0.774585378371849,"ENSG00000081320.11"
0.330802402401061,0.436548882317187,"ENSG00000272211.1"
0,0,"ENSG00000138411.13"
4.38104880443822e-11,0.09892642131644,"ENSG00000229056.2"
0,0,"ENSG00000144395.18"
0.207770465302792,0,"ENSG00000119041.11"
0,0.106985977717815,"ENSG00000197121.15"
0,0.370611646403316,"ENSG00000065413.20"
5.1931714567494e-13,0.547854079433206,"ENSG00000236977.1"
0.0955133558007185,0.34426793988749,"ENSG00000230482.1"
2.73831353128863e-23,0.0923126262309928,"ENSG00000115524.16"
0,0,"ENSG00000115520.8"
0,0.122772165815239,"ENSG00000144381.17"
0,0,"ENSG00000115541.11"
0,0,"ENSG00000115540.15"
3.08623241755854e-12,0.376871188301486,"ENSG00000162944.11"
0,0,"ENSG00000247626.5"
5.53240149835631e-13,0.0360185077960076,"ENSG00000115896.16"
0,0,"ENSG00000286020.1"
0.0907116850510076,0.791369373940225,"ENSG00000119042.17"
0,0,"ENSG00000257045.1"
8.26606500259232e-13,0.635639953187696,"ENSG00000225953.3"
0,0,"ENSG00000226124.7"
0,0,"ENSG00000232732.11"
0.146261222483942,0,"ENSG00000178074.6"
0,0.00263088386884106,"ENSG00000162971.11"
0,0,"ENSG00000162972.10"
1.58637785583496e-11,0.321074285762907,"ENSG00000196141.14"
4.91868482209167e-21,0.550844226838727,"ENSG00000287299.1"
0,0,"ENSG00000155729.13"
0.290985478934127,0.200201875656304,"ENSG00000163535.18"
0,0.559912504449974,"ENSG00000138356.14"
0,0,"ENSG00000082153.18"
0,0.0451639340719492,"ENSG00000013441.16"
0,0,"ENSG00000252759.1"
0,0,"ENSG00000240344.9"
0,0,"ENSG00000196290.15"
0.0596917967217269,0.529192553389731,"ENSG00000115942.9"
0,0.412456632888955,"ENSG00000155744.9"
0,0.150627953901088,"ENSG00000119013.9"
0,0,"ENSG00000232719.1"
0,0.136873182028433,"ENSG00000003402.20"
0.0556366564351734,0.54317794007602,"ENSG00000226312.7"
0,0.421742467613871,"ENSG00000003400.14"
0,0.353554332872478,"ENSG00000064012.21"
0.168660549794446,0.476190417465993,"ENSG00000155749.12"
0.145217949476608,0.388812877235209,"ENSG00000115993.13"
3.92791563465078e-22,0.094821320885594,"ENSG00000082146.13"
1.49261367102145e-10,0.131194094944145,"ENSG00000213090.2"
0.137497627750743,0.088981845310828,"ENSG00000155754.15"
0,0.673625282839937,"ENSG00000155755.19"
0,0,"ENSG00000082126.18"
0.0536372523845941,0.430586794300713,"ENSG00000003393.15"
0.0140157601377422,0.0390006240264085,"ENSG00000138395.16"
0.312562844707386,5.38461537112182e-14,"ENSG00000155760.2"
0,0,"ENSG00000116030.16"
3.8735693239845e-19,0.0671533823358279,"ENSG00000055044.11"
0,0,"ENSG00000286223.1"
0,0,"ENSG00000264275.1"
4.65265806689521e-21,0.0893794908087851,"ENSG00000273456.1"
1.98170463136649e-19,0.21616177329382,"ENSG00000204217.15"
0,0,"ENSG00000236047.1"
0.109203153034492,0.262741374441834,"ENSG00000138439.12"
1.04526188834983e-11,0.284883734406754,"ENSG00000163596.16"
0,0,"ENSG00000233579.1"
0,0,"ENSG00000138442.9"
0,0,"ENSG00000138380.18"
0.0302812221274916,0.153829755961713,"ENSG00000144426.18"
0,0.0264445751664001,"ENSG00000228513.1"
0,0,"ENSG00000119004.15"
0.185229663271636,0.0379471965473153,"ENSG00000138443.16"
0,0,"ENSG00000173166.18"
0,0.294111875988694,"ENSG00000178562.18"
0.0748359671864467,0.513057254766905,"ENSG00000116117.18"
0,0,"ENSG00000287524.1"
0,0,"ENSG00000118257.16"
0,0.101593697038161,"ENSG00000225216.6"
0,0.358627787483283,"ENSG00000114933.16"
0,0,"ENSG00000227946.1"
6.14454004030743e-15,0.388222979397197,"ENSG00000023228.14"
0.136809841854204,0.0412704394963368,"ENSG00000114942.14"
0,0,"ENSG00000183671.12"
0,0,"ENSG00000204186.10"
0.0310464328268039,0.0384278894611415,"ENSG00000114948.13"
0,0.357117214536644,"ENSG00000138400.13"
0,0,"ENSG00000118246.14"
0,0,"ENSG00000229321.2"
1.63909756780466e-15,0.216475272053606,"ENSG00000260171.1"
4.56782405827612e-10,0.457680775438192,"ENSG00000144410.5"
0.117705299831822,1.94808263244036e-13,"ENSG00000118263.15"
0,0,"ENSG00000237892.1"
0.282139222150456,1.26998836143348e-14,"ENSG00000229647.2"
0,0,"ENSG00000277590.1"
0,0.323428337876714,"ENSG00000223725.6"
7.01235342649845e-12,0.0922227663352491,"ENSG00000118260.15"
0,0.0312717566153923,"ENSG00000144401.14"
0,0,"ENSG00000213082.3"
0,0.00531147225019194,"ENSG00000163249.12"
4.99339008100339e-13,0.0189331573250386,"ENSG00000163251.4"
0,0.0114977423011221,"ENSG00000178385.15"
0,0.15032115805217,"ENSG00000138413.13"
0,0,"ENSG00000115020.17"
0,0.165436953729546,"ENSG00000078018.19"
0,0,"ENSG00000197713.15"
0,0,"ENSG00000144445.17"
0,0,"ENSG00000272807.1"
0,0,"ENSG00000229127.2"
0.124346989730404,0.620145361291523,"ENSG00000115361.8"
6.86010498516664e-12,0.163398721552704,"ENSG00000115365.12"
0.268481908757682,1.01058200555124e-17,"ENSG00000021826.16"
2.15681702405645e-12,0.0326638515790029,"ENSG00000178568.15"
0.112002695644751,0.306421942249461,"ENSG00000286965.1"
0,0.0369556178095481,"ENSG00000030419.16"
4.91821019291886e-18,0.242540580246822,"ENSG00000144451.19"
1.85457233324753e-12,0.340649292027293,"ENSG00000138376.11"
4.40918107454958e-11,0.0153147191778724,"ENSG00000229267.3"
0.389329356725669,0,"ENSG00000144452.15"
0,0,"ENSG00000138363.15"
0,0.118407643806145,"ENSG00000115414.19"
0,0,"ENSG00000237525.7"
0.0215552862251412,7.36519760187273e-12,"ENSG00000235770.6"
1.39288014944196e-12,0.0324697599788984,"ENSG00000230838.1"
0.201106126831699,0.0247643217654606,"ENSG00000118242.16"
0,0,"ENSG00000115425.14"
0,0,"ENSG00000163449.11"
0,0,"ENSG00000079246.16"
0,0,"ENSG00000236478.2"
0.0748609364055656,0,"ENSG00000279348.1"
0,0,"ENSG00000260804.3"
0,0,"ENSG00000144583.5"
0,0,"ENSG00000138375.12"
0,0,"ENSG00000197756.10"
0,0.62152101160299,"ENSG00000115457.10"
0,0.351730677438466,"ENSG00000115461.5"
0.00884096537521696,0.290964237967405,"ENSG00000233143.2"
0,0.0612514734832373,"ENSG00000231672.7"
1.48274245683096e-13,0.0794761618349749,"ENSG00000224414.1"
0.0943172972545474,0.24046620444867,"ENSG00000231035.1"
0.0010057783066352,0.457594121692246,"ENSG00000079308.19"
0,0,"ENSG00000275458.1"
0.228486025556207,0.224804200288206,"ENSG00000223923.2"
0.0537571781353076,0.722600371280121,"ENSG00000229754.1"
0.148639500947168,0.612918833647577,"ENSG00000180871.8"
0.258773391772462,0.152443044496988,"ENSG00000163464.8"
0,0.077247518872816,"ENSG00000163466.16"
0,0,"ENSG00000261338.2"
0,0.00789405059607406,"ENSG00000179921.15"
3.67696797821757e-19,0.197435575381486,"ENSG00000127837.9"
0,0,"ENSG00000127838.14"
3.30569406529172e-13,0.622804717838562,"ENSG00000135926.15"
0,0.635388017733986,"ENSG00000018280.17"
0,0,"ENSG00000144579.7"
1.33157534567099e-11,0.0570938500876167,"ENSG00000135913.11"
0,0,"ENSG00000144580.13"
0.133953043986169,2.35023333074119e-10,"ENSG00000115556.14"
0,0.16437754908621,"ENSG00000115568.15"
0.147080155914851,0.23923707474811,"ENSG00000074582.14"
0,0,"ENSG00000163481.8"
0.139764821703485,0,"ENSG00000163482.12"
0,0.136853420430508,"ENSG00000135912.11"
0,0,"ENSG00000135929.9"
0.183834166004548,0.432805607027103,"ENSG00000135925.9"
0,0,"ENSG00000213901.10"
0.206156336136075,0.549314097615581,"ENSG00000115649.16"
0,0.556856840636429,"ENSG00000144567.11"
4.29284364401176e-20,0.395986393514482,"ENSG00000158552.13"
1.1312796778256e-16,0.340184883568577,"ENSG00000115657.14"
0.154131140728864,0.515675302890849,"ENSG00000198925.12"
2.50551162765306e-17,0.209591376563228,"ENSG00000163516.14"
0,0,"ENSG00000163521.16"
0,0,"ENSG00000115661.14"
0.226444162428469,0.557197380273065,"ENSG00000127824.14"
0,0.278518820868247,"ENSG00000135924.15"
1.44090530424969e-12,0.235298421504355,"ENSG00000123992.19"
0.249719645439461,4.73911775889423e-15,"ENSG00000175084.12"
0,0,"ENSG00000072195.15"
0,0,"ENSG00000286095.1"
0.519966717165932,0.166263027762415,"ENSG00000144591.18"
0.463999139426902,0.0227845890407406,"ENSG00000123989.14"
0.133664792894665,0,"ENSG00000188760.10"
0.156725115105774,5.21039135868941e-22,"ENSG00000124006.15"
7.9942200493999e-16,0.0832257765837159,"ENSG00000144589.22"
0,0,"ENSG00000114923.17"
0,0,"ENSG00000116106.12"
0,0,"ENSG00000226666.1"
0,0.241416255935754,"ENSG00000237732.9"
0.0156977086138307,0.333041239439345,"ENSG00000163082.10"
0.0872698593102097,1.88540349268928e-13,"ENSG00000116120.11"
0.169375296682246,0.336304120471498,"ENSG00000124003.13"
0,0,"ENSG00000123983.14"
0,0.1030673794577,"ENSG00000224121.1"
0,0,"ENSG00000152049.6"
2.06557761632232e-20,0.291234050808382,"ENSG00000171951.5"
0,0.0769385279097852,"ENSG00000152056.17"
0,0,"ENSG00000085449.15"
0,0,"ENSG00000135900.4"
7.25358081297816e-13,0.0520530343635026,"ENSG00000135919.13"
0,0.380069323005216,"ENSG00000036257.13"
4.06269946262693e-10,0.0863845326876877,"ENSG00000228446.2"
0,0.833062132565196,"ENSG00000135905.19"
0.102798423397825,0.173355397368669,"ENSG00000169047.5"
0.0860119832324774,0.279667853499829,"ENSG00000272622.2"
0.0809212181145188,0.425156678747878,"ENSG00000261379.1"
0,0.0732610117167855,"ENSG00000144468.17"
0.0382496775726953,0.546619329764973,"ENSG00000081052.12"
7.74530437967574e-20,0.152735729723577,"ENSG00000169031.19"
0,0,"ENSG00000236432.8"
0,0,"ENSG00000168958.19"
0,0.0654218513633888,"ENSG00000168955.4"
2.03343217377982e-12,0.0885076263022359,"ENSG00000173744.17"
0.156765373620808,0.362725264916486,"ENSG00000135917.15"
0.00498558417350935,0.623810812860523,"ENSG00000115009.13"
6.52044015045805e-14,0.0372461236953032,"ENSG00000153823.18"
0,0,"ENSG00000187957.8"
0,0,"ENSG00000153827.13"
0.175540644009903,0,"ENSG00000153832.12"
0,0,"ENSG00000163053.11"
0,0,"ENSG00000225963.8"
0.017820181708957,3.37828229935891e-13,"ENSG00000135899.17"
0.334752572745252,0.425504374356451,"ENSG00000079263.19"
0,0.277598937837776,"ENSG00000185404.16"
0,0.445072668835879,"ENSG00000067066.17"
0.123080055694891,0.331498282526831,"ENSG00000243650.3"
6.31403487694809e-13,0.158530055048453,"ENSG00000135932.11"
2.41250042918176e-13,0.213637767497847,"ENSG00000237758.1"
0.006311169299357,0.631531889343699,"ENSG00000135916.16"
0.207788324258439,3.68320439710256e-21,"ENSG00000173692.13"
0,0,"ENSG00000135914.6"
0.230276508996866,0.115553005689552,"ENSG00000135931.17"
0,0.357939943014839,"ENSG00000156966.7"
0.0136768289530014,0.369848776344045,"ENSG00000115053.16"
0,0,"ENSG00000207280.1"
0.21975628256702,7.84174918304842e-13,"ENSG00000171596.7"
0.19337129738943,0.717259535632414,"ENSG00000187514.16"
0,0,"ENSG00000156973.14"
0,0,"ENSG00000144524.17"
0.045421768130875,0.236937232296124,"ENSG00000144535.19"
1.47457509597263e-12,0.0337975452051484,"ENSG00000196811.13"
0,0,"ENSG00000221944.8"
0.020700706661305,0,"ENSG00000135930.14"
0.348605327395222,0.321766641267053,"ENSG00000237126.8"
0.153535352293201,0,"ENSG00000115468.12"
0,0.140858594240502,"ENSG00000204120.14"
9.06896545745214e-22,0.0542271449513396,"ENSG00000115474.7"
0.0608817153982946,0,"ENSG00000182600.9"
0,0.549965421126271,"ENSG00000066248.15"
0.304762079404576,0.563827872874605,"ENSG00000168918.14"
0,0,"ENSG00000085978.22"
9.65093609885562e-15,0.247630754817243,"ENSG00000252010.1"
0,0,"ENSG00000251791.1"
1.3347665881398e-21,0.533540384073846,"ENSG00000077044.10"
0.0282150289195695,0.245223482287846,"ENSG00000085982.13"
0.313632676515754,0.269477609721944,"ENSG00000271639.1"
0.282026318824861,0.406766408418286,"ENSG00000123485.12"
0,0.884628171937559,"ENSG00000188042.8"
0,0,"ENSG00000130147.16"
0,0,"ENSG00000157985.19"
0,0,"ENSG00000235529.1"
1.99034897602828e-23,0.0952383600502952,"ENSG00000228499.1"
0,0.673751556861035,"ENSG00000132321.17"
7.45559579461674e-11,0.348088184054401,"ENSG00000144476.6"
0,0.356153382218467,"ENSG00000227252.2"
0,0,"ENSG00000124835.2"
0,0,"ENSG00000198612.11"
0,0.104304095252323,"ENSG00000163359.15"
1.51105362722909e-12,0.232252706138783,"ENSG00000115648.14"
0.0594292791150177,0.459045656405793,"ENSG00000124831.19"
0.261730811319506,0.236143852106415,"ENSG00000286864.1"
0,0,"ENSG00000177483.11"
0,0.404314892814859,"ENSG00000132329.11"
0.126949494014357,0.114382681511264,"ENSG00000184182.18"
0,0,"ENSG00000132330.18"
0,0,"ENSG00000144488.15"
0.382519543977298,0.328229569101534,"ENSG00000168427.9"
1.38953569628374e-12,0.296601566317016,"ENSG00000178752.16"
3.01911590545927e-11,0.1279767629422,"ENSG00000132323.9"
0,0,"ENSG00000186235.11"
0.340318774889165,0,"ENSG00000225057.2"
6.28282983771684e-21,0.558268852479413,"ENSG00000144485.11"
0,0,"ENSG00000132326.12"
5.44783116836376e-12,0.233168850662824,"ENSG00000283635.1"
0,0.423442981251634,"ENSG00000204104.12"
7.96961417088396e-12,0.241365751739365,"ENSG00000065802.12"
0.137032722403059,0.380403573134709,"ENSG00000233608.4"
0,0,"ENSG00000227744.4"
0,0,"ENSG00000068024.16"
0,0,"ENSG00000286307.1"
0,0,"ENSG00000287405.1"
0,0,"ENSG00000222020.3"
6.78599319569334e-23,0.410214880057784,"ENSG00000130414.12"
0,0,"ENSG00000172428.11"
0.180574862483513,0.175344495454704,"ENSG00000063660.9"
0.00237377808871116,0,"ENSG00000218416.4"
3.43595926691463e-13,0.185576757092307,"ENSG00000144504.15"
0,0,"ENSG00000188542.9"
1.48267652789333e-14,0.250102888155232,"ENSG00000142327.13"
0,0,"ENSG00000260942.1"
5.20415881217629e-11,0.281251112971104,"ENSG00000142330.20"
0,0.0289986703270358,"ENSG00000178623.12"
0,0,"ENSG00000226321.5"
2.21404597961844e-20,0.189830617089005,"ENSG00000162804.14"
0.319277568498474,2.03636796502355e-14,"ENSG00000229996.1"
0,0,"ENSG00000225521.1"
4.6146524975766e-21,0.318569678779373,"ENSG00000122085.17"
0.301643128287466,0.420410192737829,"ENSG00000115687.13"
0.101591674297577,1.43349850749266e-13,"ENSG00000115685.15"
0,0,"ENSG00000146205.13"
0.0351740245470376,0,"ENSG00000115677.17"
0,0,"ENSG00000168385.18"
0,0,"ENSG00000286588.1"
0,0,"ENSG00000006607.14"
0,0.401407273568204,"ENSG00000115694.15"
0.0899629393638016,0.373255612257402,"ENSG00000176720.6"
0.0678451504395709,0,"ENSG00000176946.12"
0.144117124230783,0.556911789861885,"ENSG00000168397.17"
0.281244620409642,0.345911094441644,"ENSG00000168393.13"
0,0.0832166938734032,"ENSG00000168395.15"
0,0,"ENSG00000180902.18"
0,0.158621923785122,"ENSG00000204099.11"
2.16577951282488e-20,0.298914956273897,"ENSG00000188389.11"
0,0.0157300644994216,"ENSG00000237940.3"
0.179098002016739,1.42359676096585e-13,"ENSG00000220804.8"
4.25847508153773e-11,0.31401494688164,"ENSG00000134121.10"
0.131802138532371,0.24661538978975,"ENSG00000224957.6"
0.0547288035676225,0.627419242410279,"ENSG00000144619.15"
0.20782593677908,0.294764551232455,"ENSG00000072756.17"
0,0.332799357433403,"ENSG00000113851.14"
0,0,"ENSG00000271870.1"
0,0.0800752002267577,"ENSG00000144455.14"
0,0,"ENSG00000175928.6"
1.76718927397756e-20,0.180401165247054,"ENSG00000287720.1"
0.307616821648519,0.0163925002331032,"ENSG00000170364.12"
0,0,"ENSG00000150995.19"
0,0,"ENSG00000235947.1"
0,0,"ENSG00000134107.5"
0,0,"ENSG00000134108.13"
0.00753751715371834,0,"ENSG00000233912.1"
7.75741731018609e-15,0.451241786068081,"ENSG00000134109.11"
1.75501071621431e-13,0.0642254472430346,"ENSG00000227110.7"
0,0,"ENSG00000071282.12"
0.429638445699161,4.4121681386922e-15,"ENSG00000180914.10"
0,0.0924285603824175,"ENSG00000070950.10"
0.0938329826142925,0.208603626993236,"ENSG00000196220.16"
0,0,"ENSG00000206573.9"
1.76696404902304e-20,0.133123049255857,"ENSG00000134077.16"
0,0,"ENSG00000168137.16"
0.0887039119133498,2.29028800859901e-11,"ENSG00000156959.9"
0.134355586728508,0.444673377483209,"ENSG00000163719.19"
0,0,"ENSG00000287878.1"
0.0507065222191702,0.597271619416646,"ENSG00000156983.16"
0,0.705222148354245,"ENSG00000114026.21"
1.19886070659466e-11,8.48689991800644e-05,"ENSG00000134072.11"
0,0.0709190364410016,"ENSG00000171148.13"
0.268584135682936,7.3143705324818e-11,"ENSG00000241553.12"
0,0.303644227387232,"ENSG00000214021.16"
0.455292174724591,0.250335874277974,"ENSG00000156990.14"
0.145290194815395,0.438779973654627,"ENSG00000187288.10"
0.12384999295607,0.488894551053121,"ENSG00000171135.15"
0.153143135715643,0.34395761320645,"ENSG00000163701.19"
5.54397321090344e-12,0.00377253841065416,"ENSG00000163702.20"
0,0,"ENSG00000163703.17"
0.0624639908190301,0.506740724512122,"ENSG00000163704.12"
6.05251213983859e-22,0.017404549431985,"ENSG00000230082.1"
0,0,"ENSG00000269982.1"
0,0.60739692540167,"ENSG00000125037.12"
0.0527642671244067,0.609282488668052,"ENSG00000180385.8"
0.0198582537371508,0.338644891671675,"ENSG00000232901.1"
0.106831444656199,0.299510893551799,"ENSG00000206567.10"
1.24218699074489e-10,0.390310333209968,"ENSG00000186162.10"
0.11981784251209,0.449035175859549,"ENSG00000144554.10"
4.42305909934244e-12,0.455238412985366,"ENSG00000254999.4"
0,0,"ENSG00000134086.7"
0,0,"ENSG00000287086.1"
0,0,"ENSG00000134070.5"
9.66737123268467e-16,0.286686975609966,"ENSG00000157014.11"
0.109407649711215,0.624273451201098,"ENSG00000231177.4"
1.57573193250214e-11,0.367847099496412,"ENSG00000157017.16"
0,0.0724192338600212,"ENSG00000240288.8"
0.245098439105444,0.146796900542045,"ENSG00000157020.18"
0.345948451808555,0.274663350575734,"ENSG00000157103.12"
0.0592022619005709,0,"ENSG00000196639.6"
0,0,"ENSG00000285906.2"
5.37695424508593e-20,0.130741375722538,"ENSG00000197548.12"
0.115875636285249,0.0303886915238711,"ENSG00000144560.15"
0,0,"ENSG00000272483.1"
0,0,"ENSG00000144559.10"
0,0.301878302632978,"ENSG00000157152.17"
0.314296417660752,0.0656655842604318,"ENSG00000226642.1"
0.0913448048687008,0.175772414526179,"ENSG00000157150.5"
0.0631373011557522,0.317027700000049,"ENSG00000132170.21"
0,0,"ENSG00000225026.1"
0,0,"ENSG00000154743.18"
0,0.228333709793145,"ENSG00000225526.4"
0,0,"ENSG00000075975.16"
0,0,"ENSG00000132155.11"
0.163086154721143,0.27990203093211,"ENSG00000088726.16"
0.550617832685086,1.75866299863183e-12,"ENSG00000144712.12"
0,0,"ENSG00000144713.13"
0,0.440002736720386,"ENSG00000144711.16"
0.116721644810925,0.69442900209099,"ENSG00000132182.12"
1.07250003955777e-19,0.148711867078275,"ENSG00000163517.15"
0.0466072680450016,0.778046032383085,"ENSG00000163520.14"
0,0.00388528693091608,"ENSG00000275340.1"
0,0,"ENSG00000163528.13"
0,0.568644637502985,"ENSG00000170876.7"
3.82862173963712e-19,0.139760774349685,"ENSG00000228242.6"
0,0,"ENSG00000154767.14"
0,0.0271752104524279,"ENSG00000170860.4"
0.0843133005221033,0.476155018732449,"ENSG00000131389.17"
9.48542768957835e-15,0.0192334224484396,"ENSG00000144596.13"
0,0.0631050618355659,"ENSG00000154781.16"
0,0.0939200797983746,"ENSG00000154783.12"
0,0.267862825830539,"ENSG00000225733.6"
0,0.280769467395176,"ENSG00000177463.15"
0,0,"ENSG00000131368.8"
0,0,"ENSG00000131381.12"
0,0.393457853577882,"ENSG00000131375.10"
1.42026337640492e-15,0.103141371434317,"ENSG00000224660.2"
0,0,"ENSG00000131370.16"
0,0,"ENSG00000206562.11"
0.0628490967761171,0.133036652838833,"ENSG00000144597.14"
0,0,"ENSG00000206561.13"
0,0.18719875101436,"ENSG00000131373.15"
2.36944552787028e-19,0.053741470107285,"ENSG00000169814.14"
0.078211331485642,1.65825546701137e-08,"ENSG00000206560.11"
0.147276622319239,0,"ENSG00000279465.1"
0,0,"ENSG00000270409.1"
2.38755610409023e-19,0.0458568100966337,"ENSG00000263740.2"
0,0,"ENSG00000224728.1"
1.18897489493243e-11,0.222178427416357,"ENSG00000131386.19"
0,0.0297721032186561,"ENSG00000154813.10"
6.43876927517131e-13,0.164591607897721,"ENSG00000154814.14"
0,0,"ENSG00000131378.14"
3.46982020802036e-14,0.21370907711851,"ENSG00000271964.1"
6.3526837428131e-19,0.118353794517453,"ENSG00000272498.1"
0,0.27673032116005,"ENSG00000272529.1"
0,0,"ENSG00000287377.1"
1.15367843864704e-13,0.143441281604928,"ENSG00000288050.1"
0,0,"ENSG00000092345.13"
0.0358613327594786,0.222158768132171,"ENSG00000154822.18"
0,0,"ENSG00000285731.1"
0,0,"ENSG00000131374.14"
0,0.0404667715365559,"ENSG00000182568.17"
0.37727197143623,0.0810360840370465,"ENSG00000163576.18"
0,0,"ENSG00000144566.11"
0,0,"ENSG00000183977.14"
0.0091079774309849,0.329779117884664,"ENSG00000114166.8"
0.199109042776343,0.42459380337829,"ENSG00000129810.15"
0,0.427167303148738,"ENSG00000151789.12"
0,0.000836556230455624,"ENSG00000132967.9"
0,0.350326168636315,"ENSG00000182247.10"
0,0,"ENSG00000170142.12"
1.60565346430215e-19,0.32695967482501,"ENSG00000231395.1"
0,0.171313391562267,"ENSG00000197885.10"
0,0,"ENSG00000174748.21"
1.44095605759734e-13,0.0789521182196246,"ENSG00000174738.13"
1.36319415842286e-18,0.396725805552901,"ENSG00000151090.19"
2.68239276786906e-12,0.281077440705741,"ENSG00000224822.1"
0,0,"ENSG00000228791.8"
0,0.288124377894309,"ENSG00000077092.19"
0,0,"ENSG00000077097.15"
0.403212334013024,0.402306443490868,"ENSG00000151092.17"
0,0,"ENSG00000151093.8"
0,0,"ENSG00000163491.16"
0,0,"ENSG00000287348.1"
1.27930565576388e-10,0.0793480543440768,"ENSG00000033867.16"
8.14442589417485e-12,0.241406848215298,"ENSG00000271943.2"
0.129174165813277,0.710246651828038,"ENSG00000163508.13"
1.56868776434469e-12,0.306478918425381,"ENSG00000187118.14"
0.0888908731970016,0,"ENSG00000163512.14"
0.142273007443113,2.9343530260976e-14,"ENSG00000206559.8"
0,0.0477700603152115,"ENSG00000283563.1"
0,0.235400927981384,"ENSG00000144642.22"
0.156784861942639,0.0439147946660685,"ENSG00000235904.3"
1.65946850956139e-11,0.299268708407993,"ENSG00000226216.1"
0,0.471066135432396,"ENSG00000203506.5"
0,0.0582963546818723,"ENSG00000163513.18"
1.10913524379695e-21,0.272682389495237,"ENSG00000224618.1"
0.33364403385423,0.130497050515484,"ENSG00000261468.1"
0,0.190067207720732,"ENSG00000163527.10"
0.0274822452903832,0.350934784951959,"ENSG00000144645.14"
0,0,"ENSG00000232490.6"
0,0,"ENSG00000197385.6"
0.00451314633027956,0,"ENSG00000152642.10"
0,3.50228461009604e-15,"ENSG00000261572.1"
0.0102224618601268,0.125619273537669,"ENSG00000170293.9"
0,0,"ENSG00000234737.1"
0,0.313469315213412,"ENSG00000153551.14"
0,0,"ENSG00000091317.8"
0,0,"ENSG00000144635.9"
0.170956270113832,0.374693334000736,"ENSG00000182973.18"
0.0191809946414232,0.039230736952847,"ENSG00000213842.2"
0.0505831431485326,0.374843821009366,"ENSG00000183813.7"
0,0,"ENSG00000170266.16"
4.79884445955431e-13,0.106216952891547,"ENSG00000188167.9"
5.35755812048662e-19,0.0667640101358559,"ENSG00000275090.1"
4.08461895311438e-21,0.559896385576984,"ENSG00000170275.14"
0,0,"ENSG00000173705.9"
0,0,"ENSG00000153558.16"
0,0.124295185807324,"ENSG00000153560.12"
0,0,"ENSG00000163539.17"
8.43119982972854e-22,0.609755338584362,"ENSG00000271643.2"
0,0,"ENSG00000170248.15"
0.0717873448534185,0.317502866202698,"ENSG00000172995.16"
0.267629552198384,0.249458767877487,"ENSG00000144681.10"
0,0.00563149483840695,"ENSG00000201315.1"
0,0,"ENSG00000163673.7"
0,0.0429268163441223,"ENSG00000279727.1"
0,0,"ENSG00000281100.1"
2.56816127612012e-20,0.19479919029397,"ENSG00000168016.14"
0,0,"ENSG00000234073.1"
0,0,"ENSG00000178567.8"
0,0,"ENSG00000076242.14"
0,0,"ENSG00000224858.5"
0.0924325318133849,0.291086289888583,"ENSG00000093167.18"
0,0,"ENSG00000224080.1"
0,0,"ENSG00000270194.1"
0,0.583126818639335,"ENSG00000144674.16"
0,0,"ENSG00000230409.3"
0,0,"ENSG00000198590.12"
1.91593298670467e-12,0.0574786402285124,"ENSG00000144668.12"
0,0,"ENSG00000235257.9"
0,0,"ENSG00000144677.15"
8.54013719011858e-12,0.383421305610551,"ENSG00000136059.14"
0.271887335009047,0.229400423455582,"ENSG00000187091.13"
0,0.325069401662202,"ENSG00000008226.20"
0.045307857495951,0.33473286633162,"ENSG00000060971.18"
0.043447615881745,0.572850805094315,"ENSG00000172936.14"
1.57739460408945e-19,0.0661631508847939,"ENSG00000172939.9"
0,0.078281462512846,"ENSG00000172940.13"
0,0,"ENSG00000093217.11"
0.0142440604131491,0.25394266909486,"ENSG00000229589.1"
0.12899169118249,0.453497902367832,"ENSG00000114739.14"
0,0,"ENSG00000157036.13"
0.400419451181977,0.283423567541093,"ENSG00000232439.1"
0,0.375120368158976,"ENSG00000183873.15"
0,0,"ENSG00000168356.12"
0,0.00558342681168253,"ENSG00000114742.14"
0,0,"ENSG00000114745.13"
0.0616176629305802,2.82571204779772e-11,"ENSG00000168026.18"
0,0.174724058769992,"ENSG00000144655.15"
0.102323583271529,0.0440263859053156,"ENSG00000284669.1"
0.0166460294334699,0.2472980211868,"ENSG00000283849.1"
0,0,"ENSG00000287620.1"
0.0670227014153254,0.0391819458515467,"ENSG00000168334.9"
0.0648002350630319,0.458416803112964,"ENSG00000144659.13"
0,0.389854541364429,"ENSG00000168028.14"
0.0846469724693354,0.342069221498043,"ENSG00000170011.14"
0,0.0313258847218052,"ENSG00000280739.3"
7.89921318275166e-11,0.18983070951666,"ENSG00000114784.4"
0,0.490870597340493,"ENSG00000223797.6"
0.038134500369781,0.259699831208189,"ENSG00000168032.10"
0,0,"ENSG00000188846.14"
0,0,"ENSG00000177873.14"
2.00822988469156e-12,0.0845353627925192,"ENSG00000177842.12"
0,0,"ENSG00000172888.12"
0,0,"ENSG00000168036.18"
2.58778148490292e-20,0.304976404989862,"ENSG00000168038.11"
0,0.235825289365449,"ENSG00000182606.16"
0.0982527690868164,0.0695331430915762,"ENSG00000114812.13"
0.0682798338468544,0.271022949818818,"ENSG00000093183.14"
0,0,"ENSG00000008324.11"
1.64988851666444e-11,0.32390880436058,"ENSG00000114857.18"
0,0,"ENSG00000230084.6"
1.47625754906953e-21,0.244406714435152,"ENSG00000114853.14"
0.0576284190526784,0.0435592479571093,"ENSG00000287629.1"
0,0,"ENSG00000181061.13"
0.24509315026173,0.247467587420612,"ENSG00000144648.16"
0.212461694949801,0,"ENSG00000240747.7"
0,0.414028944058381,"ENSG00000182983.15"
0.0471643884941574,2.13390791884887e-13,"ENSG00000144649.9"
2.02379042448279e-12,0.224041116611562,"ENSG00000144647.6"
0,0,"ENSG00000163788.14"
0,0.356683960732429,"ENSG00000234617.2"
9.6099173880327e-12,0.0548035783259397,"ENSG00000160746.13"
1.39963956384904e-10,0.0920450689337212,"ENSG00000011198.10"
0,0,"ENSG00000261786.1"
4.12504645458443e-18,0.613371498224343,"ENSG00000179152.20"
0,0,"ENSG00000185219.17"
1.62507899318084e-24,0.0487139803531591,"ENSG00000178917.16"
0,0.301917721153103,"ENSG00000196345.13"
0,0,"ENSG00000144792.9"
0,0,"ENSG00000214820.3"
0.0598792297038417,0.519214974664186,"ENSG00000186448.15"
0.152401533074828,4.61286220326432e-19,"ENSG00000169981.11"
0,0,"ENSG00000272077.1"
1.44092158731283e-18,0.756518516215538,"ENSG00000196653.12"
0.390381443229635,0.358608304293565,"ENSG00000186446.12"
0,0,"ENSG00000163807.6"
0.331029687236092,0.346318072079515,"ENSG00000163808.17"
2.17592638892479e-16,0,"ENSG00000169964.8"
3.73240908375869e-14,0.0259364960359411,"ENSG00000163810.12"
0,0,"ENSG00000163812.15"
0,0,"ENSG00000075914.13"
0.220090500796773,0.52992311997581,"ENSG00000163815.6"
0,0.208169830134333,"ENSG00000163814.8"
0,0,"ENSG00000249992.2"
0.0679154077590974,0.227891420409046,"ENSG00000011376.12"
0,0.141146716139067,"ENSG00000144791.10"
0,0,"ENSG00000230530.2"
0,0,"ENSG00000211456.12"
0,0,"ENSG00000163818.17"
0.0186585586940584,0.687400239649537,"ENSG00000163820.15"
0,0.0302122900583924,"ENSG00000172215.6"
1.98926676647715e-10,0.53340027417173,"ENSG00000163823.4"
0.0730994664609728,0.527809793026399,"ENSG00000121807.5"
0.136398449398209,0.66761061975404,"ENSG00000160791.13"
0.0485265425834501,0.75216721039428,"ENSG00000121797.10"
2.22773616205618e-12,0.692019331128135,"ENSG00000283646.2"
0.272537770086679,0.462887411413406,"ENSG00000012223.13"
0.00971892361912969,0.611498721114233,"ENSG00000163827.13"
0.0593270358463983,3.33326019934444e-14,"ENSG00000268324.2"
0.306502609865121,0.230296365401538,"ENSG00000178038.17"
0,0,"ENSG00000178055.13"
0.346052158841323,8.71609278600758e-21,"ENSG00000160808.10"
0.0719057775051908,0.32773788733388,"ENSG00000160801.14"
0.0306666439633901,0.237304062154841,"ENSG00000160799.11"
0.0180665893676758,0.50026584430868,"ENSG00000160796.17"
0,0,"ENSG00000236409.2"
0,0.514410694540806,"ENSG00000181555.20"
0,0.168422120684386,"ENSG00000227398.4"
0,0,"ENSG00000088727.12"
1.81453000406916e-11,0.550093400169486,"ENSG00000114648.12"
0.208074894293745,0.115754832989462,"ENSG00000280173.1"
0,0,"ENSG00000260236.1"
0,0.152672006809812,"ENSG00000076201.15"
0,0,"ENSG00000114650.20"
0,0.391963421789367,"ENSG00000163832.16"
0.0369947409294907,0.261609643184811,"ENSG00000114646.10"
0.0238657000423865,0.51929873456372,"ENSG00000173473.11"
0,0,"ENSG00000132153.15"
0.083338198965572,0.447751407358601,"ENSG00000047849.21"
0,0,"ENSG00000224895.1"
0,0.0434975248119017,"ENSG00000270285.1"
0,0,"ENSG00000265078.2"
0.0291322112031428,0.584345136567073,"ENSG00000164045.12"
0.228726317574219,0.436251490568792,"ENSG00000164047.6"
0,0,"ENSG00000164048.14"
0,0,"ENSG00000172113.9"
0,0,"ENSG00000164050.13"
0.207311396860403,0.563340936349141,"ENSG00000164051.14"
0,0,"ENSG00000232112.3"
0,0,"ENSG00000164053.21"
0,0,"ENSG00000164054.15"
3.41422676619212e-09,0.739809703182229,"ENSG00000114268.12"
0.0791963149210852,0.590886096840054,"ENSG00000145040.4"
0,0.0466185303417597,"ENSG00000114270.17"
0,0,"ENSG00000010256.11"
0,0.301687940670107,"ENSG00000225697.13"
0,0,"ENSG00000008300.17"
0,0,"ENSG00000213672.8"
4.45101041945485e-11,0.158449037737804,"ENSG00000068745.15"
1.26915986998382e-21,0.102308311656302,"ENSG00000114302.16"
0,0.151055324862666,"ENSG00000224424.8"
0,0,"ENSG00000178537.10"
2.34168711034411e-19,0.0440489433108499,"ENSG00000221883.3"
0,0.184780819941247,"ENSG00000177479.19"
0,0.027137025247082,"ENSG00000178467.18"
9.2595016435937e-16,0.353781138991984,"ENSG00000178252.18"
0,0,"ENSG00000178149.17"
0.205940722805239,0.0425473011293879,"ENSG00000178057.15"
0,0,"ENSG00000178035.12"
0,0,"ENSG00000198218.11"
0.0999288037143684,0.347448303657266,"ENSG00000172053.18"
0,0,"ENSG00000172046.19"
1.22884027075724e-13,0.208392330850693,"ENSG00000172037.14"
0.0677431443789791,0.242536256426497,"ENSG00000177352.10"
0.188198962540454,0.419556322815282,"ENSG00000185909.15"
0,2.54867705772345e-14,"ENSG00000173421.17"
0,0,"ENSG00000225399.4"
0,0,"ENSG00000188315.8"
1.01499122078095e-11,0.473443765327087,"ENSG00000114316.13"
0,0,"ENSG00000233276.5"
8.04009609856895e-13,0.0336426325342119,"ENSG00000067560.12"
4.15446034738629e-13,0.287589758241535,"ENSG00000235908.1"
0,0.191972301835168,"ENSG00000145022.4"
1.73019247595754e-15,0.281573939068451,"ENSG00000145020.15"
0.13678777343207,0.123708367925447,"ENSG00000173402.11"
0,0.0492350022546393,"ENSG00000164061.5"
0,0.310779846593827,"ENSG00000164062.13"
1.16701478536496e-14,0.205919751817154,"ENSG00000173531.15"
0,0.30982661930838,"ENSG00000164068.16"
0,0,"ENSG00000173540.12"
0,0.154751434599132,"ENSG00000176095.12"
0.366875149381671,0,"ENSG00000185614.6"
0,0,"ENSG00000182179.13"
0.146847410369969,0.156248603512516,"ENSG00000183763.9"
0.436702999572088,0.0481705791331846,"ENSG00000164078.13"
0,0,"ENSG00000164077.14"
0,2.17741912203559e-15,"ENSG00000004534.15"
0,0.0686298004664747,"ENSG00000003756.17"
0,0.366022908387743,"ENSG00000281691.1"
0,0,"ENSG00000235016.1"
0,0,"ENSG00000001617.12"
0,0.361428236444323,"ENSG00000188338.15"
0.293877298221839,0.249158168012536,"ENSG00000114353.17"
0,0,"ENSG00000213600.3"
0,0,"ENSG00000230454.1"
0,0.37199301280398,"ENSG00000012171.20"
0,0.0336238866780217,"ENSG00000214706.10"
0,0,"ENSG00000186792.17"
0,0,"ENSG00000243477.5"
0,0,"ENSG00000114378.17"
0,0,"ENSG00000068001.14"
0,0,"ENSG00000114383.10"
0.0482860791092476,0.544354252527618,"ENSG00000068028.17"
0,0,"ENSG00000004838.14"
0.0316390653744498,0.348415063479756,"ENSG00000114388.14"
0,0,"ENSG00000114395.10"
0,0.151249575960413,"ENSG00000126062.4"
0,0,"ENSG00000007402.11"
0.131445536704185,0.290960153702011,"ENSG00000088543.15"
0,0,"ENSG00000114735.9"
0.0949080939377316,0.23558497446532,"ENSG00000114737.15"
1.64152762417528e-17,0.117919329621251,"ENSG00000114738.11"
0.017968398041751,1.1260162344342e-21,"ENSG00000088538.13"
0.144549584105577,0.534448382540173,"ENSG00000145050.18"
1.39569695506004e-15,0.165992004962354,"ENSG00000259956.2"
0,0.178544428554257,"ENSG00000145041.15"
0,0,"ENSG00000164080.13"
0,0,"ENSG00000164081.12"
0,0,"ENSG00000164082.15"
0,0,"ENSG00000287707.1"
0,0,"ENSG00000114767.7"
2.44086910078707e-18,0.109391026534812,"ENSG00000041880.14"
4.40466303427995e-21,0.0291469205871536,"ENSG00000090097.21"
0,0.345544252694925,"ENSG00000114779.19"
0,0,"ENSG00000248487.9"
3.37059839102612e-07,0.0765875396652316,"ENSG00000243989.9"
0,0,"ENSG00000162244.12"
1.28893814446963e-11,0.374224763033109,"ENSG00000164086.10"
0.163020384333248,0.0783470396439551,"ENSG00000164087.8"
0.0365479045895686,0,"ENSG00000023330.15"
0,0,"ENSG00000247596.9"
0,0.282092935735769,"ENSG00000164088.18"
0,0.223819206847932,"ENSG00000164091.12"
9.78563826354683e-21,0.185317577213766,"ENSG00000168237.18"
0.0743621814143217,0.283366706114428,"ENSG00000242797.3"
0,0.0978156815133067,"ENSG00000114841.17"
4.3927440188308e-11,0.166926994721264,"ENSG00000163930.10"
0,0,"ENSG00000010318.21"
3.17387478396428e-09,0.169674244597424,"ENSG00000010319.7"
0.155583382209508,0.162299591668404,"ENSG00000010322.16"
0,0,"ENSG00000010327.10"
0.170871017057792,0.521936350968283,"ENSG00000168268.11"
5.85209786927228e-12,0.281974959257337,"ENSG00000168273.8"
0,0,"ENSG00000163939.18"
0,0,"ENSG00000163938.17"
2.59886040820106e-16,0.0179718676731406,"ENSG00000016864.18"
0,0.239078569090785,"ENSG00000114902.14"
0,0,"ENSG00000114904.13"
0.0829202372476353,0.148495935427393,"ENSG00000055957.11"
0,0,"ENSG00000243696.5"
0.501970540380291,0.119936201587522,"ENSG00000213533.12"
1.42160064103151e-20,0.0889439983244254,"ENSG00000163935.14"
7.20842109985039e-12,0.145472204657747,"ENSG00000163933.10"
0,0.554832862611859,"ENSG00000163932.15"
0,0.397119309674862,"ENSG00000163931.16"
0,3.15850999254799e-15,"ENSG00000272886.6"
0,0.223123378128443,"ENSG00000157388.19"
0.514760563169793,0.146891236904933,"ENSG00000016391.11"
0,0.103686596825051,"ENSG00000056736.10"
0,0,"ENSG00000271976.1"
0,0,"ENSG00000113812.14"
0,0.183402535434212,"ENSG00000113811.11"
0.0276938620024336,0.0606265338894005,"ENSG00000157445.15"
0,0.0364894898590663,"ENSG00000114251.14"
0,0,"ENSG00000244586.1"
0,0.22540243470846,"ENSG00000180376.17"
8.83131592921257e-13,0.0343146961090084,"ENSG00000163946.13"
6.13163505687628e-13,0.190197765138114,"ENSG00000163947.11"
0,0,"ENSG00000186451.2"
0.0976113231866694,0.300928442043216,"ENSG00000144730.18"
4.86827647981995e-11,0.170059294794833,"ENSG00000157500.12"
0,0,"ENSG00000239388.9"
0,0,"ENSG00000174844.14"
5.89770327447715e-09,0.64458393284992,"ENSG00000174840.9"
0.243521650411781,3.69359775341428e-15,"ENSG00000168374.11"
0,0,"ENSG00000174839.13"
0,0,"ENSG00000163681.15"
0.00264558888663016,3.32930390787535e-13,"ENSG00000136068.14"
0.0551269183584414,6.8793041382281e-11,"ENSG00000244161.1"
0.0826621673488621,0.802237688155926,"ENSG00000163687.14"
1.29917491331249e-08,0.0193980978055168,"ENSG00000163686.15"
0,0,"ENSG00000163684.11"
0.0614294339135944,0.222189397646434,"ENSG00000168297.16"
0,0,"ENSG00000168291.13"
0,0,"ENSG00000168301.13"
1.4369938219273e-12,0.0794489953098967,"ENSG00000168306.13"
0.093384974952099,0.0693244941029078,"ENSG00000168309.18"
0.16792342386249,0,"ENSG00000163689.20"
1.10570233114672e-21,0.092928143934468,"ENSG00000189283.10"
1.23039586834412e-09,0.374334014905904,"ENSG00000144724.20"
1.50126460786953e-11,0.0116479162756326,"ENSG00000241472.7"
0,0.0962065248084454,"ENSG00000114405.10"
0.841613650410929,3.38949878250519e-11,"ENSG00000153266.13"
0,0.1014386466952,"ENSG00000163632.14"
0,0,"ENSG00000163634.12"
0,0,"ENSG00000240549.2"
0.118851868286005,0.425947356905185,"ENSG00000285399.2"
7.02707338195743e-14,0.334050770833732,"ENSG00000163635.18"
2.66575101317359e-11,0.0897435111133619,"ENSG00000239653.1"
0.13838949169332,7.36132933291288e-20,"ENSG00000271843.1"
3.26700052260127e-20,0.18036548396455,"ENSG00000163636.10"
1.25520816642879e-20,0.0756614693577965,"ENSG00000241111.1"
0.0192932010679988,0.429261529708953,"ENSG00000163637.13"
6.21499032462181e-10,0.403819074590717,"ENSG00000239926.1"
0,0.028176316907149,"ENSG00000226017.2"
0,0,"ENSG00000163638.13"
0.204813688254004,1.53510585717047e-11,"ENSG00000241158.7"
0,0,"ENSG00000241684.6"
0.0128537911838959,0.401195953772394,"ENSG00000151276.23"
0,0,"ENSG00000223409.1"
7.46901375487921e-14,0.0195961204895526,"ENSG00000272610.1"
0.368894859431866,0.18656750367278,"ENSG00000240175.1"
0,0,"ENSG00000144741.17"
1.9367706258872e-19,0.271564262234409,"ENSG00000144749.13"
1.08269399049078e-16,0.3351809724615,"ENSG00000163376.11"
0,0.424653065890604,"ENSG00000172340.14"
1.77591753969454e-13,0.292253885683397,"ENSG00000241316.8"
0.240360495712667,0.125220353494673,"ENSG00000241506.1"
0,0,"ENSG00000163378.14"
0,0.0787879710992401,"ENSG00000244513.7"
0,0,"ENSG00000144747.17"
0,0.1320326345939,"ENSG00000144744.17"
0,0,"ENSG00000144746.7"
0.0746259775379443,0.538584859733016,"ENSG00000114541.15"
0,0.226939273763794,"ENSG00000187098.15"
0,0.453398746637377,"ENSG00000114861.20"
0.132439876433672,0.608278634375926,"ENSG00000244203.2"
0,0.573028565265883,"ENSG00000242094.1"
0,0,"ENSG00000270562.1"
3.47128093545371e-14,0.282494884837513,"ENSG00000163412.13"
0.164575554601501,0.392591250346493,"ENSG00000170837.3"
0.00749948933956469,0.701263598842585,"ENSG00000163421.9"
0.0515704737176888,0.651386675199672,"ENSG00000241163.8"
0,0.317225651341162,"ENSG00000163602.10"
0.121090096433019,0.0032896670261482,"ENSG00000144736.14"
0.422588481521679,0.299527963229311,"ENSG00000172986.13"
0,0,"ENSG00000242960.1"
0,0.036593732266608,"ENSG00000163605.15"
8.4609691144456e-13,0.203075672845312,"ENSG00000255423.1"
0.0893489181776195,0.304883326033691,"ENSG00000121440.15"
0.183159027019397,0.29056886284309,"ENSG00000239677.6"
0.0727892406027228,0.348638020507214,"ENSG00000278934.1"
0.0309694726329602,0.448064823741418,"ENSG00000113805.8"
0,0.00989936407402242,"ENSG00000238278.3"
0,0,"ENSG00000244026.6"
0.230997340635105,0.45859887983567,"ENSG00000272690.6"
2.67873649035684e-11,0.0100891794853324,"ENSG00000242516.2"
0,0,"ENSG00000227124.11"
0,0,"ENSG00000185008.17"
0,0.159695537105941,"ENSG00000240809.1"
1.10337093213842e-13,0.700998664841033,"ENSG00000169855.20"
0.0117571124660975,0.094382425565564,"ENSG00000240964.3"
0.0449682361915489,0.305345574298056,"ENSG00000114480.13"
0.0706686587251149,0.367947486612515,"ENSG00000222389.1"
0.382687343448084,0.0682765122318458,"ENSG00000241319.1"
0,0,"ENSG00000239440.6"
0,0,"ENSG00000241095.1"
0.261190261180261,0.325898421356416,"ENSG00000175161.13"
2.62368002217601e-12,0.206241041572722,"ENSG00000206538.9"
0.00754767044432107,0.760463887783763,"ENSG00000281392.2"
0,0,"ENSG00000083937.9"
0,0,"ENSG00000163320.11"
0,0,"ENSG00000175105.7"
0,0,"ENSG00000241535.1"
0.00159887745611299,3.87465082217615e-13,"ENSG00000179021.10"
4.97156279634012e-12,0.383605122963429,"ENSG00000044524.11"
0,0,"ENSG00000184500.15"
0.295382663657446,0.0119344113916069,"ENSG00000169379.16"
0,0,"ENSG00000178750.3"
0,0,"ENSG00000178700.8"
0,0,"ENSG00000178694.10"
0.207019137933619,0,"ENSG00000243547.1"
0.0953418230808143,0.500541970343585,"ENSG00000269028.3"
0,0,"ENSG00000113966.10"
9.89582044354326e-11,0.385035207082388,"ENSG00000080200.10"
0.0712676787470678,8.99448635790586e-12,"ENSG00000170854.18"
0,0,"ENSG00000080822.17"
0.0529342451213128,0.458465975336129,"ENSG00000286602.1"
0.0486226794859781,0.386131189557604,"ENSG00000080819.9"
0.573669593197531,1.6154601455339e-11,"ENSG00000239445.6"
0,0,"ENSG00000064225.12"
0,0.212883151892903,"ENSG00000057019.16"
0.140603577955642,0.19146542057924,"ENSG00000144810.16"
0.182108657852183,0.0894484720116335,"ENSG00000273374.1"
0.0789745690004582,0.294309576813266,"ENSG00000184220.12"
0.0708072919297531,0.339425526266262,"ENSG00000168386.18"
1.52798128151297e-10,0.0620092862442057,"ENSG00000287378.1"
6.86614322437351e-13,0.230999409692055,"ENSG00000036054.13"
5.18354429287007e-20,0.196375659167102,"ENSG00000114021.12"
0,0.620745542929142,"ENSG00000154174.8"
0,0,"ENSG00000206535.8"
0.0331988464461331,0.253365066001394,"ENSG00000181458.10"
0.0496048791819274,2.46867328065966e-12,"ENSG00000114354.14"
0,0.532978009057018,"ENSG00000154175.17"
0,0,"ENSG00000213431.4"
0,0,"ENSG00000081148.12"
0,0,"ENSG00000138468.16"
0,0,"ENSG00000174173.7"
0,0,"ENSG00000081154.12"
0,0.0161499217001855,"ENSG00000242299.1"
0,0,"ENSG00000066422.5"
0,0,"ENSG00000256628.3"
0,0,"ENSG00000114391.13"
0,0.466990450918989,"ENSG00000286699.1"
0.302772819150435,0.38314459218585,"ENSG00000182504.11"
0,0.316973196620532,"ENSG00000144815.16"
0,0,"ENSG00000144802.11"
0,0.697850674320258,"ENSG00000170017.12"
0,0,"ENSG00000114423.22"
0,0.0367095027529645,"ENSG00000242759.7"
0,0,"ENSG00000243658.1"
0.170534057416545,0.0737229192703245,"ENSG00000239455.1"
0,0,"ENSG00000243701.7"
0.433581108410532,0.0770415729413165,"ENSG00000239828.7"
0,0,"ENSG00000114439.19"
0,0,"ENSG00000279277.2"
0.466510233617453,0.158109651965769,"ENSG00000196776.16"
0,0.0647396451401253,"ENSG00000114446.5"
0,0,"ENSG00000144821.10"
0.106216997528079,0.386755090415916,"ENSG00000163507.14"
0.0942665029441683,8.71739416424439e-18,"ENSG00000198919.13"
0.162081133794177,0.237357854528525,"ENSG00000121570.12"
0,0.625816268463141,"ENSG00000177707.11"
0.409342294773734,0.333602988667649,"ENSG00000153283.13"
0.0506191535122516,0.262744875605745,"ENSG00000240891.8"
4.31895550926752e-14,0.433205419398681,"ENSG00000144824.21"
0,0,"ENSG00000144827.9"
0,0,"ENSG00000114529.12"
0,0,"ENSG00000174500.13"
0.00856840974532379,3.63308155197388e-15,"ENSG00000261488.1"
0.0468045154427924,1.80110637145885e-12,"ENSG00000172139.15"
0,0,"ENSG00000091972.18"
0,0.126815822007983,"ENSG00000186265.10"
0.136590709483376,0,"ENSG00000144848.11"
0.0983500696058587,0,"ENSG00000138459.9"
0.017612931961326,0.299141738796919,"ENSG00000091986.15"
0.134698732150363,0,"ENSG00000163606.11"
4.81164668550706e-10,0.160751671927714,"ENSG00000163607.16"
1.14130463289813e-15,0.246476052915922,"ENSG00000163608.15"
0,0,"ENSG00000240057.6"
0,0.137786679834383,"ENSG00000144857.14"
0,0,"ENSG00000288079.1"
0,0,"ENSG00000206530.11"
0,0,"ENSG00000285943.1"
6.49825859665323e-21,0.103578053726619,"ENSG00000163611.11"
0,0.229937096065067,"ENSG00000072858.10"
0.0406450699200726,9.6520147821194e-09,"ENSG00000241529.3"
0,0.311354179927437,"ENSG00000176542.10"
0,0,"ENSG00000121579.13"
0.228877637198029,0.113569539994169,"ENSG00000239280.1"
0,0,"ENSG00000114573.10"
0,0.21673149775323,"ENSG00000178075.20"
1.36111146135895e-17,0.631216221413774,"ENSG00000184307.15"
0.0212751252314833,0,"ENSG00000163617.11"
0,0,"ENSG00000151576.10"
0.203741259348664,0.134082771847452,"ENSG00000181847.12"
1.60694101941141e-21,0.35325070071004,"ENSG00000181722.16"
0,0,"ENSG00000241560.7"
0,0.171395871108643,"ENSG00000242290.2"
0,0,"ENSG00000288074.1"
0,0,"ENSG00000172020.12"
1.72636370831396e-15,0.09386658565728,"ENSG00000185565.12"
0.022075261899331,6.62268293725638e-11,"ENSG00000198406.7"
0.0523505697729597,2.832740288128e-11,"ENSG00000243014.1"
2.44767329382149e-11,0.0665321422174037,"ENSG00000239268.3"
0,0,"ENSG00000241213.2"
0.476105467979768,0.382640610307291,"ENSG00000121578.13"
0,0,"ENSG00000031081.11"
0,0,"ENSG00000241155.1"
0,0,"ENSG00000176142.13"
0,0.0875455022848835,"ENSG00000163389.12"
3.53379804345662e-19,0.303550629486528,"ENSG00000113845.10"
0.0149931440408353,4.96103794686542e-11,"ENSG00000121594.12"
0,0,"ENSG00000144843.11"
0,0,"ENSG00000144837.9"
0,0,"ENSG00000121577.13"
0,0,"ENSG00000138495.6"
0.145899128006375,2.60551978404279e-15,"ENSG00000183833.16"
0,0,"ENSG00000082701.15"
0,0.0248656407331306,"ENSG00000239835.1"
0,0,"ENSG00000242622.2"
0,0,"ENSG00000175697.10"
0.135998548692521,0,"ENSG00000163428.4"
0,0,"ENSG00000240661.3"
0.00977968259649826,0.267689071533398,"ENSG00000163430.12"
0,0,"ENSG00000286735.1"
0,0.585091224610607,"ENSG00000065518.8"
0,0.295196925187541,"ENSG00000144840.9"
0,0,"ENSG00000153767.10"
0,0,"ENSG00000213371.4"
1.73106590740269e-10,0.00518820006497991,"ENSG00000051341.14"
0.00141643809220422,0.805071977414669,"ENSG00000180353.11"
0,0,"ENSG00000243544.3"
3.17764790072799e-14,0.198897853081295,"ENSG00000173230.15"
0,0,"ENSG00000173226.17"
3.81068378237481e-20,0.32833748927588,"ENSG00000145088.9"
0,0.694889058971931,"ENSG00000163406.11"
0.148257137011525,0.410641413426893,"ENSG00000114013.16"
0,0,"ENSG00000121552.4"
0,0.449464101038332,"ENSG00000160124.9"
0.0496351491656126,0.574975398905742,"ENSG00000114023.15"
0,0,"ENSG00000196981.4"
0,0,"ENSG00000272758.6"
0,0.0992135535084643,"ENSG00000114030.13"
0,0,"ENSG00000138496.16"
0,0,"ENSG00000163840.10"
0,0.245747503995759,"ENSG00000173200.13"
4.26750836803298e-12,0.309302880919339,"ENSG00000173193.15"
0,0,"ENSG00000169087.11"
0,0,"ENSG00000138463.9"
0,0.154469134559889,"ENSG00000273033.2"
0.138224936100986,0.317460392711801,"ENSG00000065485.20"
0.0616068048486987,0,"ENSG00000121542.12"
0,0,"ENSG00000273454.1"
0.127350424224295,0.349691764981023,"ENSG00000173175.14"
0.0273884982908937,0.386412933056516,"ENSG00000206527.10"
0,0,"ENSG00000239523.6"
0,0,"ENSG00000065534.18"
0,0,"ENSG00000273123.1"
0.290757516180708,0.224270311800769,"ENSG00000175455.15"
0,0,"ENSG00000160145.15"
0,0,"ENSG00000114491.14"
0.161598425775016,0,"ENSG00000082781.12"
0.0282996196122213,0,"ENSG00000280042.1"
0,0.383095540796734,"ENSG00000243986.2"
8.86732102164068e-13,0.0349708103651481,"ENSG00000173706.14"
0.17015694929557,0,"ENSG00000221955.10"
0,0,"ENSG00000163848.19"
0,0,"ENSG00000243508.1"
0,0,"ENSG00000114520.11"
0,0,"ENSG00000144909.8"
0.14041895305523,0.247991366673206,"ENSG00000284624.1"
0,0,"ENSG00000241288.8"
0,0.0680601015734208,"ENSG00000241278.1"
0,0,"ENSG00000248787.2"
0,0,"ENSG00000171084.15"
0,0,"ENSG00000114544.16"
0.152829074582363,0.472837569276627,"ENSG00000144908.13"
5.6478832393104e-19,0.23873974321069,"ENSG00000246022.3"
0,0.190911751247933,"ENSG00000287232.1"
3.90424077547404e-21,0.216730117187918,"ENSG00000250934.2"
0.161237421525632,0.529521856383844,"ENSG00000163884.4"
0.055643976729511,0.434828378761486,"ENSG00000070476.15"
4.51197097097228e-12,0.470658034158646,"ENSG00000180767.10"
4.03205770245238e-14,0.416055137788275,"ENSG00000197763.17"
0,0,"ENSG00000159685.11"
0,0,"ENSG00000114554.11"
0,0.153051136676052,"ENSG00000163870.16"
0.0643352307410052,0.416104963122272,"ENSG00000073111.14"
1.29949738939495e-17,0.0836972520569418,"ENSG00000114631.11"
1.30138927052541e-15,0.442914231626767,"ENSG00000114626.18"
0.0802180818343336,0.441690902022719,"ENSG00000074416.14"
0,0.0596282029879048,"ENSG00000201210.1"
0.0028122080716314,0,"ENSG00000058262.10"
0.312126087252369,0.107994311295374,"ENSG00000175792.12"
0.27269377369683,9.2861566331074e-16,"ENSG00000132394.11"
0,0,"ENSG00000179348.11"
0.109165909831581,1.361372012304e-11,"ENSG00000244300.3"
2.80406667130131e-17,0.117913479227274,"ENSG00000163902.12"
0,0,"ENSG00000075785.12"
0,0,"ENSG00000239503.1"
4.82457051410875e-09,0.172350233088532,"ENSG00000242992.3"
2.20199286614854e-22,0.0552740780408697,"ENSG00000261159.1"
1.11789308604933e-09,0.177473976739203,"ENSG00000231305.4"
0,0,"ENSG00000287110.1"
0,0.665851635363321,"ENSG00000177646.19"
0.208542810738492,0.53528264710198,"ENSG00000114656.12"
6.39105366122338e-10,0.545434820308087,"ENSG00000114654.7"
0.158247679425484,0.552622914265768,"ENSG00000169704.4"
0.042726070898712,0.247192943066384,"ENSG00000172780.16"
0,0.100907921651965,"ENSG00000240682.9"
0,0.182580547401529,"ENSG00000169714.16"
0,0,"ENSG00000181789.14"
0,0.564180564922874,"ENSG00000183624.14"
0.356150465688244,0.297549278162368,"ENSG00000184897.6"
0,0,"ENSG00000206417.8"
0,0,"ENSG00000244932.2"
0.0527504276228593,0.443217678799887,"ENSG00000251474.6"
0,0,"ENSG00000207088.1"
9.99757353175498e-12,0.180198058558203,"ENSG00000172771.12"
0.275953219499118,0.206196579568551,"ENSG00000129071.9"
0,0,"ENSG00000163913.11"
0.0297230922030298,3.40219896905904e-11,"ENSG00000004399.12"
0.0259519986187099,0.0674681498930346,"ENSG00000239437.3"
0,0,"ENSG00000172765.17"
0,0,"ENSG00000203644.3"
0,0,"ENSG00000271270.7"
0,0.286448997229775,"ENSG00000170893.4"
0,0,"ENSG00000253540.5"
0,0.68795580209888,"ENSG00000206384.10"
0,0,"ENSG00000196455.8"
1.4646959650096e-10,0.0802186547227907,"ENSG00000017260.19"
0,0,"ENSG00000034533.11"
3.68739630700488e-14,0.0422078418179956,"ENSG00000114670.14"
0,0,"ENSG00000250608.2"
1.05090648189707e-18,0.08278964722984,"ENSG00000246082.2"
0.0454360010047202,0.323436808907925,"ENSG00000198585.11"
0,0,"ENSG00000261167.1"
0,0,"ENSG00000114686.9"
7.08095476891576e-20,0.181396386689096,"ENSG00000249020.1"
0,0.639284451981508,"ENSG00000014257.16"
0,0.417157581506836,"ENSG00000138246.17"
0,0.338810373614457,"ENSG00000129048.7"
0,0,"ENSG00000081307.12"
0,0,"ENSG00000113971.20"
0.0388113505900564,0.878313712827606,"ENSG00000144868.13"
0,0,"ENSG00000251011.6"
0,0,"ENSG00000091527.15"
0,0,"ENSG00000163781.14"
0,0,"ENSG00000242337.5"
0.261503597597544,2.97833637832782e-09,"ENSG00000091513.16"
0,0,"ENSG00000244062.1"
0.102186880831879,6.55025607228571e-11,"ENSG00000144867.12"
1.17616045916522e-20,0.0647848581908853,"ENSG00000154917.11"
0,0,"ENSG00000174640.14"
0,0.383587950174688,"ENSG00000163785.12"
0.121236279625768,0.251392898402473,"ENSG00000231845.3"
0,0.0212603988589719,"ENSG00000260633.1"
0,0,"ENSG00000114019.14"
0,0,"ENSG00000129055.12"
0,0,"ENSG00000182923.17"
0.169605945118027,0.445584991011709,"ENSG00000154928.18"
0.219366812262386,0.164714921965559,"ENSG00000174611.12"
0,0,"ENSG00000073711.11"
0.0612876935346832,0.553721175944708,"ENSG00000174579.4"
0,0.230384062331606,"ENSG00000114054.14"
0,0.137930024354499,"ENSG00000118007.13"
0,0.0301449627615174,"ENSG00000240695.1"
7.2513398404304e-18,0.195669252529761,"ENSG00000261758.1"
0,0.573916364811764,"ENSG00000168917.9"
0,0,"ENSG00000239213.6"
0,0,"ENSG00000273486.1"
0,0,"ENSG00000158092.7"
0.0436451045565178,4.04282879718897e-21,"ENSG00000174564.13"
0,0,"ENSG00000066405.13"
0,0,"ENSG00000158163.15"
0.143183638928991,2.69611853642201e-12,"ENSG00000138231.13"
0,0,"ENSG00000114098.18"
0,0.396017467960137,"ENSG00000181322.14"
0.0529167051977663,0.0219088681521192,"ENSG00000158186.13"
0,0,"ENSG00000158220.14"
0,0,"ENSG00000280399.1"
0,0,"ENSG00000114107.9"
1.12594523470215e-12,0.0320530573274148,"ENSG00000158234.12"
0,0,"ENSG00000051382.8"
0,0,"ENSG00000175110.11"
2.26959893430248e-15,0.0114384834466155,"ENSG00000184432.10"
0.242761696609879,4.85416076625393e-12,"ENSG00000248932.6"
0,0.877831446862125,"ENSG00000114115.10"
0,0.47595018981547,"ENSG00000163864.17"
0,0.444345283239342,"ENSG00000158258.16"
0,0.283850926210765,"ENSG00000114120.13"
0,0,"ENSG00000175093.5"
0.661130043155296,0.245852697584318,"ENSG00000155893.13"
0,0.0420667729194453,"ENSG00000177311.11"
0,0.186694621006299,"ENSG00000155903.12"
0,0,"ENSG00000114125.14"
0,0.174550730028418,"ENSG00000069849.11"
1.04400791144101e-12,0.0330434057857017,"ENSG00000244124.1"
0,0,"ENSG00000279147.1"
6.3723317270765e-18,0.679404933230475,"ENSG00000114126.17"
0,0,"ENSG00000233597.3"
0,0,"ENSG00000175066.16"
0,0,"ENSG00000114127.10"
0,0,"ENSG00000175054.16"
0,0.0625715812081041,"ENSG00000120756.13"
0,0,"ENSG00000144935.15"
0.0206014142761275,0.625289763678138,"ENSG00000163710.9"
0,0.000410799985618658,"ENSG00000240950.1"
0.133274916340661,0.422840635671516,"ENSG00000188582.9"
1.31274086781449e-11,0.141015146365985,"ENSG00000163714.18"
0,0.74624307460096,"ENSG00000175040.6"
0,0,"ENSG00000181804.15"
4.3833174128543e-18,0.0621890213271302,"ENSG00000243759.1"
0.0402899215392593,0.591250933423582,"ENSG00000181744.8"
0.0430310838458493,0,"ENSG00000261051.1"
0.0124476465047395,0,"ENSG00000243415.2"
0,0,"ENSG00000240032.1"
0.0210779443470903,0.143918466350771,"ENSG00000152952.12"
0,0.091303376570641,"ENSG00000114698.15"
0,0.184725705130494,"ENSG00000188313.13"
0,0,"ENSG00000174963.17"
4.25769908678263e-23,0.236257825364689,"ENSG00000152977.10"
0,0.0869632406340629,"ENSG00000144891.17"
0,0,"ENSG00000153002.12"
6.52346404548867e-09,0.460135849760058,"ENSG00000244089.1"
0.189118904552092,0.293784450931571,"ENSG00000163751.4"
1.57048318643208e-16,0,"ENSG00000163754.17"
0.0667239641410902,0.465211447039972,"ENSG00000071794.16"
0.128717230953403,1.4201194827926e-14,"ENSG00000163755.9"
0,0.823457665246025,"ENSG00000047457.14"
0.00987630658484284,1.29354243778278e-09,"ENSG00000163762.7"
0,0,"ENSG00000169908.12"
0.115654397819628,0.300522646712,"ENSG00000018408.14"
0,0,"ENSG00000241985.1"
0,0,"ENSG00000114744.9"
0,0,"ENSG00000082996.19"
2.78450596286583e-21,0.0917066648644541,"ENSG00000239351.1"
0.0591990085432371,0.144568530731919,"ENSG00000070087.14"
0,0,"ENSG00000196428.12"
0.0176211338404871,0,"ENSG00000120742.11"
0,0,"ENSG00000144895.12"
0,0,"ENSG00000198843.13"
0,0,"ENSG00000240137.6"
0.118868960115256,0.489567021185551,"ENSG00000181788.4"
0.175062982952558,0.0869281619754696,"ENSG00000144893.12"
0,0,"ENSG00000199994.1"
0,0,"ENSG00000174944.9"
0,0.258564307703067,"ENSG00000181631.7"
0,0,"ENSG00000169313.9"
0,0,"ENSG00000152580.8"
0,0.286490172020247,"ENSG00000198829.6"
3.35349903126186e-14,0.171060808626473,"ENSG00000152601.17"
0.109434011545546,0.343308082371483,"ENSG00000229619.4"
6.00507732313881e-13,0.234385209765307,"ENSG00000221962.5"
0,0.576604454685728,"ENSG00000169860.7"
0,0.45280696843051,"ENSG00000181467.5"
0,0,"ENSG00000265813.2"
3.09400879069102e-15,0.730369802348018,"ENSG00000114790.13"
0,0.273357675745791,"ENSG00000174953.14"
2.5826960124569e-14,0.0261148203058201,"ENSG00000196549.10"
0.136528148720868,2.88768313100457e-14,"ENSG00000240666.2"
0,0.580536346635672,"ENSG00000114805.17"
0.332837081248933,0.0250317261444828,"ENSG00000169359.16"
0.163684076357787,0.0702604305576507,"ENSG00000163655.16"
0,0,"ENSG00000288032.1"
0.210322005546989,0.381677163246507,"ENSG00000240489.1"
0,0,"ENSG00000169282.17"
0,0,"ENSG00000287916.1"
1.71809630043726e-12,0.0333146798212539,"ENSG00000272990.1"
0,0.4275692865431,"ENSG00000114850.6"
0,0,"ENSG00000243926.2"
0.0376450183036349,2.96818359513822e-10,"ENSG00000163659.13"
0,0,"ENSG00000174912.7"
0.18737465768272,0,"ENSG00000240875.6"
4.91218560894815e-18,0.047379528200223,"ENSG00000230457.3"
0,0,"ENSG00000197980.13"
2.37526564822638e-18,0.0221734131638263,"ENSG00000241135.6"
0,0.133293435206867,"ENSG00000163660.11"
0,0,"ENSG00000243176.6"
0,0,"ENSG00000197415.12"
0.306517951626005,0.2940259322252,"ENSG00000163661.4"
0,0.154255545314748,"ENSG00000174899.11"
1.64332310094136e-12,0.27983886831176,"ENSG00000286892.1"
0,0.594390945834906,"ENSG00000168779.19"
0,0,"ENSG00000174891.13"
0.11069429357116,7.43769750646753e-23,"ENSG00000178053.19"
0,0,"ENSG00000168827.14"
0.0157333500451462,0.199541539819785,"ENSG00000079257.8"
0.204305451024748,0.00326010314637495,"ENSG00000272087.1"
2.01513537677129e-12,0.345207375242521,"ENSG00000118849.10"
2.94786592414315e-17,0.0413253263582883,"ENSG00000118855.20"
7.8249845339865e-13,0.622810707438141,"ENSG00000240207.7"
0.0970656213821224,0.314734875148098,"ENSG00000232374.5"
0,0,"ENSG00000283154.2"
0,0,"ENSG00000241211.1"
0,0,"ENSG00000151967.18"
0,0,"ENSG00000244040.7"
0.108467276160183,0.417427017370008,"ENSG00000180044.5"
0,0,"ENSG00000068885.15"
0.295528591079688,0.475975708923687,"ENSG00000113810.16"
0.124960351439887,0.408458391629797,"ENSG00000213186.8"
0,0,"ENSG00000186432.9"
2.74996829900443e-10,0.0774583511375081,"ENSG00000238741.1"
0.0219290567806866,2.45717527541873e-10,"ENSG00000229320.3"
1.77069985385042e-21,0.0192867068933865,"ENSG00000260572.1"
0,0,"ENSG00000163590.14"
0.09331982236675,0.439106282928385,"ENSG00000169255.15"
0,0,"ENSG00000169251.12"
1.53137591731757e-17,0.0920331274164568,"ENSG00000174776.11"
0.361399102529068,0.0440682098165122,"ENSG00000114209.15"
0,0,"ENSG00000241120.1"
0,0,"ENSG00000163536.12"
1.25582590377384e-19,0.291257106860172,"ENSG00000173905.9"
0.110790280543118,0.0225266182842593,"ENSG00000206120.11"
0.205242355133851,0.28486773192093,"ENSG00000242268.3"
1.41118389469839e-12,0.257764853154137,"ENSG00000085276.19"
0,0.570507066584348,"ENSG00000242795.2"
0.207803654143627,0,"ENSG00000184378.3"
0.11563639153221,0.341078238178481,"ENSG00000269889.1"
0,0,"ENSG00000085274.15"
0,0.0971992968046934,"ENSG00000269984.1"
0,0,"ENSG00000171757.16"
0.0901813488382978,0.425116102960209,"ENSG00000239219.2"
0,0.516959365764562,"ENSG00000008952.17"
0,0,"ENSG00000240373.1"
0.269870091040601,0.215037799063035,"ENSG00000173890.17"
0,0.243853173319256,"ENSG00000173889.16"
0,0,"ENSG00000163558.13"
0,0.206972706419174,"ENSG00000136603.14"
0.0252032692003918,0.520107333078991,"ENSG00000013297.11"
0.453854135787082,1.29385733363786e-13,"ENSG00000285051.2"
0,0,"ENSG00000013293.6"
0,0.125198969479727,"ENSG00000163584.18"
0,0,"ENSG00000163577.8"
3.56199112613641e-10,0.522108689060993,"ENSG00000154310.17"
0,0.124263038966921,"ENSG00000075651.16"
0,0,"ENSG00000075420.13"
0,0,"ENSG00000237483.1"
0,0,"ENSG00000243398.3"
0,0.575073344861544,"ENSG00000279862.1"
0,0,"ENSG00000121853.4"
0.252482909263477,0.492232424963734,"ENSG00000121858.11"
0.0759681362541602,0.502903840349244,"ENSG00000144959.10"
0.110184910775094,0.183925050701495,"ENSG00000114346.13"
1.32001994596141e-10,0.0664320413698044,"ENSG00000169760.17"
0.185369486982842,0.0350928642675406,"ENSG00000228213.5"
0,0,"ENSG00000177694.16"
0,0,"ENSG00000177565.16"
0,0,"ENSG00000231310.3"
1.48350774396828e-23,0.029047698390583,"ENSG00000201343.1"
1.47239761470569e-11,0.110241377401776,"ENSG00000228221.6"
0,0,"ENSG00000231574.6"
0,0,"ENSG00000225790.2"
0,0,"ENSG00000270321.2"
0.261219246577146,0.136197265305295,"ENSG00000237978.6"
0,0,"ENSG00000172667.11"
0,0.116958420378894,"ENSG00000121879.5"
4.34245953776667e-12,0.468324743839094,"ENSG00000171121.16"
0,0,"ENSG00000240429.1"
0,0,"ENSG00000121864.10"
0,0,"ENSG00000171109.19"
0.244600224339708,0.418175347093227,"ENSG00000114450.10"
0.221576091255258,1.1734351871119e-13,"ENSG00000136518.17"
0,0,"ENSG00000136522.14"
4.60870577365922e-11,0.166669643016819,"ENSG00000136521.13"
0,0,"ENSG00000058056.9"
2.52153190153082e-16,0,"ENSG00000114757.19"
0,0,"ENSG00000201822.1"
1.02992722412711e-12,0.644278539241971,"ENSG00000163728.11"
0,0,"ENSG00000284862.3"
3.06273595326048e-21,0.114542716245895,"ENSG00000285336.1"
0,0,"ENSG00000114416.18"
1.10600681217635e-12,0.408524439458641,"ENSG00000205981.8"
1.86492064168967e-13,0.288787943343077,"ENSG00000058063.16"
0,0.0407614431536347,"ENSG00000270554.1"
0,0,"ENSG00000043093.15"
9.83617597110577e-21,0.201260253133109,"ENSG00000244346.1"
4.77886468120644e-13,0.584279306034678,"ENSG00000078070.13"
0,0.448198910154018,"ENSG00000053524.12"
0,0,"ENSG00000176597.12"
0,0,"ENSG00000240024.5"
2.57509598409214e-15,0.767372893173928,"ENSG00000172578.12"
0,0.369086352900468,"ENSG00000114796.16"
0.187110546292143,0.188860229284851,"ENSG00000163872.16"
0,0,"ENSG00000233885.7"
0,0,"ENSG00000175193.13"
3.79404942684998e-15,0.094100537811808,"ENSG00000114770.17"
0,0,"ENSG00000145191.15"
0.251710816558906,0.111809810745932,"ENSG00000161202.20"
0.125527083736618,0,"ENSG00000161203.13"
0,0,"ENSG00000161204.11"
9.44721556276408e-11,0.160048651151286,"ENSG00000214160.10"
0.0747052745137044,0.267335730116994,"ENSG00000175166.17"
6.46496775558847e-09,0.0906082153903416,"ENSG00000114867.20"
0,0,"ENSG00000175182.15"
0,0,"ENSG00000114859.16"
0.0404974186483257,0.447209435950693,"ENSG00000163882.9"
0.0156639058628562,0,"ENSG00000090534.20"
0,0.131601245898375,"ENSG00000090539.15"
0.019125196725711,2.66457025673208e-11,"ENSG00000182580.3"
0.0317046526859875,5.40836932653354e-14,"ENSG00000177383.5"
0.215929462728236,1.89599697647888e-09,"ENSG00000272970.2"
0,0,"ENSG00000156931.15"
1.87729647733618e-20,0.119795646054546,"ENSG00000187068.3"
0.0439351969898256,1.88334637767301e-09,"ENSG00000113790.11"
0.285087245291074,0,"ENSG00000073803.14"
3.78997149478183e-14,0.286273050796138,"ENSG00000229638.1"
1.02100181799262e-11,0.299053034066194,"ENSG00000163900.11"
4.13875985546425e-24,0.366821750684677,"ENSG00000163904.13"
1.02728031797058e-08,0.564644526411525,"ENSG00000073792.15"
0,0,"ENSG00000163915.7"
0,0.0721724030035595,"ENSG00000136527.18"
0.165957669880151,0.0534022171594162,"ENSG00000171658.8"
0.443652832872635,0.0321839862521468,"ENSG00000244405.8"
0.205037937223392,0.616356184596754,"ENSG00000058866.15"
0,0,"ENSG00000213139.8"
0,0,"ENSG00000113838.13"
2.48887489823061e-19,0.191572004218646,"ENSG00000090520.11"
0.0218063909625373,0,"ENSG00000263826.1"
0,0.155719637370848,"ENSG00000156976.17"
0,0.0683322919719308,"ENSG00000163918.10"
0.318108752991105,2.51901305145998e-11,"ENSG00000231982.1"
0.0901426608212273,0.375519839666291,"ENSG00000181092.10"
0.100368097608107,0.664992780567964,"ENSG00000226482.1"
0.255861342302193,0.638818928650508,"ENSG00000073849.15"
3.68900923923711e-11,0.0608748249796617,"ENSG00000163923.10"
2.11880472918565e-12,0.0775364321496108,"ENSG00000127241.16"
0.0662519221896391,0.444479285001799,"ENSG00000136514.3"
0,0,"ENSG00000228804.5"
2.05024752874839e-10,0.0262705201890447,"ENSG00000113916.18"
0.0178366826408435,0,"ENSG00000285938.1"
0,0,"ENSG00000270959.1"
0,0.21496512226884,"ENSG00000145012.13"
0.232344170608404,3.98261561376231e-13,"ENSG00000279891.1"
6.11739496087009e-22,0.177526710602353,"ENSG00000234076.1"
0.313906985075084,0,"ENSG00000188001.10"
0,0,"ENSG00000230115.1"
0.00297052799253918,0.741516311654242,"ENSG00000073282.13"
4.56390224046129e-14,0.564147936272856,"ENSG00000090530.10"
1.69869771405677e-12,0.173481944578866,"ENSG00000163347.6"
0,0,"ENSG00000196083.10"
1.73341321555989e-12,0.374653738031826,"ENSG00000188958.9"
0.0101072860803408,0.437109616901864,"ENSG00000152492.15"
0,0,"ENSG00000180611.7"
6.55457164289484e-21,0.0121052621983735,"ENSG00000198836.10"
0,0,"ENSG00000114315.4"
0.0930992193426492,0.569184167631356,"ENSG00000178772.7"
7.31743543794014e-12,0.711509037679933,"ENSG00000172061.8"
0.119034345144064,0.523515035236253,"ENSG00000178732.5"
4.18516865432999e-13,0.0465924430687205,"ENSG00000133657.15"
0,0,"ENSG00000233058.2"
0.413982887917726,7.40522117134651e-14,"ENSG00000244675.2"
0,0,"ENSG00000231770.6"
0,0,"ENSG00000145014.17"
0,0,"ENSG00000229334.1"
0,0,"ENSG00000041802.11"
8.56344026898433e-14,0.274653621212595,"ENSG00000185112.6"
0,0,"ENSG00000173950.16"
0.104061581316655,4.87978419390192e-13,"ENSG00000230266.1"
0,0.028076400649415,"ENSG00000114331.15"
0,0,"ENSG00000229325.1"
0.2923610520895,0.37156381163638,"ENSG00000184203.8"
0,0.810720919471996,"ENSG00000189058.9"
0,0,"ENSG00000224769.1"
0,0.244395394333371,"ENSG00000242086.8"
0.243817063428797,0.355379201162903,"ENSG00000207650.1"
0,0,"ENSG00000176945.17"
0,0,"ENSG00000145113.22"
3.84616262457541e-13,0.488954213801502,"ENSG00000061938.19"
0,0,"ENSG00000286004.1"
0.0606731951135271,0.452958639873481,"ENSG00000224614.2"
0,0.0291265913604532,"ENSG00000260261.2"
0,0,"ENSG00000185485.14"
0.0721588327970542,0.504789565590774,"ENSG00000072274.13"
0,0.419209019118343,"ENSG00000163959.10"
0,0.573673602508259,"ENSG00000161217.12"
0,0.291376234397133,"ENSG00000213123.11"
0,0,"ENSG00000163960.12"
0.13149595670732,0.324001919460838,"ENSG00000241868.3"
0.371124502559799,8.9961803844944e-21,"ENSG00000163961.4"
0.0985168234837137,0,"ENSG00000185798.8"
0.211891043685282,0.281147512964163,"ENSG00000174013.8"
0.0484091336710876,0.738425686765481,"ENSG00000174004.6"
0,0,"ENSG00000163964.15"
0.316798497055466,0.075822151662807,"ENSG00000174007.8"
0,0,"ENSG00000180370.10"
0,0,"ENSG00000119231.11"
9.63807886792871e-11,0.0547914286466968,"ENSG00000230732.4"
0,0,"ENSG00000114503.11"
0,0.232788232441473,"ENSG00000270170.2"
0,0.464675249465291,"ENSG00000119227.8"
0,0.324559472318106,"ENSG00000163975.12"
0,0,"ENSG00000228109.1"
0,0,"ENSG00000075711.21"
0.111261581550363,0.382856511901019,"ENSG00000161267.12"
0,0.153464332782545,"ENSG00000214135.8"
0,0,"ENSG00000273308.1"
0,0.163929392421377,"ENSG00000145016.16"
0,0,"ENSG00000122068.13"
0,0.0115655717884429,"ENSG00000186001.14"
0,0,"ENSG00000114473.14"
0,0,"ENSG00000182899.17"
0,0,"ENSG00000185621.11"
0.236404148163758,0.1193915185126,"ENSG00000236438.7"
0,0.337848682551732,"ENSG00000272602.6"
0,0.312751484938734,"ENSG00000250312.8"
0,0,"ENSG00000198155.5"
0,0,"ENSG00000131127.14"
0,0,"ENSG00000248564.1"
9.09300701804977e-12,0.256726776719318,"ENSG00000281016.1"
0,0,"ENSG00000251595.7"
8.46335010151363e-14,0.339937054118658,"ENSG00000182903.16"
0.106369500845358,0.357764642175368,"ENSG00000174227.16"
0.0967061839853663,0.571184401645336,"ENSG00000133256.12"
0,0.239694574990098,"ENSG00000169020.10"
0,0,"ENSG00000215375.6"
0,0,"ENSG00000169026.12"
0,0.0953113333883368,"ENSG00000185619.18"
0,0,"ENSG00000272588.1"
0,0,"ENSG00000249592.6"
0,0,"ENSG00000233799.1"
0,0,"ENSG00000168993.15"
6.73974977844469e-12,0.278156181104067,"ENSG00000178950.17"
0,0,"ENSG00000127419.17"
0.085596253438119,0.256298503265859,"ENSG00000145214.14"
3.22677123586833e-11,0.491761957045698,"ENSG00000145217.14"
0,0,"ENSG00000127415.13"
0.0975867487241013,0.398471848145379,"ENSG00000127418.15"
0.0811883070241291,0.198801866900608,"ENSG00000178222.13"
0.00440268362613996,4.42757651994787e-13,"ENSG00000251652.1"
8.16050594934722e-13,0.177065453390814,"ENSG00000215367.10"
0,0,"ENSG00000227189.2"
0.209709720368781,1.22201933346819e-15,"ENSG00000159674.12"
3.48467385684318e-12,0.304631663264068,"ENSG00000273179.1"
0,0.332442542057142,"ENSG00000280927.1"
0,0.119850954141166,"ENSG00000159692.15"
1.87241236748905e-19,0.171776446083598,"ENSG00000196810.5"
0,0.241342550835218,"ENSG00000090316.16"
0,0,"ENSG00000163945.17"
0,0.159743345950488,"ENSG00000288380.1"
0,0,"ENSG00000244459.2"
0,0,"ENSG00000174137.12"
3.61237099989277e-12,0.00164601008386785,"ENSG00000163950.13"
0.16139691732702,0.489177546549486,"ENSG00000013810.19"
0.106181638920611,0.173050541404979,"ENSG00000168936.11"
2.06377420067149e-14,0.800619795955627,"ENSG00000068078.18"
0,0.398126500986039,"ENSG00000168924.15"
0.157904378753467,0.468621028755237,"ENSG00000109685.18"
0,0.254757225013973,"ENSG00000249784.1"
0,0,"ENSG00000185049.16"
0.297910310817387,0,"ENSG00000243449.6"
0.120479678115271,0.344204489416563,"ENSG00000185818.7"
0,0,"ENSG00000130997.16"
0,0,"ENSG00000214367.8"
1.56604510033724e-12,0.0348614196458926,"ENSG00000123933.17"
0,0.133414307851705,"ENSG00000159733.13"
0,0.00288238095738102,"ENSG00000239247.3"
0.40806007676999,0.215363597542835,"ENSG00000063978.16"
0,0.0925791543262073,"ENSG00000125386.15"
7.28168348749985e-17,0.0220653343174212,"ENSG00000248155.1"
0,0.0649951880652055,"ENSG00000168884.15"
0,0.462448304363856,"ENSG00000087266.17"
0.110756493811124,0.608037426201079,"ENSG00000087274.17"
2.53299023964525e-17,0.0641849794311906,"ENSG00000109736.15"
0,0,"ENSG00000249673.7"
1.66338033209281e-13,0.249879063667134,"ENSG00000087269.16"
0.277999943755629,0,"ENSG00000125388.20"
4.71670746979598e-12,0.364626117924761,"ENSG00000197386.12"
0,0,"ENSG00000188981.11"
0,0,"ENSG00000159788.19"
0,0.0672311138528288,"ENSG00000175920.18"
0,0,"ENSG00000163956.13"
0.0301031107929905,0.196236661915187,"ENSG00000251669.5"
0.0428348152207782,0.722923596831946,"ENSG00000132406.12"
0.155122559311667,0,"ENSG00000145220.14"
0,0,"ENSG00000168826.16"
4.22947155428838e-09,0.0770212949347658,"ENSG00000168824.14"
0,0,"ENSG00000168818.10"
0,0,"ENSG00000247708.8"
0,0,"ENSG00000163132.8"
0.252387340531994,0.342542543748175,"ENSG00000170891.11"
0.281954580654384,0.0662774793931722,"ENSG00000152953.13"
0.174039322057187,0.0635387698973722,"ENSG00000082929.8"
0.0151439440916395,0.329275983907312,"ENSG00000173040.13"
2.4118173623544e-13,0.293180863984081,"ENSG00000072840.13"
0,0,"ENSG00000072832.15"
6.54093845359812e-12,0.304311266843078,"ENSG00000109501.13"
0,0,"ENSG00000013288.9"
0,0,"ENSG00000179010.14"
1.72400635056683e-17,0.0300250318148416,"ENSG00000251580.3"
2.10366838281082e-12,0.0836754016214325,"ENSG00000170846.17"
0.221662735328685,0.41821652397027,"ENSG00000163993.7"
0.503235876039179,0.0977338280803095,"ENSG00000178988.11"
1.20204501253025e-17,0.124272315279485,"ENSG00000186222.5"
0,0.0166373672353598,"ENSG00000170871.12"
0,0.0302362660629197,"ENSG00000132405.19"
0,0.549749051339791,"ENSG00000287104.1"
0,0,"ENSG00000173013.6"
0,0.575130493785451,"ENSG00000173011.12"
0,0,"ENSG00000109519.13"
0.0911856772834837,0.457251451075689,"ENSG00000245468.4"
0,0,"ENSG00000184985.16"
0,0,"ENSG00000272620.1"
0.423724020822743,0.134864424006036,"ENSG00000196526.10"
0,0,"ENSG00000287164.1"
0,0,"ENSG00000163995.20"
0,0.324090983047631,"ENSG00000125089.17"
0,0.151277458943194,"ENSG00000170801.10"
0,0,"ENSG00000251615.3"
0,0,"ENSG00000087008.16"
0,0,"ENSG00000155275.19"
0.189138620529801,0.174879796387437,"ENSG00000205959.4"
0,0,"ENSG00000288075.1"
0,0.213287824701545,"ENSG00000109667.12"
0.00504697220290653,0.405616070310958,"ENSG00000261490.1"
0.114134593065029,0.525215572123829,"ENSG00000071127.17"
0,0.070160121712441,"ENSG00000223086.1"
0,0,"ENSG00000178163.8"
0.299227607387604,2.31013320796346e-20,"ENSG00000002587.10"
0,0,"ENSG00000287778.1"
0,0,"ENSG00000250371.1"
0,0,"ENSG00000205940.8"
0,0,"ENSG00000157869.15"
0,0.259664371059805,"ENSG00000038219.13"
0.718300352554709,0,"ENSG00000248360.7"
0,0,"ENSG00000247624.6"
0,0,"ENSG00000137449.16"
0,0,"ENSG00000249252.5"
0.0876459118217347,0.595091463532637,"ENSG00000163145.12"
0,0.677121608081832,"ENSG00000048342.16"
0,0,"ENSG00000118564.15"
0.184895476007919,0,"ENSG00000237765.7"
0.298762413627598,0.187314596508226,"ENSG00000109743.11"
0,0.355414294271866,"ENSG00000004468.13"
0.01139522501748,0.868870690890792,"ENSG00000137441.8"
0,0.281178851977203,"ENSG00000169762.17"
0,0,"ENSG00000263327.6"
0,0,"ENSG00000286888.1"
0.143753675363015,0.00137436245336721,"ENSG00000169744.13"
5.70721671351137e-15,0.0470086829525926,"ENSG00000151552.12"
0,0,"ENSG00000002549.12"
0.267044975714611,0.171699114039199,"ENSG00000249502.3"
0,0,"ENSG00000118579.13"
0,0,"ENSG00000163257.11"
0.171476374017099,0.366762767152896,"ENSG00000109805.10"
4.26631736695346e-10,0.208282456513596,"ENSG00000178177.15"
0,0.0673406890365581,"ENSG00000235413.3"
1.07936589962438e-14,0.0449069567168709,"ENSG00000145147.20"
0,0.207787963342346,"ENSG00000163138.19"
0,0,"ENSG00000185774.16"
0,0,"ENSG00000250039.4"
1.72964025637406e-21,0.17758310109098,"ENSG00000152990.14"
0,0,"ENSG00000237350.1"
0.343661543777839,0.327818889776674,"ENSG00000109819.9"
3.41788150950848e-16,0.221519564303414,"ENSG00000109606.13"
0.0302842276248438,0.558432238304981,"ENSG00000109610.6"
0,0.0641662919533998,"ENSG00000181982.18"
0,0.0289846653940518,"ENSG00000153012.12"
0,0,"ENSG00000109618.12"
0,0,"ENSG00000281501.1"
0,0,"ENSG00000038210.14"
8.91747857081476e-11,0.16227825857496,"ENSG00000168228.15"
0.194355918129514,0.312592778246817,"ENSG00000053900.10"
0.135012707527252,0,"ENSG00000157765.13"
0.076450550294564,0.65042893986815,"ENSG00000091490.11"
0,0,"ENSG00000250317.8"
3.94170719560437e-10,0.31979585648787,"ENSG00000168214.20"
0,0,"ENSG00000109680.11"
2.37066913409926e-12,0.0667469752025428,"ENSG00000109689.16"
0.0619174851834368,0.377458890861376,"ENSG00000169851.15"
1.38542248667461e-11,0.802731583281946,"ENSG00000047365.12"
0.155462495361402,0.212977114943006,"ENSG00000174145.8"
0.0078603214346398,0.741288644549165,"ENSG00000154274.15"
0,0,"ENSG00000181826.10"
0,0,"ENSG00000169299.14"
2.33253327511639e-20,0.0516105019228012,"ENSG00000065882.16"
0.152027734517108,0.0709832937512169,"ENSG00000231160.10"
0,0.172507355963714,"ENSG00000109787.13"
0,0.302851986685133,"ENSG00000174125.8"
0,0.260517698056761,"ENSG00000174130.12"
0.00655317719467224,0.454978602595928,"ENSG00000197712.12"
0.4021236019153,0.234901203162663,"ENSG00000121895.8"
0,0.0973286028970739,"ENSG00000109790.16"
0,0,"ENSG00000249207.2"
4.67915386866462e-17,0.170177090290818,"ENSG00000249685.1"
0,0.291848147078989,"ENSG00000157796.18"
0,0.156239909093852,"ENSG00000035928.16"
0.0393709541580778,0.312324717606792,"ENSG00000134962.7"
0.192813959518937,0,"ENSG00000163682.16"
0,0,"ENSG00000121897.15"
0,0,"ENSG00000109814.12"
0,0.233060187223535,"ENSG00000249348.1"
5.44144605856484e-11,0.0630763436191827,"ENSG00000287262.1"
0,0.614411922069423,"ENSG00000163683.12"
2.17383266982296e-19,0.0568179844839124,"ENSG00000286349.1"
0.120534714515861,4.00636006632277e-14,"ENSG00000255458.7"
0.235152861012664,0.0829120685213523,"ENSG00000078140.14"
6.38216894409678e-11,0.00361944968365327,"ENSG00000180610.10"
0,0,"ENSG00000121892.15"
0,0,"ENSG00000231707.4"
0,0,"ENSG00000078177.14"
0,0,"ENSG00000260296.1"
0.0406003585987484,0.745283292009298,"ENSG00000168421.13"
0,0.142246130277606,"ENSG00000163694.15"
6.75898322922489e-11,0.3548392914213,"ENSG00000179299.17"
0.0302959198364858,0,"ENSG00000163697.17"
0,0,"ENSG00000154277.13"
0.0868536427740426,0.393529652416119,"ENSG00000064042.18"
0,0.60842491862709,"ENSG00000239627.3"
0,0.405067020075457,"ENSG00000287762.1"
3.9451549132377e-12,0.119478328831633,"ENSG00000109133.13"
0,0,"ENSG00000182308.7"
0,0,"ENSG00000014824.14"
0.00735985650748914,1.71568968257886e-07,"ENSG00000249212.1"
0.125615941160919,0.496097629671855,"ENSG00000188848.16"
0.256294527371097,0.265780154660768,"ENSG00000124406.16"
0.129015300237014,0.379804226629563,"ENSG00000183783.7"
0.307586229499184,0.238791264148946,"ENSG00000151806.14"
0,0,"ENSG00000163281.12"
0,0.00416240679058056,"ENSG00000169019.11"
7.04981801676209e-14,0.368659993644534,"ENSG00000145246.14"
0,0,"ENSG00000145244.12"
0,0,"ENSG00000259959.1"
0,0,"ENSG00000170448.12"
6.07961089821261e-14,0.318009527078537,"ENSG00000074966.11"
0,0,"ENSG00000135605.13"
0,0.111093623088967,"ENSG00000109171.15"
0,0.295512781473504,"ENSG00000075539.14"
3.54547309021151e-12,0.190801086802643,"ENSG00000109180.14"
1.85401591075701e-19,0.121090944471773,"ENSG00000145247.12"
0,0,"ENSG00000109184.15"
0,0,"ENSG00000250473.1"
0,0,"ENSG00000188993.3"
0,0.488506575408707,"ENSG00000163069.12"
0,0.259763270827877,"ENSG00000163071.11"
0,0,"ENSG00000109189.13"
0,0,"ENSG00000248866.1"
0,0,"ENSG00000226950.7"
0.0939799322930584,0.422221645844992,"ENSG00000212588.1"
0,0,"ENSG00000184178.16"
0.0714732377884361,0.344204939114544,"ENSG00000248115.1"
0,0,"ENSG00000145216.16"
0.0107620266783977,0,"ENSG00000072201.14"
0.56337809775587,0.0381506519606673,"ENSG00000229585.4"
3.58903574286201e-18,0.574062827231675,"ENSG00000109220.11"
0,0,"ENSG00000269506.2"
0,0,"ENSG00000287534.1"
0,0.43590861373675,"ENSG00000134853.12"
1.438744635352e-12,0.757303384984107,"ENSG00000157404.15"
0,0,"ENSG00000128052.10"
0,0,"ENSG00000128039.11"
0.282470167900616,0.0630307788023065,"ENSG00000249700.9"
0,0,"ENSG00000134851.13"
0,0,"ENSG00000134852.15"
0,0,"ENSG00000090989.18"
0,0,"ENSG00000286599.1"
0.128597384266389,0.261769280400532,"ENSG00000174799.11"
0.200742799028166,0.481664208000712,"ENSG00000109265.14"
4.66165961153906e-11,0.29370224909754,"ENSG00000157426.14"
0,0,"ENSG00000269921.1"
0.0312294669723558,0,"ENSG00000128059.8"
0,0,"ENSG00000283156.1"
2.13807601536263e-12,0.0451220023534341,"ENSG00000128050.8"
0.0773810947125963,0,"ENSG00000174780.17"
0,0.0626862455911062,"ENSG00000196503.4"
0.0664165596561666,0.327714431045284,"ENSG00000171476.22"
0,0,"ENSG00000084093.17"
0.110793978635759,0.291214630907937,"ENSG00000084092.7"
0,0,"ENSG00000047315.16"
0,0,"ENSG00000163453.11"
0,0,"ENSG00000250384.1"
1.15212002715861e-12,0.430379599062668,"ENSG00000150471.16"
0,0,"ENSG00000145242.13"
0,0,"ENSG00000243199.1"
0,0.150691999398786,"ENSG00000145241.11"
0.167656389086404,0.385210873381663,"ENSG00000035720.8"
0,0,"ENSG00000033178.13"
0.0990013794377726,0,"ENSG00000248049.7"
0.566183508349242,0.0213680480477869,"ENSG00000109163.6"
0.334844284438881,1.38549123099869e-11,"ENSG00000153802.12"
0,0,"ENSG00000187054.15"
7.15320092733065e-12,0.277916929237563,"ENSG00000083896.12"
0.177347298908457,0.362466206220856,"ENSG00000162840.4"
0.0530961987385727,0.804554523721005,"ENSG00000132465.11"
0,0,"ENSG00000132467.4"
0,0.119050590307261,"ENSG00000018189.13"
0,0,"ENSG00000132463.14"
0,0.0852383392510556,"ENSG00000173542.8"
0.334803443969785,0,"ENSG00000156136.10"
1.30247755357125e-13,0.704963927436295,"ENSG00000080493.17"
0.44957229837386,0.0520291972133422,"ENSG00000156140.10"
0,0.740650495648855,"ENSG00000163626.16"
0,0,"ENSG00000132466.19"
0,0,"ENSG00000250220.1"
0,0.37783816307135,"ENSG00000169435.14"
0,0.206089668355492,"ENSG00000169429.11"
0,0,"ENSG00000124875.10"
0,0.143304081239063,"ENSG00000109272.4"
0,0.481020440890343,"ENSG00000163739.5"
0.0709702758759074,0.440768504718364,"ENSG00000163737.4"
0.156544087973796,0.573515345494241,"ENSG00000163736.4"
0.089992003032686,0.206643598965195,"ENSG00000163735.7"
0.0867425913179675,0.158752216653953,"ENSG00000244194.3"
0.137184842470015,0.396562474207262,"ENSG00000163734.4"
0.0324662422876753,0.158463424549384,"ENSG00000081041.9"
0,0,"ENSG00000163738.18"
0.0388432102341308,0.707898242940853,"ENSG00000182585.10"
0.187483008032558,0.589986610794305,"ENSG00000124882.4"
1.85136094943043e-13,0.51442394406331,"ENSG00000109321.11"
0.10435686521108,0.413685126032205,"ENSG00000174808.12"
0,0,"ENSG00000169116.11"
0,0,"ENSG00000163743.13"
0,0,"ENSG00000174796.12"
0,0,"ENSG00000138757.14"
1.21457435117874e-13,0.232757077836401,"ENSG00000138768.14"
0,0,"ENSG00000138744.16"
0,0,"ENSG00000198301.12"
0,0.174063449812782,"ENSG00000138755.6"
0.0451244489112649,0.580806600284051,"ENSG00000169245.6"
0,0,"ENSG00000138750.15"
0,0,"ENSG00000138760.10"
0.0756179190478552,0.326478469230969,"ENSG00000189157.14"
0,0,"ENSG00000118804.8"
0.208128075037545,0,"ENSG00000163749.17"
0.092459798722102,0.174403278024653,"ENSG00000138771.16"
0.138224689447371,0.0816262606764259,"ENSG00000138758.11"
0,0,"ENSG00000234036.4"
0.311078867699478,7.24100728633227e-14,"ENSG00000118816.10"
0,0,"ENSG00000138764.15"
6.48895036679834e-14,0.250373628537117,"ENSG00000138767.13"
0,0,"ENSG00000169288.18"
5.0201986509349e-17,0.196826318451523,"ENSG00000138759.19"
0,0,"ENSG00000249565.2"
0.265060095352908,0.0353477643771522,"ENSG00000138772.13"
0.161677025111052,0.382187421358235,"ENSG00000251442.6"
0,0,"ENSG00000260278.1"
0.165180138864634,0.552067418760244,"ENSG00000138756.17"
0.136746204342896,0.289209783271214,"ENSG00000163291.14"
2.04896399545396e-13,0.0687078725402173,"ENSG00000242175.3"
0,0.155763151830057,"ENSG00000249307.7"
0,0.26612484479698,"ENSG00000163297.17"
0,0,"ENSG00000152784.15"
0,0,"ENSG00000138675.16"
0,0,"ENSG00000197826.11"
0.0916055965907397,4.39176284289186e-11,"ENSG00000152785.7"
0,0,"ENSG00000138670.17"
0,0,"ENSG00000273156.2"
0.473412404738232,0.345824921769416,"ENSG00000138668.19"
0,0.188418649675468,"ENSG00000152795.17"
0,0,"ENSG00000145293.16"
7.66878880223427e-13,0.424774650110236,"ENSG00000249242.8"
0,0,"ENSG00000145284.12"
1.2853782823345e-10,0.167779049956684,"ENSG00000138674.17"
0.194268935999172,0.145862288343447,"ENSG00000251022.6"
0,0,"ENSG00000168152.13"
0,0,"ENSG00000189308.11"
0.0115898465653437,0,"ENSG00000138663.9"
0.213306663299177,0.514934074827709,"ENSG00000145287.10"
0,0,"ENSG00000173085.14"
0.0883420488386056,0,"ENSG00000173083.15"
0,0,"ENSG00000163312.11"
0,0,"ENSG00000163319.11"
0.353299611206816,5.18034659940028e-13,"ENSG00000163322.14"
0,0.427283755788003,"ENSG00000138678.11"
0,0,"ENSG00000163624.6"
0,0,"ENSG00000163625.15"
0.0726390686790967,5.07909919573117e-12,"ENSG00000180769.10"
0,0,"ENSG00000201901.1"
0,0,"ENSG00000138639.18"
0,0.35846598961888,"ENSG00000109339.23"
6.37331305067168e-12,0.437039697691096,"ENSG00000163629.13"
0.0856222603100739,0,"ENSG00000145283.8"
0,0,"ENSG00000251411.1"
0,0,"ENSG00000284968.1"
0,0.136615456319616,"ENSG00000172493.20"
0,0,"ENSG00000145332.14"
0,0.0953462762736399,"ENSG00000248180.1"
0,0,"ENSG00000170509.12"
0,0,"ENSG00000198189.11"
0.246716868522963,0.237926366949962,"ENSG00000170502.13"
0,0.0774583110404179,"ENSG00000152583.12"
0,0.862413538086771,"ENSG00000152592.14"
3.09829405530267e-14,0.755048842063933,"ENSG00000029559.7"
0.0282880315113555,0.827895973996395,"ENSG00000152595.16"
2.10995991285399e-13,0.296536645041057,"ENSG00000183199.6"
0,0.813215047151364,"ENSG00000118785.14"
3.8796702553637e-22,0.140526806980355,"ENSG00000118762.8"
0,0.831289266775312,"ENSG00000118777.12"
0,0.438727532787688,"ENSG00000163644.15"
0,0,"ENSG00000138642.14"
0,1.94466984971475e-15,"ENSG00000138646.9"
1.45418295241473e-19,0.103876501139388,"ENSG00000145337.5"
4.84006215819887e-11,0.443546758998694,"ENSG00000138641.18"
0,0.0580186374773935,"ENSG00000177432.8"
0.0825984988540793,0.248810344853011,"ENSG00000248019.3"
0.0475046333728095,0.324726522572046,"ENSG00000138640.15"
0,0,"ENSG00000180346.3"
9.23192296188059e-16,0,"ENSG00000185477.5"
0.276874293068692,0.547544729517672,"ENSG00000145335.15"
0,0.493559712045099,"ENSG00000138722.10"
0,0,"ENSG00000184305.15"
0,0.0760412770640181,"ENSG00000187653.11"
0,0.166131175103494,"ENSG00000163104.17"
0,0,"ENSG00000163106.11"
0,0,"ENSG00000163110.15"
0.235478068406434,0.281631076337186,"ENSG00000138696.11"
1.3472103348409e-11,0.553260426850792,"ENSG00000182168.15"
2.92719660487267e-19,0.662040775941596,"ENSG00000271474.1"
0,0,"ENSG00000242697.2"
0,0,"ENSG00000138698.14"
0.218637215449964,0.592340184905768,"ENSG00000168785.8"
0.0694223666217769,0.529330453461748,"ENSG00000260641.1"
0,0,"ENSG00000151247.12"
0,0,"ENSG00000164024.12"
4.23557961583059e-16,0.0267795279154663,"ENSG00000272777.1"
6.59427575604182e-09,0.338868468470296,"ENSG00000197894.11"
0,0.11549676233226,"ENSG00000246090.7"
0,0,"ENSG00000198099.8"
0.0355520299898242,0.397601503657735,"ENSG00000172955.17"
0.0602933294442312,0.595844763328724,"ENSG00000187758.8"
0.128522649796799,0.385039633511819,"ENSG00000196616.14"
0.0198618263181628,0.669121380740098,"ENSG00000248144.6"
0,0,"ENSG00000145331.14"
0.223938004839745,0.633030896322166,"ENSG00000070190.13"
0,0,"ENSG00000109270.13"
1.71013441734855e-12,0.27451031825658,"ENSG00000164031.17"
0.131667771399877,0.368262391897758,"ENSG00000164032.12"
0.702789437964474,0,"ENSG00000245322.7"
4.73378395306596e-15,0.0296514133508744,"ENSG00000145358.6"
0,0,"ENSG00000164035.10"
0,0,"ENSG00000138814.17"
0,0,"ENSG00000254531.1"
0,0,"ENSG00000153064.12"
0,0.475421138177495,"ENSG00000138821.13"
0,0,"ENSG00000248161.5"
0,0.600080300703802,"ENSG00000109320.13"
1.78460273945681e-09,0.206360462646093,"ENSG00000109323.11"
0.0759243275819431,0.140315695959382,"ENSG00000230069.3"
1.02157769487953e-16,0.426699774921471,"ENSG00000248971.2"
0,0,"ENSG00000251288.2"
0,0.0854307694461189,"ENSG00000109332.20"
0,0,"ENSG00000286242.1"
0.00982636812579166,0,"ENSG00000246560.2"
1.9279314532987e-12,0.120856578534385,"ENSG00000145354.12"
0,0,"ENSG00000164037.17"
0,0,"ENSG00000164038.16"
0,0.353183778239199,"ENSG00000164039.15"
0.272119104603212,0.318092985318448,"ENSG00000138778.12"
0.514503565215227,0,"ENSG00000168772.11"
0.232873331949127,0.275097738904588,"ENSG00000251259.1"
0,0.12410820280622,"ENSG00000168769.13"
0,0,"ENSG00000251586.1"
0,0,"ENSG00000138777.20"
0,0,"ENSG00000249264.1"
0,0,"ENSG00000138785.15"
1.69434176713847e-13,0.189082163973634,"ENSG00000138780.14"
0.0513936082208917,0.715941947732258,"ENSG00000168743.12"
3.40255341324775e-12,0.651792754163774,"ENSG00000145348.16"
9.24261651583954e-12,0.397753520227089,"ENSG00000164022.17"
0.133390091278498,0.571315821028249,"ENSG00000155011.9"
0,0,"ENSG00000138801.9"
0.054526115839017,0,"ENSG00000164023.14"
1.04780168124176e-13,0.0498151076769718,"ENSG00000245293.3"
0,0,"ENSG00000155016.18"
7.89796857423773e-15,0.115781105941595,"ENSG00000249604.1"
0.0383959343368404,0.488628081224768,"ENSG00000138796.16"
4.4465666870062e-11,0.630318338790143,"ENSG00000138795.10"
0.0720389375317664,0.530707741215261,"ENSG00000232021.7"
0,0.0161652082297577,"ENSG00000109475.16"
0,0,"ENSG00000198856.13"
1.02422342850937e-14,0.0235349148628273,"ENSG00000188517.16"
0.36429564959799,0.214375296483566,"ENSG00000247950.7"
0,0.12498346925401,"ENSG00000138802.11"
0.0587270407599036,0.208067591261712,"ENSG00000005059.16"
0.182875340280754,0.0452041470620039,"ENSG00000138794.10"
0.322104037468409,0.229987999964531,"ENSG00000273447.1"
0,0,"ENSG00000123739.11"
0.122048241783866,0.481310908264982,"ENSG00000109534.17"
0,0,"ENSG00000180245.6"
0,0.4279312371412,"ENSG00000138798.13"
2.01449968737932e-12,0.412575379545669,"ENSG00000170522.9"
0.138122089989357,0.72151320070043,"ENSG00000138792.10"
0,0,"ENSG00000174749.6"
0,0,"ENSG00000260526.1"
0,0,"ENSG00000138660.12"
0,0.122038979308989,"ENSG00000145365.11"
0,0,"ENSG00000073331.18"
0,0.0404343726993431,"ENSG00000251441.3"
0.0545966681394277,0.384560786402618,"ENSG00000138658.15"
0,0.0471647825326504,"ENSG00000174720.16"
0,0.444712484973986,"ENSG00000145362.19"
0.0446986593894262,0,"ENSG00000248152.2"
0,0,"ENSG00000145349.17"
0,0.138921921306403,"ENSG00000180801.14"
0,0,"ENSG00000249304.1"
0.127142082806176,0,"ENSG00000174599.5"
0,4.84931463175976e-15,"ENSG00000269893.8"
0,0,"ENSG00000164099.3"
0,0,"ENSG00000260404.3"
0.0107563149452866,4.94981482530416e-10,"ENSG00000248213.3"
0,0,"ENSG00000145388.15"
0,0,"ENSG00000150961.15"
0.164315299803802,0.0464834990268478,"ENSG00000172403.11"
0,0,"ENSG00000178636.8"
5.58328139261788e-12,0.375264614578636,"ENSG00000145390.11"
0,0.393761122994373,"ENSG00000164096.13"
0.344222062889089,5.28198564454303e-19,"ENSG00000283050.2"
0,0,"ENSG00000245958.6"
0,0.361901631354397,"ENSG00000138735.16"
0,0.181007038083624,"ENSG00000164109.14"
0,0,"ENSG00000250938.6"
2.98196819976707e-13,0.234662060561319,"ENSG00000138738.10"
0.106289570063593,0.295221991394064,"ENSG00000251609.2"
0.118323893423234,0.667834291294052,"ENSG00000173376.14"
1.70371302143679e-18,0.0923279583415039,"ENSG00000050730.16"
1.97900625469904e-24,0.559984434793176,"ENSG00000164111.15"
0.0561776992633907,0,"ENSG00000123737.12"
0.100072810685425,0.383836748318696,"ENSG00000145386.10"
0,0,"ENSG00000138686.10"
1.96920123251795e-09,0.486346601209016,"ENSG00000138741.11"
5.90146090041398e-22,0.185537559557727,"ENSG00000138688.15"
1.31961161129802e-12,0.222242687394275,"ENSG00000224786.2"
0,0,"ENSG00000181004.10"
0.0807792276649013,0.572969796163258,"ENSG00000138685.15"
6.80662564141035e-09,0.540357247569392,"ENSG00000240775.1"
0.248405934504062,0.403821275346125,"ENSG00000273007.2"
0.235972457701594,0.0813551209376629,"ENSG00000170917.14"
0,0,"ENSG00000145375.8"
2.54698747619999e-18,0.171817801721222,"ENSG00000164056.11"
0.442350381245383,1.08792620260332e-12,"ENSG00000249464.6"
0,0.152781644094534,"ENSG00000261083.3"
0,0,"ENSG00000151458.12"
1.80570827325099e-11,0.05706875847994,"ENSG00000196159.11"
0,0,"ENSG00000248491.6"
0.343199372593242,8.86867215961368e-10,"ENSG00000287101.1"
0.274482116152692,0.442486676218324,"ENSG00000164066.13"
0.0243835462562059,0.284410778997559,"ENSG00000164070.12"
0,0,"ENSG00000261668.1"
0.0819781392010728,3.14549397757443e-14,"ENSG00000142731.11"
0,0,"ENSG00000164073.10"
0.085662576194702,0.39177336117232,"ENSG00000164074.15"
0,0,"ENSG00000138709.19"
0,0,"ENSG00000248394.1"
0,0.505540697654321,"ENSG00000164040.18"
2.06821769131772e-07,0.548961058914204,"ENSG00000251432.7"
0.0728383788325075,0.0883862568782324,"ENSG00000077684.16"
0.0283676678697511,0.167559523506777,"ENSG00000151466.12"
2.52547513747943e-12,0.233675256290266,"ENSG00000151470.13"
0,0,"ENSG00000250102.6"
0.136904294769304,0,"ENSG00000184139.8"
0,0.237403383400478,"ENSG00000138650.9"
0,0,"ENSG00000254535.4"
0.232630685594131,0.00676020686075186,"ENSG00000241411.1"
0.101695728638869,0.286441177824738,"ENSG00000248869.7"
0,0,"ENSG00000250341.1"
0,0,"ENSG00000250813.1"
1.31557430155717e-18,0.326866087075758,"ENSG00000189184.11"
0,0,"ENSG00000250033.5"
0.0493952748123943,0.0911236272175412,"ENSG00000151012.13"
0,0.0227253586054965,"ENSG00000151014.6"
1.34935003695075e-13,0.0836185692906626,"ENSG00000109381.19"
0,0.235513120146951,"ENSG00000179967.11"
0,0,"ENSG00000109390.12"
0,0,"ENSG00000164134.13"
0,0.0626919550751899,"ENSG00000273247.5"
0,0.031298763917998,"ENSG00000248863.2"
0.0962083910631371,0.449195612365231,"ENSG00000172007.7"
0.0390225558759854,0.371818869756947,"ENSG00000145391.13"
0.0870192157903912,0.216769450730775,"ENSG00000272717.1"
0,0,"ENSG00000085871.9"
0,0,"ENSG00000196782.12"
0,0.0168358582684939,"ENSG00000250698.1"
0.0310434608552814,3.7376148161918e-14,"ENSG00000153130.17"
0.0774544726334129,0,"ENSG00000196951.11"
2.73289960295324e-12,0.23683299885687,"ENSG00000153132.13"
0,0,"ENSG00000179387.10"
0,0,"ENSG00000109436.8"
0,0,"ENSG00000249661.1"
0,0,"ENSG00000273472.1"
6.52524722065765e-11,0.246527720956177,"ENSG00000170153.11"
0,0,"ENSG00000109445.11"
0.0600722399354089,0.150102379388756,"ENSG00000248810.2"
0,0,"ENSG00000164136.17"
5.48279287139689e-13,0.257156293833576,"ENSG00000109452.12"
0,0,"ENSG00000250326.2"
0,0.00575618988299558,"ENSG00000170185.10"
0,0,"ENSG00000109458.8"
1.73961450866318e-11,0.602673889940302,"ENSG00000228981.3"
0,0.590756580160905,"ENSG00000286771.1"
0,0.195792256416624,"ENSG00000243175.1"
0,0,"ENSG00000245112.2"
0,0,"ENSG00000153147.6"
8.92106743556105e-19,0.0921275667745775,"ENSG00000251600.8"
3.3634768320253e-19,0.279287640414022,"ENSG00000197465.14"
0,0.412549994181397,"ENSG00000249741.2"
0.145361891373229,0.432409874708919,"ENSG00000250361.8"
0.126484470061664,0.45915920782954,"ENSG00000170180.22"
0.490057196778183,0.0906408201307675,"ENSG00000164161.10"
0.0891235343174636,0.0644658927203241,"ENSG00000164162.14"
0,0,"ENSG00000222594.1"
0,0,"ENSG00000164163.11"
0,0,"ENSG00000164164.17"
0.0825487733587877,0.388359212008706,"ENSG00000251333.3"
0,0,"ENSG00000170365.10"
0.283964935684355,0.0858090607749654,"ENSG00000250582.1"
0,0,"ENSG00000151611.16"
0,0,"ENSG00000151612.18"
8.80266322568072e-14,0.021558345469407,"ENSG00000279481.1"
0,0.293672934838057,"ENSG00000164167.12"
0,0.275477623756293,"ENSG00000120519.14"
3.83403995665946e-14,0.0663124396403508,"ENSG00000151617.17"
0.054766270473722,0,"ENSG00000280219.1"
0.107833641562571,0.0781188980851985,"ENSG00000251254.1"
1.25538478614127e-11,0.22139530963737,"ENSG00000164168.8"
0,0,"ENSG00000164169.13"
0,0.171996376779303,"ENSG00000071205.12"
0,0,"ENSG00000270387.1"
0.094867797138499,0.469317963279324,"ENSG00000151623.15"
0,0,"ENSG00000170390.16"
0,0,"ENSG00000198589.13"
0,0,"ENSG00000249690.1"
1.08142219837012e-10,0.611569378521348,"ENSG00000181541.6"
0.262002482041399,0.176887151770014,"ENSG00000145425.10"
6.28634559515979e-08,0.413470515742649,"ENSG00000109686.18"
1.54038042256603e-10,0.235044589808276,"ENSG00000270681.1"
0,0.29679770275953,"ENSG00000249012.2"
0,0,"ENSG00000189099.11"
0.0632865904987123,0.441395456176191,"ENSG00000164142.16"
5.5506324440377e-10,0.0676266330977539,"ENSG00000059691.12"
0.290602619869198,0.428992195320014,"ENSG00000109670.16"
0,0,"ENSG00000287555.1"
0,0,"ENSG00000268471.6"
0.071647570274068,0.676716696314097,"ENSG00000170006.12"
0,0,"ENSG00000164144.16"
8.74726533282993e-15,0.45790375054502,"ENSG00000287642.1"
0.076608476382608,0.707262343135694,"ENSG00000137460.8"
1.00706662939421e-10,0.446809466162912,"ENSG00000109654.15"
0,0,"ENSG00000213406.3"
1.08409486923489e-13,0.0110280809577965,"ENSG00000121211.8"
4.0088377028237e-13,0.339675229850126,"ENSG00000121210.16"
0,0.400977062464731,"ENSG00000137462.8"
0.25863839090325,0.153167452436001,"ENSG00000145428.14"
5.83452761756709e-21,0.616707253640856,"ENSG00000145423.5"
0,0,"ENSG00000280241.4"
0,0,"ENSG00000197410.14"
6.85504528185033e-19,0.237597384564332,"ENSG00000171566.12"
0.00939957175290409,5.65725549897982e-15,"ENSG00000164114.19"
0.654204678834911,4.17848779839582e-12,"ENSG00000164116.16"
0.261499132848474,0.137095759561998,"ENSG00000260244.1"
0.128573823622465,0.528412385588389,"ENSG00000061918.13"
0.0922023823938513,0,"ENSG00000151790.9"
0,0.161658547126909,"ENSG00000256043.3"
0,0,"ENSG00000145431.11"
0.21633858391622,0,"ENSG00000248629.1"
0.0519503728021277,0.302037192503945,"ENSG00000109738.11"
0,0,"ENSG00000164125.15"
0,0.316931817336249,"ENSG00000248429.5"
0,0.108120518789198,"ENSG00000164124.11"
0.16642924042329,0.146812373587605,"ENSG00000251429.1"
0,0,"ENSG00000171509.16"
0,0,"ENSG00000205208.5"
0.0115541170191461,0.316696065620175,"ENSG00000171503.12"
0,0.551572176313508,"ENSG00000171497.5"
0,0,"ENSG00000052795.13"
0,0.482151516066854,"ENSG00000109756.9"
0.53191549560896,0.170267061067388,"ENSG00000250027.1"
0,0,"ENSG00000145414.9"
0,0,"ENSG00000164128.7"
0.0909286206381735,0.135412860198961,"ENSG00000164129.12"
0,0,"ENSG00000198498.10"
4.12915535254101e-15,0.00604518370191938,"ENSG00000145416.13"
0.0472952272600497,0,"ENSG00000273449.1"
0.257743988463342,0.435156745876986,"ENSG00000248546.3"
0,0,"ENSG00000183439.9"
0,0,"ENSG00000250486.4"
0.0946422540501184,0.27905453636734,"ENSG00000170088.14"
3.98203588535344e-12,0.0728464345851706,"ENSG00000109466.14"
0,0,"ENSG00000052802.13"
0.014723685636089,0.49195910310983,"ENSG00000109472.14"
0,0,"ENSG00000038295.8"
2.0529185621941e-10,0.452995836460485,"ENSG00000137628.17"
0,0.394324929625918,"ENSG00000181381.13"
3.35735486680944e-10,0.329460484936051,"ENSG00000129116.19"
0,0,"ENSG00000214676.4"
0,0,"ENSG00000249609.1"
0,0,"ENSG00000279384.1"
0,0,"ENSG00000145439.12"
0.123589281339273,0.321225376027711,"ENSG00000154447.15"
0,0,"ENSG00000251171.1"
0,0.0220156621604257,"ENSG00000137601.16"
0,0.175409275485232,"ENSG00000286302.1"
0,0,"ENSG00000109572.14"
0,0,"ENSG00000056050.7"
1.36880895454237e-16,0.164624861713114,"ENSG00000198948.12"
4.67544765668905e-13,0.290673915606705,"ENSG00000109576.14"
7.67473210133006e-13,0.0332259958100666,"ENSG00000181359.5"
0,0,"ENSG00000245213.7"
0.162305017111187,0.202670068433346,"ENSG00000109586.12"
0.30563374198866,0.418301119083426,"ENSG00000164104.12"
0,0,"ENSG00000272870.3"
0.270489709179751,0.434675177219344,"ENSG00000164105.4"
0,0,"ENSG00000164106.8"
0.246572728653084,0.498145245290129,"ENSG00000288025.1"
0,0,"ENSG00000242882.1"
1.37662559378312e-19,0.151336510952318,"ENSG00000261646.1"
0.428776340198167,1.52150264933701e-08,"ENSG00000286039.1"
1.30848773797332e-17,0.163577145080899,"ENSG00000164107.8"
0,0.75260250579416,"ENSG00000237125.10"
0,0,"ENSG00000164117.13"
0.00413224107631073,0.497540853397961,"ENSG00000164118.13"
0,0,"ENSG00000164120.14"
0,0.395900920518922,"ENSG00000150625.16"
0,0,"ENSG00000150627.15"
0,0,"ENSG00000129128.13"
0.067932694940975,0.865836256028473,"ENSG00000150630.4"
0.201217217255204,0.44393532268664,"ENSG00000109674.4"
0,0,"ENSG00000038002.9"
0,0,"ENSG00000250131.2"
0.108755716574787,0.54530644241499,"ENSG00000177822.8"
0.109566091187458,0.596065543179074,"ENSG00000218336.9"
0,0,"ENSG00000129187.14"
0,0,"ENSG00000251359.4"
0.0184275271421752,0.0389927761684056,"ENSG00000151718.16"
0,0,"ENSG00000168564.6"
0.0389629567185547,2.53823889567238e-11,"ENSG00000232648.4"
0.156724510064528,0.236004520599314,"ENSG00000168556.7"
0,0.00782561537240064,"ENSG00000182552.15"
0.00505935464383676,0,"ENSG00000168538.16"
0,0,"ENSG00000173320.12"
0,0,"ENSG00000249096.7"
0.306922534260601,0.18606774377047,"ENSG00000168310.11"
0,0,"ENSG00000270426.1"
0,0,"ENSG00000271646.1"
0.320750478025932,1.66813451001215e-12,"ENSG00000271538.6"
0,0,"ENSG00000164305.19"
0,0,"ENSG00000164306.11"
1.10144655505173e-16,0.0940309338973921,"ENSG00000151725.12"
0.0465594453771322,0.337091191112547,"ENSG00000151726.14"
0,0,"ENSG00000249138.1"
0,0,"ENSG00000251139.2"
0,0,"ENSG00000286256.2"
0,0,"ENSG00000251230.6"
0.00770566172272971,0.219949959125926,"ENSG00000249173.6"
0.016952763467421,0.288617006982055,"ENSG00000151729.11"
0,0,"ENSG00000164323.14"
0.0284947085678428,0.520372759172495,"ENSG00000109762.16"
0,0,"ENSG00000109771.15"
0,0,"ENSG00000186352.9"
7.9256311178121e-16,0.0296815457697535,"ENSG00000109775.11"
7.99802688536232e-21,0.107388774949032,"ENSG00000205129.8"
0,0,"ENSG00000168491.10"
6.00832911946129e-15,0.593980977258414,"ENSG00000154553.15"
0,0.422306649640026,"ENSG00000154556.18"
0.184961965832214,3.37759240023839e-21,"ENSG00000233110.1"
0,0.00571854779214461,"ENSG00000235902.1"
0,0,"ENSG00000164342.12"
0.0554158641153516,0.532311947323879,"ENSG00000109794.13"
0.118453903690928,0.248821713026427,"ENSG00000250327.1"
0,0.0244651745913441,"ENSG00000279943.1"
0.161957833785341,4.99863969367512e-20,"ENSG00000145476.16"
2.42810817804656e-15,0.0207778114907592,"ENSG00000164344.16"
0.0873970650413794,0.440460835559155,"ENSG00000083857.14"
0,0,"ENSG00000287169.1"
0,0.483866383204659,"ENSG00000250971.3"
7.14992429981514e-15,0.189741474477867,"ENSG00000249378.6"
0.146744353694696,0.0107699153272165,"ENSG00000180015.12"
0,0,"ENSG00000245685.7"
0,0,"ENSG00000109536.12"
0,0.0719598165545609,"ENSG00000153404.14"
0,0.118064881498257,"ENSG00000164366.4"
0.023089533720686,0.165212315576116,"ENSG00000260774.1"
0,0,"ENSG00000073578.17"
0,0,"ENSG00000286001.1"
0,0,"ENSG00000249915.8"
0,0,"ENSG00000286169.1"
0,0,"ENSG00000063438.17"
1.55676946756968e-11,0.404236306573805,"ENSG00000221990.4"
0.513103975362962,0.162708554625073,"ENSG00000180104.16"
0.0101275848016213,6.34425621177707e-07,"ENSG00000066230.12"
0,0,"ENSG00000225138.8"
2.4084508560504e-19,0.225402693966531,"ENSG00000112877.8"
0,0.565996802987341,"ENSG00000171368.12"
6.75252031628058e-14,0.713185271106905,"ENSG00000206077.11"
0,0.154279375719561,"ENSG00000188818.12"
5.85182417917712e-16,0.250400595397763,"ENSG00000028310.18"
0.0642776915688453,0.181329431258065,"ENSG00000071539.14"
0,0.422736538451231,"ENSG00000145506.14"
0,0.087293390429756,"ENSG00000113504.21"
0.0658692673039069,0.371178453727147,"ENSG00000164362.20"
0,0.0673893742710849,"ENSG00000049656.14"
0.0128145839422667,0.00127432675288324,"ENSG00000286388.1"
8.83640904208976e-21,0.540620072874158,"ENSG00000153395.10"
4.75630308881895e-20,0.101418186063955,"ENSG00000185986.12"
0,0,"ENSG00000188002.10"
0,0,"ENSG00000232615.4"
1.31897412203534e-19,0.130398595781222,"ENSG00000171421.13"
0.0143994725927793,0,"ENSG00000145494.11"
0.19362686441396,0.106649092986776,"ENSG00000248994.2"
0,0,"ENSG00000170561.13"
7.1509551456564e-24,0.0925150238171989,"ENSG00000186493.12"
0.147895243702221,0.369563644899622,"ENSG00000170549.4"
0,0.871160550795264,"ENSG00000145536.15"
4.26710135054954e-17,0.0142061405962636,"ENSG00000286753.1"
0,0.0905799468310058,"ENSG00000164151.12"
0,0.0406625937932623,"ENSG00000133398.4"
0,0.00952195386399722,"ENSG00000037474.15"
0.430613991053015,0.183729965722641,"ENSG00000145545.12"
0,0.377265823032965,"ENSG00000248677.2"
0,0,"ENSG00000112941.14"
2.67097167990293e-13,0.233107502420192,"ENSG00000078295.17"
0,0,"ENSG00000124275.15"
0.00228077809740616,0.465119535222229,"ENSG00000124279.12"
0,0,"ENSG00000247516.8"
2.75453083728598e-13,0.252038308591086,"ENSG00000112902.12"
0.350839505855573,0,"ENSG00000250786.2"
0,0,"ENSG00000150756.14"
0,0,"ENSG00000150753.12"
0,0.190257871471806,"ENSG00000164237.9"
0,0,"ENSG00000259802.1"
8.87781434034193e-21,0.0999581717778795,"ENSG00000145495.16"
0.136235209917161,0.520110284602905,"ENSG00000145491.12"
0,0.1123325547008,"ENSG00000164236.12"
0,0.59963627982668,"ENSG00000112977.15"
0,0,"ENSG00000039139.9"
5.45163568971203e-14,0.256951774009388,"ENSG00000038382.20"
0,0,"ENSG00000287581.1"
0,0.510812912628712,"ENSG00000145569.6"
0,0,"ENSG00000261360.1"
0,0,"ENSG00000154124.5"
0.0665051651687605,0.633607610952338,"ENSG00000154122.14"
2.64763710543381e-14,0.687053030941952,"ENSG00000286970.1"
0.0774980856944244,0.428187823314687,"ENSG00000249485.1"
1.73984412155989e-18,0.0839649058536307,"ENSG00000183580.10"
0.0381219765592252,1.48093513524169e-22,"ENSG00000250250.2"
2.36644920100635e-18,0.0294675345126261,"ENSG00000173545.5"
0.327052404107559,3.84623453882192e-15,"ENSG00000154153.13"
0,0,"ENSG00000246214.2"
0,0.378820162253741,"ENSG00000145555.15"
0.0673815790524815,0.692215452447168,"ENSG00000176788.9"
0,0,"ENSG00000215196.5"
0.0945187420078038,0.458595833557247,"ENSG00000183666.17"
3.30666478156681e-11,0.129909006081241,"ENSG00000233974.3"
0.0532523801150487,0.409537715105095,"ENSG00000251593.1"
0,0,"ENSG00000250337.7"
0.272064027605342,4.6502763014203e-15,"ENSG00000113361.13"
0.0580062888736255,0.549493475746585,"ENSG00000113360.16"
0,0,"ENSG00000082213.18"
0.0384355216691494,0.292286882100583,"ENSG00000133401.16"
0,0,"ENSG00000250764.1"
0,0,"ENSG00000113384.14"
0,0,"ENSG00000272086.1"
0,0.0871006502166559,"ENSG00000150712.11"
0,0.221051369608404,"ENSG00000056097.16"
0.0841872950575191,0,"ENSG00000113387.12"
0.191963502392791,1.91414126681794e-11,"ENSG00000113389.16"
0,0,"ENSG00000250697.2"
0.00758059245728619,0.0144048396959861,"ENSG00000113407.13"
0.0228382450488846,0.788528059754005,"ENSG00000151388.11"
0,0,"ENSG00000242110.8"
0.0934976775558943,0.546897562682841,"ENSG00000082196.20"
0,0,"ENSG00000215158.9"
0,0.496495088266587,"ENSG00000215156.5"
0,0.839957279055157,"ENSG00000039560.14"
5.75215881627164e-12,0.34672912996879,"ENSG00000113456.19"
0,0,"ENSG00000113460.13"
0,0.46339685500376,"ENSG00000168724.17"
0.0445050062047274,0.234227587671241,"ENSG00000113494.17"
0,0,"ENSG00000152582.14"
0.0826006545036495,0.776273567756884,"ENSG00000168685.15"
0,0,"ENSG00000164187.7"
0,0,"ENSG00000145604.16"
0.0429732118423727,0.164682030244853,"ENSG00000152620.13"
0.0727294304716763,1.78505916636544e-12,"ENSG00000164188.8"
0,0,"ENSG00000079215.14"
1.27776373048536e-09,0.0424373244194699,"ENSG00000274441.1"
0,0,"ENSG00000250155.2"
0,0,"ENSG00000279400.1"
0,0,"ENSG00000285967.1"
0,0,"ENSG00000164190.19"
0,0.211170295411313,"ENSG00000249850.1"
0.00214618569110528,0.523912017870062,"ENSG00000244073.1"
1.90535528240674e-09,0.20401204213673,"ENSG00000197603.14"
0,0.137474773358571,"ENSG00000228212.1"
1.76154675839976e-14,0.0492425043941773,"ENSG00000286193.2"
0,0,"ENSG00000113569.16"
0.222395215742877,0.177354862626283,"ENSG00000082068.9"
0,0,"ENSG00000248587.8"
0,0,"ENSG00000168621.15"
0,0,"ENSG00000164318.18"
0.0229085160819464,0.160691898342912,"ENSG00000251257.2"
0.0739543894861187,0.461832011435338,"ENSG00000113594.10"
0,0.792193187731153,"ENSG00000244968.7"
0,0,"ENSG00000249740.3"
0,0,"ENSG00000145623.13"
0,0.169895039238688,"ENSG00000164327.13"
0.179876540781848,0.665863732533144,"ENSG00000082074.18"
0,0,"ENSG00000113600.11"
0,1.61814798211383e-15,"ENSG00000153071.15"
0,0.00177076558282767,"ENSG00000271334.6"
4.05806072960121e-11,0.469495605169591,"ENSG00000250048.2"
0,0,"ENSG00000113638.14"
0,0.012807654226083,"ENSG00000171522.6"
0,0.269338282255017,"ENSG00000132356.11"
0,0,"ENSG00000145592.14"
0,0,"ENSG00000132357.14"
0.0385611148849607,0.511189221382432,"ENSG00000112936.19"
0.166410333722265,0.637764023946766,"ENSG00000039537.13"
0,0,"ENSG00000182836.10"
2.99993523875094e-11,0.615020855503675,"ENSG00000083720.13"
0.412049539022855,0.161821625072545,"ENSG00000248668.3"
0,0.28767679412913,"ENSG00000205765.9"
0,0,"ENSG00000151876.13"
0.0254754999310525,0.255970177595799,"ENSG00000112964.14"
0,0,"ENSG00000248873.1"
0.0864076773539418,0.178927991684652,"ENSG00000250860.1"
0,0,"ENSG00000198865.10"
0,0,"ENSG00000250722.6"
0.211566055707519,4.28849748699284e-15,"ENSG00000286271.2"
0,1.49457059059304e-14,"ENSG00000287263.1"
0,0.30955860142185,"ENSG00000286656.1"
0,0,"ENSG00000177738.4"
0.103872991818046,2.42832810283292e-09,"ENSG00000251131.2"
8.40732855926962e-13,0.213512029270999,"ENSG00000272382.1"
0,0,"ENSG00000177721.4"
0,0.000597075983404534,"ENSG00000215068.8"
3.49352270602296e-22,0.210589250924491,"ENSG00000272144.1"
1.46930106346171e-10,0.413568107474126,"ENSG00000172262.11"
0,0,"ENSG00000177453.7"
0,0,"ENSG00000112972.15"
0,0,"ENSG00000151882.11"
0,0,"ENSG00000151881.14"
0,0,"ENSG00000249492.2"
0,0.00825319156799526,"ENSG00000172244.9"
0,0,"ENSG00000249855.1"
2.08256789617708e-19,0.136331072527272,"ENSG00000172239.14"
0,0.147535416070403,"ENSG00000248092.8"
0,0,"ENSG00000112992.18"
0.104533154797672,0.725341351031426,"ENSG00000070193.4"
0.255791519608246,0.378788434055136,"ENSG00000251141.6"
0.0578036058786928,0.592089083679775,"ENSG00000112996.11"
0,0,"ENSG00000272335.1"
0,0,"ENSG00000164588.7"
0,0.216880109815268,"ENSG00000170571.12"
0.338785361336377,0.129244543396502,"ENSG00000151883.18"
3.28412856231999e-08,0.191511210063479,"ENSG00000248898.2"
0,0,"ENSG00000152684.11"
0,0.125208837978607,"ENSG00000213949.10"
1.18045167371521e-12,0.379921996824042,"ENSG00000249899.6"
2.07009000720062e-11,0.289915403301194,"ENSG00000164171.11"
0.0623300964308683,0.450859696572895,"ENSG00000164172.19"
0.0703412277457964,2.09659229187401e-11,"ENSG00000247796.3"
0.0152968953672093,0,"ENSG00000134363.12"
0,0,"ENSG00000164258.12"
0,0,"ENSG00000185305.11"
1.15481061798149e-13,0.0495727136640832,"ENSG00000178996.14"
0.0236755437560947,0.821238184658153,"ENSG00000164283.13"
0.151939618484971,0.527238805349438,"ENSG00000113088.6"
1.37123793891618e-14,0.154279649554754,"ENSG00000164294.14"
0.00524816332527664,0.698317033787087,"ENSG00000067248.10"
9.78061883291344e-19,0.173135045464948,"ENSG00000039123.16"
0,0.186490541009006,"ENSG00000067113.17"
0,0,"ENSG00000279883.1"
0,0,"ENSG00000265135.1"
0.14620266624279,3.83884636582662e-19,"ENSG00000250853.1"
0,0,"ENSG00000177058.12"
1.45280293753387e-19,0.110834568911781,"ENSG00000134352.20"
0,0,"ENSG00000227908.3"
0.0504876639296349,0.439993042026153,"ENSG00000164512.18"
0.149584201970158,0.261508802246096,"ENSG00000248727.6"
0,0,"ENSG00000095015.6"
0,0.0429665156905442,"ENSG00000237705.1"
0,0,"ENSG00000155542.12"
0,0.0393360362190354,"ENSG00000155545.19"
0,0,"ENSG00000271828.1"
1.44615349149188e-09,0.211952942866973,"ENSG00000062194.16"
0,0,"ENSG00000145632.15"
0.158735002660843,0.597536892289623,"ENSG00000175857.8"
0,0.411475597798897,"ENSG00000152932.8"
0,0.0564898680334745,"ENSG00000113448.19"
0.3408966740606,2.6920195647168e-11,"ENSG00000214244.4"
0.00589219796333665,0,"ENSG00000152931.8"
0.214905807655101,0.436871551427982,"ENSG00000035499.13"
2.3045983035736e-10,0.556799889439006,"ENSG00000164181.14"
0.463330860337671,0,"ENSG00000272308.1"
5.42465420486788e-11,0.151769764720338,"ENSG00000049167.14"
0,0,"ENSG00000164182.11"
1.39271294577512e-18,0.0832984980294528,"ENSG00000279985.1"
0,0,"ENSG00000188725.8"
0,0.360211736856547,"ENSG00000130449.6"
0,0,"ENSG00000251682.1"
0,0,"ENSG00000250461.1"
0,0,"ENSG00000213891.3"
8.36519536065577e-13,0.0435314898744363,"ENSG00000068796.16"
0,0,"ENSG00000086189.10"
0,0,"ENSG00000086200.16"
0,0,"ENSG00000164197.12"
0,0.174207977980319,"ENSG00000186479.5"
0,0,"ENSG00000153006.16"
0,0,"ENSG00000153015.16"
0,0,"ENSG00000049192.15"
0,0,"ENSG00000205644.5"
0.109872115259634,0.556026342423547,"ENSG00000123219.13"
0.0420534406210089,0.344180314154635,"ENSG00000113593.12"
0.0175090566236697,0.500811110561961,"ENSG00000113595.15"
0,0,"ENSG00000253251.2"
0,0.0241392681945545,"ENSG00000113597.18"
0,0,"ENSG00000197860.10"
0,0,"ENSG00000123213.23"
0,0,"ENSG00000112851.14"
0.00330398516662903,0.305451828661894,"ENSG00000286314.1"
7.78734200330824e-11,0.339993413517041,"ENSG00000285999.1"
0,0.198909776784219,"ENSG00000153914.16"
0.211018642077805,0.278137590835332,"ENSG00000069020.18"
0,0,"ENSG00000229666.1"
0,0,"ENSG00000134061.5"
0,0.336545574525994,"ENSG00000145675.15"
0,0,"ENSG00000145740.19"
0.111753645457715,0.529663552818825,"ENSG00000134057.15"
0,0,"ENSG00000280187.1"
0.191060378278374,0.062546916296122,"ENSG00000153044.10"
0.114673367570119,0,"ENSG00000134056.12"
0,0,"ENSG00000134058.12"
4.68267646582158e-13,0.0452432245241344,"ENSG00000183323.13"
0,0,"ENSG00000085231.14"
0,0,"ENSG00000273841.5"
0,0.143623162515889,"ENSG00000152942.19"
0,0.0902797893886323,"ENSG00000152939.17"
0.545400580511951,0.014010771713267,"ENSG00000197822.11"
0,0,"ENSG00000183474.15"
0,0,"ENSG00000250138.4"
0.176918515728472,0.308242538432953,"ENSG00000205571.13"
0,0,"ENSG00000288349.1"
1.09018354618743e-19,3.97222122767291e-15,"ENSG00000172062.16"
0,0,"ENSG00000249437.7"
0,0.10819178138192,"ENSG00000145736.14"
0.4298805031076,3.12653502644686e-13,"ENSG00000215630.6"
0,0.157780226837828,"ENSG00000145734.19"
0,0,"ENSG00000131844.16"
0.347487841808309,0.296273121847802,"ENSG00000285804.2"
5.96691194732348e-06,0.34727619217714,"ENSG00000131711.15"
0,0,"ENSG00000113048.16"
0.0294765578478218,0.0243871870396894,"ENSG00000049883.15"
0.0638669700059689,1.78696127429185e-10,"ENSG00000178175.12"
0,0.199945311744358,"ENSG00000248371.5"
4.29117465766073e-19,0.0623942446809344,"ENSG00000083312.17"
0,0,"ENSG00000242602.1"
0.0173932231384598,0,"ENSG00000157107.14"
0,0.124461323819163,"ENSG00000251467.1"
2.24118875760925e-12,0.123982873728877,"ENSG00000157111.13"
1.93274173921103e-22,0.800744551446712,"ENSG00000251493.5"
0,0,"ENSG00000145741.15"
0,0.357323440555399,"ENSG00000164331.10"
0,0,"ENSG00000164338.10"
0.28488409817784,0.471804874296288,"ENSG00000214944.9"
0,0.217808019202766,"ENSG00000171617.14"
0.349614816457693,9.08690127980305e-14,"ENSG00000049860.14"
0,0,"ENSG00000164347.18"
0,0.0483973983985367,"ENSG00000164346.10"
0.0679801480091486,0.592936745889997,"ENSG00000198780.12"
0.0542938118684156,0.540750750531173,"ENSG00000176928.6"
0.310604587138777,0.0200973174130414,"ENSG00000145700.9"
0,0,"ENSG00000113161.16"
0,0.255075501385399,"ENSG00000113163.16"
0.2365873074049,1.72041809953057e-14,"ENSG00000122008.15"
0,0,"ENSG00000272040.1"
0,0,"ENSG00000189045.14"
0,0,"ENSG00000152359.15"
0.250752319267576,0.654394415216586,"ENSG00000145703.16"
0.117374705061196,0.643195150693647,"ENSG00000164220.7"
0.0949231739421457,0.163835570495702,"ENSG00000181104.7"
0,0,"ENSG00000145708.11"
0,0,"ENSG00000164252.13"
0.0777277151018081,0.172761408563586,"ENSG00000132846.6"
0,0.0170055935179688,"ENSG00000238961.1"
1.72055675878972e-08,0.0374524766735991,"ENSG00000250802.7"
0.250393845245687,0.0939950212356872,"ENSG00000113231.13"
0.312086873083929,0.0800461030779123,"ENSG00000251400.1"
0,0.156069994259591,"ENSG00000164253.14"
0,0.207151959101743,"ENSG00000171530.14"
1.24464085575593e-19,0.145021618269565,"ENSG00000213763.4"
0,0,"ENSG00000132842.13"
0.0247518574247378,0.360430723782262,"ENSG00000253558.1"
0,0,"ENSG00000245556.3"
0,0,"ENSG00000085365.18"
0.046099816536022,0.186205525573354,"ENSG00000145685.14"
0,0.078979928680314,"ENSG00000248909.1"
0.0216948815353016,0.321463325868064,"ENSG00000113273.17"
0,0,"ENSG00000132837.15"
0.0734463777645266,0.566187258212655,"ENSG00000132840.10"
0.0351508883521375,0.285426649594282,"ENSG00000145692.15"
0,0.0134937251276894,"ENSG00000152409.9"
0,0,"ENSG00000152413.15"
0,0,"ENSG00000164329.13"
0.0431716729280339,0.661487347945876,"ENSG00000164309.15"
0.0606366922716036,4.82375784403395e-10,"ENSG00000177034.16"
1.49304795403539e-12,0.594621679428,"ENSG00000113296.14"
0,0.0450062828230704,"ENSG00000249825.6"
0,0,"ENSG00000164300.17"
0,0,"ENSG00000039319.17"
0.169379683649482,1.18553229176872e-14,"ENSG00000249042.6"
0,0.0962919586680272,"ENSG00000152380.10"
0,0,"ENSG00000228716.7"
0,0,"ENSG00000113318.11"
0,0.112693963620392,"ENSG00000113319.13"
0.0418293127033188,0.520274368048687,"ENSG00000247572.8"
2.74650058190823e-19,0.119893044980136,"ENSG00000131730.16"
0,0.150515624066411,"ENSG00000131732.12"
0,0,"ENSG00000286721.1"
0,0,"ENSG00000145687.16"
0,0,"ENSG00000152348.16"
0,0,"ENSG00000186468.13"
0.246416043970879,2.85488251265613e-13,"ENSG00000205464.12"
0.0921970643859972,0.459510908248248,"ENSG00000271862.1"
0,0.107147167895892,"ENSG00000174695.10"
0.149002314675738,0,"ENSG00000152422.15"
0,0.128237168637429,"ENSG00000038427.16"
0.130186333922623,7.22597549917665e-11,"ENSG00000249835.2"
0,0,"ENSG00000145681.11"
2.67532348857078e-12,0.159055227331143,"ENSG00000164176.13"
4.72188992036133e-17,0.0119438602882333,"ENSG00000250320.6"
0,0.110464576824802,"ENSG00000127184.13"
0,0,"ENSG00000145715.15"
0,0.172077550556846,"ENSG00000134480.15"
0.142995652155987,0.0907793715556878,"ENSG00000285190.1"
0,0,"ENSG00000164180.13"
0.144225880200904,0.528105921180985,"ENSG00000247828.8"
0,0,"ENSG00000245864.3"
0.224597601644348,0.373007438287385,"ENSG00000081189.15"
0,0,"ENSG00000248309.7"
0.0795776680474004,5.06532221787241e-13,"ENSG00000153140.8"
0.0617574483204801,1.69734568827604e-09,"ENSG00000176055.10"
0,0,"ENSG00000113356.12"
0,0,"ENSG00000176018.13"
0,0.0610117052125254,"ENSG00000164199.18"
0.0491261040485954,0.211998598039615,"ENSG00000248323.7"
0,0.0293009376730912,"ENSG00000113369.9"
0,0,"ENSG00000281357.3"
0,0,"ENSG00000237187.9"
1.21950632122364e-18,0.328072128494724,"ENSG00000175745.14"
0,0.551180608364744,"ENSG00000113391.19"
0,0,"ENSG00000287180.1"
0,0,"ENSG00000249353.2"
0,0,"ENSG00000248483.7"
0,0,"ENSG00000287447.1"
0.0789514810924301,0.109156338845628,"ENSG00000251023.1"
0.335168541725977,0,"ENSG00000185261.14"
0.347256100110377,0.214430602484697,"ENSG00000251340.1"
6.78291378738567e-19,0.0918640380178174,"ENSG00000133302.13"
0,0.422588012595671,"ENSG00000175471.19"
0,0.132758616079062,"ENSG00000243806.1"
0,0,"ENSG00000198677.11"
0,0,"ENSG00000164291.17"
0,0.137437620104718,"ENSG00000178015.5"
0,0.475811827163004,"ENSG00000175449.14"
0,0.346008601492537,"ENSG00000145757.16"
0.224527010976522,0,"ENSG00000250240.6"
2.4582353464579e-11,0.464833125876974,"ENSG00000164292.13"
0,0,"ENSG00000173221.14"
0,0.148079074351602,"ENSG00000251348.1"
0,0,"ENSG00000251000.1"
0.236192785846528,0.0999117929178178,"ENSG00000236882.8"
0.317023509477065,0.0990079166522787,"ENSG00000272021.1"
0,0,"ENSG00000250362.1"
0,0,"ENSG00000118985.16"
0.739698090230797,0.0869921378842554,"ENSG00000251314.2"
0,0,"ENSG00000175426.11"
0,0.421008425485199,"ENSG00000153113.23"
7.0958286078766e-20,0.0514913882532277,"ENSG00000164307.13"
0,0,"ENSG00000248734.2"
9.06517142045235e-14,0.25349381150279,"ENSG00000272109.2"
2.73934643371638e-15,0,"ENSG00000247121.7"
0.671034454111237,7.29142946359676e-11,"ENSG00000164308.16"
0,0.413344989672074,"ENSG00000113441.16"
0,0,"ENSG00000251513.2"
8.03725414261049e-16,0,"ENSG00000058729.11"
0,0,"ENSG00000286828.1"
0.163027426806908,3.41032723972402e-20,"ENSG00000250331.2"
0.0358795276740226,0,"ENSG00000174136.13"
0,0,"ENSG00000246763.7"
1.4203707744093e-12,0.0344401159791426,"ENSG00000153922.10"
0,0.00802764398997393,"ENSG00000248489.2"
0.456427493516523,0.0174326141824192,"ENSG00000270307.1"
0,0,"ENSG00000174132.9"
0,0.59863619353203,"ENSG00000113532.13"
0.343500542627502,0.288524057274493,"ENSG00000173930.9"
0,0.399485486167738,"ENSG00000145730.20"
0.108688899356087,0.43994198875359,"ENSG00000145723.17"
0.0610974400640198,3.58321637242184e-10,"ENSG00000145725.19"
1.21935281211513e-13,0.179920946181677,"ENSG00000181751.10"
0.138732513247444,0.594720867569131,"ENSG00000112874.10"
0.00994662803396403,0.0416917269256282,"ENSG00000184349.13"
0,0,"ENSG00000145743.15"
0,0,"ENSG00000272523.1"
0,0.482641728474082,"ENSG00000151422.13"
3.51449757398044e-15,0.00507874380564425,"ENSG00000250383.1"
0,0,"ENSG00000176857.5"
0,0,"ENSG00000286882.1"
0,0,"ENSG00000249476.2"
1.33773581501283e-20,0.130951139796267,"ENSG00000198961.10"
0,0.109957317197171,"ENSG00000112893.9"
0,0,"ENSG00000202512.1"
1.39974384577041e-11,0.36849724235569,"ENSG00000186952.15"
0,0.596247479098573,"ENSG00000164209.17"
3.5782888275405e-19,0.202734371723659,"ENSG00000145777.15"
0,0,"ENSG00000134987.11"
0,0.772737803194391,"ENSG00000152495.11"
2.59719276617737e-21,0.241727260103417,"ENSG00000164211.13"
0.194523754184154,0.427636952580654,"ENSG00000246859.3"
0.0970051289883268,0.447744720564699,"ENSG00000134986.13"
0.0643401197878707,0.542587082787268,"ENSG00000129595.13"
0,0,"ENSG00000224032.7"
0,0,"ENSG00000278921.2"
2.61404324232617e-19,0.468393094091871,"ENSG00000248430.1"
0,0,"ENSG00000134982.17"
0.000515778178063068,6.79320629539984e-18,"ENSG00000153037.15"
0,0.499705182160652,"ENSG00000129625.13"
0,0,"ENSG00000249947.2"
1.58961059582609e-17,0.156033543385787,"ENSG00000172795.16"
7.2470232370303e-12,0.0993126639993792,"ENSG00000171444.18"
0.343199372593242,8.86867215961368e-10,"ENSG00000232633.4"
0,0,"ENSG00000047188.16"
0,0,"ENSG00000152503.9"
0,0,"ENSG00000164219.10"
0,0,"ENSG00000164221.13"
0.0305035106311051,2.39359425838661e-17,"ENSG00000250444.1"
3.48723956302116e-18,0.0616134118561867,"ENSG00000145780.8"
0,0,"ENSG00000249249.2"
0,0.26300883049484,"ENSG00000134970.14"
0.0541236959962762,0.576014655793509,"ENSG00000129596.5"
0,0,"ENSG00000145782.13"
0.0984793425338884,0.000410736496721922,"ENSG00000177879.16"
0.0860925385057934,0.516441905561841,"ENSG00000287148.1"
0.0730927151947819,0.414103771776477,"ENSG00000172901.20"
0.0389582584815066,0.419750836005658,"ENSG00000248295.2"
0.0970066618155777,0,"ENSG00000271918.1"
5.32818422088323e-14,0.226491052291618,"ENSG00000145781.9"
0,0,"ENSG00000092421.16"
3.39543429408708e-13,0.0218077959594953,"ENSG00000248445.5"
0.0636488443943171,6.99459908503289e-12,"ENSG00000169570.10"
0,0.185374917110692,"ENSG00000197744.5"
0,0.297850237585932,"ENSG00000172869.14"
0,0,"ENSG00000145779.8"
8.58368802203108e-23,0.149921880980734,"ENSG00000133835.16"
0,0.214312791822365,"ENSG00000184838.15"
0,0.156654190799608,"ENSG00000151304.6"
0,0.363453152123231,"ENSG00000113083.14"
0,0.199379125864487,"ENSG00000064692.19"
0,0,"ENSG00000205302.7"
0,0,"ENSG00000064652.11"
0.593594594230554,4.41953588999174e-08,"ENSG00000263432.2"
0.255859447851276,0.109804103987725,"ENSG00000168938.6"
0.00487900837411621,0.233804098343741,"ENSG00000061455.11"
0,0,"ENSG00000168944.15"
0,0.146426021884716,"ENSG00000250539.1"
0.251263407066923,4.91583726923887e-12,"ENSG00000151292.17"
0,3.23692428115601e-15,"ENSG00000168916.15"
0.557167630007995,6.9611653154695e-11,"ENSG00000249112.1"
0.175053079948549,0.359266763868669,"ENSG00000260192.3"
0.466740362960916,0.0400270245553368,"ENSG00000155324.10"
0,0,"ENSG00000250602.6"
0,0.231591287208847,"ENSG00000279118.1"
0,0,"ENSG00000164904.18"
1.63374193492666e-20,0.115326316651067,"ENSG00000164902.14"
0.111389252502663,0.636549241823722,"ENSG00000113368.12"
0.0867741600368689,0.570255875947142,"ENSG00000173926.6"
0,0,"ENSG00000164241.13"
0,0,"ENSG00000286615.1"
0,0.662706913388431,"ENSG00000145794.17"
0.045582649115422,0.0224363693436961,"ENSG00000164244.20"
3.48653232445222e-16,0.0756367969983197,"ENSG00000230561.4"
4.41365429422721e-14,0.74581477698409,"ENSG00000245937.8"
0,0,"ENSG00000064651.14"
0,0,"ENSG00000250329.1"
0,0.288777416406999,"ENSG00000138829.12"
1.02798958414974e-12,0.463047561768488,"ENSG00000066583.12"
0,0,"ENSG00000198108.4"
0.287085617332935,0,"ENSG00000248610.1"
0.19864557946712,0,"ENSG00000287390.1"
6.06433250787939e-12,0.0670430257575986,"ENSG00000169567.12"
0,0,"ENSG00000186687.16"
0,0.405367422362931,"ENSG00000158985.13"
0,0.406045241547949,"ENSG00000158987.21"
0,0,"ENSG00000217128.12"
1.60445703912236e-12,0.231129720341032,"ENSG00000286676.1"
0.231832317293092,0.398262983133666,"ENSG00000164398.14"
0,0,"ENSG00000164400.6"
0.385026984677712,0,"ENSG00000072682.18"
0,0,"ENSG00000224431.1"
0,0.163448033553553,"ENSG00000131435.13"
0.0591367116378689,0.457109741031599,"ENSG00000197208.6"
0,0,"ENSG00000233006.8"
0,0,"ENSG00000197375.12"
0,0.0917747716542374,"ENSG00000197536.11"
0.253738210287779,0.288030347558788,"ENSG00000238160.1"
0,0.0542680285031404,"ENSG00000234290.2"
0,0.0934417248860224,"ENSG00000125347.14"
0,0.518794888387462,"ENSG00000113522.14"
0,0,"ENSG00000131437.15"
0.447519199077291,0.360268178602134,"ENSG00000164402.14"
0,0.0692499157642771,"ENSG00000164403.14"
0,0,"ENSG00000164404.8"
0,0.29950539432867,"ENSG00000164405.11"
0.109470345336178,0.118845114688631,"ENSG00000164406.8"
0,0,"ENSG00000072364.13"
9.33879255835637e-24,0.0218465121715778,"ENSG00000235253.1"
0,0,"ENSG00000155329.12"
0,0,"ENSG00000170606.15"
0,0,"ENSG00000279691.1"
0,0,"ENSG00000113583.8"
0,0,"ENSG00000213585.11"
0,0.0653874408229557,"ENSG00000081059.20"
1.01255655971591e-22,0.0737588572962372,"ENSG00000113558.18"
0,0,"ENSG00000113575.10"
0.0324579384284501,0.300039163603079,"ENSG00000270177.1"
0.124948996550158,1.52489501350249e-09,"ENSG00000006837.12"
0,0,"ENSG00000119048.8"
9.77005394578933e-16,0,"ENSG00000237190.4"
0.183957156817088,0.412019280864352,"ENSG00000043143.20"
4.43534098497963e-13,0.287306985184463,"ENSG00000152700.14"
0,0,"ENSG00000113615.13"
0,0,"ENSG00000164615.5"
2.38303213545662e-16,0.0370862803684416,"ENSG00000145833.16"
0,0,"ENSG00000181904.9"
1.85719060110381e-12,0.0342052802764798,"ENSG00000113621.14"
0,0,"ENSG00000132570.14"
0,0.345393026262909,"ENSG00000244921.2"
0.923318873764388,0.0363124641345267,"ENSG00000249119.1"
0,0,"ENSG00000248923.1"
0,0,"ENSG00000247627.2"
0.025354587245114,0.0213605146991778,"ENSG00000069011.16"
0,0,"ENSG00000224186.8"
9.75478787875866e-13,0.487208929475347,"ENSG00000113648.16"
0.0479209643427462,0.600791438330971,"ENSG00000270021.1"
0.103841483528071,0.664302605023568,"ENSG00000145824.12"
0,0,"ENSG00000120708.17"
0,0.505033624837095,"ENSG00000113658.18"
2.64107042589931e-11,0.0976868991180867,"ENSG00000152377.14"
0,0,"ENSG00000146021.15"
0.239311556450985,0.338637666581046,"ENSG00000177733.7"
0,0.409857904744883,"ENSG00000287067.1"
3.51567499349994e-13,0,"ENSG00000226306.6"
0,0.567520227967019,"ENSG00000250159.7"
8.11134916922895e-10,0.202805580655624,"ENSG00000120729.9"
0,0,"ENSG00000078795.16"
0,0.38709630918224,"ENSG00000031003.10"
0,0,"ENSG00000112981.5"
0.249630501003078,0.429630211810423,"ENSG00000112983.17"
0.244972551771574,0.309074914270422,"ENSG00000112984.12"
0,0,"ENSG00000094880.11"
0.187718874312516,0.186700729837291,"ENSG00000158402.20"
0,0.189710481365922,"ENSG00000120709.11"
1.04430544156405e-11,0.397852157753981,"ENSG00000120733.14"
0,0,"ENSG00000132563.16"
0.0440815423300688,0,"ENSG00000120738.8"
0,0,"ENSG00000241458.1"
0,0,"ENSG00000120705.13"
4.68438997872941e-12,0.0155353713906823,"ENSG00000113013.15"
0,0.290748797194139,"ENSG00000044115.21"
0,0,"ENSG00000146006.8"
0.0585471756181385,0,"ENSG00000120725.13"
0,0,"ENSG00000249593.6"
0,0,"ENSG00000281398.4"
0.129643603775445,0.12998282958779,"ENSG00000252213.1"
9.20369669821071e-21,0.0132161188068096,"ENSG00000200959.1"
1.19386913935056e-18,0.0293704669462522,"ENSG00000015479.19"
0.28174146184763,0.207426453854395,"ENSG00000199545.1"
0,0,"ENSG00000120727.13"
0,0.631049104933292,"ENSG00000170482.17"
0.11821869576516,0.739772442382062,"ENSG00000170476.16"
3.04505084193033e-11,0.0128877965752265,"ENSG00000228672.4"
0,0,"ENSG00000170469.10"
0,0,"ENSG00000170464.10"
0,0.287724983303627,"ENSG00000249751.4"
0,0.310334095010891,"ENSG00000184584.13"
0,0,"ENSG00000131508.16"
0,0,"ENSG00000171604.12"
0.118637904072642,0,"ENSG00000250635.1"
0,0,"ENSG00000249526.1"
0,0,"ENSG00000158458.20"
0,0,"ENSG00000245146.7"
0.0132330614338896,0.577627795613252,"ENSG00000185129.7"
0,0.363270173038421,"ENSG00000182700.5"
0,0,"ENSG00000254363.6"
0,0.702018851732602,"ENSG00000120306.11"
0,0,"ENSG00000250069.1"
0.396328395637735,2.36690834265187e-09,"ENSG00000113068.10"
0,0,"ENSG00000113070.8"
0.0522575974887374,0.52289066175138,"ENSG00000131503.21"
0,0,"ENSG00000254996.5"
0.172324226289329,0.619440693164847,"ENSG00000213523.10"
0,0,"ENSG00000243056.2"
0,0,"ENSG00000113108.19"
0,0,"ENSG00000176087.15"
0,0,"ENSG00000170458.14"
0,0,"ENSG00000131495.8"
0,0,"ENSG00000113119.12"
0,0,"ENSG00000113141.18"
1.82109571744147e-11,0.420689697912101,"ENSG00000120314.18"
2.12903185141073e-20,0.219226121741977,"ENSG00000170445.15"
0,0,"ENSG00000112855.17"
0.268940045802607,0.0453034450309642,"ENSG00000146007.11"
2.46547471758452e-12,0.373263668471662,"ENSG00000199990.1"
0.0244658149445158,1.9496436715618e-11,"ENSG00000202111.1"
0,0,"ENSG00000202515.1"
0.270998003016555,0.065710824415733,"ENSG00000204967.12"
0.181438881075433,0.198837311432288,"ENSG00000250120.8"
3.06303817412181e-19,0.138367224369038,"ENSG00000112852.7"
0.109885870145835,9.36631000330662e-20,"ENSG00000113205.5"
4.9461808205098e-22,0.126340896755452,"ENSG00000081818.4"
0,0,"ENSG00000113209.9"
2.39291091930278e-12,0.124015692734836,"ENSG00000113211.5"
0.0677852321283599,0.277131498133247,"ENSG00000113212.7"
0.0922186287327412,1.84546991164047e-18,"ENSG00000120322.4"
1.26295822116519e-13,0.51799089270387,"ENSG00000272674.3"
0.343643508698739,0,"ENSG00000177839.7"
0.340055634282748,0.103439282567744,"ENSG00000120324.9"
0.526736703130425,0.209863483430343,"ENSG00000197479.7"
0,0,"ENSG00000120328.6"
0,0,"ENSG00000187372.11"
0.0290677871281689,0.0528445348448938,"ENSG00000120327.6"
0,0.096021085281564,"ENSG00000146001.5"
0.155946816626723,9.90396576235619e-12,"ENSG00000113248.6"
0,0.00381408851928043,"ENSG00000178913.8"
0,0,"ENSG00000272070.1"
0,0,"ENSG00000204956.5"
4.5298575010334e-23,0.183306460534221,"ENSG00000081853.15"
0,0.268517066409105,"ENSG00000254245.2"
0,0,"ENSG00000254221.2"
0.000785556598140205,0,"ENSG00000262576.3"
0,0,"ENSG00000253910.2"
2.59140256242319e-20,0.120230202318132,"ENSG00000253485.2"
0,0.34479022842125,"ENSG00000262209.3"
0,0,"ENSG00000253731.2"
0,0.0960721363991099,"ENSG00000253537.3"
0,0,"ENSG00000253953.2"
0.130138043433425,4.39875236724132e-11,"ENSG00000253767.2"
0.209821369520774,0.320282189028502,"ENSG00000276547.1"
4.96462053765163e-12,0.330049086380867,"ENSG00000261934.2"
0,0.317173152283463,"ENSG00000253305.2"
0.0705937105347337,0.378906134708138,"ENSG00000253846.2"
5.92486179232924e-12,0.0818385805623274,"ENSG00000254122.2"
0,0,"ENSG00000253873.6"
0,0,"ENSG00000248449.2"
4.30683141955595e-12,0.0854684495534771,"ENSG00000253159.3"
0,0.146764723639279,"ENSG00000276545.1"
0.321876694186999,0.226148027036168,"ENSG00000240184.7"
0,0,"ENSG00000242419.5"
0,0,"ENSG00000240764.3"
0.0716232460799287,0.501201933207537,"ENSG00000131504.17"
0.0570615232970959,0.712582916905482,"ENSG00000246422.2"
0.0648091146533709,0.439501827978872,"ENSG00000171720.10"
0,0,"ENSG00000164620.9"
0.0899741584458826,0.285651620761069,"ENSG00000197948.11"
0,0,"ENSG00000120318.16"
0,0,"ENSG00000287527.1"
0,0,"ENSG00000156453.13"
0,0,"ENSG00000081791.9"
0.0491221332092763,0,"ENSG00000113555.5"
0.239906068097424,0.351829839231302,"ENSG00000013561.18"
0.029481912179613,0,"ENSG00000113552.16"
1.36830034959819e-19,0.398386108439609,"ENSG00000131507.11"
0,0,"ENSG00000280047.1"
0.166658401714157,0,"ENSG00000187678.9"
0.0416037047379498,0,"ENSG00000231185.7"
0,0,"ENSG00000113578.18"
0.00401714472434152,0.240059727190955,"ENSG00000236714.3"
0,0.328714163441822,"ENSG00000145819.18"
0,0.19849062887463,"ENSG00000285366.1"
0,0.714639686447052,"ENSG00000113580.15"
0,0.383525689862357,"ENSG00000145817.17"
0,0,"ENSG00000183775.11"
0,0,"ENSG00000248125.2"
0.0526957304231778,0,"ENSG00000186314.11"
0.00506678553601285,0.758265294640838,"ENSG00000156463.18"
0.00399712854859311,6.75244577257284e-11,"ENSG00000133706.18"
0.0354975842993769,0.102000387108672,"ENSG00000239602.1"
0,0,"ENSG00000091009.8"
4.70347270007839e-23,0.0917105029652872,"ENSG00000113649.11"
0,0.385431716148137,"ENSG00000156475.18"
0.257015310935368,5.27025775605321e-12,"ENSG00000169302.16"
5.67165906693931e-15,0.468191831516601,"ENSG00000113657.13"
0,0.00252163707504206,"ENSG00000176049.16"
0,0,"ENSG00000247199.5"
2.34268457963184e-16,0.00572134963972905,"ENSG00000145868.16"
5.1963046574818e-12,0.373823995156554,"ENSG00000169252.5"
0.106558376223111,6.73958441461392e-21,"ENSG00000169247.12"
0.152727999749353,0.268713027353144,"ENSG00000173210.19"
0.0171312389974667,0.386446810561331,"ENSG00000253406.1"
0.0591597266732248,0.132847224938211,"ENSG00000157510.14"
2.7857999006061e-15,0.221146464675967,"ENSG00000164284.15"
0.19145736059945,0.0855047732745481,"ENSG00000145882.11"
4.00543524357553e-14,0.399297926563486,"ENSG00000249669.10"
0,0,"ENSG00000113712.18"
2.94256433150018e-13,0.274726546170773,"ENSG00000230551.4"
0,0,"ENSG00000241112.1"
0.203159973485689,0.449508239383218,"ENSG00000183111.12"
0,0.0800121005683999,"ENSG00000155846.17"
0.273187421737227,8.20117375429654e-13,"ENSG00000155850.7"
3.67477605602151e-13,0.471248049285816,"ENSG00000164296.7"
9.1892967612764e-10,0.173235946001995,"ENSG00000113716.13"
0.298117363169782,0.18732818555104,"ENSG00000182578.13"
0,0.044844538179206,"ENSG00000214485.6"
0,0,"ENSG00000113721.14"
0,0.198923883297951,"ENSG00000183876.9"
0.0705641676341424,0.38488906467523,"ENSG00000070814.20"
0.281974452718842,0.576232111004626,"ENSG00000019582.15"
6.77844365120315e-10,0.244724587248829,"ENSG00000164587.13"
0,0,"ENSG00000070614.15"
5.60196758747965e-12,0.0954451468857328,"ENSG00000171992.13"
0.484331040820265,9.13621660503328e-12,"ENSG00000164591.13"
0,0,"ENSG00000086589.12"
0,0.0270505567178774,"ENSG00000132912.12"
0.0181356426626169,1.0442330761058e-13,"ENSG00000256235.2"
3.55400427650369e-22,0.0288507152181266,"ENSG00000145908.12"
0,0.52511490963635,"ENSG00000197083.11"
0.095340731629914,0.469810871927758,"ENSG00000211445.12"
0,0.128647624582462,"ENSG00000145901.15"
0.0762833297251403,0.429488985092527,"ENSG00000197043.14"
0,0,"ENSG00000285420.1"
0.0437065568396034,0.477066292336346,"ENSG00000198624.13"
0,0,"ENSG00000196743.9"
0.0427862987024509,0.657894127398847,"ENSG00000186335.9"
0,0.551575258664539,"ENSG00000123643.13"
0,0.748025608060969,"ENSG00000086570.12"
0,0,"ENSG00000271795.1"
0.195736588086429,0.424424887830188,"ENSG00000113140.11"
0.0965061485891413,0.475060291308138,"ENSG00000249035.7"
0,0,"ENSG00000177556.12"
0,0,"ENSG00000213433.5"
0.0281511377693121,0,"ENSG00000275765.5"
0,0.19731722821484,"ENSG00000145907.15"
0,0,"ENSG00000155511.18"
0,0,"ENSG00000242976.3"
0.0909347107393913,0.226000603009751,"ENSG00000055147.19"
0,0.00812559392537601,"ENSG00000037749.12"
0,0.142205635664704,"ENSG00000164574.16"
0,0,"ENSG00000245275.8"
0,0.201414253200575,"ENSG00000164576.12"
2.56267721795062e-10,0.422839728685316,"ENSG00000155506.17"
0,0.570695550165015,"ENSG00000170271.11"
0,0,"ENSG00000155508.13"
0.136884360216355,0.0777176427637515,"ENSG00000082516.9"
0,0,"ENSG00000082515.18"
6.34831726119134e-10,0.673982278711312,"ENSG00000170624.13"
0.209830154290632,0.499206772304592,"ENSG00000145850.9"
0.00219542175794353,0.456672369214633,"ENSG00000135077.9"
0.102406568665222,0,"ENSG00000155868.8"
0.146696099836116,0.633974311464139,"ENSG00000113263.12"
0.137946245530566,0.624712715677764,"ENSG00000055163.20"
0.17829787664521,0.676311158173117,"ENSG00000135074.15"
0.00914028487431227,0.799546934292245,"ENSG00000172548.14"
0,0,"ENSG00000113272.14"
0,0.562779695686569,"ENSG00000155858.6"
2.26023761487892e-10,0.0422393027597108,"ENSG00000113282.13"
1.49972736432683e-12,0.0479996732990487,"ENSG00000276778.1"
0.0578136421683919,0.109103500026082,"ENSG00000254135.3"
0,0.380295783757783,"ENSG00000164330.17"
7.49386786283722e-13,0.584853356467985,"ENSG00000253811.1"
4.18318721908523e-22,0.510365734647984,"ENSG00000253456.1"
0.166273443317408,3.29536229281735e-11,"ENSG00000245812.3"
0.0270365927171967,0.602941833319189,"ENSG00000279204.1"
0,0,"ENSG00000145860.11"
0,0,"ENSG00000164332.8"
0,0,"ENSG00000170214.5"
0,0.16013598063375,"ENSG00000113312.11"
2.95388379628133e-17,0.0433897443462186,"ENSG00000170234.13"
0.37434786509384,0.305975461154506,"ENSG00000135083.15"
9.78204507489812e-13,0.0359767431875564,"ENSG00000254373.1"
0,0.093641109833673,"ENSG00000145861.9"
0.0779291891447225,0.778635314399104,"ENSG00000221886.4"
0,0,"ENSG00000164609.10"
0.159607465289894,0.682924773807345,"ENSG00000164611.13"
0,0.450673427996599,"ENSG00000253522.6"
0.594640604824101,0.200329060582237,"ENSG00000145864.12"
0,0,"ENSG00000113328.19"
2.91177698022035e-10,0.335422719928832,"ENSG00000170584.11"
0.198237999465509,0.440459781821822,"ENSG00000072571.20"
0,0,"ENSG00000038274.17"
6.07822361417536e-17,0,"ENSG00000241956.10"
0,0.583444472340511,"ENSG00000145934.16"
0,0,"ENSG00000113645.14"
0,0,"ENSG00000113643.9"
0,0.179813264730621,"ENSG00000120137.7"
0.00106753884197956,0.631320352295485,"ENSG00000184347.14"
0.0959180839316699,0.342299200078392,"ENSG00000254042.2"
0.181598496426343,7.65743846097081e-13,"ENSG00000279752.1"
0.0509254105460224,0.00889588725840237,"ENSG00000248222.5"
0,0.313534119150587,"ENSG00000040275.17"
0.027859719616119,0.69231040221726,"ENSG00000134516.17"
0.0685763474825545,0.538772244065692,"ENSG00000204767.4"
0,0.318162329328434,"ENSG00000234511.10"
0,0.841831834996464,"ENSG00000043462.12"
0.169188029032236,0,"ENSG00000235172.8"
0,0.344675231585803,"ENSG00000145936.9"
0,0,"ENSG00000204764.14"
6.77336196128421e-16,0,"ENSG00000181163.13"
0,0,"ENSG00000156427.8"
8.3883290942128e-12,0.0311730683028359,"ENSG00000072803.17"
0.0721030749128668,0.664025880861248,"ENSG00000072786.13"
0.158568412283499,0.267193173215373,"ENSG00000168246.6"
0,0.117586514815088,"ENSG00000253218.1"
0,0.242454294675846,"ENSG00000174705.13"
0.0789818423971879,8.08839136651248e-14,"ENSG00000214357.9"
0.222260424884873,6.51004754202681e-08,"ENSG00000253295.2"
1.52318722815591e-11,0.0694416847659153,"ENSG00000213386.3"
0.0147475579837746,1.28661696279775e-12,"ENSG00000120129.6"
0,0,"ENSG00000113719.16"
0,0,"ENSG00000204758.8"
0.162345580704527,1.4337354262455e-20,"ENSG00000037241.7"
0.163425045623228,0.345903263127299,"ENSG00000113732.9"
0,0,"ENSG00000212402.1"
0,0.536340881810779,"ENSG00000164463.12"
0.234083237343133,0,"ENSG00000113734.17"
0.0110939669281632,0.0783808956605553,"ENSG00000113739.10"
2.09242305673125e-11,0.263176317560712,"ENSG00000253955.2"
0,0.106534006938864,"ENSG00000145919.11"
0.0703065412186977,0.673037965143248,"ENSG00000253686.2"
0.11629314959272,0.667100300611959,"ENSG00000254211.6"
0,0.445028284282898,"ENSG00000113742.14"
0.0773159375247521,2.27897793574356e-11,"ENSG00000120149.9"
0,0,"ENSG00000164466.13"
0.0149511352512651,0.604946132213225,"ENSG00000113749.7"
5.63815298970624e-23,0.0703262445226054,"ENSG00000051596.9"
4.97275813267563e-11,0.0367652978892792,"ENSG00000170085.18"
0,0.458683378414853,"ENSG00000251667.1"
1.26950483673134e-20,0.180043651543741,"ENSG00000122203.15"
0,0,"ENSG00000175414.7"
0,0.0570322166168983,"ENSG00000048162.20"
0,0,"ENSG00000146066.3"
0,0,"ENSG00000175416.13"
0,0,"ENSG00000113194.13"
6.32645736952763e-11,0.603122018430778,"ENSG00000146083.12"
0,0.0827033174605426,"ENSG00000169258.7"
0.252482048044841,0.398330563269116,"ENSG00000048140.18"
0,0.478889979619001,"ENSG00000113763.12"
0.0830402573990804,0.472251839502943,"ENSG00000160883.11"
4.17797804907857e-13,0.40546553643274,"ENSG00000087206.17"
0.31721350879948,0.244753983749637,"ENSG00000113761.12"
0,0,"ENSG00000251666.1"
0,0.144750267124015,"ENSG00000165671.20"
0,0.183435124284022,"ENSG00000286634.1"
0,0,"ENSG00000240729.1"
0.100579232090437,0.31712687678168,"ENSG00000169228.14"
7.38981597574219e-19,0.191300148056945,"ENSG00000213347.10"
0.326306395717217,0.175985093564178,"ENSG00000169230.10"
0,0,"ENSG00000169223.15"
6.68396062070324e-12,0.470767763050859,"ENSG00000169220.18"
0.0680761187744614,0.360892928441218,"ENSG00000198055.11"
0.154558938190196,0.490409085009951,"ENSG00000246334.2"
0.0363577726671346,0.175949296564406,"ENSG00000131188.12"
0,0,"ENSG00000113758.13"
0.0414442526680476,0.37314617775542,"ENSG00000279821.1"
1.26483730148075e-12,0.41862877423491,"ENSG00000196923.14"
0.284902176782051,0.186911770256146,"ENSG00000248996.1"
1.43571012292898e-14,0.635677018319494,"ENSG00000146094.14"
0,0.376484347051141,"ENSG00000183258.12"
0,0.200727416876609,"ENSG00000146067.16"
0,0,"ENSG00000184840.12"
3.39870570828928e-21,0.0889934017769893,"ENSG00000027847.14"
0.353481052676765,0.142940869865791,"ENSG00000247679.3"
1.29626546055016e-10,0.301101378663588,"ENSG00000246596.7"
0,0,"ENSG00000170089.15"
0.0690540603157482,0.266843813602711,"ENSG00000249684.6"
0.0420907574762,0.391536062520878,"ENSG00000249129.1"
0,0.361362323698852,"ENSG00000204677.13"
0.119365498241654,0.64827175667579,"ENSG00000145911.6"
0.162024082181644,0.562970313735837,"ENSG00000145916.19"
0.131612673477404,2.67735487527507e-13,"ENSG00000145912.8"
0.0583647573787269,0.509569708657032,"ENSG00000197451.12"
0,0.239044384646336,"ENSG00000175309.15"
4.73986471267924e-10,0.0681026098975463,"ENSG00000050767.17"
0,0.34501108789248,"ENSG00000113240.13"
0,0,"ENSG00000169131.13"
0,0.0548074875793803,"ENSG00000178338.11"
0.040533934764567,0,"ENSG00000198939.8"
0,0.0933242857792846,"ENSG00000178187.7"
0.294680585193797,0,"ENSG00000113262.16"
0,0,"ENSG00000234284.7"
0,0.421334716038559,"ENSG00000177932.7"
0.302706811789975,2.86751156672408e-10,"ENSG00000087116.16"
0,0.312641893954817,"ENSG00000176783.15"
0,0,"ENSG00000244945.1"
0,0.272987894488522,"ENSG00000169045.17"
1.13959848770487e-10,0.0105051858357332,"ENSG00000127022.15"
0,0,"ENSG00000225051.5"
5.60602516675563e-13,0.0284397104564896,"ENSG00000161021.13"
0,0,"ENSG00000213316.10"
1.3954710396063e-12,0.301250172332982,"ENSG00000161013.17"
0,0,"ENSG00000161011.20"
2.98379979664433e-14,0.0521745410760735,"ENSG00000161010.15"
0,0,"ENSG00000245317.2"
6.42135719367267e-19,0.10662978891026,"ENSG00000197226.12"
0,0,"ENSG00000113269.14"
0,0.0516047315569514,"ENSG00000285865.1"
0.44935079834815,2.24715892239335e-13,"ENSG00000146090.16"
4.99410943628631e-10,0.157185908807835,"ENSG00000050748.17"
0,0,"ENSG00000248367.1"
0,0,"ENSG00000131459.13"
0.10051433175348,0.468676039191076,"ENSG00000113300.13"
0,0,"ENSG00000037280.16"
1.9967535466643e-11,0.0564451540725517,"ENSG00000131446.16"
0,0,"ENSG00000280161.1"
0,0,"ENSG00000278970.2"
0.0140264835528447,0,"ENSG00000245060.8"
0,0,"ENSG00000196670.13"
0,0,"ENSG00000165810.17"
0,0,"ENSG00000250222.2"
0,0.180611363650123,"ENSG00000146054.18"
1.25298346656957e-20,0.0507810576390713,"ENSG00000146063.20"
0.111302980505419,0,"ENSG00000204628.12"
0,0,"ENSG00000233937.7"
7.03788022883097e-14,0.28396473975267,"ENSG00000183718.5"
0,0,"ENSG00000248275.2"
0.106174718003275,0.180339879229024,"ENSG00000287265.1"
0,0.0472521403065797,"ENSG00000112679.14"
0.00168797285760694,0.397042253596552,"ENSG00000137265.15"
0,0.114850988896543,"ENSG00000286364.1"
0,0,"ENSG00000112685.14"
0,0,"ENSG00000188996.4"
0.157113696393006,0.0078985647250764,"ENSG00000137273.6"
0.0242228964043562,2.07527039662281e-12,"ENSG00000280916.2"
0.000844092621288432,0.199638143920809,"ENSG00000054598.9"
0.0514652877984051,0.777151023095576,"ENSG00000112699.11"
0,0,"ENSG00000285603.1"
7.46057327928815e-13,0.266671127912383,"ENSG00000250903.9"
0,0,"ENSG00000286512.1"
0.504683271866305,0.185058478493827,"ENSG00000164385.9"
0,0,"ENSG00000145949.11"
1.39021660776823e-11,0.202398666980024,"ENSG00000124535.16"
0.250454885900505,0.393232410231407,"ENSG00000021355.13"
0.210906410532322,0.639911545447012,"ENSG00000230438.7"
0,0.337379308028416,"ENSG00000170542.6"
2.06169127927022e-13,0.202709506334724,"ENSG00000124570.20"
0.565128289152778,0.238927996319613,"ENSG00000244041.7"
0,0.0100077636396958,"ENSG00000124588.20"
0,0,"ENSG00000137275.14"
0.122555558075189,1.4889028392226e-11,"ENSG00000272277.1"
0,0.52899808686681,"ENSG00000137274.13"
1.47018433673562e-15,0,"ENSG00000137267.6"
5.07411416524058e-21,0.0106630934161895,"ENSG00000137285.10"
0.0531752441816942,0.282874337853492,"ENSG00000180822.11"
0,0.184134671553913,"ENSG00000137266.14"
0,0.132023153942351,"ENSG00000272320.1"
0,0,"ENSG00000228793.2"
8.68005287051698e-20,0.273175360886295,"ENSG00000168994.13"
0,0,"ENSG00000270504.1"
9.49242839725344e-12,0.16696474184467,"ENSG00000145945.7"
0.0607031126581432,1.39532387095476e-11,"ENSG00000260604.2"
0.105322364160264,0.0981318679430166,"ENSG00000279926.1"
1.43653869693487e-19,0.186629241275342,"ENSG00000112739.17"
0,0.525763454057192,"ENSG00000198721.12"
0,0,"ENSG00000234817.2"
0,0,"ENSG00000201185.1"
0.136548055434359,0.507241674787216,"ENSG00000153046.18"
0,0,"ENSG00000124787.14"
3.87060057245367e-19,0.0557723517443581,"ENSG00000272142.3"
0.325867707571397,0,"ENSG00000271978.1"
0,0,"ENSG00000219607.3"
0,0,"ENSG00000214113.10"
0,0,"ENSG00000145982.12"
0,0,"ENSG00000269985.1"
0,0,"ENSG00000270174.1"
0.0228713429660631,0.145610925288044,"ENSG00000124785.9"
6.10835915422498e-14,0.449447793714154,"ENSG00000124491.15"
0.155390262594532,0.602766515456938,"ENSG00000112799.9"
0.222672511093653,0,"ENSG00000288046.1"
0,0.224280653182338,"ENSG00000124782.20"
0,0,"ENSG00000225092.2"
0,0,"ENSG00000124783.14"
0.261141765018195,0.313558256358978,"ENSG00000124784.9"
1.41995055589972e-10,0.751252964656182,"ENSG00000096696.14"
0,0,"ENSG00000168566.13"
0,0,"ENSG00000153162.9"
0.633540148199588,6.31809408049523e-12,"ENSG00000239264.9"
0.0737053106683483,0,"ENSG00000188428.20"
0,0,"ENSG00000124802.12"
0.258907488133565,0.0365736499396299,"ENSG00000124786.11"
0,0,"ENSG00000285219.2"
2.51979296729497e-19,0.334761997838283,"ENSG00000111846.17"
0,0,"ENSG00000111845.5"
0,0.240017384279002,"ENSG00000111843.14"
5.98611417344588e-16,0.0838493750356732,"ENSG00000137210.14"
0,0.436133664403014,"ENSG00000111837.11"
0.220637838755159,0.303492606011917,"ENSG00000197977.4"
0.17017150987253,0.0490875681499146,"ENSG00000224531.6"
0,0,"ENSG00000244476.3"
0,0,"ENSG00000111859.17"
0.0701962229731231,0.490415861528,"ENSG00000287920.1"
3.26848957019844e-13,0.550834458526688,"ENSG00000205269.6"
0,0,"ENSG00000111863.12"
4.92785053011078e-09,0.528670282927405,"ENSG00000095951.17"
0,0,"ENSG00000078401.7"
0.158463720312235,0.725642287662504,"ENSG00000112137.17"
0.126048504944343,0.395757790919963,"ENSG00000215022.7"
6.87934999100432e-05,0.658766705585433,"ENSG00000145979.18"
0,0.148959622785279,"ENSG00000145990.11"
0,0.505595897478075,"ENSG00000124523.16"
0.0353645766340585,0.129104255755541,"ENSG00000225921.7"
0,0,"ENSG00000010017.13"
2.98250767090831e-12,0.376274114421606,"ENSG00000286316.1"
1.30306279210255e-12,0.245556676574571,"ENSG00000050393.11"
0.0920325023961686,0.434949352586925,"ENSG00000180537.13"
0,0.413305725674499,"ENSG00000112149.10"
0.151302612122296,0.0260785725532128,"ENSG00000234261.4"
0.217161656639161,0.584071548340289,"ENSG00000008083.14"
0.119997159235132,0.440578183722902,"ENSG00000235488.1"
0.314306922883171,0.367659164560802,"ENSG00000047579.19"
0,0.0566175029109361,"ENSG00000007944.15"
0.083406390740197,0.477753747222837,"ENSG00000137198.10"
0.117452470757749,0.46300343321756,"ENSG00000282024.1"
0,0.256144233201092,"ENSG00000124788.18"
0,0,"ENSG00000229931.1"
0.0109830685440206,1.54160008397399e-15,"ENSG00000272341.1"
6.98885365613691e-21,0.07768405348826,"ENSG00000112186.12"
0,0,"ENSG00000137414.6"
0,0.453512410688185,"ENSG00000124789.11"
0,0,"ENSG00000272269.1"
1.98018788663298e-16,0.162593888636239,"ENSG00000137177.20"
0,0,"ENSG00000187566.6"
0,0.395058394597608,"ENSG00000137364.5"
3.46193957889049e-12,0.0573628538346955,"ENSG00000165097.16"
0.236197377265503,0.346778778212416,"ENSG00000124795.17"
0,0.470000948746223,"ENSG00000137393.9"
0,0,"ENSG00000228412.9"
2.19069994612984e-12,0.015194223684378,"ENSG00000172201.12"
2.01879721894516e-20,0.12910753218311,"ENSG00000172197.11"
5.81834200205865e-14,0.552436781934801,"ENSG00000112242.15"
0,0.0908743564843744,"ENSG00000240869.3"
0,0,"ENSG00000145996.11"
1.17867641886136e-11,0.296292154912405,"ENSG00000124766.7"
0,0,"ENSG00000272168.8"
0,0,"ENSG00000124532.14"
2.15091521815197e-12,0.64892865285862,"ENSG00000112293.15"
0.0579533183457239,0.470693527470775,"ENSG00000112294.13"
0,0,"ENSG00000111802.14"
0.0917337182353726,1.52210883427261e-12,"ENSG00000112304.11"
0,0,"ENSG00000272345.1"
0,0,"ENSG00000112308.13"
0,0,"ENSG00000272402.1"
0,0,"ENSG00000112312.10"
0.0674005688997381,0.758877403863523,"ENSG00000111913.19"
0,0,"ENSG00000168405.17"
0.0829971313853736,0.199584946141254,"ENSG00000079691.18"
2.84374052302216e-10,0.116063273492831,"ENSG00000112343.11"
0,0.0245591507066208,"ENSG00000272462.3"
0.0067334791836399,0.0692284686686025,"ENSG00000124610.4"
0.347509492576668,0.251478083728179,"ENSG00000275714.1"
0.054247217764306,0.415663001407558,"ENSG00000278637.1"
0.315485135432502,0.35227798910525,"ENSG00000278705.1"
0.241491995886016,0.576447785005387,"ENSG00000286522.1"
0.103849667176201,0.462057332232423,"ENSG00000278463.1"
0.134455839068646,0.3045450853633,"ENSG00000276410.3"
0.382756948690531,0.308586352797131,"ENSG00000287080.1"
0.380421116525137,4.37337931267776e-13,"ENSG00000187837.3"
0,0,"ENSG00000010704.18"
0.220362429749831,0.183210377139528,"ENSG00000197061.4"
0.269512578543512,0.118628501322379,"ENSG00000180596.7"
0,0,"ENSG00000180573.9"
0.466484983945662,0.200300697335786,"ENSG00000168298.6"
0.342401575269352,0.405167835396268,"ENSG00000158373.8"
1.10464099453729e-09,0.0989383052800206,"ENSG00000274290.2"
0.218385049392345,0.171889091604581,"ENSG00000277157.1"
0.301358142308762,0.515363863257564,"ENSG00000277224.2"
0.312968443239944,0.472683405325641,"ENSG00000276966.2"
0.102039668374842,0.515748829181658,"ENSG00000273802.2"
0.395202650377927,0.307892711243828,"ENSG00000277075.2"
0,0,"ENSG00000274750.2"
0.311832302690649,0.419765232859038,"ENSG00000124575.6"
0.288801740113443,0.392557129065416,"ENSG00000274618.1"
0.195766483849348,0.606550321504646,"ENSG00000277775.1"
0.224020866337417,0.520682871915821,"ENSG00000275713.2"
0.212524414224435,0.520343551231033,"ENSG00000273983.1"
0.258441835231008,0.458837896164432,"ENSG00000278588.1"
0.364052152211845,0.243489688272697,"ENSG00000158406.4"
0,0.535080841279948,"ENSG00000186470.14"
0,0,"ENSG00000124508.17"
0,0.511335239153581,"ENSG00000026950.17"
0,0,"ENSG00000124549.14"
0.0221993516012247,0.177754233388615,"ENSG00000111801.16"
9.60196705203524e-11,0.0179510988908121,"ENSG00000112763.17"
2.50421776065568e-12,0.782561002182341,"ENSG00000228223.3"
0.0988875204911672,1.12284972832872e-12,"ENSG00000182952.5"
0,0,"ENSG00000146109.5"
0,0.0206486855827503,"ENSG00000181315.11"
0,0,"ENSG00000241549.8"
6.04188899794069e-20,0.22105953193633,"ENSG00000287966.1"
0.352935623059256,0.373407431950279,"ENSG00000124635.8"
0.195157603099536,0.413863401415593,"ENSG00000196787.3"
0.363981968291195,0.0801916860156808,"ENSG00000276180.1"
0.398906932432731,0.37359691365362,"ENSG00000197903.7"
0.255276851890465,0.51810529899264,"ENSG00000274997.1"
0,0.531229627279932,"ENSG00000204789.4"
0,0.163742694825388,"ENSG00000124613.8"
0,0,"ENSG00000096654.15"
0.368815746845472,0.0159020565726894,"ENSG00000287252.1"
0.18916606828944,0.550548079115297,"ENSG00000185130.5"
0.18068687817783,0.530080208821854,"ENSG00000196747.4"
0.180685296612336,0.355517939371136,"ENSG00000278828.1"
0.188360474406295,0.621891849009413,"ENSG00000276368.1"
0.238102748092525,0.485026125720639,"ENSG00000273703.1"
5.16615288122522e-20,0.351191677253388,"ENSG00000197238.4"
0,0.114775829219821,"ENSG00000273542.1"
0.489725267763755,0.34665623760525,"ENSG00000233822.4"
0.233354544498581,0.549449150043761,"ENSG00000276903.1"
0.313198542007969,0.4226487178432,"ENSG00000184357.4"
0.218266347668742,0.494623146812701,"ENSG00000275379.1"
0.0805141875236949,0.616899404414822,"ENSG00000275126.1"
0.144911741711374,0.444777839256906,"ENSG00000197153.4"
0.21639752967574,0.261510313997713,"ENSG00000278677.1"
0.203393958109614,0.551045465338831,"ENSG00000274641.1"
0,0,"ENSG00000269293.3"
1.45588702570584e-12,0.0110288888961735,"ENSG00000197279.4"
0.0224193478184087,0.0768723947506097,"ENSG00000219891.2"
0,0,"ENSG00000196812.5"
0.0197449986039144,0.148509294854338,"ENSG00000198315.11"
1.88491614500123e-19,0.109302401090564,"ENSG00000226314.8"
0,0,"ENSG00000137185.12"
0,0,"ENSG00000187626.9"
0,0.0480410564472949,"ENSG00000189134.4"
0,0,"ENSG00000197062.11"
0,0,"ENSG00000137338.5"
0.0430393257901724,0.491139264931131,"ENSG00000235109.7"
0.0590245931342129,1.1682398448816e-13,"ENSG00000189298.14"
0.0605832241029051,1.10076817293107e-08,"ENSG00000158691.14"
2.80913256906215e-13,0.18518147416655,"ENSG00000187987.9"
0.0541942132384533,0.273110662475781,"ENSG00000204713.11"
0.262630113352183,0.211264706762434,"ENSG00000263426.2"
0.434552860974111,0.0042388255603722,"ENSG00000197935.6"
0,0,"ENSG00000204681.11"
0.0496135869111069,0.363804010885024,"ENSG00000204657.4"
0,0.768377953076788,"ENSG00000204642.14"
0,0.139602051895612,"ENSG00000214922.9"
0.20065075609593,5.99084241211058e-12,"ENSG00000273340.1"
0.142053083568825,0.538021821514182,"ENSG00000204632.11"
0,2.01747902964111e-15,"ENSG00000285799.1"
0,0,"ENSG00000230521.1"
0.101642665406011,0.139725500960604,"ENSG00000206341.7"
0,0,"ENSG00000230795.3"
0.560525203324732,1.31660571083099e-13,"ENSG00000228078.1"
0.15112621093353,0.582789895710839,"ENSG00000206503.13"
0,0,"ENSG00000235290.1"
0.175453748957137,0.261439832238052,"ENSG00000229390.1"
0,0,"ENSG00000204623.9"
0,0,"ENSG00000066379.15"
0.324071279474409,0.0190431125305686,"ENSG00000204619.8"
0,0.117209631001314,"ENSG00000204618.8"
0.18573582046643,0.551443804848255,"ENSG00000204613.11"
0,0.248853680286541,"ENSG00000234127.9"
1.70179933303799e-10,0.0635026680952837,"ENSG00000233892.1"
4.91847985318519e-09,0.503171138450836,"ENSG00000243753.5"
0.289671794680431,0.308130492296205,"ENSG00000280128.1"
0,0.406765250729744,"ENSG00000231074.9"
0.0322302459766684,0.706563625795057,"ENSG00000204599.14"
0,0.383082347809742,"ENSG00000204592.9"
3.11514267782895e-18,0.029505802054726,"ENSG00000204590.12"
0.243033375488564,0.641799886491036,"ENSG00000204576.11"
0,0.18287294037546,"ENSG00000204574.13"
0,0,"ENSG00000204569.10"
0,0,"ENSG00000204568.12"
0,0,"ENSG00000137343.18"
0.248971055975151,0.425160052569972,"ENSG00000228415.3"
0,0,"ENSG00000204564.12"
0,0,"ENSG00000204560.10"
0.0281025188390989,0.70145665243166,"ENSG00000146112.12"
0.0136570938613628,0,"ENSG00000137404.14"
0,0,"ENSG00000137337.15"
0.113901615522362,4.86104415298353e-12,"ENSG00000196230.13"
0,0,"ENSG00000272540.1"
0,0,"ENSG00000137312.15"
1.33583166505328e-13,0.197911847378085,"ENSG00000272273.1"
3.29809714273355e-13,0.287951704398989,"ENSG00000137331.12"
0,0,"ENSG00000204580.13"
0.10813129985099,3.37528399161733e-09,"ENSG00000204540.11"
2.88421420646317e-14,0.0818733776602368,"ENSG00000204536.14"
0.130759294268994,0.574377359465668,"ENSG00000137310.12"
0,0,"ENSG00000204531.18"
0,0.0211053025416502,"ENSG00000272501.1"
0,0,"ENSG00000206344.7"
0.207503321137718,0.611452899665458,"ENSG00000204525.16"
0.00506440078515431,0.676943563467777,"ENSG00000234745.11"
0.405604765597102,0,"ENSG00000272221.1"
0.373384704650963,0,"ENSG00000204520.13"
0,0.0113482612014456,"ENSG00000206337.11"
1.37760980851606e-15,0.0832631395673647,"ENSG00000286940.1"
0.16758363451203,0.641652560125435,"ENSG00000204516.10"
0,0.157908841405911,"ENSG00000198563.14"
0,0,"ENSG00000204498.11"
0.0942471647697689,0.468104371639528,"ENSG00000232810.4"
0.0985295760054436,0.609199373576476,"ENSG00000227507.2"
0.200145574881254,0.702464458104076,"ENSG00000204482.10"
0.113895396521455,0.688609629294499,"ENSG00000204472.13"
0,0.158632586681099,"ENSG00000204469.13"
0,0.0982333018583213,"ENSG00000200816.1"
0.0654835688188377,0.537479730379783,"ENSG00000204463.12"
0,0.347681184539749,"ENSG00000204444.11"
0,0,"ENSG00000204439.4"
0.22484740889211,0.386427890564982,"ENSG00000204438.11"
0.364138408173988,0.285241062253351,"ENSG00000204435.13"
0.0181446079668244,0.455791602076391,"ENSG00000240053.8"
4.73115493772137e-17,0.0611509852697305,"ENSG00000204428.12"
0,0.341156194115194,"ENSG00000204427.12"
0.373212987178374,0.439277158148255,"ENSG00000204420.10"
0,0,"ENSG00000213722.9"
0.240548121699608,0.326003818799854,"ENSG00000213719.8"
0,0.230780813678823,"ENSG00000204410.15"
0,0.215649354764218,"ENSG00000204394.13"
0.0348542449019268,2.74714292408237e-14,"ENSG00000204392.11"
0,0.371398641600589,"ENSG00000204390.10"
0,0,"ENSG00000204389.10"
0,0,"ENSG00000204388.7"
6.37215649979195e-10,0.153110870694991,"ENSG00000204387.14"
0,0,"ENSG00000204386.11"
0.24138486370732,3.95575438496187e-13,"ENSG00000204385.12"
0,0,"ENSG00000204371.11"
0,0.217929132407198,"ENSG00000166278.15"
0,0,"ENSG00000204366.4"
0,0,"ENSG00000243649.8"
0,0.40979189805466,"ENSG00000204356.14"
0,0.162320725541112,"ENSG00000204351.12"
0.0809281423156844,0.302648285549697,"ENSG00000204348.10"
0,0,"ENSG00000204344.14"
0,0,"ENSG00000244731.8"
0.101730358502822,0.332505288965299,"ENSG00000224389.9"
1.73620015778602e-09,0.509343130213092,"ENSG00000168477.19"
9.94349299824755e-15,0.0241007193826877,"ENSG00000286974.1"
0,0,"ENSG00000213676.13"
0.0649528163190581,0.133577747238513,"ENSG00000204315.4"
0.182687757957603,0.442289230261763,"ENSG00000221988.13"
0,0,"ENSG00000241404.7"
0,0.11529305496435,"ENSG00000204310.13"
0,0.357313136158763,"ENSG00000204308.8"
0.00366254082777294,0.390935584103363,"ENSG00000204305.14"
0.128895609649012,0.0958819231590763,"ENSG00000204304.12"
0.0378152673455848,0.832540835944699,"ENSG00000213654.10"
0,0,"ENSG00000204301.6"
0,0,"ENSG00000225914.3"
0,0.594692973238192,"ENSG00000204287.14"
5.12240411398047e-13,0.463552739173184,"ENSG00000198502.6"
0.196433093394161,0.330630478545413,"ENSG00000229391.7"
0.0476159320962957,0.517800134807759,"ENSG00000196126.11"
0.0868075521267118,0.66328460255742,"ENSG00000196735.12"
0.107434780634004,0.555902453999651,"ENSG00000179344.16"
0.662982866592946,0.247720059040925,"ENSG00000237541.4"
0,0.36276592790871,"ENSG00000232629.9"
2.31556186651043e-08,0.040782991504478,"ENSG00000204267.15"
0,0.713456989561268,"ENSG00000204264.11"
0,0.611564211057605,"ENSG00000204261.9"
0.0851129512679714,0.722876313286987,"ENSG00000240065.8"
0,0.250511880050223,"ENSG00000168394.11"
0.354679541803632,0.454238109660539,"ENSG00000242574.9"
0,0,"ENSG00000204257.15"
0,0.17675709809785,"ENSG00000204256.13"
0,0.36635965555802,"ENSG00000204252.14"
0.337739462610073,0.417507125727313,"ENSG00000231389.7"
0.153969580340186,0.755798627579383,"ENSG00000223865.11"
0,0.730069923875288,"ENSG00000204248.10"
0,0,"ENSG00000204231.10"
0.230607056189774,9.12371647838741e-13,"ENSG00000112473.18"
0,0,"ENSG00000204228.4"
0,0,"ENSG00000204227.5"
1.14113660751216e-18,0.0368439058793907,"ENSG00000232940.6"
0.0467661898027235,0.141675324712208,"ENSG00000223501.9"
0,0,"ENSG00000231500.7"
1.63587156393979e-14,0.248107855935437,"ENSG00000235863.4"
0.142692609659675,0.301751755836301,"ENSG00000227057.10"
0,0,"ENSG00000204220.11"
0,0.18058088039982,"ENSG00000237441.10"
1.46879737184711e-11,0.475603343610962,"ENSG00000231925.11"
0,0,"ENSG00000236104.3"
0,0.379594662021431,"ENSG00000204209.13"
0.218333891365213,0.497201130191282,"ENSG00000237649.8"
0,0.513995036292972,"ENSG00000112511.17"
0.198161046166892,0.122052197458338,"ENSG00000112514.16"
0,0,"ENSG00000197283.17"
0.284655927580126,0.462552209949462,"ENSG00000213588.6"
0,0.207717986793255,"ENSG00000030110.13"
0,0.0289532430759826,"ENSG00000096433.11"
0,0.189124708878537,"ENSG00000137288.10"
0,0,"ENSG00000161896.12"
0,0.119636733981337,"ENSG00000161904.12"
3.64960088025811e-10,0.514551456824534,"ENSG00000137309.19"
0,0,"ENSG00000186577.14"
0,0,"ENSG00000225339.4"
0.0956181875432883,0.322928521271939,"ENSG00000272325.2"
0,0,"ENSG00000124614.16"
0,0.164563096589305,"ENSG00000124507.11"
0,0,"ENSG00000196821.10"
0,0.124941233678994,"ENSG00000265123.2"
0,0,"ENSG00000272288.6"
0,0.0140673637087261,"ENSG00000124562.10"
0,0,"ENSG00000065060.17"
0.24821351672625,0.385740356520062,"ENSG00000064995.18"
0,0,"ENSG00000064999.15"
0,0,"ENSG00000286550.1"
0.23761354870587,0.29955602509249,"ENSG00000146197.9"
0,0,"ENSG00000272374.1"
0.221477583778636,0.177783648875521,"ENSG00000065029.15"
0.16679088589477,0.660378586225384,"ENSG00000023892.11"
0,0,"ENSG00000112033.14"
5.83536730992401e-15,0.115380727166692,"ENSG00000112039.4"
0,0,"ENSG00000198755.11"
0.381999439587519,2.21819077875471e-11,"ENSG00000007866.21"
0.220986809958731,1.63234530099493e-15,"ENSG00000112041.13"
0.126757921753658,0.269788642751115,"ENSG00000228559.2"
0.0264816676670151,3.20867860423975e-11,"ENSG00000096060.14"
0,0.01423967780461,"ENSG00000287458.1"
0.123585453713496,3.44881487342857e-13,"ENSG00000265527.1"
0,0,"ENSG00000157343.8"
0,0.294960609571494,"ENSG00000197753.11"
0.160195976396755,0.393144147309148,"ENSG00000096063.16"
0.00428062920052904,0.384672818231989,"ENSG00000112053.14"
0.0852321427747537,0.305008921301086,"ENSG00000112062.10"
2.68083465780194e-19,0.0566923398451733,"ENSG00000237719.1"
0,0.510476184711309,"ENSG00000156711.17"
0,0,"ENSG00000246982.7"
0,0.277049596660975,"ENSG00000096070.19"
1.3467936256851e-19,0.216249271563968,"ENSG00000010030.14"
0,0,"ENSG00000112078.14"
0.0436904516564979,0.325040995865944,"ENSG00000112079.9"
0.00418910693075376,1.52010925479015e-12,"ENSG00000112081.17"
0,0,"ENSG00000124762.13"
0.239647062283053,0.391081540858785,"ENSG00000255587.9"
1.91120516956825e-11,0.376032540669696,"ENSG00000124772.12"
0.0231249298857948,0,"ENSG00000137168.8"
0.0417160221281696,0.568828176650603,"ENSG00000198663.16"
0.0356746788433568,0.83280920664752,"ENSG00000164530.15"
0,0,"ENSG00000137409.19"
0.345138887372087,0.509875460815787,"ENSG00000146192.15"
0,0.532922712762867,"ENSG00000137193.14"
0,0.356382701879547,"ENSG00000172738.12"
0,0.477168279919288,"ENSG00000065491.8"
0,0,"ENSG00000286672.1"
0.0648802770924468,4.76232043888902e-13,"ENSG00000112130.17"
0,0.170741621730744,"ENSG00000137200.13"
8.26023051164368e-12,0.128725693289829,"ENSG00000198937.9"
4.21349265083065e-19,0.0619593760185942,"ENSG00000112139.16"
0,0.287298448819062,"ENSG00000156639.12"
0,0,"ENSG00000218521.1"
0,0.47825394880075,"ENSG00000183826.18"
0,0,"ENSG00000226533.1"
0,0,"ENSG00000124767.7"
0,0,"ENSG00000112167.10"
3.74184958545921e-14,0.216507009639659,"ENSG00000217165.1"
0,0,"ENSG00000164626.9"
1.03819312765856e-12,0.860917425326844,"ENSG00000124780.14"
0,0,"ENSG00000164627.18"
0.19779024847256,0.00793987774354615,"ENSG00000146122.17"
0,0,"ENSG00000281969.1"
0,0,"ENSG00000235033.7"
0.063298840198833,0.366726733249592,"ENSG00000124615.20"
0,0,"ENSG00000124596.17"
6.62858967468112e-08,0.452865582348932,"ENSG00000112212.12"
0,0,"ENSG00000001167.14"
0,0,"ENSG00000287678.1"
0,0,"ENSG00000161912.18"
0.0535880375453204,0.372983629558659,"ENSG00000161911.11"
0.0221726755641507,0.526693603150973,"ENSG00000112195.9"
0.168134453641658,0.581539738071388,"ENSG00000124731.13"
0,0,"ENSG00000234753.5"
1.32439852123992e-20,0.100696018081226,"ENSG00000137166.15"
0.300494541358664,0.523199554407991,"ENSG00000112559.14"
0.145073946800696,0.215652812825919,"ENSG00000112561.18"
1.87080262691091e-14,0.454426162830306,"ENSG00000137218.10"
0,0,"ENSG00000124593.16"
0,0.341843213456795,"ENSG00000164663.14"
0.270585136352893,1.83814705905923e-10,"ENSG00000124641.16"
6.60912783231742e-14,0.0880672831251882,"ENSG00000112578.10"
0.0661087458686042,0.701250792081111,"ENSG00000112576.12"
0,0.540606233330428,"ENSG00000137413.16"
0,0.354309964590916,"ENSG00000261068.2"
0.206047600345274,0.257169545819308,"ENSG00000188112.9"
2.50562076024342e-19,0.148136375279073,"ENSG00000112599.9"
0,0.619340482625698,"ENSG00000048544.6"
0,0,"ENSG00000124496.12"
0,0.558191906411691,"ENSG00000024048.10"
1.28024091824907e-12,0.0315037791348459,"ENSG00000112619.8"
0.0413534071630334,0,"ENSG00000124659.7"
0.0674364654515493,0.376922572897811,"ENSG00000112624.12"
2.75867085408179e-09,0.132676326733216,"ENSG00000146223.15"
0,0,"ENSG00000221821.4"
0.158763744451355,0.0900243064044904,"ENSG00000137161.17"
0,0,"ENSG00000231113.2"
0,0,"ENSG00000124587.14"
1.82494606356821e-20,0.353313961473566,"ENSG00000112640.15"
0,0.260730196629234,"ENSG00000124733.5"
0.246460472783208,0.0833899011799927,"ENSG00000124702.18"
0,0,"ENSG00000124541.7"
0,0,"ENSG00000044090.8"
0,0,"ENSG00000137171.15"
0.0553871513791237,0.388359899140571,"ENSG00000112651.12"
0,0.635408250385383,"ENSG00000112655.16"
0,0.118612389826007,"ENSG00000112658.8"
0.00899045805897341,0.295850630227612,"ENSG00000112659.14"
3.84408778678536e-14,0.585392295685435,"ENSG00000112667.12"
0.242798865732787,0.355267116341169,"ENSG00000171467.16"
0.232538961467899,0.320665994655752,"ENSG00000124574.15"
0,0,"ENSG00000171462.15"
1.28639145562098e-14,0.0388086951810259,"ENSG00000137221.14"
0,0,"ENSG00000204052.4"
0,0,"ENSG00000171453.20"
1.6514290900143e-13,0.066289716382362,"ENSG00000137207.12"
0,0,"ENSG00000124571.18"
0.0243442839714634,0.590342132170142,"ENSG00000170734.11"
0.123829275897264,1.97656350717199e-12,"ENSG00000203362.2"
1.3058623170961e-14,0.49960247422915,"ENSG00000172432.19"
0.0180619950100824,0.0591313505226282,"ENSG00000124688.13"
0.255740218720708,0.065894934077385,"ENSG00000172426.16"
0,0.332642377878818,"ENSG00000096080.11"
0,0,"ENSG00000112715.22"
0.134614588043499,0.0173953214942991,"ENSG00000283573.1"
0,0.101979853696119,"ENSG00000231881.2"
0,0.17306971319632,"ENSG00000287562.1"
1.36506075643409e-13,0.0484763742116025,"ENSG00000180992.7"
5.46111673036394e-12,0.466570775490693,"ENSG00000137216.19"
0,0,"ENSG00000137225.13"
0,0.66598747938323,"ENSG00000112759.18"
0,0.0059424670067653,"ENSG00000096384.20"
0,0,"ENSG00000157593.19"
0,0.195619287234811,"ENSG00000146232.16"
0.107765558997011,0.49950034539054,"ENSG00000178233.18"
0.12445635543424,0.295219239268212,"ENSG00000146221.10"
0,0,"ENSG00000124608.5"
0,0,"ENSG00000096401.8"
0,0,"ENSG00000196284.16"
0.000403819285782465,0.931780781785582,"ENSG00000124813.23"
0,0.28823121186041,"ENSG00000271857.1"
0.00726976030796612,0.294277805643056,"ENSG00000261080.1"
0.0242097207456664,2.10259403171934e-11,"ENSG00000112782.18"
0.148318707074323,0.337291004709637,"ENSG00000001561.7"
0.110889096737482,0.20575948436385,"ENSG00000112796.10"
2.90540094982462e-19,0.105266365092567,"ENSG00000172348.14"
0,0,"ENSG00000146233.8"
9.81558848167931e-20,0.410886470890374,"ENSG00000153291.16"
0,0,"ENSG00000180113.16"
0.0353900386644925,0.625562766022715,"ENSG00000146070.17"
0,0,"ENSG00000069122.19"
6.94683130208457e-22,0.0939981188360816,"ENSG00000146072.6"
8.77877508851488e-13,0.032041548894913,"ENSG00000198087.7"
0,0.0444917498522009,"ENSG00000244694.7"
0,0,"ENSG00000286811.1"
0,0.328781862574971,"ENSG00000146085.8"
0,0,"ENSG00000031691.7"
0.116761607879649,0.469072452147463,"ENSG00000112077.16"
0.204819281497141,0.438875461789536,"ENSG00000096006.11"
0,0,"ENSG00000232702.3"
0.300882743627135,0.39526986019688,"ENSG00000112118.20"
0.489328352924617,2.87019409495384e-11,"ENSG00000170915.9"
0,0,"ENSG00000096093.16"
0,0,"ENSG00000065308.5"
0.0103532858622744,0,"ENSG00000225791.7"
0,0,"ENSG00000216775.3"
0,0,"ENSG00000096092.6"
2.51937197822549e-17,0.115747554013998,"ENSG00000170899.11"
0.0179019888369475,0.394416741550871,"ENSG00000112144.15"
5.12185193282903e-16,0.166873842290553,"ENSG00000112146.16"
0,0,"ENSG00000218713.1"
0,0,"ENSG00000206908.1"
0,0.253827193389191,"ENSG00000219163.2"
3.85083879090766e-19,0.284022890002236,"ENSG00000012660.14"
0,0,"ENSG00000217527.1"
0,0.451399720328328,"ENSG00000001084.13"
0,0.322343911667622,"ENSG00000249379.2"
0.160861367101134,0.372370806666301,"ENSG00000124743.6"
0,0,"ENSG00000137269.15"
1.12693839862059e-21,0.0497713186637506,"ENSG00000146147.15"
0,0.200355264693726,"ENSG00000137252.9"
0.170356951496894,0.387264149261056,"ENSG00000146151.13"
0.00566624834653175,0.687841595265207,"ENSG00000112175.8"
0,0.357635786448702,"ENSG00000124749.17"
0,0.360110694484734,"ENSG00000151914.20"
2.89612379729546e-21,0.0250736574474639,"ENSG00000231441.2"
0.0211019409615092,0.638394710675746,"ENSG00000151917.18"
0.0541640323939277,1.89658942759458e-11,"ENSG00000218980.2"
0,0,"ENSG00000168116.14"
7.2763684560322e-13,0.033200928482365,"ENSG00000112200.17"
0,0,"ENSG00000226803.9"
0,0,"ENSG00000112208.11"
0.0160308691879345,0.302002836269526,"ENSG00000112210.12"
0,0,"ENSG00000146143.19"
0,0,"ENSG00000272316.1"
0,0,"ENSG00000215190.9"
9.70188235433437e-11,0.0620271333965392,"ENSG00000112232.9"
0.372474334677474,0.279099817880994,"ENSG00000285976.2"
0,0.472230657128575,"ENSG00000118482.11"
0,0.158836220344208,"ENSG00000188107.15"
0,0.056072059313542,"ENSG00000135298.14"
3.43694372925809e-18,0.203060351018999,"ENSG00000168216.13"
0,0,"ENSG00000219085.1"
0.14629640393282,0.44166652020369,"ENSG00000082293.13"
0,0,"ENSG00000082269.16"
0,0.561376086431116,"ENSG00000154079.6"
1.22732206831113e-18,0.281798188236836,"ENSG00000112305.15"
0,0,"ENSG00000262803.1"
0,0,"ENSG00000232295.7"
9.69088784872631e-13,0.0318971157646319,"ENSG00000119900.9"
1.57378853168761e-13,0.0222403907082571,"ENSG00000233237.8"
7.68470074425007e-19,0.026787673965745,"ENSG00000279289.1"
0.181465803782804,0,"ENSG00000079841.18"
3.84084465219604e-11,0.103082899212116,"ENSG00000185760.15"
0,0,"ENSG00000135314.12"
0,0.0215190014604935,"ENSG00000229852.3"
0,0,"ENSG00000234882.1"
0.119469068292801,0,"ENSG00000080007.8"
0.00575617369897984,0.34507109019408,"ENSG00000164430.16"
0,0.018552029721015,"ENSG00000135297.15"
0,0,"ENSG00000156508.18"
0,0,"ENSG00000119899.13"
0,0,"ENSG00000231652.2"
0.251495615469235,0,"ENSG00000156535.15"
0,0.20611608646803,"ENSG00000111799.21"
0,0.352739068478211,"ENSG00000112695.11"
0,0,"ENSG00000112697.16"
0,0.472433686971654,"ENSG00000225793.3"
0,0.272053095230367,"ENSG00000118407.15"
0,0,"ENSG00000112701.18"
0.0185520116449522,0,"ENSG00000217488.2"
0,0,"ENSG00000200091.1"
0,0,"ENSG00000196586.16"
0.117376604659588,0.357294701341345,"ENSG00000271945.2"
0.0455641560286512,0.422969658513423,"ENSG00000146243.14"
1.05073787097926e-12,0.16407048248352,"ENSG00000146247.14"
0,0.463512572785139,"ENSG00000217512.1"
0.0193890848197719,1.33794870072057e-10,"ENSG00000118418.14"
0,0,"ENSG00000270362.1"
8.68442130524267e-17,0.12008121346782,"ENSG00000231533.2"
0,0,"ENSG00000135338.14"
0,0.0900330180461713,"ENSG00000287811.1"
0,0,"ENSG00000279659.1"
1.37088712951128e-12,0.0338246213632854,"ENSG00000198478.8"
0,0.0788154562443742,"ENSG00000118402.6"
0.241828482726266,0.359958049338058,"ENSG00000112742.10"
2.58829733754229e-16,0.00938104876087121,"ENSG00000218418.2"
2.86153669344195e-10,0.353052313442065,"ENSG00000083123.15"
4.56465447022193e-13,0.202015774107216,"ENSG00000272129.1"
0,0.604314346415546,"ENSG00000233967.7"
0.136339862172515,0.180308245471015,"ENSG00000260645.2"
0.284599780163294,0.169758246932398,"ENSG00000112773.16"
0,0.398484325452269,"ENSG00000005700.15"
2.18656567941693e-13,0.212692905847295,"ENSG00000146242.8"
0,0,"ENSG00000118420.17"
0,0.278217947734882,"ENSG00000083097.14"
0,0,"ENSG00000013375.16"
0,0.160848369742517,"ENSG00000013392.8"
2.20797329698814e-13,0.182925829245259,"ENSG00000065833.9"
0,0,"ENSG00000219951.4"
0.120242655525073,0.503956889244371,"ENSG00000146250.7"
0.285146792296817,0.346287670595312,"ENSG00000065615.14"
0,0,"ENSG00000135324.6"
0,0.16986642853686,"ENSG00000135315.12"
0,0.811188447629584,"ENSG00000112837.17"
0,0.00562830841980827,"ENSG00000228290.7"
0,0,"ENSG00000214460.3"
0,0.341492144201036,"ENSG00000135318.12"
0,0,"ENSG00000135317.13"
0,0,"ENSG00000135316.18"
0,0,"ENSG00000203875.12"
0,0,"ENSG00000220563.1"
0.0958542090613153,0.105306710967783,"ENSG00000272008.1"
0,0,"ENSG00000188994.13"
0,0,"ENSG00000218313.1"
0.169880158405211,0.195686097324371,"ENSG00000164411.12"
0,0,"ENSG00000111850.11"
0,0,"ENSG00000203872.7"
0.181199779183253,0.224384723170871,"ENSG00000279616.1"
0,0,"ENSG00000213204.8"
0,0,"ENSG00000164414.18"
9.03165718056173e-14,0.253042766761616,"ENSG00000146282.18"
0,0,"ENSG00000135336.14"
0,0.300415266273761,"ENSG00000135334.9"
0.176262134400315,0.392504458443147,"ENSG00000118432.12"
0,0,"ENSG00000111880.16"
0,0,"ENSG00000146278.11"
0,0,"ENSG00000154548.9"
0,0,"ENSG00000146281.6"
0,0.0861918781889543,"ENSG00000111886.11"
0.394094914641657,0.130291123852001,"ENSG00000198833.7"
0,0.184821751346727,"ENSG00000025039.15"
0,0,"ENSG00000135299.17"
0.0493590986668523,0.262411105298699,"ENSG00000083099.11"
4.69749709385183e-20,0.34116410001493,"ENSG00000112159.12"
2.03597439568277e-13,0.250624393203218,"ENSG00000118412.12"
0.247875141045183,0.550102479774365,"ENSG00000112182.15"
0.0648706348886437,0.0572285279370277,"ENSG00000287789.1"
0.194516651714622,0.205523134431784,"ENSG00000218730.1"
0.127642463946494,0.461582673810752,"ENSG00000260271.3"
0,0,"ENSG00000135341.18"
1.32804801157916e-20,0.347867400239634,"ENSG00000135333.14"
0.271358331443995,0.0936526007438215,"ENSG00000261366.1"
0,0,"ENSG00000172469.16"
4.44032558387123e-21,0.34744965335025,"ENSG00000014123.10"
0,0,"ENSG00000112214.10"
1.15853292684003e-11,0.275001561939922,"ENSG00000123545.6"
0,0.120013974544548,"ENSG00000146263.11"
0,0,"ENSG00000184486.10"
1.53254653643897e-12,0.408896265438691,"ENSG00000112234.9"
0.0698075708100095,0.347234031097013,"ENSG00000132423.12"
0,0.42475298719118,"ENSG00000132424.16"
0.16159449701666,0,"ENSG00000228506.2"
0,0.0914022760941918,"ENSG00000123552.17"
0.0134120009191093,0,"ENSG00000279170.2"
3.00366733191186e-15,0.247715095402738,"ENSG00000112237.13"
5.08707683730531e-19,0.280543577483226,"ENSG00000112246.9"
0,0,"ENSG00000112249.14"
0,0,"ENSG00000260000.2"
0,0,"ENSG00000164418.20"
0.19791670981386,3.36374614358119e-17,"ENSG00000085382.12"
0,0,"ENSG00000112276.14"
0,0,"ENSG00000203808.12"
0,0,"ENSG00000132429.10"
0,0,"ENSG00000085377.14"
0,0.583155491588582,"ENSG00000057657.17"
2.69935852524784e-12,0.32435136821633,"ENSG00000057663.16"
3.92151566317327e-13,0.405982647208791,"ENSG00000112297.15"
0,0,"ENSG00000200314.1"
0,0,"ENSG00000130347.13"
0,0,"ENSG00000130348.11"
0.0845591279871074,0.503737735366352,"ENSG00000272398.6"
1.47107411368768e-13,0.144603539590855,"ENSG00000130349.10"
0,0.495345195592548,"ENSG00000178409.13"
0,0,"ENSG00000164494.12"
0.0509527511816102,0.480209894803135,"ENSG00000112320.12"
0.14017640975167,0.116489396795548,"ENSG00000234206.5"
0.219923839139829,0.455791092856444,"ENSG00000146285.14"
0,0.437099981735554,"ENSG00000025796.14"
0.286606888025009,0.0894562451677213,"ENSG00000272476.1"
0,0,"ENSG00000081087.15"
0,0,"ENSG00000112335.15"
0,0.301282940974916,"ENSG00000135537.17"
0,0,"ENSG00000287044.1"
1.61407489359468e-19,0.323566738164321,"ENSG00000118689.15"
0,0.213570985494989,"ENSG00000228976.1"
0,0,"ENSG00000203801.8"
0.173144562362636,0.213498470199904,"ENSG00000219565.2"
0,0.116625524489982,"ENSG00000286511.1"
0.0358978058674315,2.63071331062446e-12,"ENSG00000118690.13"
0,0,"ENSG00000080546.13"
0,0,"ENSG00000183137.14"
0.0736603820673295,0.352133508924342,"ENSG00000203799.13"
1.78829029958945e-20,0.299602294203725,"ENSG00000135535.17"
1.13253912669155e-09,0.284547299431659,"ENSG00000185250.15"
0.0235690441628259,0.535200879779729,"ENSG00000135587.9"
0.0999063538934721,0.471384889091127,"ENSG00000135596.18"
0,0,"ENSG00000112365.4"
0,0,"ENSG00000155085.15"
0,0.435085588108088,"ENSG00000112367.10"
0,0.393392186778937,"ENSG00000112290.13"
0,0,"ENSG00000168438.15"
0.0689220579977823,0,"ENSG00000203797.10"
0.0781018391082512,0.256123626762089,"ENSG00000004809.14"
0,0,"ENSG00000241162.3"
0,0.287080419611932,"ENSG00000155111.15"
2.97729110314182e-17,0.115118697474733,"ENSG00000123505.17"
0,0,"ENSG00000219329.1"
0,0,"ENSG00000155115.7"
0.182154608109518,0,"ENSG00000197498.13"
0,0,"ENSG00000112394.17"
6.76465136457638e-13,0.0848016685513198,"ENSG00000173214.6"
0,0,"ENSG00000271789.1"
0,0.0428999018347427,"ENSG00000009413.15"
2.61732202418306e-12,0.193421814941517,"ENSG00000272356.1"
8.41491036657629e-17,0,"ENSG00000220392.1"
0.00794749264308603,0,"ENSG00000229276.1"
0,0,"ENSG00000218676.1"
0,0,"ENSG00000231889.7"
0,0.00425265994620635,"ENSG00000220506.2"
0,0.312908743453375,"ENSG00000286616.1"
0,0.18625751622551,"ENSG00000056972.20"
0,0,"ENSG00000255389.1"
0.152026633734298,0.0269902088303453,"ENSG00000010810.17"
0.0548977439782933,0,"ENSG00000112761.20"
0,0.590117898955562,"ENSG00000074935.14"
0.0591883235521144,0.628064978396643,"ENSG00000203778.8"
0.00508410005224102,0.449843302332468,"ENSG00000112769.20"
1.91220806610954e-12,0.268337754231777,"ENSG00000237234.7"
0,0.0499872715929604,"ENSG00000207044.1"
0.216179029724182,0.146476694294784,"ENSG00000270661.1"
0.193647927564903,0.242973840607472,"ENSG00000271208.1"
0.179286804381028,0,"ENSG00000226440.7"
0,0,"ENSG00000230943.3"
0,0.800072877339203,"ENSG00000277443.3"
0,0.435366377253737,"ENSG00000227502.3"
0,0,"ENSG00000196591.12"
0,0,"ENSG00000228624.7"
0,0,"ENSG00000111816.8"
0,0,"ENSG00000287933.1"
0,0,"ENSG00000178425.14"
0,0,"ENSG00000123500.10"
0,0,"ENSG00000187189.11"
0,0,"ENSG00000111817.17"
0,0,"ENSG00000189241.7"
1.40016882068998e-09,0.0318555286100704,"ENSG00000217241.1"
1.63664988085557e-12,0.472426896924374,"ENSG00000188820.13"
0.0653291916116411,0.213533479916115,"ENSG00000178033.6"
8.77227214455287e-20,0.242354865209596,"ENSG00000111832.13"
0,0,"ENSG00000111834.13"
0,0,"ENSG00000153975.10"
0,0.105094800724009,"ENSG00000196911.11"
0.330803967444939,1.12001089886207e-12,"ENSG00000183807.8"
0,0,"ENSG00000047936.10"
0,0,"ENSG00000164465.18"
0,0.0540782614295078,"ENSG00000047932.14"
0,0,"ENSG00000153989.8"
0,0,"ENSG00000216809.1"
0,0,"ENSG00000111860.14"
0,0,"ENSG00000169075.7"
7.22756317300035e-17,0.0443027135989479,"ENSG00000198523.6"
0,0,"ENSG00000286339.1"
0,0.520974356241597,"ENSG00000111877.17"
0.175908363309549,0,"ENSG00000111875.8"
2.73348406745998e-16,0.159979603273234,"ENSG00000253194.2"
1.45206688580246e-09,0.294712121817407,"ENSG00000111879.20"
0,0.116623853747173,"ENSG00000111885.7"
0,0,"ENSG00000216316.1"
0,0.549065853628065,"ENSG00000287100.1"
0,0,"ENSG00000146350.14"
0.0411937042160175,0.0227393063163939,"ENSG00000152661.9"
0,0,"ENSG00000025156.13"
0,0,"ENSG00000279453.1"
1.1057473352928e-12,0.540564712120792,"ENSG00000111897.7"
4.11727913961788e-11,0.0882763050613581,"ENSG00000240606.3"
0.174825950473666,0.209566535994414,"ENSG00000172594.13"
0.319083876903532,1.04388645144803e-18,"ENSG00000236548.2"
0.124708145166169,0.214348744792775,"ENSG00000146373.16"
0,0,"ENSG00000111907.21"
2.36830115546717e-15,0.165946112703721,"ENSG00000111906.18"
0,0.824707487758124,"ENSG00000226409.3"
0,0.307829027633019,"ENSG00000135547.9"
0,0.171886265030759,"ENSG00000111912.20"
0.0235390115633636,0.253071221404464,"ENSG00000232131.1"
0.0207252382373579,0,"ENSG00000111911.7"
0,0,"ENSG00000066651.20"
0.292371182499567,0.26938476572999,"ENSG00000286215.1"
0.276952086789013,0.413492430868178,"ENSG00000203760.8"
0.0208023272814431,0.182617788033833,"ENSG00000146374.14"
1.25633381331742e-11,0.324186728351402,"ENSG00000118518.15"
4.37435145591737e-11,0.39688904808826,"ENSG00000093144.19"
0,0.130874990475681,"ENSG00000213131.3"
0,0.0921193386517266,"ENSG00000220744.1"
0.0104948717750427,0.945772351763781,"ENSG00000189367.15"
0.364875955963564,0.12519515282491,"ENSG00000172673.10"
5.54762742589821e-20,0.264265977417212,"ENSG00000152894.14"
0,0.82781379107267,"ENSG00000196569.12"
0,0.491520129532181,"ENSG00000220884.2"
0,0,"ENSG00000219642.2"
0,0,"ENSG00000226149.6"
0,0.362121031676049,"ENSG00000146376.11"
0,0,"ENSG00000198945.7"
0.280654155834984,0,"ENSG00000164483.17"
0,0,"ENSG00000164484.11"
4.99113653520952e-10,0.0284410821155481,"ENSG00000256162.2"
0,0.565879707175209,"ENSG00000079819.19"
0,0.443464546232521,"ENSG00000118507.17"
0.202460723949513,0.482962515141359,"ENSG00000118520.15"
0,0,"ENSG00000112282.18"
0,0,"ENSG00000197594.13"
0.0208209945751278,0.128535683070595,"ENSG00000237115.2"
0,0,"ENSG00000118523.6"
0.313646313508095,5.58666295183078e-14,"ENSG00000227220.1"
6.52944678397497e-16,0.0161714498989303,"ENSG00000228495.2"
0.102331535102567,0,"ENSG00000079931.15"
0,0.593715723067182,"ENSG00000079950.14"
6.0728906403454e-09,0.60334954355966,"ENSG00000112299.8"
0.0577425861275805,0.415434922701547,"ENSG00000093134.14"
0.134731849926253,0.588566273204188,"ENSG00000112303.14"
0.237759644891756,0.571922047372445,"ENSG00000146409.12"
0,0,"ENSG00000112306.8"
0.0291935555258698,0.172329151967797,"ENSG00000206754.1"
0,0,"ENSG00000112319.19"
0.0867652277707012,0.429977842676791,"ENSG00000227954.7"
0,0,"ENSG00000028839.10"
0.0302237916147437,0,"ENSG00000146411.6"
0,0.0374994992833591,"ENSG00000266875.2"
0,0,"ENSG00000118515.11"
6.49001404042833e-11,0.000643308519119938,"ENSG00000118514.14"
0.0149667043634832,0.441451290841567,"ENSG00000112339.15"
0.187126382090504,0.495514676087492,"ENSG00000118513.19"
0.176043008739543,0,"ENSG00000135541.21"
0,0,"ENSG00000234084.1"
0,0,"ENSG00000231028.9"
0.0337624626247437,0.430484928112646,"ENSG00000171408.14"
0,0,"ENSG00000286313.1"
1.46138305536939e-12,0.229842904273988,"ENSG00000288054.1"
0,0,"ENSG00000237596.7"
0.339095364360891,1.33608899639196e-12,"ENSG00000146410.12"
0,0,"ENSG00000029363.17"
0.179474170641412,0.473191340076774,"ENSG00000135525.18"
0,0,"ENSG00000197442.10"
0,0,"ENSG00000234263.2"
2.61700567468439e-17,0.123335336839886,"ENSG00000286646.1"
0,0.0269493153753563,"ENSG00000112357.13"
5.08470866942048e-19,0.28113737063268,"ENSG00000182747.5"
3.27813814930909e-19,0.275107048747914,"ENSG00000027697.14"
0.0740996389593696,0.845477372343261,"ENSG00000237499.7"
0.00825694681997458,0.668312905959407,"ENSG00000118503.15"
0.0428428482253012,0.729423617385365,"ENSG00000112378.12"
0,0.266451947528852,"ENSG00000112379.9"
0.0688770956478842,0.342735789649467,"ENSG00000051620.11"
2.10776880390943e-18,0.262093964904473,"ENSG00000135540.11"
0.136550354166858,0.203372181466853,"ENSG00000225177.6"
0,0,"ENSG00000024862.17"
0,0,"ENSG00000203734.11"
0.138386273255833,0.127229622544555,"ENSG00000135597.18"
0.0445157181927748,0.385448148216102,"ENSG00000146386.8"
0.186042046666063,0.473163788659159,"ENSG00000112406.5"
0,0,"ENSG00000231329.8"
0,0,"ENSG00000164440.15"
0,0.153368019974948,"ENSG00000218565.2"
0,0,"ENSG00000164442.10"
0,0.345049955643373,"ENSG00000238099.3"
0,0,"ENSG00000009844.16"
0,0.239314609102523,"ENSG00000112414.15"
0,0.190997320441251,"ENSG00000010818.10"
0,0,"ENSG00000232618.2"
1.29671239254763e-18,0.0833832350520067,"ENSG00000229017.7"
0,0,"ENSG00000146416.19"
7.25457459808469e-11,0.312469854842788,"ENSG00000217648.1"
0,0,"ENSG00000189007.16"
7.71287496813294e-12,0.376053467015566,"ENSG00000034693.15"
0,0,"ENSG00000278206.1"
0.0133019331449483,2.3112125960726e-10,"ENSG00000229036.7"
0,0,"ENSG00000001036.14"
0.0329277700252271,0.352933635843685,"ENSG00000112419.14"
3.80717011217698e-16,0.223076267252468,"ENSG00000135521.9"
0,0.0450672208329428,"ENSG00000270890.1"
0,0.392386004595296,"ENSG00000118495.19"
1.75571417305226e-12,0.189726208098512,"ENSG00000283122.1"
0,0,"ENSG00000169976.7"
0,0,"ENSG00000135604.10"
0,0,"ENSG00000217027.1"
0,0.290862763026808,"ENSG00000152818.18"
0,0,"ENSG00000112425.15"
0,0.0105337283629989,"ENSG00000235652.8"
1.80821440295919e-16,0.461109012845248,"ENSG00000280184.2"
7.67502602094853e-19,0.277960755698809,"ENSG00000118496.5"
0.0624628219974279,0.582601077076153,"ENSG00000146414.16"
0,0,"ENSG00000118508.5"
0,0,"ENSG00000233452.7"
0,0,"ENSG00000164506.14"
0,0,"ENSG00000220494.4"
0,0.579676598353469,"ENSG00000203727.4"
0,0.0103975477682224,"ENSG00000111961.18"
0,0,"ENSG00000215223.3"
0.253160581059686,0.246679494267124,"ENSG00000111962.8"
0,0,"ENSG00000055208.19"
0,0.431792039817239,"ENSG00000177688.7"
0.0784058364269995,0.538354613806397,"ENSG00000178199.14"
0,0,"ENSG00000131013.4"
0.075622136403636,0,"ENSG00000055211.14"
0,0.198090325342597,"ENSG00000281021.1"
0.194379102989017,0.163480736970275,"ENSG00000220848.5"
1.84734032974289e-21,0.431945966327509,"ENSG00000186625.14"
0,0,"ENSG00000131023.13"
0,0.0959506899421941,"ENSG00000120253.14"
0,0.0712735736236322,"ENSG00000120265.17"
0.0900562927778722,0.180503592719324,"ENSG00000285991.1"
0.356170535150221,5.2789470952121e-10,"ENSG00000120256.11"
5.48498677326274e-10,0.11408116388055,"ENSG00000164520.11"
2.65781936142075e-17,0.0168203032732757,"ENSG00000216906.2"
0,0,"ENSG00000203722.8"
0,0,"ENSG00000131015.5"
0.0924381302822498,0,"ENSG00000111981.5"
0.256498231300099,2.50865105605053e-11,"ENSG00000131019.11"
0,0,"ENSG00000198729.5"
0.0414393377045823,0.350169101348925,"ENSG00000120278.16"
0,0.164485589112186,"ENSG00000213089.4"
0,0.407733410426142,"ENSG00000120254.15"
0,0.18532691832585,"ENSG00000219747.1"
0.0632798682762265,0.0802510753129296,"ENSG00000131016.17"
0,0,"ENSG00000181472.5"
0,0,"ENSG00000155906.19"
0,0,"ENSG00000219395.2"
0,0,"ENSG00000146476.11"
0.111608246949846,0.177246347282838,"ENSG00000120262.10"
0,0,"ENSG00000091831.23"
0,0,"ENSG00000131018.24"
0,0,"ENSG00000120279.6"
5.88798968250338e-13,0.21119621616269,"ENSG00000112029.10"
0,0,"ENSG00000227627.3"
0.0566177340377323,8.95513400699347e-10,"ENSG00000112031.16"
0,0.292150345106861,"ENSG00000091844.8"
0.174920027786078,2.79789432736723e-21,"ENSG00000218426.5"
7.96464394392109e-21,0.61525985568065,"ENSG00000074706.13"
0,0,"ENSG00000153721.19"
0.146971265297904,1.95923554365082e-12,"ENSG00000286553.1"
0,0.401863594137417,"ENSG00000213079.9"
0.0178612096389469,0.109653768766099,"ENSG00000146426.18"
0,0,"ENSG00000218757.1"
0.0800973489696164,0.0713448713277256,"ENSG00000235381.1"
0,0,"ENSG00000029639.11"
1.07441144696408e-10,0.116602547398622,"ENSG00000171217.5"
0,0.425426054269529,"ENSG00000049618.23"
0,0,"ENSG00000218596.2"
0.137840360736981,0.114101310233212,"ENSG00000215712.10"
0,0,"ENSG00000286482.1"
0.00710267424842451,0.10512221920016,"ENSG00000175048.17"
0,2.91657107060996e-15,"ENSG00000130340.16"
0,0,"ENSG00000234361.1"
3.60237968587618e-19,0.246664469391604,"ENSG00000229502.5"
0,0.151888640669127,"ENSG00000220867.1"
0.205254922308067,8.64340568530807e-12,"ENSG00000252658.1"
1.49632277069627e-13,0.609952171209004,"ENSG00000078269.15"
0.0285164215742028,7.03387266930556e-11,"ENSG00000122335.17"
6.23655547119598e-20,0.215569400497765,"ENSG00000272047.2"
5.6937960083999e-16,0.0541545506144461,"ENSG00000130338.13"
0,0,"ENSG00000188451.8"
0,0,"ENSG00000287591.1"
0.0241439070602801,0,"ENSG00000146433.8"
0,0.515777715164277,"ENSG00000218226.1"
0,0.351954924644129,"ENSG00000146425.11"
0,0.223573406596509,"ENSG00000164674.15"
0.0570798724657213,0.821434856527409,"ENSG00000092820.18"
0,0.00630140589909225,"ENSG00000203711.14"
0,0.34114799852428,"ENSG00000130363.11"
0,0.0309719785305907,"ENSG00000271913.7"
0.0267196522828392,0.833803215066514,"ENSG00000164691.17"
2.38580818050121e-09,0.0887698998617583,"ENSG00000233682.3"
0,0.0277732421770013,"ENSG00000164694.17"
0.164884298863663,0,"ENSG00000286533.1"
2.9043251821931e-16,0,"ENSG00000237927.1"
0.00544229988667518,4.77097984263952e-14,"ENSG00000112096.18"
0,0,"ENSG00000285441.1"
0,0,"ENSG00000220305.1"
1.56634348707283e-10,0.147015340848753,"ENSG00000146457.16"
0.21987631859469,0.0327109565878232,"ENSG00000285427.1"
0,0,"ENSG00000120437.9"
0,0.211356546091203,"ENSG00000120438.12"
0,0.058258634299733,"ENSG00000207392.1"
0,0,"ENSG00000112110.10"
0,0.141152255450339,"ENSG00000146453.13"
0,0.0199202935782145,"ENSG00000130368.5"
2.93981190033317e-13,0.173355031137544,"ENSG00000197081.14"
0,0.407959852651661,"ENSG00000268257.2"
3.18907199101862e-12,0.256260706033195,"ENSG00000213073.4"
0,0.102411963133415,"ENSG00000175003.15"
7.69760136534168e-22,0.381615050313201,"ENSG00000146477.6"
0,0,"ENSG00000213071.11"
0,0,"ENSG00000085511.20"
1.49077469725995e-11,0.432137279853997,"ENSG00000026652.15"
0,0,"ENSG00000185345.21"
0.0357322107947879,0.364660658132498,"ENSG00000286805.1"
0,0,"ENSG00000270419.1"
3.18882585310943e-14,0.0287797711985317,"ENSG00000112531.17"
1.83214683284221e-14,0.156897726129803,"ENSG00000228692.2"
0.261317300062837,0.322654404655279,"ENSG00000112541.15"
0.0476331856343679,0.483012965340918,"ENSG00000198818.10"
0,0.051772774643807,"ENSG00000233231.1"
0,0,"ENSG00000286760.1"
0,0,"ENSG00000060762.19"
0,0,"ENSG00000261420.1"
0,0,"ENSG00000071242.12"
0,0,"ENSG00000235272.2"
3.53389116188771e-17,0.44315379467607,"ENSG00000026297.15"
0.172343592172694,0.148846336695847,"ENSG00000213066.13"
2.08323372890112e-09,0.279635811456116,"ENSG00000130396.20"
0.112450895760112,0.379706195380577,"ENSG00000153303.17"
0,0.533129663123762,"ENSG00000164488.12"
0,0.378482996522304,"ENSG00000112562.18"
0,0,"ENSG00000225879.2"
2.13592967696557e-16,0.0139670566113708,"ENSG00000223485.4"
0,0,"ENSG00000261039.3"
0,0,"ENSG00000226445.2"
0,0.22451971310812,"ENSG00000186340.15"
3.70700294124578e-11,0.128002082111812,"ENSG00000285887.1"
0.451349896344729,0,"ENSG00000272848.2"
0,0,"ENSG00000184465.16"
0.0834417230763163,8.35538234896962e-09,"ENSG00000185127.6"
0.0912034510507179,0.546766464022198,"ENSG00000130024.15"
0,0,"ENSG00000184786.6"
0.0186749584505787,0.283368558753479,"ENSG00000130023.16"
1.90582664467922e-18,0.0830293624000048,"ENSG00000198719.9"
0,0,"ENSG00000112584.13"
0.0705015123014383,0.0982161331338751,"ENSG00000261003.1"
2.69698756558447e-13,0.616137222522287,"ENSG00000008018.9"
0,0,"ENSG00000112592.14"
0,0,"ENSG00000071994.11"
0,0.0760152026530225,"ENSG00000282572.2"
0,0,"ENSG00000242474.3"
0,0,"ENSG00000240859.3"
7.91531279929401e-21,0.0783608799763992,"ENSG00000240093.1"
0,0.0911992643581582,"ENSG00000177706.9"
0,0,"ENSG00000249852.1"
0,0,"ENSG00000197461.13"
2.86058788451842e-13,0.0312743489734926,"ENSG00000223855.2"
0.0696563917776925,0.139368327989498,"ENSG00000188191.15"
0.0167875507249169,1.68768081396864e-22,"ENSG00000237181.1"
0.218214916193318,0.0479706520992614,"ENSG00000164818.16"
1.28856570161496e-12,0.286051049912059,"ENSG00000164828.18"
1.37652940996192e-19,0.251462349095374,"ENSG00000239857.7"
0,0.533606173206352,"ENSG00000273151.1"
0.022415353475066,0.469471511916219,"ENSG00000105963.15"
0,0,"ENSG00000240230.6"
0,0.261458380685617,"ENSG00000146540.15"
0,0.339776185583846,"ENSG00000164849.10"
3.33113053734435e-20,0.301667469846749,"ENSG00000164850.15"
0,0,"ENSG00000178381.11"
0.210137574394696,0.162222289006186,"ENSG00000229043.3"
2.61454983521163e-10,0.435414501416128,"ENSG00000164877.19"
0,0,"ENSG00000273230.1"
0,0,"ENSG00000164880.16"
0,0,"ENSG00000198517.10"
0,0,"ENSG00000164855.16"
0.0187179524309737,0.375465052025437,"ENSG00000157778.9"
0.66396031367382,0.0332174641611033,"ENSG00000230487.8"
0,0,"ENSG00000225968.7"
0,0.199952146218722,"ENSG00000002822.15"
0.0449207920624776,0.677672741457006,"ENSG00000176349.11"
0.180677513138999,0.235581582219242,"ENSG00000106268.15"
0.0628794199585901,0.578911537135924,"ENSG00000106266.11"
0,0.393707880377306,"ENSG00000106263.18"
0,0.294136223968813,"ENSG00000136213.10"
0,0.158824926843603,"ENSG00000106003.13"
0.14273447977063,0.306929874815042,"ENSG00000106009.16"
0,0,"ENSG00000106012.18"
0.0442345458397464,0.609400177303714,"ENSG00000136295.15"
0.187562846320536,0.269746437559895,"ENSG00000174945.13"
0,0.288756149832876,"ENSG00000146535.14"
0.0879788460483086,0.823362062306085,"ENSG00000198286.9"
0.206550171916099,0.307319288229498,"ENSG00000146555.19"
0,0,"ENSG00000224593.1"
0,0.0292520221739172,"ENSG00000164916.11"
0,0,"ENSG00000287665.1"
0,0.292702704902959,"ENSG00000242802.9"
3.07972402495097e-19,0.33194546646714,"ENSG00000157927.17"
0,0,"ENSG00000196204.11"
0,0.110781898150975,"ENSG00000275328.1"
0.0685899805228838,0,"ENSG00000146587.18"
0,0.259507000370965,"ENSG00000157954.15"
0.113781383802756,0.355084952190314,"ENSG00000164638.10"
0,0,"ENSG00000182095.14"
0,0,"ENSG00000241269.1"
8.093514491699e-20,0.241720192767322,"ENSG00000188365.3"
4.83762003619282e-13,0.106082763627878,"ENSG00000272953.1"
0.0706616523566163,0.165168689871533,"ENSG00000234432.4"
0,0,"ENSG00000273084.1"
0,0,"ENSG00000155034.19"
0.255847360198385,0.477676493795239,"ENSG00000075624.16"
0.287789921447058,0.508021955896656,"ENSG00000075618.18"
2.64869019640499e-12,0.0573007165899907,"ENSG00000011275.18"
0,0.060562598036486,"ENSG00000235944.8"
0.559040549616226,7.33610998176787e-11,"ENSG00000122674.12"
2.73780675880987e-14,0.825395154642061,"ENSG00000122512.16"
0.0930322645298836,0.0846757820521516,"ENSG00000106305.10"
0.193913504492058,0.397251429032406,"ENSG00000086232.13"
0.102485435594582,0.559257318021343,"ENSG00000157999.6"
3.17839310361439e-15,0.168868354376183,"ENSG00000106346.11"
0,0.343948520126649,"ENSG00000008256.16"
0,0,"ENSG00000136238.18"
0,0.501674952537793,"ENSG00000164535.15"
0.227415012012993,0.218944300788866,"ENSG00000136240.10"
0.0595186972873866,0.515755313212663,"ENSG00000136247.14"
0,0,"ENSG00000146576.13"
0,0.0572274365795258,"ENSG00000236609.4"
0,0,"ENSG00000205903.7"
0.280436753648823,0.0671717208651809,"ENSG00000228010.6"
0,0,"ENSG00000164631.19"
0,0,"ENSG00000187953.10"
0.646471724233265,0.142027436188561,"ENSG00000146574.15"
0.155347526326188,0,"ENSG00000106392.10"
2.51507475648198e-13,0.073544783531056,"ENSG00000230825.2"
9.83766349088666e-19,0.418498711418159,"ENSG00000215018.10"
0.470165468462363,0.194874741137408,"ENSG00000272894.5"
0.102222582027581,1.09884169058193e-12,"ENSG00000164654.16"
2.00687253912344e-19,0.139048442388093,"ENSG00000106399.11"
0,0,"ENSG00000219545.11"
0.105501457319987,0.0476307846733215,"ENSG00000234718.7"
0,0,"ENSG00000106415.13"
0,0.280431080364806,"ENSG00000233264.2"
0,0.178364078743965,"ENSG00000003147.19"
4.37604092605166e-16,0.00385027595849095,"ENSG00000189043.10"
0,0,"ENSG00000106443.16"
0.116227873098803,0.309665695956995,"ENSG00000230333.6"
0.00371725390510243,0.424718452477108,"ENSG00000226827.1"
0,0,"ENSG00000005108.16"
0.0402095461689892,0.486013523993983,"ENSG00000230435.1"
0,0.466119864314963,"ENSG00000106460.19"
0,0,"ENSG00000006747.15"
0,0.359494823993341,"ENSG00000122644.13"
2.10803375042808e-13,0.100701300191012,"ENSG00000006468.14"
0.0337847721314861,0.452839794668017,"ENSG00000187546.14"
0.0813017211378899,0.582493403644636,"ENSG00000106511.6"
0.00185036318332097,0.771732680364204,"ENSG00000237070.1"
0.0041605748700423,6.74169584225447e-13,"ENSG00000214960.10"
1.90444797260226e-16,0.248098693518574,"ENSG00000106524.9"
0,0,"ENSG00000136261.15"
0,0,"ENSG00000235837.1"
0.118287543878686,0.241972830487438,"ENSG00000106537.8"
0.0761397741839548,3.90021732977833e-13,"ENSG00000106546.14"
0,0,"ENSG00000237773.7"
0,0,"ENSG00000236039.3"
0,0.336063329742826,"ENSG00000071189.21"
0,0,"ENSG00000279048.1"
0,0,"ENSG00000048052.21"
0.0669429335771923,0.217997397397772,"ENSG00000122691.13"
1.03591054307793e-10,0.48393303339282,"ENSG00000232821.1"
0,0,"ENSG00000105849.6"
0.1200494584016,0.0913006584233488,"ENSG00000183742.13"
0,0.0132828219425858,"ENSG00000105855.10"
0,0.0252040550951028,"ENSG00000004846.16"
2.60889948955912e-10,0.320106869093519,"ENSG00000105866.15"
0,0.290786402691791,"ENSG00000105877.18"
0.0673313542751676,0.291836316463511,"ENSG00000164649.20"
0,0,"ENSG00000136237.19"
3.46645186674418e-12,0.0572891895803749,"ENSG00000105889.15"
0.0535963874530758,0.0912552934414281,"ENSG00000233476.3"
1.30284617647187e-20,0.27993086268336,"ENSG00000232759.1"
2.5104433986306e-12,0.372012545377477,"ENSG00000232949.2"
0.12720828251177,0,"ENSG00000136244.12"
0.058736226406021,0.306168132832166,"ENSG00000196683.10"
0,0,"ENSG00000228649.9"
3.37240581591057e-08,0.391014585919447,"ENSG00000226329.2"
8.5854014313018e-13,0.188766039153166,"ENSG00000122591.12"
0.23974440784091,0.447613216900348,"ENSG00000122550.18"
0,0,"ENSG00000136243.17"
0,0.0743891907160082,"ENSG00000226816.3"
5.23921630518696e-11,0.101738474411994,"ENSG00000136235.16"
0,0,"ENSG00000156928.5"
0,0.00652135242358908,"ENSG00000136231.14"
0,0.00916136740293713,"ENSG00000232818.2"
0,0.192546509681112,"ENSG00000164548.11"
0,0,"ENSG00000169193.12"
0,0.242006541889875,"ENSG00000188732.11"
0,0.345507667909403,"ENSG00000105926.15"
9.20843166408122e-23,0.0237402739519675,"ENSG00000105928.16"
0.338272947952942,0.44021817259312,"ENSG00000070882.13"
0,0,"ENSG00000172115.8"
0,0,"ENSG00000153790.12"
0,0,"ENSG00000050344.9"
0.0355210126859769,0.219274874677466,"ENSG00000122566.21"
0,0,"ENSG00000122565.19"
0,0,"ENSG00000086300.15"
0,0,"ENSG00000214870.9"
0.200055955088732,0.608096033102314,"ENSG00000005020.13"
0,0,"ENSG00000105991.9"
0.0629330257624221,8.40688735553781e-09,"ENSG00000233429.9"
0.0117492627021926,1.22527864015787e-15,"ENSG00000105996.7"
0.285011065700301,0.0845668925337514,"ENSG00000105997.22"
0,0,"ENSG00000253552.8"
0,0,"ENSG00000197576.14"
0,0.574348342860802,"ENSG00000254369.6"
0.0316594275704483,0,"ENSG00000106004.5"
0.0362614754178381,0.541426100220266,"ENSG00000106006.6"
2.51717671999398e-15,0.466870416103055,"ENSG00000122592.8"
4.7717774285482e-21,0.00967399650102925,"ENSG00000078399.18"
0.198348314775046,3.74789647514426e-13,"ENSG00000253187.2"
2.56492552035517e-11,0.44879387022675,"ENSG00000253293.5"
0.0596519284718731,0.194097883470732,"ENSG00000005073.5"
0,0.171390674526255,"ENSG00000240990.10"
0,0.752307493785847,"ENSG00000106031.9"
0.153360235014062,8.15524607110807e-22,"ENSG00000233830.2"
0,0.31715663879872,"ENSG00000106049.9"
0.13029536767792,0.145541858494614,"ENSG00000286478.1"
1.07406223564583e-20,0.181215326938057,"ENSG00000106052.13"
0.00299515146080475,0.411795591477224,"ENSG00000153814.13"
0,0,"ENSG00000146592.17"
0.010076681329299,0.108819665465564,"ENSG00000255690.3"
0.345865697819144,0.448679053826939,"ENSG00000106066.15"
3.29618148511337e-10,0.0826215135120363,"ENSG00000106069.22"
0.0219865407180187,0.165219449144014,"ENSG00000176532.4"
0.162619378871013,0,"ENSG00000227855.3"
0,0,"ENSG00000122574.10"
2.31322378070609e-19,0.10503146355847,"ENSG00000136193.17"
0.406776989711258,0.0039007897480423,"ENSG00000227014.6"
0,0,"ENSG00000106080.10"
0,0,"ENSG00000106086.20"
0,0.45308829654173,"ENSG00000180354.16"
7.37503923557946e-18,0.0909148612964,"ENSG00000230751.1"
0.158068578708023,1.85123681509281e-10,"ENSG00000225907.1"
0,0,"ENSG00000227017.1"
0.0129224413845044,0.504507898931411,"ENSG00000180233.11"
0,0.317724188422742,"ENSG00000235859.5"
0,0,"ENSG00000281404.2"
0,0.144432844691708,"ENSG00000106100.11"
0,0,"ENSG00000006625.18"
5.38377072633597e-09,0.555085980542653,"ENSG00000196295.12"
0,0,"ENSG00000244480.1"
0.298454559582906,3.65024644841357e-08,"ENSG00000106105.14"
0.0376279962246122,0.162295785683932,"ENSG00000106113.19"
0,0,"ENSG00000241644.2"
0,0,"ENSG00000106125.14"
0.179255601239196,0.181057894649544,"ENSG00000240583.12"
0.106800365391309,0.560217444861543,"ENSG00000078549.14"
0,0,"ENSG00000180347.13"
0.069347683923907,0.507110690099035,"ENSG00000154678.18"
0,0,"ENSG00000106355.10"
0,0.304965678753461,"ENSG00000105778.19"
0.26128747756677,0,"ENSG00000229358.3"
0,0,"ENSG00000237004.4"
0,0,"ENSG00000281332.1"
0,0.105019962497334,"ENSG00000231952.3"
0,0.0131739497699226,"ENSG00000170852.11"
0.0221345031736219,9.51692721760615e-12,"ENSG00000205763.13"
0,0.236283907865377,"ENSG00000122642.11"
0.395706400131088,1.02936856836298e-20,"ENSG00000122643.21"
0,0,"ENSG00000164610.9"
0,0.173492389516284,"ENSG00000122507.21"
0,0,"ENSG00000173862.3"
0,0,"ENSG00000236494.2"
8.88155382868469e-18,0.170583518620463,"ENSG00000164619.10"
0.111766302041348,0,"ENSG00000286300.1"
0.214229067535938,0.200436084484555,"ENSG00000173852.14"
0,0.00498347699818154,"ENSG00000287032.1"
0.168765486528795,0.572219705717491,"ENSG00000122557.10"
1.90519567399674e-19,0.331125881767644,"ENSG00000271122.1"
0.0625041852386098,1.01058217028364e-18,"ENSG00000228878.8"
0,0,"ENSG00000122545.20"
0,0.235824633343316,"ENSG00000122547.11"
0,0,"ENSG00000164542.12"
0.167803755150089,0.368107101095617,"ENSG00000011426.11"
0,0.732289503767519,"ENSG00000136250.12"
0.0905347613533541,0.14376025661692,"ENSG00000230539.1"
0.0437431391718224,0.582901123725021,"ENSG00000155849.15"
0.00328881251856524,0,"ENSG00000086289.12"
0.154348562162037,0.349865587013452,"ENSG00000106483.12"
0,0,"ENSG00000010270.13"
0.262009860869006,0.252247602322705,"ENSG00000227191.8"
7.89846181752793e-12,0.374772584594842,"ENSG00000078053.17"
0.133709729414832,0.303989588168928,"ENSG00000006715.16"
0,0,"ENSG00000106536.19"
0.0782022445140937,9.15715720467511e-11,"ENSG00000241127.8"
2.79321193520226e-19,0.106145251254351,"ENSG00000287584.1"
0,0.524608973995857,"ENSG00000006451.8"
0,0,"ENSG00000188185.12"
0.141837759692447,1.4558907677924e-11,"ENSG00000242855.3"
0.298835013920728,0.030821895221763,"ENSG00000259826.1"
5.23343442512652e-14,0.301162598739673,"ENSG00000065883.16"
0,0.127412632798999,"ENSG00000168303.9"
1.3030132057217e-13,0.250079019843137,"ENSG00000175600.15"
0,0,"ENSG00000203446.2"
0,0.676013424982999,"ENSG00000122641.11"
0,0.44649002853789,"ENSG00000224116.7"
0,0.431223250147503,"ENSG00000106571.14"
0.116315739851006,0.106507025598306,"ENSG00000136197.12"
0.0951110673026905,0.365577696361558,"ENSG00000106588.11"
0,0,"ENSG00000106591.4"
0,0,"ENSG00000002746.15"
0,0.293133049912412,"ENSG00000164543.7"
0,0.238901655823742,"ENSG00000106603.18"
0,0.0865695411622964,"ENSG00000106605.11"
0,0,"ENSG00000062582.14"
0,0,"ENSG00000106608.16"
0,0,"ENSG00000237972.1"
0,0,"ENSG00000078967.13"
0,0,"ENSG00000214783.9"
0,0.123886008351869,"ENSG00000136206.4"
0,0,"ENSG00000228434.1"
0,0.0488212897179878,"ENSG00000285596.1"
0,0,"ENSG00000272655.2"
0,0,"ENSG00000235314.1"
1.56008013161036e-12,0.366696358443772,"ENSG00000136279.20"
0,0,"ENSG00000122678.17"
0,0.221109477949872,"ENSG00000106624.11"
0.604501870814051,0.0389825958455821,"ENSG00000106628.10"
0,0,"ENSG00000106636.8"
0,0.392940575268315,"ENSG00000015676.18"
0,0,"ENSG00000146677.7"
0.045832745043895,0.309728720007114,"ENSG00000136271.10"
0,0.495220687218006,"ENSG00000158604.15"
2.59972501860586e-15,0.523591716528372,"ENSG00000105953.15"
0.0194258992205137,0.297587783144303,"ENSG00000122515.15"
0,0,"ENSG00000196262.14"
0,0,"ENSG00000105968.18"
0,0,"ENSG00000146676.10"
0.0157630537079663,0.431862676886984,"ENSG00000272768.1"
0,0.323359955230722,"ENSG00000260997.1"
0.00328914725882235,0.781739389509628,"ENSG00000136286.16"
0,0.110233089716217,"ENSG00000232956.9"
0,0.323170298122487,"ENSG00000136280.16"
0.0569562671527319,0.629622567188206,"ENSG00000136274.9"
0.0327524844313408,0.38213466711772,"ENSG00000136270.14"
0.341459467670243,4.90517732344395e-12,"ENSG00000206838.1"
0.379485189992595,0.000761759070281192,"ENSG00000201772.1"
0,0.120465669416013,"ENSG00000122679.8"
2.84232626402657e-14,0.177441304638326,"ENSG00000164742.16"
0,0.0181904247208661,"ENSG00000214765.8"
0,0,"ENSG00000272556.2"
0.263320874116649,0.129502771144857,"ENSG00000146674.15"
0,0,"ENSG00000237471.2"
0.00102228482416675,0,"ENSG00000286315.1"
4.20309912313344e-20,0.136719668091703,"ENSG00000136205.17"
0,0,"ENSG00000158683.8"
0,0,"ENSG00000136273.13"
0,0.2931576775594,"ENSG00000183696.14"
0.192481051416749,0.447216819882805,"ENSG00000179869.15"
0.179451126152118,0.714580320404315,"ENSG00000185811.19"
0,0,"ENSG00000132436.11"
0.259095718191349,0.113981301938292,"ENSG00000106070.19"
0,0,"ENSG00000106078.19"
0.00643673428525029,1.26555027910155e-10,"ENSG00000132432.14"
0.00491833027412812,0.350452426367475,"ENSG00000146648.18"
0.0697202790355782,0.20568924446938,"ENSG00000224057.1"
0,0,"ENSG00000132434.9"
3.86014505243472e-12,0.22928586387861,"ENSG00000154978.13"
0.284087976998582,0.0723213438728353,"ENSG00000176826.15"
0,0,"ENSG00000178665.16"
0,0.125717808478869,"ENSG00000146729.10"
0,0,"ENSG00000239789.6"
0,0,"ENSG00000146733.14"
0.0564248208224949,0,"ENSG00000146731.11"
0,0,"ENSG00000129103.18"
0,0,"ENSG00000164776.9"
0,0.150713577299927,"ENSG00000106153.13"
0.119286445329477,0.337798289670056,"ENSG00000237268.2"
0,0,"ENSG00000260653.6"
0,0.156661674531246,"ENSG00000214652.6"
0,0,"ENSG00000234444.10"
0.00505855329117863,4.98283221026666e-11,"ENSG00000228653.2"
0,0,"ENSG00000173041.12"
0.286797683150019,0.1359538595136,"ENSG00000196247.11"
0.0924133189737546,0.377396738829821,"ENSG00000197008.9"
0,0,"ENSG00000234338.1"
0.0700839988067022,1.6249963383284e-11,"ENSG00000198039.11"
0.148034149195159,0.476918895141421,"ENSG00000286342.1"
0,0.504878197268028,"ENSG00000152926.15"
7.98972300061026e-21,0.0792171855487187,"ENSG00000213462.5"
0,0,"ENSG00000234585.6"
0.396666995878941,0,"ENSG00000207344.1"
0.277750469672121,0.605629247908496,"ENSG00000226002.1"
3.34502821293562e-16,0,"ENSG00000146757.13"
0.000370677283694539,0.326084232475837,"ENSG00000228409.6"
0.228366817794677,0,"ENSG00000206634.1"
0.0591291594961568,0.328177644803604,"ENSG00000196715.7"
0,0.224992445619783,"ENSG00000169919.17"
0,0,"ENSG00000126522.17"
0,0.245316399026553,"ENSG00000241258.7"
0,0.21011947383938,"ENSG00000169902.15"
1.30631902394404e-20,0.122196927902477,"ENSG00000179406.8"
0,0,"ENSG00000236928.3"
0.360342824838125,5.26151848123146e-12,"ENSG00000237310.2"
0,0,"ENSG00000179342.4"
1.42909746942707e-14,0.0964908672470072,"ENSG00000234500.1"
0,0,"ENSG00000229180.7"
0,0,"ENSG00000225573.4"
3.67467793642953e-21,0.0625242235250741,"ENSG00000243335.9"
0,0.396809090330036,"ENSG00000226824.7"
0.241745136236494,0.307140075440298,"ENSG00000154710.17"
0,0,"ENSG00000271064.1"
0,0,"ENSG00000232546.1"
0,0.365323036057292,"ENSG00000273142.1"
0,0,"ENSG00000106609.16"
1.48946551979269e-12,0.153042915810752,"ENSG00000275878.1"
0,0.141860096780469,"ENSG00000126524.10"
0,0,"ENSG00000198874.13"
0,0,"ENSG00000230358.4"
2.15922456821702e-15,0.771336281908233,"ENSG00000067601.8"
0.232514674958217,0.431532910262829,"ENSG00000106610.15"
0,0.123477643723363,"ENSG00000158321.18"
0.178136177827216,0.528574113446016,"ENSG00000185274.12"
0.00997663760740664,0.494058138965501,"ENSG00000183166.11"
0,0,"ENSG00000277149.5"
0,0,"ENSG00000225648.5"
9.03277956011933e-21,0.272094514709197,"ENSG00000196313.11"
0,0,"ENSG00000272843.1"
0.38947126543368,5.21054436507552e-14,"ENSG00000233369.7"
0.146816853627502,0.47735867123348,"ENSG00000182487.12"
0.869818055253793,0,"ENSG00000205578.6"
0.0715906213852556,0.361723681943983,"ENSG00000130305.17"
0.105512456281159,3.06676708839333e-12,"ENSG00000188763.5"
0,0.0818108567107559,"ENSG00000009954.11"
0,0.017287613907887,"ENSG00000106635.8"
0,0,"ENSG00000106638.17"
0.15933948770729,0.321068997860138,"ENSG00000009950.16"
0.130572082678434,0.534769742482635,"ENSG00000274080.1"
0,0,"ENSG00000176428.6"
0,0.160130577322811,"ENSG00000176410.8"
0,0,"ENSG00000071462.11"
1.01872721059778e-11,0.354304320850481,"ENSG00000106089.12"
0.115969432480898,1.29100023962482e-10,"ENSG00000106077.18"
0,0.116069953465463,"ENSG00000189143.9"
0.255071213813985,0.0412545355686294,"ENSG00000165171.11"
0.0356177143238487,0.401373958945282,"ENSG00000049540.17"
0.0138027408250097,0.648153379017303,"ENSG00000106683.15"
0,0,"ENSG00000106682.14"
0.311233453752956,0.448135804057094,"ENSG00000086730.17"
0.367411743410013,0.00161838090476454,"ENSG00000049541.11"
0,0.344502128832428,"ENSG00000106665.15"
0,0,"ENSG00000006704.10"
0,0.247896016169845,"ENSG00000263001.6"
2.07301473152041e-16,0.0949280050353466,"ENSG00000232729.8"
0.190804870465291,0.384350906054592,"ENSG00000158517.15"
0.105216193035734,1.01564539719459e-11,"ENSG00000196275.14"
0.161620265185791,0.571719577778508,"ENSG00000277072.5"
0.234962844869251,0.551462083442896,"ENSG00000274070.2"
1.71423127733277e-11,0.371504933794359,"ENSG00000274523.5"
0,0,"ENSG00000174428.18"
0.012843201306227,0.437903979037355,"ENSG00000165178.9"
0,0,"ENSG00000223705.9"
1.40791472283984e-19,0.110716763660184,"ENSG00000272391.6"
0.100336394794636,0.240064820947645,"ENSG00000170092.14"
0.0794553176645299,0.473123736984904,"ENSG00000127957.18"
0,0,"ENSG00000127946.17"
0,0,"ENSG00000005486.17"
0,0,"ENSG00000127948.16"
0,0.411871584276416,"ENSG00000235090.1"
0.659540133088563,0,"ENSG00000201643.1"
0.00551671778346308,0.633059620523939,"ENSG00000189077.11"
0.284829138119836,0.232730092866137,"ENSG00000127952.17"
0.0082577274865781,0.240200296510399,"ENSG00000280388.1"
0,0.126173753418534,"ENSG00000146701.12"
0,0,"ENSG00000177679.16"
0,0.135246066656486,"ENSG00000106211.9"
1.18012982669613e-13,0.151984170002139,"ENSG00000170027.7"
0,0.14806008668799,"ENSG00000146700.9"
0,0,"ENSG00000188372.15"
0.35970761182461,0.209775127000731,"ENSG00000091073.19"
4.79699891813641e-22,0.092348367994599,"ENSG00000205485.13"
0.0507250322340039,0.0579294175191451,"ENSG00000146707.14"
0,0,"ENSG00000214439.4"
0,0.576597492305406,"ENSG00000135205.15"
0.155257214480539,0.191879545477781,"ENSG00000127951.7"
0,0.0546023974575137,"ENSG00000186088.16"
0,0,"ENSG00000127947.16"
0,0,"ENSG00000214293.9"
0,0,"ENSG00000187257.16"
0.0505635185899468,1.78731481411889e-11,"ENSG00000135211.6"
0,0,"ENSG00000006576.16"
0,0,"ENSG00000187391.21"
0,0,"ENSG00000286855.1"
0,0,"ENSG00000222024.2"
0.0481420047662151,0.444348127192179,"ENSG00000234456.8"
0.0673999861188684,0.511583630317654,"ENSG00000127955.17"
0.0583790845507714,0.481036213578328,"ENSG00000135218.19"
6.19633150329433e-19,0.261787610043766,"ENSG00000229436.1"
1.99855977689119e-15,0.52298339489253,"ENSG00000075223.14"
0,0,"ENSG00000019991.18"
0,0.412896691877746,"ENSG00000153956.16"
0.0472715296146564,0.493690004247707,"ENSG00000223770.5"
0.288300728017174,0,"ENSG00000186472.20"
0,0,"ENSG00000170381.14"
0.0808500192243055,0.529049977512588,"ENSG00000075213.11"
0.0655759823374429,0.724850917135939,"ENSG00000153993.13"
0,0.631300202477548,"ENSG00000164659.15"
0,0.12972357266566,"ENSG00000224046.2"
3.07952411055721e-19,0.188853299477587,"ENSG00000135164.18"
0,0,"ENSG00000135185.12"
0.0209047020596516,0.500353850146092,"ENSG00000182165.18"
4.62141912401724e-19,0.305481498941793,"ENSG00000005469.11"
0.217109281894988,0.401309436937117,"ENSG00000005471.17"
0,0.538634722823617,"ENSG00000085563.14"
0.343709552401622,9.51415643519778e-13,"ENSG00000105784.15"
0,0,"ENSG00000075303.13"
2.09840285630315e-17,0.447355313562365,"ENSG00000006634.8"
0.449523650720147,0.0175636413656633,"ENSG00000008277.14"
2.9176843183318e-10,0.0555177699026895,"ENSG00000075142.13"
0,0,"ENSG00000228113.7"
0.245036609040713,0.115247734189427,"ENSG00000127954.12"
0,0.44503899487025,"ENSG00000164647.9"
0,0.127396976210782,"ENSG00000157214.14"
0,0.133469075133852,"ENSG00000105792.19"
0.0676168961887176,0,"ENSG00000234459.1"
0.185993028128899,0,"ENSG00000225498.1"
0.409821473309863,0.0589735857718953,"ENSG00000283267.1"
3.93872356349659e-18,0.263158166170245,"ENSG00000105793.15"
0.0586556165639582,0.482494984369911,"ENSG00000157224.16"
0,0.233893998316018,"ENSG00000058091.17"
0,0.211256040552784,"ENSG00000223969.6"
2.0134638979051e-09,0.0135418453568512,"ENSG00000223584.1"
0,0,"ENSG00000286411.1"
0.254672563707763,0.157768777976047,"ENSG00000157240.4"
0,0,"ENSG00000243144.7"
0.267649704752211,0.352500283812962,"ENSG00000127989.14"
1.14599665688766e-18,0.336005863747853,"ENSG00000287672.1"
0,0.465287823546634,"ENSG00000127914.16"
0.190803798021305,0.454758130569162,"ENSG00000001630.17"
0,0,"ENSG00000001631.15"
0.0662507190442929,0.175319690905474,"ENSG00000243107.1"
0.031205024119226,2.77164050078144e-24,"ENSG00000001629.10"
0,0.23974864939296,"ENSG00000157259.8"
0,0,"ENSG00000244055.2"
0,0,"ENSG00000242950.7"
0,0.695483178894837,"ENSG00000127980.16"
0,0.256796212248326,"ENSG00000127993.16"
6.39299412683536e-12,0.339769917249651,"ENSG00000234545.8"
0.351217863611693,0.412411466567592,"ENSG00000105810.9"
7.87855323585527e-14,0.234683935105306,"ENSG00000287932.1"
0.115669724095478,0.195900737898824,"ENSG00000286742.1"
0.0534416156359377,0,"ENSG00000266794.2"
0.246183838790471,0.309022306298928,"ENSG00000205413.8"
0,0,"ENSG00000177409.12"
0.00608492692304308,0.477930465256227,"ENSG00000004766.17"
0.353161937729868,0,"ENSG00000105825.14"
0,0.607342786723127,"ENSG00000127920.6"
0,0,"ENSG00000105829.13"
0,0,"ENSG00000285090.1"
0,0.00657172248702482,"ENSG00000285964.1"
0,0.419001348198705,"ENSG00000164692.17"
5.77357758284274e-20,0.340493849119639,"ENSG00000127995.17"
0,0.426827858994396,"ENSG00000127990.19"
0,0,"ENSG00000242265.5"
0.115699410016758,0.557151950223249,"ENSG00000158528.12"
5.96011693832967e-12,0.679863978328719,"ENSG00000105852.11"
0,0.503581116485286,"ENSG00000105854.13"
0,0,"ENSG00000231170.7"
0.00356816733347215,0.294879652292562,"ENSG00000004799.8"
0.0182272310313859,0.937260438258699,"ENSG00000158560.14"
0,0,"ENSG00000004864.13"
0.0383476766310132,0,"ENSG00000127922.9"
0.0359039171901019,0.72686358223782,"ENSG00000231764.10"
0,0.76666563614791,"ENSG00000006377.11"
0.0030688659410183,0.950894861575577,"ENSG00000105880.7"
0,0,"ENSG00000196636.7"
0,0,"ENSG00000070669.17"
0,0,"ENSG00000284707.2"
0,0,"ENSG00000285725.1"
0,0.578619371556125,"ENSG00000164715.6"
0,0.0825766649685448,"ENSG00000205356.10"
0.319119029120832,0.362013761599941,"ENSG00000164713.10"
2.65896769287362e-19,0.260459969954729,"ENSG00000006453.14"
0.436482122626823,0.346488930926342,"ENSG00000106236.4"
0.159919796930571,0.284290783837412,"ENSG00000166448.14"
0,0.282728259164341,"ENSG00000196367.13"
0,0.0706200544165425,"ENSG00000266019.1"
0,0,"ENSG00000286305.1"
0,0.17533611341338,"ENSG00000198742.9"
0.112927887742849,0,"ENSG00000185467.7"
0,0,"ENSG00000241685.10"
0,0.0181994235957465,"ENSG00000130429.15"
2.49836095653526e-11,0.0301928374738888,"ENSG00000106244.13"
0,0,"ENSG00000106245.11"
0.0762910220388795,0,"ENSG00000106246.17"
0.0974415107294823,0.654817823258713,"ENSG00000160917.15"
0,0,"ENSG00000228335.1"
0,0,"ENSG00000241468.7"
0,0.120498772903559,"ENSG00000198556.14"
0.046322281885475,0.592663386788757,"ENSG00000160908.15"
0.0522784085320131,0.29218670151941,"ENSG00000196652.11"
0.294502471798449,0.53663235047507,"ENSG00000221909.3"
0,0.506515239979677,"ENSG00000197343.11"
0,0,"ENSG00000197037.11"
0,0,"ENSG00000106258.15"
0.0186843055380487,0.206503846867326,"ENSG00000160868.15"
5.55010332477496e-13,0.341540827066485,"ENSG00000146833.15"
0.0485092975573469,0.417138839531628,"ENSG00000160862.13"
0,0.258865211978616,"ENSG00000106261.17"
0.0951449495310252,2.21763360290292e-11,"ENSG00000166529.15"
0.137126356955502,0.125778623599844,"ENSG00000166526.17"
0.0602183346482372,0.226274174559484,"ENSG00000168090.10"
0.287365983823727,0.644667102901683,"ENSG00000166508.17"
2.84680526540726e-13,0.0237180928910403,"ENSG00000221838.10"
0.164760151683106,0.310478506103561,"ENSG00000106290.15"
0,0,"ENSG00000166997.8"
0.222525401014414,1.00511166181328e-19,"ENSG00000214309.5"
0.283055306461691,0.0381444228258717,"ENSG00000188186.10"
0.015032255414551,0.514084317116096,"ENSG00000146826.17"
0,0.236177237194577,"ENSG00000197093.11"
0.050143018346108,0.410920761145082,"ENSG00000213420.8"
0,0.297999955692331,"ENSG00000066923.17"
0,0.436086336620406,"ENSG00000239521.8"
1.59731166259597e-19,0.243965937445844,"ENSG00000214300.7"
0.104763657517665,4.03942668403087e-16,"ENSG00000078319.9"
0.330725595363772,0.424259975086523,"ENSG00000242294.6"
0.237291994873034,4.74218735297639e-11,"ENSG00000121716.20"
2.15993238474223e-15,0.737184365130192,"ENSG00000085514.16"
0,0,"ENSG00000078487.17"
0,0.15975053011796,"ENSG00000146834.14"
0,0,"ENSG00000160813.7"
0,0,"ENSG00000185955.5"
0.0542942322173155,0.382721441849497,"ENSG00000166925.9"
0,0,"ENSG00000166924.9"
0.301186544573558,0.420896419872626,"ENSG00000106351.13"
0,0,"ENSG00000077454.16"
0,0,"ENSG00000106336.13"
0,0.239302086472882,"ENSG00000106333.13"
0,0,"ENSG00000106330.12"
0.0762193397428402,0.411224076531515,"ENSG00000106327.13"
0,0.421052745895708,"ENSG00000172354.10"
0,0.109204958769772,"ENSG00000146830.10"
0.270770772550599,0.202105308210318,"ENSG00000172336.5"
0,0.348393092201677,"ENSG00000196411.10"
0.187790201723775,0.382078287893974,"ENSG00000146828.18"
0,0,"ENSG00000087077.14"
0.00411238587929386,0.532875616844585,"ENSG00000087087.20"
0.165716040197113,0,"ENSG00000176125.6"
0.124486760559386,0.324494278805954,"ENSG00000087085.15"
0,0.417425091529913,"ENSG00000169894.18"
1.29059011821575e-19,0.170006404188861,"ENSG00000169871.13"
8.8702450603462e-09,0.230006793915136,"ENSG00000106366.8"
0.200486768283091,0,"ENSG00000106367.15"
7.93919053633397e-13,0.0350815706593191,"ENSG00000106397.12"
0,0.270732051636162,"ENSG00000106400.12"
1.87870830824416e-11,0.397746262591699,"ENSG00000106404.13"
0.0940906168410103,0.60226908249953,"ENSG00000214253.9"
0.031636697025738,1.52164820993744e-14,"ENSG00000128581.17"
0,0.187843366847469,"ENSG00000257923.11"
0,0,"ENSG00000259294.1"
0.0553588069269763,0.500743198478473,"ENSG00000272219.1"
6.17847750170674e-19,0.131212205125362,"ENSG00000261535.1"
0,0,"ENSG00000160999.10"
0.0973865424332731,6.2310029790114e-12,"ENSG00000170409.7"
0,0.128171017952013,"ENSG00000260097.3"
1.83633703169928e-10,0.081048082674027,"ENSG00000128563.13"
0,0,"ENSG00000239486.1"
0.0939282071672136,0.656995916357503,"ENSG00000160991.16"
0.0837401102369085,0.272369634231758,"ENSG00000160993.4"
0,0.290960840093112,"ENSG00000161036.13"
0,0,"ENSG00000005075.15"
2.98410483851645e-11,0.012914155576006,"ENSG00000170667.14"
0,0,"ENSG00000285437.1"
0,0,"ENSG00000105808.17"
0,0.176110780111587,"ENSG00000228049.7"
0.157086478258654,0,"ENSG00000222011.9"
0,0,"ENSG00000161040.16"
0,0,"ENSG00000128606.13"
0,0,"ENSG00000170632.14"
0,0,"ENSG00000161048.11"
2.02997039948141e-11,0.508396406036827,"ENSG00000224415.1"
0.0263206700965027,0.62737628293991,"ENSG00000170629.14"
3.72572244849711e-13,0.193687278382455,"ENSG00000105819.14"
0,0.445490464360041,"ENSG00000105821.15"
0,0,"ENSG00000161057.12"
0.161007139272294,0.0227324948979556,"ENSG00000189056.14"
0,0,"ENSG00000164815.11"
0,0,"ENSG00000197258.5"
0,0.259345582992595,"ENSG00000237513.2"
2.10011208551065e-22,0.145583050482422,"ENSG00000228393.4"
0,0,"ENSG00000239569.3"
0,0.321725563115905,"ENSG00000005483.21"
0,0,"ENSG00000272918.1"
2.33743878043122e-21,0.303817947277621,"ENSG00000135250.17"
0,0,"ENSG00000242154.1"
9.74348784937069e-16,0,"ENSG00000091127.14"
0,0.300709828950884,"ENSG00000135249.8"
2.78788726184716e-17,0,"ENSG00000272604.1"
2.03734413902677e-11,0.159907500529689,"ENSG00000146776.14"
1.55562385210097e-11,0.267711947052846,"ENSG00000128536.16"
0,0,"ENSG00000008282.8"
0.0925530166214728,0,"ENSG00000105835.12"
1.21921877501171e-08,0.212630514934889,"ENSG00000243797.6"
0.0544337938601385,1.05641518076834e-11,"ENSG00000253276.3"
1.8257091516481e-13,0.717894383401234,"ENSG00000105851.11"
0,0.134435620517766,"ENSG00000005249.13"
1.33898913868934e-12,0.0355219277451687,"ENSG00000243193.4"
0,0.0918524393017662,"ENSG00000105856.14"
0.037595054677237,5.89633585509237e-11,"ENSG00000272072.1"
0,0.126583672447721,"ENSG00000164597.13"
0,0.0758074534930553,"ENSG00000172209.6"
0,0.314417261805179,"ENSG00000105865.11"
1.25277582188641e-19,0.0589863506441746,"ENSG00000075790.10"
0,0.330725814457453,"ENSG00000091137.14"
0,0,"ENSG00000241764.4"
0,0,"ENSG00000105879.12"
4.61770974143462e-10,0.200521278685837,"ENSG00000091140.14"
0.0884965887824216,0.059373209408016,"ENSG00000091136.14"
0,0.0101667970116347,"ENSG00000273055.1"
0.0527385619404271,0.271232243545551,"ENSG00000091129.20"
0,0.363304101325986,"ENSG00000135241.17"
0,0,"ENSG00000177683.14"
3.1848775389057e-14,0.11783682126297,"ENSG00000128590.5"
0,0,"ENSG00000184903.9"
0,0,"ENSG00000173114.13"
0.0741849880903712,0.0880886596483122,"ENSG00000227948.4"
0,0,"ENSG00000128512.22"
0,0,"ENSG00000287011.1"
3.14163036817399e-15,0,"ENSG00000225572.1"
0,0,"ENSG00000234358.1"
0,0,"ENSG00000198839.10"
0,0,"ENSG00000006652.14"
0,0,"ENSG00000181016.9"
0,0.489579773728754,"ENSG00000146802.13"
0.0477106207013278,1.6059965790113e-08,"ENSG00000164603.12"
0,0.167395044566806,"ENSG00000164604.12"
0,2.73560581602775e-16,"ENSG00000214194.9"
2.18289857844063e-13,0.84907595142298,"ENSG00000128573.25"
3.83218507934729e-12,0.348590353805276,"ENSG00000135272.10"
0,0.373491740335844,"ENSG00000105967.16"
0.0101573613995928,0.699206993024849,"ENSG00000279086.1"
0.0993830103611189,0.559959178890182,"ENSG00000135269.18"
0,0,"ENSG00000243243.5"
0.0490620927760532,0.451925957924275,"ENSG00000237813.4"
3.55348008269619e-12,0.244897235254386,"ENSG00000237870.6"
7.30270575141308e-14,0.570579422766421,"ENSG00000105971.15"
1.09418893630673e-12,0.560903128816948,"ENSG00000105974.12"
0.145940144898769,0.125132141251924,"ENSG00000235427.1"
0,0,"ENSG00000105976.15"
0,0,"ENSG00000198898.14"
0,0,"ENSG00000235945.1"
0,0.766772216258497,"ENSG00000004866.20"
4.6826243371841e-11,0.522625869543211,"ENSG00000214188.9"
2.6460029949227e-20,0.110393042734514,"ENSG00000228368.1"
0,0,"ENSG00000226367.6"
0,0.123330749013469,"ENSG00000287829.1"
2.73482447105903e-11,0.247590255133081,"ENSG00000105989.10"
0,0,"ENSG00000077063.11"
0,0,"ENSG00000128534.8"
0,0.872859367063058,"ENSG00000184408.10"
0.452732571544693,1.32787001778751e-13,"ENSG00000106025.9"
0,0.138348303440855,"ENSG00000071243.16"
0,0.499744457877407,"ENSG00000106034.18"
0,0,"ENSG00000196937.11"
0,0.542727556942087,"ENSG00000106278.12"
0,0.294984636606971,"ENSG00000008311.15"
0,0,"ENSG00000081803.16"
0,0,"ENSG00000240499.7"
0.0482192201674386,1.3814253018093e-10,"ENSG00000235631.2"
0,0,"ENSG00000164675.11"
0,0.403943407426199,"ENSG00000128609.15"
0,0.0290915036129457,"ENSG00000170807.12"
0,0,"ENSG00000106299.8"
0.21779334573369,0.167227814353177,"ENSG00000272686.1"
0.0584197367576769,0.234579100453667,"ENSG00000170775.3"
0,0,"ENSG00000128513.16"
4.71091966364393e-14,0.075468777773284,"ENSG00000224897.8"
0,0,"ENSG00000048405.10"
0.0240967128844635,3.56753926802862e-12,"ENSG00000224138.1"
0,0.722192282100367,"ENSG00000280347.1"
8.25964301516274e-14,0.254736620426692,"ENSG00000179562.3"
0,0,"ENSG00000004059.11"
2.09704868081117e-15,0.220340634230486,"ENSG00000197157.11"
0,0,"ENSG00000279078.1"
0,0.334584248086865,"ENSG00000128594.8"
0.14828382273886,0.344906982947729,"ENSG00000174697.5"
0.0174246317612934,0.185716620310425,"ENSG00000106344.8"
0,0.309398542027984,"ENSG00000224940.8"
0,0,"ENSG00000106348.18"
0.0444559904815652,0.582526584757538,"ENSG00000135245.10"
0,0.612501257143531,"ENSG00000165055.15"
0.20550312578462,0,"ENSG00000273270.1"
0,0.484794667612311,"ENSG00000280828.1"
0,0,"ENSG00000242588.6"
0,0.204384387018182,"ENSG00000243302.3"
0,0,"ENSG00000230715.3"
0,0.3623748827629,"ENSG00000229413.2"
0,0,"ENSG00000243679.1"
0,0.468199937523651,"ENSG00000281490.1"
0.157164401199531,0.0304135488561863,"ENSG00000271553.1"
0.267156900756449,0.183545802582035,"ENSG00000205085.11"
0,0,"ENSG00000271344.1"
0.0847786843417016,0,"ENSG00000135248.15"
0,0.235193491876141,"ENSG00000128595.17"
0,0,"ENSG00000244218.3"
0,4.06170496189631e-16,"ENSG00000128617.2"
0.361962263759098,0.0971212962197397,"ENSG00000128596.17"
0,0.404918687430175,"ENSG00000128591.15"
0,0.323167172991228,"ENSG00000135253.13"
0,0,"ENSG00000128524.5"
0,0,"ENSG00000272899.4"
0,0.453871933675665,"ENSG00000128604.20"
0,0,"ENSG00000064419.13"
0,0,"ENSG00000244556.1"
0.240592936081875,5.74850925509639e-12,"ENSG00000230359.5"
0,0.380524813835642,"ENSG00000158457.6"
0.115724067075217,0.277176153235437,"ENSG00000128602.11"
0,0,"ENSG00000158467.16"
0,0,"ENSG00000286722.1"
0.116916006699473,0.554315636930898,"ENSG00000128578.10"
1.60667434106853e-19,0.217945631466701,"ENSG00000273329.1"
4.02234650404828e-20,0.347938563980578,"ENSG00000106459.15"
0.12229367568765,0.358608900744801,"ENSG00000186591.13"
0,0,"ENSG00000091732.16"
4.08346002462235e-15,0.0095034039017453,"ENSG00000128607.14"
0,0,"ENSG00000146842.17"
0,0,"ENSG00000128510.12"
0.0880536562251156,0.0505537522113122,"ENSG00000091704.10"
0.049219464200861,4.66168048847896e-12,"ENSG00000106477.19"
0.0165490210674905,0.903238642282926,"ENSG00000272701.3"
0.199969758414693,0.302454049653835,"ENSG00000106484.16"
0.190106480082136,0.119751936831162,"ENSG00000270823.1"
4.07606286609635e-16,0.390020460226957,"ENSG00000158623.14"
6.01658352860962e-14,0.254750341934982,"ENSG00000270953.1"
0.0776187074970599,0.568086685302866,"ENSG00000286214.1"
0.0202717404118883,0.613883759083004,"ENSG00000266265.3"
1.3341338593214e-20,0.149978802058463,"ENSG00000285106.2"
0.0040530527568809,0,"ENSG00000232716.2"
5.54695965495003e-16,0.00528787573786588,"ENSG00000233559.2"
0,0.0949744503825892,"ENSG00000226380.9"
0,0,"ENSG00000271204.1"
0.035514363008658,2.35878277877568e-11,"ENSG00000273319.1"
0,0.0721182287966299,"ENSG00000231721.7"
0,0,"ENSG00000199627.1"
0,0.499589249783282,"ENSG00000128585.18"
0,0.0447564070994561,"ENSG00000236753.7"
0.245776225478511,0.0947182533466735,"ENSG00000273489.1"
0,0,"ENSG00000128567.17"
0.140119236901041,0.149851625935384,"ENSG00000221866.9"
0.000370161675628687,0,"ENSG00000106554.13"
0.247461217939409,0.466389026598735,"ENSG00000283041.1"
0,0,"ENSG00000131558.15"
0,0,"ENSG00000226205.1"
0.0969231274932465,1.04654640058677e-11,"ENSG00000155530.3"
4.88938445250046e-14,0.453178628745977,"ENSG00000205060.11"
0,0,"ENSG00000273297.2"
1.86646851745821e-22,0.128675772542336,"ENSG00000085662.14"
0,0,"ENSG00000198074.10"
0.310992081062471,0.00313161956680266,"ENSG00000227471.9"
0.0432874110282298,0.340668386940804,"ENSG00000172331.12"
8.47572770118466e-20,0.350704265555196,"ENSG00000122786.20"
0,0,"ENSG00000286458.1"
0,0,"ENSG00000146856.14"
0.227150328961735,0.135821406354959,"ENSG00000122783.16"
3.76826511317443e-19,0.29617772674638,"ENSG00000146859.6"
1.91778277174309e-10,0.0283255214833622,"ENSG00000272941.1"
0.216045454688829,0.201699579453691,"ENSG00000287733.1"
0,0,"ENSG00000105875.14"
7.38166485273262e-15,0.219472077142798,"ENSG00000080802.18"
0,0,"ENSG00000155561.15"
0.166959296413797,0.12747218015293,"ENSG00000243317.8"
2.59735772321487e-16,0,"ENSG00000164707.15"
0.172974542826743,0.619251715297824,"ENSG00000189320.9"
0,0,"ENSG00000105887.11"
0,0.157824216429372,"ENSG00000105894.12"
0.267021236861033,0.526184801212997,"ENSG00000157680.15"
0.203511340592744,0,"ENSG00000230383.1"
0,0.0180201936791745,"ENSG00000182158.15"
0,0,"ENSG00000237243.1"
0.00858727718432831,1.68676474377694e-10,"ENSG00000213237.4"
0,0.119787820091325,"ENSG00000122779.18"
0.59581268447051,0.156467273887892,"ENSG00000122778.9"
0,0,"ENSG00000146858.8"
0,0.452342469012514,"ENSG00000105939.13"
0,0.0218723082698083,"ENSG00000105948.13"
0,0,"ENSG00000157741.15"
0,0,"ENSG00000164898.13"
0,0.354837380854485,"ENSG00000146963.18"
0,0.0152831969032266,"ENSG00000273391.1"
0,0.265149386740177,"ENSG00000064393.16"
0.044152631508208,0.74890875798653,"ENSG00000059377.17"
0,0.518238622094292,"ENSG00000059378.12"
0.296119124806234,0.516594143856288,"ENSG00000006459.11"
0.126909410740723,0.656416328441337,"ENSG00000260231.2"
0,0,"ENSG00000157800.18"
0.157900821298253,0.465169048066383,"ENSG00000133606.11"
0.0146072339252811,3.45181308097462e-15,"ENSG00000146966.13"
0,0,"ENSG00000133597.11"
0,0,"ENSG00000090266.13"
0,0.576503345546069,"ENSG00000157764.13"
0,0.330375866454947,"ENSG00000090263.16"
1.80410742670412e-11,0.0537028801835464,"ENSG00000261115.6"
1.47737145488116e-11,0.452713106977359,"ENSG00000006530.18"
9.00544734917638e-15,0.255345102773039,"ENSG00000257093.7"
0.00110319090000049,5.17468876398819e-20,"ENSG00000270157.1"
0,0,"ENSG00000228775.8"
0,0.109469100224121,"ENSG00000106028.11"
0,0,"ENSG00000127362.2"
0,0,"ENSG00000127364.3"
0.051189092494405,0.823032515703454,"ENSG00000257335.8"
0.0296288323071707,0.806195914808432,"ENSG00000258227.7"
1.82894059218862e-12,0.00651336855677602,"ENSG00000270672.1"
0.130584628410221,0.544533004571638,"ENSG00000211751.9"
0.111755065417704,0.593539852814743,"ENSG00000211772.11"
0,0,"ENSG00000106123.12"
0,0,"ENSG00000165125.20"
0.184993591273967,0.4866090340131,"ENSG00000197993.9"
3.14304560049444e-16,0.465166651881276,"ENSG00000197448.14"
0.0102637224310266,0.313390052230994,"ENSG00000106144.20"
3.80345211905045e-17,0.061407904634521,"ENSG00000240322.3"
3.60878022510495e-14,0.32126546468358,"ENSG00000159784.17"
0.15187589539676,0.72627499499918,"ENSG00000232533.1"
0.282426759937865,0.506837400803726,"ENSG00000159840.16"
0,0.126972462483321,"ENSG00000146904.9"
0.0211110265465337,0,"ENSG00000223459.6"
0.477669004541011,0.325387504874797,"ENSG00000170379.20"
0.125628140431156,0.616746871313106,"ENSG00000198420.10"
0,0.199770161742127,"ENSG00000221813.4"
0.206742896703676,0.154594140838088,"ENSG00000221836.3"
0.576031729566714,0.100673236544494,"ENSG00000221858.3"
0,0.361388019871454,"ENSG00000273234.1"
0,0.237221683939436,"ENSG00000183122.5"
0,0,"ENSG00000244198.7"
0,0,"ENSG00000212807.2"
0,0.254643722598416,"ENSG00000204959.4"
0.0654061393357455,0,"ENSG00000244479.7"
0.0523611827304854,0.481690047790642,"ENSG00000221970.2"
0,0.359938383669333,"ENSG00000050327.15"
0,0.0711466288794841,"ENSG00000196511.14"
0,0.816982102589489,"ENSG00000174469.23"
0,0,"ENSG00000055130.17"
0,0.68518072864544,"ENSG00000106462.10"
0.207864379013353,6.13492256751317e-17,"ENSG00000252316.1"
0,0.0771499054057277,"ENSG00000202354.1"
0,0,"ENSG00000201098.1"
0.23405507102602,0.08125345663369,"ENSG00000155660.11"
0,0,"ENSG00000197362.15"
0,0,"ENSG00000204947.9"
0,0,"ENSG00000240877.3"
6.1426085179292e-13,0.301469962222411,"ENSG00000197024.9"
3.25882533001711e-15,0.117390042951926,"ENSG00000170265.12"
0,0,"ENSG00000170260.9"
0.241248499745865,7.17755945164363e-11,"ENSG00000204946.10"
0,0,"ENSG00000271664.1"
0,0.362066016818093,"ENSG00000244560.7"
0,0,"ENSG00000196453.8"
0,0,"ENSG00000181220.17"
0,0,"ENSG00000133624.13"
0,0,"ENSG00000133619.17"
0,0.537842160465328,"ENSG00000181444.13"
0,0,"ENSG00000197558.12"
0,0,"ENSG00000106479.11"
0.0516689529501571,2.39970038493896e-10,"ENSG00000204934.10"
0,0,"ENSG00000171130.18"
0,0,"ENSG00000106526.10"
0.0256263311153098,2.02038426152969e-15,"ENSG00000188707.6"
0,0,"ENSG00000127399.15"
0.0907639081162499,0.472140339221831,"ENSG00000106538.10"
0,0.183608244460617,"ENSG00000214022.11"
0.108089560103049,0.542088946190198,"ENSG00000196456.13"
0.020179769070327,0.488324637410924,"ENSG00000284691.1"
0.45738835056751,0.182153850918835,"ENSG00000171115.4"
0.260862685558537,0.0869622204506403,"ENSG00000179144.5"
0.412024969538543,0.157593187095548,"ENSG00000133574.10"
0.540604896062811,0.0255975236279258,"ENSG00000133561.15"
0,0.233258719539482,"ENSG00000106560.11"
0.425355218575374,0.0812875345268435,"ENSG00000213203.3"
0,0,"ENSG00000196329.11"
1.26804224526137e-12,0.223975818538993,"ENSG00000106565.18"
0.225630252953759,0.480197430030405,"ENSG00000002933.9"
0.172757969148326,0.437676410271211,"ENSG00000055118.15"
0,0.0316705545860058,"ENSG00000164867.11"
0,0,"ENSG00000181652.19"
0,0,"ENSG00000197150.12"
0,0,"ENSG00000213199.8"
0,0,"ENSG00000164885.13"
0,0,"ENSG00000164889.14"
0,0.141707691823904,"ENSG00000164896.20"
0,0,"ENSG00000164897.14"
0,0,"ENSG00000133612.19"
3.44547717095975e-20,0.336700167792083,"ENSG00000033050.9"
0,0.0805370849993154,"ENSG00000033100.16"
0.240789018427114,9.7578201298855e-13,"ENSG00000082014.16"
0,0,"ENSG00000013374.16"
0.184965048609457,0.569705054851553,"ENSG00000187260.15"
3.82418242443659e-12,0.601096007062965,"ENSG00000243836.5"
0.131877549008317,4.31448331693623e-18,"ENSG00000106615.10"
0,0,"ENSG00000240132.1"
2.69136529993666e-21,0.027405287263888,"ENSG00000106617.14"
0,0,"ENSG00000242048.3"
0,0,"ENSG00000239911.2"
0,0,"ENSG00000178234.13"
0,0,"ENSG00000213188.3"
0,0.551843840749449,"ENSG00000055609.18"
0,0,"ENSG00000241007.1"
0,0,"ENSG00000241735.2"
0.225238017064877,2.08608394341328e-17,"ENSG00000261455.1"
5.46571551564016e-17,0.437531314488388,"ENSG00000196584.3"
0,0,"ENSG00000133627.18"
0,0,"ENSG00000214106.9"
0.242202849025941,0.395795964554982,"ENSG00000157212.19"
0,0,"ENSG00000273344.1"
0,0,"ENSG00000273117.1"
0,0,"ENSG00000186480.13"
0,0,"ENSG00000216895.9"
0.0457627670686541,0.382424388178621,"ENSG00000184863.11"
0.588055916510874,0,"ENSG00000182648.13"
0.0700277393022242,0,"ENSG00000105982.16"
0,0.242375205345997,"ENSG00000224903.2"
0.00608931311785528,0.34744338548826,"ENSG00000105983.22"
4.35846231493663e-14,0.197987998359381,"ENSG00000146909.8"
0,0.342864738925662,"ENSG00000009335.18"
0,0,"ENSG00000225224.1"
0,0.222076440709303,"ENSG00000105993.15"
5.88053514020721e-23,0.0597862458667637,"ENSG00000155093.19"
0,0.416130842728605,"ENSG00000233038.6"
1.07445939387892e-08,0.15265671836467,"ENSG00000146918.20"
0,0.694249704054419,"ENSG00000117868.17"
2.73099132344857e-16,0.481267753302541,"ENSG00000126870.16"
4.00339471722833e-19,0.0593115067325041,"ENSG00000223508.5"
0,0,"ENSG00000172748.14"
0,0,"ENSG00000272812.1"
0.0937522816378071,2.1105720820405e-14,"ENSG00000147364.16"
0,0,"ENSG00000279852.1"
0.467184104290623,0.090241815954747,"ENSG00000180190.11"
2.87164263372946e-05,0.0585110857298839,"ENSG00000104714.14"
0,0,"ENSG00000198010.12"
1.12282398788635e-14,0.389429270213753,"ENSG00000182372.9"
0.250433115696808,0.0596450491681128,"ENSG00000253982.2"
0,0,"ENSG00000104728.16"
0.0654429637822377,0.639463462110869,"ENSG00000176595.4"
0.0536532544515576,0,"ENSG00000036448.10"
0.227327706231078,1.20875852161259e-15,"ENSG00000254319.6"
5.94637869215722e-20,0.11241284624172,"ENSG00000253853.2"
0,0,"ENSG00000183117.19"
0,0,"ENSG00000246089.3"
6.05844192655914e-11,0.104589774300927,"ENSG00000147316.13"
0,0,"ENSG00000091879.13"
0,0,"ENSG00000288076.1"
0,2.41538426294241e-17,"ENSG00000271743.1"
0.0611843925889726,1.0183844843476e-10,"ENSG00000249898.8"
0.0739983321818742,0.436108911031227,"ENSG00000155189.12"
0.226437694232064,0.437691267083064,"ENSG00000164821.5"
0.181158083226518,0.310567411632516,"ENSG00000223629.1"
0.328010242239785,0.198859631294654,"ENSG00000239839.7"
0,0.070083757821266,"ENSG00000215374.6"
0,0,"ENSG00000173295.7"
0,0,"ENSG00000275342.5"
0.316810515816035,8.08554180728862e-17,"ENSG00000253958.2"
0,0.70644314355556,"ENSG00000147324.11"
0.137405751739386,0.351450429476851,"ENSG00000104626.14"
0.0533949897653938,0,"ENSG00000173281.5"
0,0,"ENSG00000173273.16"
2.77027502436957e-14,0.051590137006502,"ENSG00000175806.15"
2.57992630700795e-10,0.17316915640611,"ENSG00000285675.1"
0,0.0947532291249082,"ENSG00000261451.1"
0,0,"ENSG00000253641.6"
0.0292347920866848,0,"ENSG00000253649.5"
0,0,"ENSG00000272505.1"
0.00127176731537042,0,"ENSG00000171056.8"
0,0,"ENSG00000248896.3"
0.23545630966016,0,"ENSG00000254093.9"
0,0,"ENSG00000171044.11"
0,0,"ENSG00000255310.2"
0,0,"ENSG00000254936.4"
0.159195507459854,0,"ENSG00000280273.2"
0,0,"ENSG00000104643.10"
0,9.39433922520761e-16,"ENSG00000246477.3"
0.164293630303014,0.384450499400276,"ENSG00000154319.16"
0.136715794685849,0.632620189504251,"ENSG00000136573.14"
0.13225218056756,0,"ENSG00000154328.16"
0,0.438694206255307,"ENSG00000079459.13"
0,0,"ENSG00000164733.21"
0,0,"ENSG00000255052.5"
0,0,"ENSG00000226430.6"
0,0,"ENSG00000186523.14"
0.38535298064542,9.80437623551133e-15,"ENSG00000255495.1"
0.434343491605649,0.0794916282351056,"ENSG00000283674.3"
0,2.28261934987923e-17,"ENSG00000154359.13"
0.0986200252223369,0,"ENSG00000250305.9"
0.0426599067637245,0.131828907613421,"ENSG00000164741.15"
2.71941926869969e-16,0.443730378697565,"ENSG00000287134.1"
4.83752257099534e-19,0.290579459689113,"ENSG00000253932.1"
0,0,"ENSG00000164743.5"
0.0446581621354564,0.271868610403789,"ENSG00000104723.21"
0,0,"ENSG00000038945.15"
0.106992459748162,0,"ENSG00000253496.3"
0,0.00963885386899787,"ENSG00000155970.12"
0,0,"ENSG00000249258.2"
0,0,"ENSG00000104219.13"
0,0,"ENSG00000198791.12"
0,0,"ENSG00000155975.10"
0,0,"ENSG00000003987.14"
0,0.296163159906668,"ENSG00000003989.17"
2.25612763925662e-10,0.405055560870182,"ENSG00000104213.12"
1.05443374831225e-07,0.460299485645344,"ENSG00000129422.14"
0,0.335439748739528,"ENSG00000104760.17"
4.81602156648978e-18,0.168104693074299,"ENSG00000078674.17"
0,0.188442776447695,"ENSG00000104763.19"
0,0.194954839310232,"ENSG00000245281.8"
0.0305796555316585,0,"ENSG00000171428.14"
8.97092555372678e-22,0.128719217290464,"ENSG00000156011.17"
0.0715619530802599,8.76834053399188e-11,"ENSG00000187229.3"
0.276649240688076,4.27364708594779e-11,"ENSG00000244018.1"
0,0,"ENSG00000283402.1"
0,0,"ENSG00000278886.1"
0,0,"ENSG00000270255.1"
0,0,"ENSG00000104611.12"
0,0.258588359297265,"ENSG00000147408.14"
0,0,"ENSG00000104613.12"
1.77166661298202e-10,0.168786455073487,"ENSG00000175445.17"
0,0.0123832676390891,"ENSG00000147416.11"
1.5776060711988e-18,0.0308095925163472,"ENSG00000061337.15"
4.94505909573434e-16,0.00934224410948377,"ENSG00000168546.11"
0.124567349058545,0.484114710303374,"ENSG00000147443.13"
0.273274462654699,0.3533080304833,"ENSG00000130227.17"
0.00582306046610297,0.481195216330185,"ENSG00000158806.14"
0,0.240596204123278,"ENSG00000158856.18"
0,0,"ENSG00000158863.22"
0,0,"ENSG00000275074.2"
0,0.370142374054232,"ENSG00000168453.15"
1.03304487155399e-13,0.250916485802426,"ENSG00000168476.12"
0,0.36058198411126,"ENSG00000168487.19"
1.95426456490507e-16,0,"ENSG00000177725.5"
0.0638187196712548,0.31751357028137,"ENSG00000285881.1"
0.095287082395717,0.459486498039894,"ENSG00000168490.14"
0.339089401793554,0.191811223907993,"ENSG00000168495.13"
0.43264336537214,1.60050990645896e-06,"ENSG00000197181.12"
0.261634261505831,7.77528279828681e-13,"ENSG00000104635.14"
0,0,"ENSG00000241026.1"
0,0.0698935133373048,"ENSG00000120910.14"
0,0.0857822054167518,"ENSG00000251034.2"
0,0.0741205636090927,"ENSG00000120896.13"
0,0,"ENSG00000287467.1"
0,0.448504900370644,"ENSG00000120913.23"
0.364192301000839,8.8629942955915e-12,"ENSG00000241852.10"
0,0.186721677097002,"ENSG00000158941.16"
0,0,"ENSG00000253200.1"
2.23736817953181e-20,0.133639645905822,"ENSG00000147439.13"
0,0,"ENSG00000261026.1"
0,0.037486701650188,"ENSG00000179388.9"
0,0,"ENSG00000245025.3"
0.012918924155303,0,"ENSG00000008853.16"
0,0,"ENSG00000120889.13"
0.167651362400807,0.656190718329451,"ENSG00000173535.14"
0,0.128105302430538,"ENSG00000173530.6"
0,0.69706810663002,"ENSG00000104689.10"
0.275808020645952,0.503411084595637,"ENSG00000147457.14"
0,0,"ENSG00000104679.11"
6.40348044197362e-25,0.0584681480232456,"ENSG00000134013.16"
0,0.0258576760598263,"ENSG00000253837.1"
0.0156695864926847,0.354387027317142,"ENSG00000197217.13"
0.210493630049435,0.531989724218112,"ENSG00000147454.14"
0,0,"ENSG00000167034.10"
0,0.0456308509215794,"ENSG00000159167.12"
0,0,"ENSG00000253891.2"
0.0994096617060744,0.551723186131796,"ENSG00000042980.13"
0,0.447414737235127,"ENSG00000253535.5"
0.0380460049966887,0.548102546947454,"ENSG00000134028.14"
0,0,"ENSG00000104722.14"
0,0,"ENSG00000277586.2"
0.211041796247508,0,"ENSG00000287185.1"
0,0.572957203243021,"ENSG00000147459.18"
0.130617875046245,0.0673749087202589,"ENSG00000147437.10"
0.0670485552756802,0.00292253272834973,"ENSG00000104756.16"
0.362503603306314,0.396709144164639,"ENSG00000184661.14"
2.73809667879828e-13,0.586294077903647,"ENSG00000221818.9"
0,0,"ENSG00000221914.11"
0.0948489889587223,2.22133050460231e-12,"ENSG00000228451.4"
0,0.0919665135030765,"ENSG00000104765.16"
0,0,"ENSG00000253430.1"
2.45803399995967e-11,0.0517760649639631,"ENSG00000254362.1"
0,0.0835451906625659,"ENSG00000240694.9"
1.49249932133759e-19,0.219864539524597,"ENSG00000092964.18"
0.229158880452246,0.169748722574046,"ENSG00000120907.18"
0.506614987523688,0.308757742736911,"ENSG00000104228.13"
0.063905354222172,0.661613862866267,"ENSG00000120899.18"
0,0.0301581259670525,"ENSG00000120903.13"
0,0.187023143346133,"ENSG00000120915.14"
0.0996801844751884,0.482273726337627,"ENSG00000120885.22"
3.47782063455922e-19,0.119995891263254,"ENSG00000168077.14"
0,0.0690465569096015,"ENSG00000279302.3"
1.10938735261597e-10,0.129669264577223,"ENSG00000253875.2"
1.6581563930585e-07,0.175888861231189,"ENSG00000147419.18"
0.127676858513055,0.373874198450459,"ENSG00000171320.15"
0.139239113343241,0.0979102617712004,"ENSG00000168078.10"
3.16566066986131e-14,0.44967912808817,"ENSG00000168079.17"
0.125501537318798,0.564958447267083,"ENSG00000189233.12"
0,0,"ENSG00000134014.17"
0,0,"ENSG00000186918.14"
8.46255631752601e-14,0.536260111597784,"ENSG00000104290.11"
0,0,"ENSG00000012232.9"
0,0,"ENSG00000246339.6"
0,0,"ENSG00000104299.15"
0,0,"ENSG00000254034.2"
0,0,"ENSG00000147421.18"
0,0,"ENSG00000259366.1"
0,0,"ENSG00000197892.13"
0.00826142135317822,5.52585224785832e-11,"ENSG00000120875.9"
0,0,"ENSG00000133872.14"
0,0,"ENSG00000272256.1"
0.0714629352260081,5.21013569570421e-11,"ENSG00000104660.19"
0,0.335720425945759,"ENSG00000271869.1"
0,0.325413401350152,"ENSG00000104671.8"
0,0,"ENSG00000285669.1"
0.438069588232478,0.057402745259005,"ENSG00000127589.4"
0.0722093707358962,0.215328658360095,"ENSG00000254109.6"
0,0.383041213276453,"ENSG00000157110.16"
0.123955157990104,0.123504165385073,"ENSG00000279041.1"
0,0,"ENSG00000197265.9"
0.454005404894439,0.166537176103953,"ENSG00000253112.1"
0.0488759935863313,0.429451410223769,"ENSG00000253457.3"
4.54367556177963e-13,0.571282123401081,"ENSG00000104687.14"
0.0808767173620851,0,"ENSG00000104691.15"
0,0,"ENSG00000104695.13"
1.21001604974183e-16,0.0891820756802485,"ENSG00000172733.11"
5.17506484300588e-09,0.192895878042335,"ENSG00000165392.10"
0,0.0752272720031002,"ENSG00000157168.20"
0.0102626745791511,0.530105259611799,"ENSG00000247134.7"
0.0650698338705398,0.519269232061609,"ENSG00000172728.16"
0.0758388869822211,0,"ENSG00000129696.12"
0,0,"ENSG00000198042.11"
2.76019969162273e-13,0.204273847927354,"ENSG00000133874.2"
0,0,"ENSG00000253746.1"
0,0,"ENSG00000253161.5"
0,0,"ENSG00000183779.7"
0,0,"ENSG00000183154.1"
0,0.176023541212752,"ENSG00000147475.17"
0,0,"ENSG00000233170.4"
0,0,"ENSG00000147471.12"
0,0.16032413795042,"ENSG00000020181.18"
0,0.285379158030142,"ENSG00000104221.13"
6.25026107162418e-20,0.341301521776688,"ENSG00000156675.16"
0.0628235971351358,0.230607544859002,"ENSG00000187840.5"
0,0.358261630584308,"ENSG00000260949.1"
0,0,"ENSG00000286677.1"
0,0,"ENSG00000129691.16"
0,0,"ENSG00000147465.12"
0,0,"ENSG00000175324.10"
0,0,"ENSG00000156735.11"
0,0,"ENSG00000285632.1"
0.000686922953825599,0.301987194753578,"ENSG00000085788.14"
1.08855645771563e-12,0.03594187771728,"ENSG00000147535.17"
0,0.0973855419012788,"ENSG00000147548.17"
2.93896828312633e-22,0.282116353637264,"ENSG00000272092.1"
0,0,"ENSG00000165046.12"
7.04602991944432e-12,0.0515907723958921,"ENSG00000077782.20"
0,0,"ENSG00000255201.1"
0,0,"ENSG00000239218.2"
0,0.361323940895749,"ENSG00000147526.20"
0,0.184300097164676,"ENSG00000169499.15"
9.81477474167555e-13,0.170084336617615,"ENSG00000169495.5"
0.0933046265476782,0,"ENSG00000169490.17"
0,0,"ENSG00000168615.12"
7.85410098537558e-22,0.0238936188341376,"ENSG00000197140.15"
0,0,"ENSG00000131203.13"
2.99546383910465e-21,0.150040847993894,"ENSG00000176907.5"
0.0176652659521369,0.596671486230333,"ENSG00000104332.12"
0,0,"ENSG00000147533.17"
0,0.0435738950537296,"ENSG00000147536.12"
0,0,"ENSG00000158669.11"
0.292658479248186,0.491286983296644,"ENSG00000029534.20"
0,0,"ENSG00000260588.1"
0,0.418390846119519,"ENSG00000083168.11"
0,0,"ENSG00000070718.12"
0,0.311679774062089,"ENSG00000104368.18"
0.0914388214687847,0.155416399517492,"ENSG00000104365.15"
0,0,"ENSG00000070501.12"
0,0,"ENSG00000078668.14"
0.0288800546023148,0,"ENSG00000168575.10"
0.102320569643251,0.133381385005265,"ENSG00000254165.1"
2.643631517503e-13,0.476999632960686,"ENSG00000176209.11"
0,0,"ENSG00000131931.8"
0,0,"ENSG00000120925.16"
0,0.0449874371519406,"ENSG00000168172.9"
0,0,"ENSG00000168522.13"
0,0,"ENSG00000185900.10"
0.0277379692141135,0.223945883402742,"ENSG00000254198.1"
0,0.308791088338547,"ENSG00000165102.15"
0,0,"ENSG00000164808.17"
1.97536310313311e-16,0.0625872329108591,"ENSG00000253330.1"
0,0,"ENSG00000269924.1"
0,0,"ENSG00000221869.5"
4.20819485417553e-14,0.0524567469379456,"ENSG00000253729.7"
0,0.477676097240334,"ENSG00000287959.1"
0.300055787036982,0.345822982620212,"ENSG00000104738.18"
0,0.171739732027207,"ENSG00000169139.12"
0,0,"ENSG00000224594.2"
0,0,"ENSG00000279881.1"
0,0,"ENSG00000233858.4"
0.16366895680489,0.148643122932711,"ENSG00000034239.11"
0.21072977861408,0.660753713941611,"ENSG00000019549.13"
3.51025253996726e-09,0.617037124675339,"ENSG00000147485.13"
0,0,"ENSG00000168300.14"
0,0,"ENSG00000228801.6"
9.46959043735103e-19,0.156482101299567,"ENSG00000023287.13"
0,0.0466770152478679,"ENSG00000237807.4"
0,0.21801970140946,"ENSG00000047249.18"
0,4.24852097307944e-17,"ENSG00000147509.14"
0,0,"ENSG00000187735.14"
1.18990589957012e-20,0.109888764501295,"ENSG00000253667.2"
0,0,"ENSG00000120992.18"
0,0,"ENSG00000137547.9"
0,0,"ENSG00000164736.6"
0,0,"ENSG00000104237.11"
2.18377074049018e-17,0,"ENSG00000167904.15"
1.89243455171163e-19,0.120846221398475,"ENSG00000137574.11"
0.164474216862125,0.714162459888399,"ENSG00000254087.8"
0,0.303486489671713,"ENSG00000008988.9"
0.0746018922881989,0,"ENSG00000181690.8"
0.0468796099635538,0.188629679549756,"ENSG00000170791.18"
0,0.0973853375489022,"ENSG00000181195.11"
0.225930968319601,0.156056118110412,"ENSG00000254254.6"
0,0,"ENSG00000246430.7"
0.0700068664915511,0.245109412422913,"ENSG00000253139.1"
0.0363158410002904,0.417001334521634,"ENSG00000104331.9"
0.256199816585156,0.0345860308500122,"ENSG00000169122.11"
0.0786650213337921,0.0234495356470408,"ENSG00000253116.1"
0,0,"ENSG00000215114.9"
0,0,"ENSG00000250031.1"
0,0,"ENSG00000137575.12"
0,0,"ENSG00000035681.9"
0.132491363289894,0.320576411719589,"ENSG00000198846.6"
1.17964092996044e-11,0.365092588765883,"ENSG00000178538.10"
0.191809103350102,5.04637552646863e-11,"ENSG00000251396.7"
0.0528202606719754,0.423988447282651,"ENSG00000104388.15"
5.31214546899876e-19,0.125721059912691,"ENSG00000255321.1"
0,0,"ENSG00000228862.4"
0.0695190190975719,0.42074419676781,"ENSG00000171316.12"
0,0.0656557626077276,"ENSG00000254777.5"
0.0799039679982911,0.385375270083668,"ENSG00000198363.18"
0.0457309154046452,0.327223189122353,"ENSG00000254285.3"
0.108655569842082,0.382967212947271,"ENSG00000222898.1"
0.092184040106442,0,"ENSG00000137563.12"
0.0285206590672922,0.293357813310925,"ENSG00000137561.5"
0.0541170445836388,0.634574912844887,"ENSG00000270673.1"
0,0,"ENSG00000185728.17"
0.00257220632581706,0,"ENSG00000261542.1"
0,0,"ENSG00000254102.2"
0.0885820678936899,0,"ENSG00000180828.3"
0.750847529380569,0,"ENSG00000172817.4"
0,0,"ENSG00000254330.1"
0,0,"ENSG00000287998.1"
0.125929175403853,0.45648954618856,"ENSG00000254006.5"
0.0105048289268882,0,"ENSG00000104442.10"
0.17346167789766,0.2434115694835,"ENSG00000066855.16"
0.182261560116265,0.411830368507587,"ENSG00000205268.10"
0.0291482692179178,4.59274667907578e-22,"ENSG00000253190.4"
0.282921759491143,0,"ENSG00000147573.17"
0.0383584075386591,0.514655342696088,"ENSG00000246145.1"
0.13723587463947,0.0892778210874622,"ENSG00000179041.4"
5.55169581703384e-20,0.0532375734495927,"ENSG00000285791.1"
0.0861151081602067,0.585037752079937,"ENSG00000147576.17"
0,0.0524203642088085,"ENSG00000185697.16"
0,0.0992981352085113,"ENSG00000175073.8"
0,0,"ENSG00000104205.15"
0.207194538837731,0.20346457806521,"ENSG00000178460.18"
0,0,"ENSG00000245910.8"
0,0,"ENSG00000121022.14"
0,0.146549537092955,"ENSG00000104218.14"
0.212591438298404,0.138464291464219,"ENSG00000250869.2"
0,0.663079400596486,"ENSG00000066777.9"
0,0,"ENSG00000287214.1"
0,0.293369241131191,"ENSG00000046889.19"
1.33499111719221e-21,0.432681280194985,"ENSG00000165084.16"
0,0.0570368298049045,"ENSG00000254332.1"
0,0.102024915140476,"ENSG00000137573.14"
6.23090748642586e-18,0.194115358766359,"ENSG00000137571.11"
0,0.247675965328814,"ENSG00000140396.13"
0,0,"ENSG00000213003.3"
0.193577412472788,0.13789620495201,"ENSG00000067167.8"
0.0626655784939305,0,"ENSG00000246366.6"
0,0,"ENSG00000147592.9"
0.0328647101954007,0.536872184274086,"ENSG00000104313.20"
3.69806101420277e-13,0.0504134175400964,"ENSG00000235531.10"
0.0140470721073384,0,"ENSG00000178860.8"
0,0,"ENSG00000241942.2"
0.257586578594369,0,"ENSG00000104321.11"
0,0,"ENSG00000253317.1"
0,0,"ENSG00000250979.1"
0,0.0975837218276718,"ENSG00000147601.14"
0,0,"ENSG00000253636.1"
4.68695673852739e-21,0.021852293256721,"ENSG00000164764.11"
0.0047615251226951,3.41859667820729e-10,"ENSG00000147604.14"
0.0101389837517157,0,"ENSG00000121039.10"
0.0481518045253901,0.243595556925932,"ENSG00000250295.6"
0,0.0652163373378654,"ENSG00000253302.1"
0,0,"ENSG00000040341.18"
7.10352297118979e-14,0.25001414444848,"ENSG00000254538.1"
0,0,"ENSG00000104343.21"
0.121918917294127,0.0276457227729268,"ENSG00000286113.1"
5.65581017190327e-21,0.150259135864859,"ENSG00000154582.16"
0,0,"ENSG00000175606.11"
0,0,"ENSG00000154589.7"
3.08131523181013e-20,0.0555257241579253,"ENSG00000104369.5"
0,0,"ENSG00000104381.13"
0,0,"ENSG00000253341.1"
0,0.428004134590191,"ENSG00000121005.9"
0,0.254295618253665,"ENSG00000253661.2"
0,0.462785635455944,"ENSG00000091656.19"
0,0,"ENSG00000164751.15"
0.186046136654894,0.701154459249849,"ENSG00000254366.7"
0,0,"ENSG00000254266.6"
0,0,"ENSG00000171033.13"
0,0,"ENSG00000260398.1"
0,0.580254204988497,"ENSG00000104427.12"
0,0.752473771294776,"ENSG00000104432.14"
0,0,"ENSG00000253919.1"
0,0.194505696154547,"ENSG00000285744.1"
0,0.0210991334082126,"ENSG00000261618.2"
0,0.325679305673763,"ENSG00000104435.13"
0,0.1453886940926,"ENSG00000164683.17"
0.00772263025575684,4.98207182584975e-10,"ENSG00000285758.2"
0,0,"ENSG00000147586.10"
0.308359725055555,3.10828636932314e-13,"ENSG00000272518.1"
0.303742116601475,3.7532511896671e-11,"ENSG00000076554.15"
0,0,"ENSG00000205189.12"
0.160607242815561,4.94672142978972e-20,"ENSG00000254162.1"
0,0.0492265742063208,"ENSG00000260317.1"
0,0,"ENSG00000243424.2"
0.0491744410224548,0.532993608678407,"ENSG00000164684.13"
0.00959882208004763,0.323275058786771,"ENSG00000253516.1"
0.0489415649800011,0.661041607883125,"ENSG00000076641.4"
0.114448640969678,0.347342877813965,"ENSG00000164687.11"
0.14925779421872,0.470211511274595,"ENSG00000170323.9"
0,0,"ENSG00000133731.10"
0.357187171341133,0.0917696257097934,"ENSG00000280193.1"
0.0817581941054785,0.575454891103874,"ENSG00000104231.11"
0.0389523518941538,0.772672275271236,"ENSG00000164695.5"
0,0.584742219449207,"ENSG00000104497.14"
0.0623715920734727,0.177433064715096,"ENSG00000206228.4"
0.17146755549279,0,"ENSG00000133739.16"
0,0,"ENSG00000133740.11"
0,0,"ENSG00000176731.12"
0,0,"ENSG00000185015.8"
0.253416654835482,0.530798079818317,"ENSG00000133742.13"
0.147143754703095,0.671453016197177,"ENSG00000164879.7"
1.55738852073175e-12,0.209356505004708,"ENSG00000253549.6"
0.109664628882496,0.705105335148573,"ENSG00000104267.10"
1.79021985191992e-19,0.692322361048975,"ENSG00000147614.4"
0,0,"ENSG00000123124.14"
2.61786627622178e-10,0.437977751292589,"ENSG00000176623.12"
0.113147584535336,1.10322654397227e-10,"ENSG00000250569.1"
0,0,"ENSG00000254088.1"
1.84055180936509e-10,0.236663695425767,"ENSG00000085719.13"
0.0159404846389797,0.935111159428047,"ENSG00000156103.16"
0,0,"ENSG00000251136.9"
0,0.370621428189558,"ENSG00000104312.8"
0,0.578554754665641,"ENSG00000164823.11"
0,0,"ENSG00000104320.13"
0.00360020422342313,0.49645318688299,"ENSG00000104325.7"
6.4165442179645e-20,0.218973099479083,"ENSG00000104327.7"
0,0,"ENSG00000254180.2"
0,0,"ENSG00000253394.6"
0.26875857553039,1.06229277459198e-13,"ENSG00000180694.14"
0,0.19734729281142,"ENSG00000246792.3"
0.244978496322796,0.451012080980878,"ENSG00000123119.12"
3.00521289126869e-19,0.330391765366375,"ENSG00000254251.1"
0,0,"ENSG00000253250.3"
0,0,"ENSG00000155099.8"
0,0,"ENSG00000253738.2"
0,0.00557014998427584,"ENSG00000155100.11"
0,0,"ENSG00000214954.8"
0,0.297686160972873,"ENSG00000253525.1"
0,0,"ENSG00000147606.9"
0,0.673528490042475,"ENSG00000079102.16"
0,0,"ENSG00000248858.7"
1.07360564618253e-14,0.322358583941198,"ENSG00000205133.12"
2.05356331998568e-20,0.277153659129478,"ENSG00000188343.13"
0,0.379198437284178,"ENSG00000271971.1"
0,0.0304508908853835,"ENSG00000253854.1"
1.52963797064621e-15,0.22229363822303,"ENSG00000183808.11"
0,0.238896865805859,"ENSG00000279331.1"
0,0,"ENSG00000164953.15"
0,0,"ENSG00000254387.1"
0,0,"ENSG00000164951.16"
0.313495113331679,0.0450903015711356,"ENSG00000164949.8"
0,0,"ENSG00000265817.3"
0,0,"ENSG00000164944.12"
0,0,"ENSG00000253704.2"
0.00218530748998211,0,"ENSG00000156162.16"
0,0,"ENSG00000164941.14"
8.58393930904487e-16,0,"ENSG00000175305.17"
0,0,"ENSG00000156170.13"
0.0313784777641634,0.138322342626786,"ENSG00000164938.14"
0.273259241563031,0.379520862764735,"ENSG00000253878.5"
0.140079684379625,0.679781148720941,"ENSG00000175895.4"
0.442154455810986,3.01229008212314e-10,"ENSG00000156172.6"
0.0507101178700087,0,"ENSG00000156466.10"
0,0.215974684632043,"ENSG00000156467.9"
0,0,"ENSG00000156469.9"
2.29096084585922e-19,0.417458420051909,"ENSG00000156471.13"
0,0.508238992839473,"ENSG00000169439.12"
0,0,"ENSG00000104324.16"
0.309563575274568,0.138527470547136,"ENSG00000180543.5"
1.11068195991546e-12,0.135505008189318,"ENSG00000147649.10"
2.92167282532433e-19,0.13798908061842,"ENSG00000104341.17"
2.57062130217968e-11,0.372871486946418,"ENSG00000132561.14"
0.199143740477396,5.21379918491904e-21,"ENSG00000156482.11"
0,0,"ENSG00000245970.2"
4.23636455833882e-12,0.659266272710496,"ENSG00000132541.11"
0,0,"ENSG00000104356.11"
0.00367149372432699,0.310279616202822,"ENSG00000104361.10"
2.83590929981762e-12,0.372690548525129,"ENSG00000104375.17"
0.00616482124608983,0,"ENSG00000156486.8"
1.09912878950718e-21,0.128567062232885,"ENSG00000272321.1"
3.14682783789297e-12,0.162235371112281,"ENSG00000164920.9"
0,0,"ENSG00000253948.2"
1.47689290673545e-19,0.247346694580144,"ENSG00000132549.18"
0.14198499553841,0.403687572497302,"ENSG00000236583.1"
0,0,"ENSG00000237704.1"
0.227143742976021,0.295083795751982,"ENSG00000225017.1"
0,0.347677467076959,"ENSG00000235683.1"
0,0,"ENSG00000253539.1"
0,0.424052629360715,"ENSG00000164919.11"
9.75000867007902e-14,0.483634805054822,"ENSG00000132554.20"
0,0,"ENSG00000147669.11"
0,0,"ENSG00000104450.12"
1.14117821860727e-21,0.014501219788753,"ENSG00000034677.13"
0,0,"ENSG00000186106.11"
0,0.123846083329865,"ENSG00000070756.16"
0,0.321931531406715,"ENSG00000260368.1"
0,0.0848075574513776,"ENSG00000164924.18"
0,0,"ENSG00000261087.1"
2.99246563760498e-21,0.162473352525268,"ENSG00000120963.12"
0,0.429573964123262,"ENSG00000228224.3"
0.118002558092272,0,"ENSG00000104490.18"
0,0,"ENSG00000048392.11"
0,0.0695915384808969,"ENSG00000246263.3"
7.18802833504949e-12,0.281752097503493,"ENSG00000104517.13"
0,0,"ENSG00000272037.1"
0,0,"ENSG00000155090.15"
0,0,"ENSG00000253669.4"
0.246207686647172,0.206961389169452,"ENSG00000155096.14"
0,0.112646740695966,"ENSG00000253320.7"
2.95768903355162e-17,9.7554408371241e-05,"ENSG00000254236.1"
0,0,"ENSG00000155097.12"
0.301930616226347,0,"ENSG00000164929.17"
0,0.405681742217321,"ENSG00000247081.8"
0,0,"ENSG00000164930.12"
0,0,"ENSG00000286337.1"
0.0976100881784408,0.332605575705874,"ENSG00000164932.13"
0,0,"ENSG00000164934.14"
0,0,"ENSG00000164935.6"
0.0843614998069435,0.404201774392481,"ENSG00000279138.1"
0,0,"ENSG00000147650.11"
0,0.528100127286998,"ENSG00000169946.14"
0.00889210865894124,2.34509212685437e-15,"ENSG00000251003.9"
0.162302921859767,0,"ENSG00000254615.3"
0,0.576616727538688,"ENSG00000164830.18"
0.450632075950321,0.362501516145487,"ENSG00000253676.1"
0,0,"ENSG00000154188.10"
0,0,"ENSG00000104408.10"
0,0,"ENSG00000104412.8"
0,0,"ENSG00000120526.11"
0,0,"ENSG00000120533.13"
0.160419266464308,0,"ENSG00000205038.12"
0,0,"ENSG00000147654.15"
0,0,"ENSG00000147642.17"
0.000219180825024205,0.779090584975804,"ENSG00000253434.8"
0,0.268281827824337,"ENSG00000104447.12"
0,0,"ENSG00000227170.1"
0,0,"ENSG00000147677.11"
0,0,"ENSG00000147679.12"
0,0,"ENSG00000164754.14"
0,0.305007720563078,"ENSG00000164758.7"
0,0,"ENSG00000182197.11"
0.188888036333998,0.271219768576425,"ENSG00000177570.14"
0,0,"ENSG00000164761.9"
0.0438134867879356,0.294636112974531,"ENSG00000147676.14"
0.276991086676465,0.461638303833668,"ENSG00000136999.5"
0,0.183993282656412,"ENSG00000136960.12"
0.00627829554604888,6.33593560428098e-14,"ENSG00000064313.12"
0,0,"ENSG00000136982.6"
0,0,"ENSG00000279347.1"
0,0.0308290097615223,"ENSG00000244642.3"
0,0.14090878114275,"ENSG00000155792.10"
0.0286365204667748,0,"ENSG00000254343.2"
0,0.196455285237623,"ENSG00000187955.12"
0.165510361497931,0.181684592609935,"ENSG00000172172.8"
0.0300883355761888,0.213433574408104,"ENSG00000172167.8"
0.107920552889999,0.16085474426034,"ENSG00000172164.15"
0.332137352612342,0.11795009184121,"ENSG00000250290.1"
0,0.221312197048369,"ENSG00000248318.1"
0.151887807142041,0.376519795879871,"ENSG00000272502.1"
0.425621421347842,0.393443318960302,"ENSG00000170961.7"
0.331875508153729,0.0415964090977851,"ENSG00000248690.8"
0.174802500618711,0,"ENSG00000255364.1"
0,0.0587268310114347,"ENSG00000253819.2"
0.106641526934377,0.141699650773466,"ENSG00000178764.8"
0,0.0520655572621129,"ENSG00000253372.5"
0,0.139084568578216,"ENSG00000136986.10"
0,0,"ENSG00000156787.17"
0,0,"ENSG00000253463.1"
0,0.149075932280512,"ENSG00000189376.12"
0,0.553901083781936,"ENSG00000165156.15"
3.11930191482064e-11,0.254954321007032,"ENSG00000156802.13"
0,0,"ENSG00000156795.8"
0.1469203580256,1.06158070605242e-14,"ENSG00000156804.7"
0,0,"ENSG00000176853.16"
0.14459198246884,0.178744474337874,"ENSG00000214814.7"
0.167940260681478,0.0698598080303497,"ENSG00000253227.2"
0,0.199625114103572,"ENSG00000237586.3"
0,0,"ENSG00000164983.7"
1.43932245462474e-20,0.028192755176017,"ENSG00000183665.5"
0,0.198551139910264,"ENSG00000245149.4"
0,0.122069692656368,"ENSG00000170881.4"
0,0.181976973124783,"ENSG00000147687.19"
5.38075577290221e-11,0.126819551068857,"ENSG00000253106.1"
0.000554175698331324,0.896028078992629,"ENSG00000147684.9"
0,0.206970794802806,"ENSG00000170873.18"
0,0,"ENSG00000255491.3"
0.0417570681327932,0.36682879779996,"ENSG00000180938.6"
0,0.466025533830313,"ENSG00000104549.12"
0,0,"ENSG00000164961.16"
0,0,"ENSG00000156831.8"
0,0,"ENSG00000242170.3"
0,0,"ENSG00000173334.4"
0.195072026154003,0.30990276937534,"ENSG00000245164.8"
0,0,"ENSG00000168672.4"
0.146647970071501,0.113772966307363,"ENSG00000253438.4"
0,0,"ENSG00000254166.3"
0.0643405840986195,6.46500063802941e-22,"ENSG00000136997.19"
0,0.161051191006658,"ENSG00000249859.11"
0,0,"ENSG00000280055.1"
0,0.429281426312442,"ENSG00000229140.10"
1.43405083971526e-11,0.0987955327272741,"ENSG00000153310.19"
0.182805655447248,0.479242356045556,"ENSG00000253720.2"
3.48021820821816e-15,0.388462791221317,"ENSG00000287195.1"
0,0.458675543228502,"ENSG00000153317.15"
0.0168790617899129,0.436596983926157,"ENSG00000280543.1"
0.0548215125880034,0,"ENSG00000212342.1"
0,0.0927446736626938,"ENSG00000287201.1"
0,0,"ENSG00000286535.1"
1.01659401548254e-19,0.0746472803670093,"ENSG00000132294.15"
0.305694298140015,0.171123462207003,"ENSG00000184156.17"
0,0.361121109145325,"ENSG00000129295.9"
0.307163232254807,0.477710933348356,"ENSG00000165071.14"
0,0.144532244661875,"ENSG00000129292.20"
0,0,"ENSG00000223697.3"
0,0,"ENSG00000042832.12"
3.51656373688909e-10,0.813792062297377,"ENSG00000155926.14"
0.0234452887065892,0.516072352433639,"ENSG00000287736.1"
0.103042659757014,0.0889397821571232,"ENSG00000104415.14"
3.15466562438411e-11,0.0394795938299125,"ENSG00000104419.14"
0,0.412020873331107,"ENSG00000008513.16"
0.0689073011828714,2.06166853309621e-10,"ENSG00000283176.1"
0.194178330152171,0.444865267480511,"ENSG00000283197.1"
0.13558020902073,0.0537113632710486,"ENSG00000261220.2"
0.15453966766819,0,"ENSG00000066827.16"
0,0,"ENSG00000279518.1"
0,0,"ENSG00000259820.1"
0.191505925293666,0,"ENSG00000131773.14"
0.0672076415143833,0.759666057880188,"ENSG00000169436.17"
0,0,"ENSG00000167632.16"
0,0,"ENSG00000282164.3"
0,0,"ENSG00000259891.1"
0.0189482327749558,0.272090421034626,"ENSG00000104472.10"
0,0.482453664797911,"ENSG00000123908.12"
0,0,"ENSG00000279766.1"
0,0.291874294266731,"ENSG00000280326.1"
0,0,"ENSG00000280303.2"
0,0.373981324808643,"ENSG00000169398.19"
0.0459383722408154,0.528306269214525,"ENSG00000105339.10"
3.43116634252449e-20,0.129449840762596,"ENSG00000253210.2"
0,0.21440418258755,"ENSG00000022567.9"
0,0.129952997315567,"ENSG00000280035.1"
0.133657150567468,3.17721382118035e-13,"ENSG00000184489.11"
0,0,"ENSG00000171045.16"
0,0,"ENSG00000181790.11"
0.124415512506093,4.82062537568262e-13,"ENSG00000198576.4"
0,0,"ENSG00000234616.8"
0.164387188760594,0,"ENSG00000160886.13"
0,0,"ENSG00000253741.2"
0,0.239373500816285,"ENSG00000130193.8"
0.0699955715440388,0.301576911721795,"ENSG00000180155.20"
0.394064897230876,0.100345101941857,"ENSG00000247317.3"
0,0.265923625483436,"ENSG00000160932.11"
1.33017140132932e-12,0.228559463583415,"ENSG00000177335.11"
0.0148317451490539,2.43814371554248e-15,"ENSG00000277494.2"
0,0.004428741201344,"ENSG00000181638.18"
0,0,"ENSG00000250571.7"
1.13508144023421e-19,0.0593795932890815,"ENSG00000253716.6"
2.54747983305433e-12,0.0846584007480274,"ENSG00000185730.8"
0.0414122028913543,0.697603297020102,"ENSG00000184428.13"
0,0.311367623219472,"ENSG00000158106.14"
1.0329507526723e-12,0.316179949093342,"ENSG00000182759.4"
0,0,"ENSG00000014164.7"
0,0,"ENSG00000287576.1"
0,0.0538470691498305,"ENSG00000104518.11"
2.50418861164762e-12,0.398172766574603,"ENSG00000204839.9"
0.239317207344021,0.666002876528772,"ENSG00000255050.1"
0,0.347620976266078,"ENSG00000147813.16"
0,0.447928326585437,"ENSG00000104529.17"
0.0348072911649122,0.151374367385493,"ENSG00000179886.6"
0.169830491091709,1.11286165758714e-07,"ENSG00000104524.14"
0.43380587495806,0.327347386851536,"ENSG00000104522.16"
0,0,"ENSG00000183309.11"
0,0,"ENSG00000181135.16"
0,0,"ENSG00000181097.5"
0.29152644260038,0,"ENSG00000180921.7"
0,0.0962098385777449,"ENSG00000180900.19"
0,0.193487212406061,"ENSG00000179950.14"
0.206304507738917,0.00939486790053247,"ENSG00000287222.1"
0.306186925680482,0.342635117060933,"ENSG00000185189.18"
0,0.601578747044432,"ENSG00000261150.2"
0.00712767944141803,0.474510170181388,"ENSG00000288096.1"
6.33338674069291e-12,0.19475095460511,"ENSG00000178209.15"
2.00126776797709e-12,0.0318227890152085,"ENSG00000178685.14"
0,0.404316354031695,"ENSG00000178719.17"
0.13449808227548,0.477009612054991,"ENSG00000204791.10"
0,0.247361335071399,"ENSG00000178814.17"
0.0200743604730671,0,"ENSG00000255224.1"
0,0,"ENSG00000178896.9"
0,0,"ENSG00000197858.11"
6.42357995003469e-12,0.05690906653616,"ENSG00000179091.5"
2.64625067020435e-12,0.0664402208550411,"ENSG00000179526.17"
0.0625678791890147,0.337698846285184,"ENSG00000179632.10"
0,0,"ENSG00000179698.14"
0.0456158130669471,0.14530844114973,"ENSG00000235173.7"
0,0.0422948517978759,"ENSG00000179832.17"
0.0852582847323646,0.56278030699364,"ENSG00000261236.8"
0,0.169443228657231,"ENSG00000260428.3"
0,0.167143169746377,"ENSG00000185122.11"
0,0,"ENSG00000185000.12"
0,0,"ENSG00000185803.10"
0,0,"ENSG00000182325.11"
0.00410419031580351,8.86707890116373e-13,"ENSG00000173137.12"
0,0.0900161949317651,"ENSG00000071894.17"
0,0,"ENSG00000147804.9"
0,0,"ENSG00000160948.14"
0,0.413179517669583,"ENSG00000160949.17"
0,0,"ENSG00000232600.3"
0,0.00855411976940917,"ENSG00000187954.12"
0,0,"ENSG00000167702.12"
0,0,"ENSG00000160972.9"
0,0,"ENSG00000255182.2"
0.162769861472651,0,"ENSG00000167701.14"
0.541716604872059,0.0949665343011296,"ENSG00000167700.9"
0.0162374000898323,0.495569906793434,"ENSG00000160957.13"
2.08587380370849e-12,0.0518906661479745,"ENSG00000160959.8"
0,0,"ENSG00000213563.7"
0,0,"ENSG00000147799.11"
0,0,"ENSG00000198169.9"
0.0210661006890019,0,"ENSG00000196378.11"
8.72878264798911e-11,0.242927915791112,"ENSG00000161016.17"
0,0,"ENSG00000197363.9"
0,0,"ENSG00000147789.15"
0,0.0509571276303365,"ENSG00000170619.10"
0,0,"ENSG00000286681.1"
0,0,"ENSG00000196150.13"
0.221211180639932,0.511323703591299,"ENSG00000170631.15"
0.0540044285960272,0.330581274645485,"ENSG00000196922.10"
0.301542241396357,0.287663533707162,"ENSG00000255559.1"
0,0,"ENSG00000182307.14"
0,0,"ENSG00000181404.17"
0.0745869294764909,1.39898596753338e-16,"ENSG00000172785.18"
0,0,"ENSG00000183784.7"
2.15293824419261e-12,0.104545624136161,"ENSG00000107099.15"
0,0.363055356739284,"ENSG00000227155.7"
0.0681415422000823,0.423937959623541,"ENSG00000107104.18"
0.0852288967822287,0.752081621530364,"ENSG00000281769.1"
0.188585639874947,0.740440309665964,"ENSG00000173253.15"
7.72682236160097e-12,0.324935843377203,"ENSG00000080503.24"
2.93645681198623e-19,0.0608567273963339,"ENSG00000236404.10"
4.54685400989285e-08,0.411985492704528,"ENSG00000147852.16"
0.0648503558103004,0,"ENSG00000168263.9"
0.0540369875229232,0.808652954471626,"ENSG00000080608.10"
0,0.183808014608321,"ENSG00000080298.15"
0,0,"ENSG00000232104.3"
0,0,"ENSG00000107249.23"
0,0,"ENSG00000237009.2"
0.165802113939537,0,"ENSG00000230001.1"
0,0.0105206260815046,"ENSG00000228322.1"
0.0398917585711537,4.68261226269134e-11,"ENSG00000106688.12"
2.28265000765644e-15,0,"ENSG00000106686.16"
0,0,"ENSG00000205808.6"
0,0,"ENSG00000273061.1"
0.0430840132077635,5.86595948165673e-11,"ENSG00000106993.12"
0,0.307049012117981,"ENSG00000147853.17"
6.19248676261033e-13,0.161532437917622,"ENSG00000120158.12"
3.08269870482631e-11,0.31093335357495,"ENSG00000233186.2"
0,0.144396101348814,"ENSG00000096968.13"
0.0918704788950104,0.347899677159428,"ENSG00000234534.1"
2.44838518243035e-21,0.335869134764068,"ENSG00000182347.10"
0,0.642735258868889,"ENSG00000227730.2"
0,0,"ENSG00000228166.1"
4.47651222880574e-21,0.0697913972720376,"ENSG00000224083.1"
0,0.0900188089247294,"ENSG00000235917.1"
0.0359472761361699,6.08213481513257e-13,"ENSG00000228097.1"
0,0,"ENSG00000237711.1"
0,2.71347016615785e-15,"ENSG00000236254.1"
0,0,"ENSG00000230225.1"
0.0607733334562576,0.111826430538558,"ENSG00000236567.2"
2.51250419034576e-18,0.16433968592275,"ENSG00000254017.1"
0.232664126535152,0.264491445660348,"ENSG00000120210.8"
0,0,"ENSG00000107020.10"
0,0,"ENSG00000120217.14"
0.111341472142319,9.24288310716005e-13,"ENSG00000286162.2"
0,0,"ENSG00000197646.8"
0,0.0894295932436098,"ENSG00000107036.12"
0,0,"ENSG00000099219.14"
0,0.381312770110495,"ENSG00000183354.12"
0,0,"ENSG00000120215.10"
0,0,"ENSG00000137040.10"
0.045879055918005,1.79348424625581e-12,"ENSG00000137033.11"
0,0.105355370091693,"ENSG00000147854.17"
0,0.133741198160095,"ENSG00000178445.9"
0.0758325315376891,0.542446913352954,"ENSG00000107077.18"
0,0.666093310849169,"ENSG00000230581.2"
2.34022962257914e-13,0.296141643847098,"ENSG00000224972.1"
0,0,"ENSG00000230207.1"
0,0,"ENSG00000137038.8"
0,0.522259404720781,"ENSG00000153707.17"
0.197291269044616,0.569919768003745,"ENSG00000225706.2"
0,0,"ENSG00000265735.2"
0.111541926284232,0.269733008368441,"ENSG00000235448.3"
4.18425729931603e-12,0.172859357372114,"ENSG00000153714.6"
0,0.172253317752844,"ENSG00000285637.2"
1.95607784846828e-08,0.254160676673644,"ENSG00000107186.16"
0.00131463406496499,0.643631053432467,"ENSG00000147862.17"
0.0514729921654059,4.44426023749511e-12,"ENSG00000234982.1"
0,0,"ENSG00000175893.11"
0,0.402933320321769,"ENSG00000164946.19"
0,0.194600208419688,"ENSG00000232000.3"
0,0,"ENSG00000155158.20"
0,0.0144019411208195,"ENSG00000164975.15"
0.519376521206965,3.06905849544381e-15,"ENSG00000164985.15"
0.102928543877226,0.106463029969195,"ENSG00000213362.3"
0,0,"ENSG00000164989.17"
0,0.291765384409581,"ENSG00000173068.18"
0.397499572776269,8.20752816805141e-11,"ENSG00000231756.1"
1.31460001428953e-13,0.214354732530608,"ENSG00000234779.1"
0.126989391432375,0,"ENSG00000044459.15"
0,0,"ENSG00000224488.1"
9.8385445652576e-22,0.0606151377023674,"ENSG00000178031.17"
0.00956897723016809,0,"ENSG00000155875.15"
0,0.0522637053275411,"ENSG00000155876.6"
0,0.140750658716349,"ENSG00000147874.11"
0,0,"ENSG00000147872.10"
0,0.297567947782709,"ENSG00000137145.20"
0,0.0200299889298381,"ENSG00000273226.1"
0.0537631823382884,6.36463799087577e-12,"ENSG00000137154.13"
0,0.244156217078133,"ENSG00000177076.6"
0,0,"ENSG00000260912.1"
0.134872332575951,0.202555241057143,"ENSG00000171843.16"
0.0643937228756319,0,"ENSG00000188352.12"
0.0126515884245004,0.235259373960615,"ENSG00000188921.14"
0.0923290249107521,0.249009240176138,"ENSG00000198642.7"
0,0,"ENSG00000171889.4"
5.51662840224003e-13,0.0344449599947675,"ENSG00000244230.3"
0.0570847430408045,0,"ENSG00000099810.21"
0,0,"ENSG00000229298.1"
0.0179383226901811,0.176366617978923,"ENSG00000265194.1"
0.000349173890336801,0,"ENSG00000279670.1"
0,0.705462414312323,"ENSG00000147889.17"
0,0.129309214327959,"ENSG00000240498.9"
7.09577213053031e-13,0.229912658997215,"ENSG00000147883.12"
0.152401922651802,4.8274650309566e-12,"ENSG00000176399.4"
0.0841420545251705,0.142785791690955,"ENSG00000234840.2"
0,0.059191823820363,"ENSG00000284418.2"
0,0,"ENSG00000236739.3"
1.21141970294648e-11,0.260110203701861,"ENSG00000224549.1"
0.334830871931172,0,"ENSG00000198680.4"
0,0,"ENSG00000120159.13"
1.66982788516801e-12,0.447907123760024,"ENSG00000137055.15"
0,0.306726547490712,"ENSG00000096872.16"
0,0,"ENSG00000184434.8"
0,0,"ENSG00000120156.21"
0,0,"ENSG00000120162.10"
0,0.724068872702519,"ENSG00000285103.2"
0,0.21686687627982,"ENSG00000147894.16"
0,0,"ENSG00000215210.3"
0.03500352489809,0.19879251167315,"ENSG00000122729.19"
0.0844783642659966,3.00491333286145e-11,"ENSG00000107201.10"
0,0.184246845734695,"ENSG00000197579.8"
0.00208023365598214,0.17319860781963,"ENSG00000235453.10"
0,0,"ENSG00000165264.11"
0,0.529588104432828,"ENSG00000137074.19"
0,0,"ENSG00000086061.16"
0,0,"ENSG00000122692.9"
0,0.220574051761773,"ENSG00000086062.12"
5.99522272744935e-16,0.0695222625377464,"ENSG00000233554.6"
0,0.598412493976818,"ENSG00000107262.23"
0,0,"ENSG00000086065.14"
1.91496096397075e-13,0.0266012362149175,"ENSG00000086102.19"
0.096103572822025,0.475026601917078,"ENSG00000165269.13"
0.0771588286599341,0.718616529927513,"ENSG00000286322.1"
0.0726247386679142,0.218237188286499,"ENSG00000165272.16"
4.08186660142464e-21,0.016864428597594,"ENSG00000165271.17"
0,0.275470379947014,"ENSG00000231991.4"
0.0246709915933098,0.473255261187298,"ENSG00000237984.3"
0.0658379648196164,3.43815810484448e-20,"ENSG00000281128.2"
0.215856335741314,0.429884589390633,"ENSG00000260947.1"
0,0,"ENSG00000107341.5"
1.896143470248e-20,0.0838174517404595,"ENSG00000137073.21"
0.144232219747262,0.547145291883958,"ENSG00000198876.13"
8.34049592197444e-21,0.0817838823846357,"ENSG00000165006.14"
0,0,"ENSG00000227383.1"
0,0,"ENSG00000279336.1"
0.177367815122349,0.564251080074486,"ENSG00000233668.1"
0,0.318939760355688,"ENSG00000186638.16"
0,0,"ENSG00000164978.18"
0.187900857543055,0.469899136609922,"ENSG00000164976.9"
0.0672493650273796,2.99727745011988e-12,"ENSG00000164970.15"
0.174167071675766,0.565474023777423,"ENSG00000122756.15"
0.124693278442933,0.228634416205791,"ENSG00000237159.6"
0,0,"ENSG00000164967.10"
0.409550224621857,0,"ENSG00000137100.16"
0.158061485702264,0.247794355656902,"ENSG00000147955.17"
0.0379148369335615,0.331860024822769,"ENSG00000213930.11"
9.22720748777555e-14,0.248427102867906,"ENSG00000137070.17"
0,0,"ENSG00000230074.2"
0,0.0209593679427022,"ENSG00000172724.12"
0,0,"ENSG00000215199.3"
0,0,"ENSG00000122733.12"
0,0,"ENSG00000281491.1"
0,0,"ENSG00000137094.14"
0.20914602542435,2.72458972163389e-20,"ENSG00000286782.1"
0.0921574558073679,0.131277684134238,"ENSG00000287868.1"
0,0,"ENSG00000279608.1"
0,0,"ENSG00000174038.13"
0.0145466545990448,2.91635133793662e-20,"ENSG00000241568.3"
0,0,"ENSG00000165280.16"
1.82815632463154e-10,0.182065836512833,"ENSG00000221829.9"
0,0,"ENSG00000165282.14"
0,0,"ENSG00000165283.16"
0.0581468422427101,0.490617317416581,"ENSG00000005238.19"
1.61548119758545e-12,0.0414633937970127,"ENSG00000198722.14"
0,0,"ENSG00000279083.1"
0.152311880664992,0,"ENSG00000198853.12"
0.00455203393508622,2.07663792252225e-11,"ENSG00000287287.1"
6.06716079870551e-13,0.0765247365688363,"ENSG00000235619.1"
1.29278160118616e-19,0.0563886243591906,"ENSG00000215187.11"
0,0.1360860753987,"ENSG00000107140.16"
0.286928701078634,0.587382522297085,"ENSG00000137101.12"
1.12960450832326e-14,0.199641431977462,"ENSG00000231393.1"
0.0059994494708802,0.665475702718331,"ENSG00000159884.12"
0,0,"ENSG00000137135.18"
3.49780004388927e-21,0.113997422431701,"ENSG00000198467.15"
0,0,"ENSG00000137076.21"
0,0.485004028740906,"ENSG00000107175.12"
0,0.602038908151599,"ENSG00000070610.14"
0,0.0592511217374196,"ENSG00000107185.10"
0.0625277611850042,0,"ENSG00000227388.3"
1.75219429623362e-12,0.197315929619437,"ENSG00000159899.14"
0,0,"ENSG00000137098.14"
0.0555234323507576,0.288958479087957,"ENSG00000137103.20"
0.14170738192423,0.383937511818585,"ENSG00000196196.3"
0.24242523009298,0.411749712372778,"ENSG00000235387.5"
0,0,"ENSG00000213866.3"
1.82362442555883e-12,0.26641839957006,"ENSG00000122707.12"
0.248193977643007,0.295213500768132,"ENSG00000122694.16"
0,0,"ENSG00000185972.6"
0,0,"ENSG00000122705.17"
0,0,"ENSG00000159921.16"
0,0,"ENSG00000137075.18"
0,0.0507778182408029,"ENSG00000165304.8"
0.0316600232271262,0.371123902786668,"ENSG00000196092.14"
0,0,"ENSG00000281649.2"
0,0,"ENSG00000147905.17"
0,0,"ENSG00000137106.18"
0,0,"ENSG00000168795.5"
0,0,"ENSG00000137054.16"
0.467265608043655,0,"ENSG00000234160.1"
0,0,"ENSG00000147912.13"
0,0,"ENSG00000175768.13"
0,0.243522888560412,"ENSG00000165275.10"
0,0,"ENSG00000107371.13"
1.02242222646996e-11,0.103883125466145,"ENSG00000122741.16"
4.80610454340375e-13,0.159537796694485,"ENSG00000226055.2"
6.50998603148317e-11,0.226952234010592,"ENSG00000122696.14"
0.168573079016446,6.83691149577171e-12,"ENSG00000213839.4"
0,0,"ENSG00000107338.10"
2.46988076985582e-08,0.132601565941594,"ENSG00000137124.8"
0,0,"ENSG00000137142.5"
0.105782703880725,0.341161904215546,"ENSG00000180071.20"
2.25138964813592e-11,0.37524036854736,"ENSG00000204860.5"
2.69643695576256e-13,0.0524455728380783,"ENSG00000106714.17"
0,0.367680399842836,"ENSG00000198416.9"
0,0.107821229889301,"ENSG00000276291.5"
0,0,"ENSG00000277778.2"
0,0,"ENSG00000280077.1"
0,0,"ENSG00000215126.10"
5.86671268907181e-13,0.268096072884505,"ENSG00000154529.14"
0.181851828053119,0.778103089200559,"ENSG00000277737.3"
0,0.811162839837128,"ENSG00000286506.1"
0,0,"ENSG00000238113.7"
0,0,"ENSG00000237238.3"
0.0163599455358056,0.707353941397799,"ENSG00000186466.5"
0,0.30084670237473,"ENSG00000228522.2"
0,0.115080121331861,"ENSG00000215548.2"
0,0,"ENSG00000172014.12"
0,0.401755805205069,"ENSG00000147996.16"
1.34471597978256e-13,0.513560702638575,"ENSG00000274349.4"
0,0,"ENSG00000154330.13"
0.619629396319431,0,"ENSG00000233178.7"
0.120600931907806,0.521483674583833,"ENSG00000107242.19"
0,0,"ENSG00000187866.10"
0.322020155409589,1.04786614683528e-12,"ENSG00000165060.14"
0,0.548984576574264,"ENSG00000119139.20"
0.165910348960078,4.70381028857673e-21,"ENSG00000135063.19"
0,0,"ENSG00000107282.8"
0,0,"ENSG00000188647.13"
1.42917625217889e-09,0.0549074282527348,"ENSG00000204706.14"
0.233829781560709,0.167354082645142,"ENSG00000165072.10"
0,0,"ENSG00000268364.2"
2.81100856851907e-19,0.184922242162979,"ENSG00000198887.9"
0,0,"ENSG00000274421.1"
0.0096536272158302,0,"ENSG00000119138.4"
0.342635344588707,9.64902342440641e-11,"ENSG00000083067.22"
0,0,"ENSG00000135048.14"
0,0,"ENSG00000107362.13"
0.569747133475583,0,"ENSG00000155621.15"
0.0203492911311491,1.32584066205583e-12,"ENSG00000225434.3"
0.0230007729383132,5.67607194784286e-10,"ENSG00000107372.13"
7.52345560034679e-16,1.54313571729005e-18,"ENSG00000165091.17"
0,0.0173707910290888,"ENSG00000165092.13"
0,0.127493904876806,"ENSG00000135046.14"
0,0,"ENSG00000224825.2"
0.219919463371047,7.05376455220575e-09,"ENSG00000198963.11"
0,0,"ENSG00000119121.22"
0,0,"ENSG00000135045.7"
0,0,"ENSG00000203321.2"
3.50519640662239e-13,0.0677503910672292,"ENSG00000156017.13"
0,0.0586858059108363,"ENSG00000106733.21"
0,0.271932775668952,"ENSG00000134996.12"
0.120335502189576,0,"ENSG00000099139.13"
0,0,"ENSG00000135002.12"
0.213896858144816,0.532268241140251,"ENSG00000187210.14"
3.86230971336446e-19,0.118012281970622,"ENSG00000106772.18"
0.399485383468345,5.43901817296172e-11,"ENSG00000225937.3"
0,0,"ENSG00000197969.14"
0.198762941533934,0,"ENSG00000156049.7"
0,0,"ENSG00000156052.11"
0.0951660082882939,0.125833986101676,"ENSG00000148019.13"
0.0454022671437358,3.16492007253397e-11,"ENSG00000135069.14"
0.0462747079534622,0.69202649083323,"ENSG00000106829.19"
0,0,"ENSG00000196781.15"
2.16352818975761e-11,0.0460023598631611,"ENSG00000172159.16"
0.00098902673276511,0.295425475318146,"ENSG00000148057.16"
0,0,"ENSG00000135018.14"
0,0,"ENSG00000254473.1"
0,0,"ENSG00000165113.13"
0,0,"ENSG00000231616.9"
0.0979062355551011,0,"ENSG00000165115.15"
0,0.346045857911802,"ENSG00000165118.15"
0,0,"ENSG00000165119.21"
0.164093000119698,0.00819626735319809,"ENSG00000178966.16"
6.2468329033218e-15,0.391280830976612,"ENSG00000148053.16"
0,0.0619583070378542,"ENSG00000135049.15"
1.32314905883466e-10,0.04946635803906,"ENSG00000230303.6"
0,0,"ENSG00000165121.11"
0,0.0892200791843811,"ENSG00000135040.16"
0.195152894229195,0.115949845344911,"ENSG00000135052.16"
0,0,"ENSG00000187753.13"
0.096557172781888,0.308407418600866,"ENSG00000135070.15"
0,0.42336200340174,"ENSG00000083223.18"
0,0.320572693232087,"ENSG00000180447.7"
0.239187620285912,0.0709651824202256,"ENSG00000226237.2"
0,0,"ENSG00000269994.3"
0,0.0588104594633407,"ENSG00000204446.4"
0,0.4291015668149,"ENSG00000196730.13"
0,0,"ENSG00000135047.15"
3.05832169385704e-10,0.0735373631419601,"ENSG00000156345.17"
0,0,"ENSG00000287769.1"
0,0,"ENSG00000106723.17"
0.0866315163764384,1.53403644160233e-11,"ENSG00000275017.1"
0,0,"ENSG00000227638.2"
0,0.725656742479362,"ENSG00000213694.5"
0,0.0543725407537414,"ENSG00000148082.10"
0,0.676692050274721,"ENSG00000123975.5"
6.03694472556087e-20,0.390585408591222,"ENSG00000187742.15"
0.105223602141405,0.700330938101061,"ENSG00000187764.11"
0,0,"ENSG00000130222.11"
0.078540089893928,0.723671563217937,"ENSG00000165025.15"
0.195603308229527,5.73812887184861e-11,"ENSG00000260454.2"
0.0537494386693155,0.462157648317758,"ENSG00000237422.2"
0.0236625673050981,0.106344425590393,"ENSG00000230537.2"
0.258329695998017,0.1370754813988,"ENSG00000229694.7"
1.67521090075965e-19,0.138210141021083,"ENSG00000235641.5"
0.169211919234519,0.0887870905245891,"ENSG00000273381.1"
0.0401258823186515,0.419424216283815,"ENSG00000148090.11"
0,0,"ENSG00000165030.4"
0,0.343379540620862,"ENSG00000169071.15"
0,0,"ENSG00000090054.15"
0.202609346262395,9.44738765901484e-12,"ENSG00000227321.2"
0.0470447442292739,4.74377036051621e-11,"ENSG00000196305.17"
0,0,"ENSG00000198000.12"
0,0.130527601932202,"ENSG00000188312.14"
0,0.149288242867031,"ENSG00000106809.11"
4.67567427872292e-10,0.743716112463545,"ENSG00000127083.7"
0.343036738517676,0.409581313562764,"ENSG00000106819.13"
4.5459755686504e-12,0.607723748670389,"ENSG00000106823.12"
0.316373508983812,0.347086544736718,"ENSG00000285650.1"
0,0,"ENSG00000127080.10"
0,0.0956342462509305,"ENSG00000185963.14"
0,0,"ENSG00000275318.1"
8.70256822421987e-13,0.0546950105334942,"ENSG00000127081.14"
0.132800560226781,0.645294785464431,"ENSG00000127084.19"
2.29822582167193e-08,0.261872286419046,"ENSG00000157303.11"
0.0997907693955022,0.319384522860993,"ENSG00000165233.18"
0.402497551846478,0.267466787589086,"ENSG00000131669.10"
0,0.331594486659745,"ENSG00000165238.16"
0,0,"ENSG00000188938.17"
0,0,"ENSG00000048828.17"
0,0,"ENSG00000197724.11"
5.62238981066862e-16,0.945432336618041,"ENSG00000131668.14"
0.0619050625799454,2.35935224879791e-13,"ENSG00000158079.16"
0,0,"ENSG00000269929.3"
2.13575819118958e-10,0.0542649187948364,"ENSG00000230262.8"
0.0391776610397235,0.0185632749407351,"ENSG00000175787.17"
0.0739675499467105,1.93481121020631e-08,"ENSG00000232063.2"
6.72926385414773e-13,0.264492435589041,"ENSG00000148110.16"
0.281023772211348,0.181180912906091,"ENSG00000165140.10"
0,0,"ENSG00000148120.16"
0,0,"ENSG00000158169.13"
0.0557019655954311,0.580893922289923,"ENSG00000185920.15"
0,0,"ENSG00000175611.12"
0,0,"ENSG00000182150.16"
0,0,"ENSG00000224546.2"
0.386515770360897,0.119058858653081,"ENSG00000130958.13"
0,0.395897069384795,"ENSG00000165244.7"
0.0877924326042671,0.422339125498124,"ENSG00000286835.1"
0.00266400032584877,0.530233587406637,"ENSG00000130956.14"
0,0,"ENSG00000081377.17"
0,0,"ENSG00000158122.12"
0,0.388629461128499,"ENSG00000224848.2"
0,0,"ENSG00000233820.2"
0,0,"ENSG00000081386.12"
0,0,"ENSG00000196597.13"
0,0,"ENSG00000196312.14"
0,0,"ENSG00000188152.12"
0.0283863805637403,0.286250306715195,"ENSG00000254876.5"
0,0,"ENSG00000197816.14"
0,0,"ENSG00000196116.8"
0,0,"ENSG00000136842.14"
0,0,"ENSG00000228174.7"
0,0.0640755328713065,"ENSG00000136925.15"
0,0,"ENSG00000136937.13"
0,0.384970491058288,"ENSG00000136936.10"
0,0,"ENSG00000136932.13"
0,0,"ENSG00000287070.1"
0.328712969993252,0.454988466401838,"ENSG00000136929.13"
0.0110034071864974,0.414048497256638,"ENSG00000136938.9"
4.30045543229431e-14,0.0491312152693202,"ENSG00000095380.11"
0.0294301288840475,0.672137166650461,"ENSG00000106785.15"
0.102106955100094,0.541046913368225,"ENSG00000106789.13"
5.88515835191312e-12,0.416879216370184,"ENSG00000095383.20"
0.267085997824598,0.0737174495932093,"ENSG00000165138.18"
0,0,"ENSG00000119514.7"
0,0.653797532556366,"ENSG00000204291.11"
0,0,"ENSG00000106799.13"
0,0,"ENSG00000119523.10"
0.265961425629444,1.02070686255665e-10,"ENSG00000106803.10"
0.272021011231871,1.21067915693147e-15,"ENSG00000237461.2"
1.54621190266772e-09,0.385678724464531,"ENSG00000119508.18"
0,0,"ENSG00000136874.11"
0,0,"ENSG00000023318.8"
9.13767363758384e-13,0.468450918433,"ENSG00000234709.2"
0,0,"ENSG00000119509.13"
0,0.195076237894877,"ENSG00000231697.3"
0,0,"ENSG00000136891.14"
0.0669896388269536,3.44197744129991e-13,"ENSG00000066697.14"
0,0,"ENSG00000170681.7"
0,0,"ENSG00000136897.8"
0,0,"ENSG00000136870.10"
0,0,"ENSG00000165152.9"
0.179229399071165,0.25790842940553,"ENSG00000155827.12"
0,0,"ENSG00000198785.6"
0.0238534337164909,0.110379461649113,"ENSG00000136824.19"
0,0,"ENSG00000136783.10"
2.80242511181365e-12,0.185174064822461,"ENSG00000165028.12"
0,0,"ENSG00000165029.16"
0,0,"ENSG00000226334.1"
0,0.0889867586298637,"ENSG00000070214.16"
0,0,"ENSG00000106701.12"
0,0,"ENSG00000229419.1"
0.349818438710325,0,"ENSG00000106692.14"
0,0,"ENSG00000095209.12"
0,0.457960499869729,"ENSG00000148143.13"
0,0.400304352665768,"ENSG00000119318.13"
0,0,"ENSG00000136826.15"
0,0.441905460346141,"ENSG00000070061.15"
0,0,"ENSG00000119328.12"
0,0,"ENSG00000119326.15"
0,0.567814273354424,"ENSG00000106771.13"
0.115699214798935,1.28536751585183e-12,"ENSG00000260230.3"
0.176589249545882,0.372580168815573,"ENSG00000095203.14"
0.0429698290481883,0.537699073389161,"ENSG00000070159.14"
0.113829181362137,0.289758259584454,"ENSG00000157654.18"
0,0,"ENSG00000188959.9"
0,0,"ENSG00000136810.13"
0.0717461448034505,0.455101084926812,"ENSG00000165124.18"
0,0,"ENSG00000030304.14"
0,0.419329662874934,"ENSG00000198121.13"
0.0186534494454078,0.182795735799816,"ENSG00000136813.14"
0,0.0872378928383787,"ENSG00000173258.13"
0.089968558697926,0.501491121235306,"ENSG00000106853.20"
0,0.104422226011279,"ENSG00000059769.20"
2.99301482358455e-19,0.190644758946067,"ENSG00000165181.16"
0,0,"ENSG00000148154.10"
0,0,"ENSG00000259953.2"
0.231537495980264,0.674493501770907,"ENSG00000106868.16"
8.71575435246316e-09,0.535785349936533,"ENSG00000119314.15"
1.35782690595998e-21,0.0242801838663756,"ENSG00000119471.15"
3.23490012147638e-14,0.32076247682392,"ENSG00000230185.5"
0,0.200427517280956,"ENSG00000165185.14"
0.138432626108841,0,"ENSG00000148153.14"
0,0.00554528715462207,"ENSG00000148158.17"
0,0,"ENSG00000119457.8"
0,0,"ENSG00000136866.13"
0,0.237158791771497,"ENSG00000225684.4"
9.84609203800106e-13,0.0326805724390012,"ENSG00000231528.3"
0,0,"ENSG00000136867.11"
0,9.67369942858628e-16,"ENSG00000119321.9"
0.057048272003234,0,"ENSG00000136868.11"
0.10223338427273,2.45314001587898e-10,"ENSG00000176386.9"
0,0,"ENSG00000136875.12"
0,0,"ENSG00000148225.16"
0.0713010237628975,0.423707944664799,"ENSG00000119411.11"
7.95414776408459e-17,0.0383891768884014,"ENSG00000119431.9"
0.0665712158349653,0.382802827090337,"ENSG00000148218.16"
0.180145079923548,0.279766464516424,"ENSG00000148229.13"
0,0,"ENSG00000157653.11"
0.0433048696933177,0.134417905541507,"ENSG00000138835.22"
0.261405926729352,0.361436060864996,"ENSG00000282897.1"
0.0800025640776011,0.187439736523895,"ENSG00000233817.1"
0.0751014236879484,0.101094820435362,"ENSG00000227482.1"
0,0,"ENSG00000157657.14"
0,0,"ENSG00000196739.15"
0.149074088489176,0.439063166764923,"ENSG00000229314.5"
0.0110084067629743,0.533273826466422,"ENSG00000228278.4"
0,0.509273942692971,"ENSG00000106948.16"
0,0,"ENSG00000095397.14"
2.38655924928115e-12,0.440129134429327,"ENSG00000136888.7"
0,0,"ENSG00000157693.15"
6.37630361824477e-15,0.00852643900382009,"ENSG00000181634.8"
0,0,"ENSG00000173077.16"
0.0965392306000202,0.72685505372803,"ENSG00000106952.7"
0.00436935801854033,0.902548027602941,"ENSG00000041982.16"
0.104025154699529,0,"ENSG00000228714.4"
0.0360494921099092,0.806655935685713,"ENSG00000182752.10"
0,0,"ENSG00000226604.2"
0,0,"ENSG00000244757.1"
0,0,"ENSG00000148219.16"
0,0,"ENSG00000230894.2"
1.45462777711977e-10,0.098286442852809,"ENSG00000119401.10"
0.338216874633389,0,"ENSG00000136869.16"
0.0966877067089155,0,"ENSG00000284977.2"
8.28209245218633e-13,0.170919722859325,"ENSG00000234782.3"
5.44522402659567e-12,0.123903059734221,"ENSG00000078725.13"
0,0.0722133737798979,"ENSG00000136861.18"
0,0.229690517779205,"ENSG00000106780.9"
0,0,"ENSG00000119402.17"
0,0.198149543953544,"ENSG00000214654.8"
0,0.179774880513707,"ENSG00000095261.14"
0,0,"ENSG00000226752.9"
0.282281188006128,0.31102871494961,"ENSG00000119403.15"
9.64372832176331e-12,0.367462348643154,"ENSG00000056558.11"
0,0,"ENSG00000106804.7"
0,0.306290349432664,"ENSG00000119397.16"
0,0.319191329546739,"ENSG00000119396.11"
0,0,"ENSG00000243738.3"
0.0745583692101957,0.503722954872628,"ENSG00000148180.19"
0,0,"ENSG00000239593.1"
0,0.0206675357311383,"ENSG00000235865.2"
0.109807196171953,0.176922205990703,"ENSG00000148175.13"
0,0.105359832329315,"ENSG00000227355.3"
0.128821460213422,0.421043111112353,"ENSG00000204136.10"
4.57961060682367e-11,0.202006470651711,"ENSG00000136848.17"
0.125110722214768,0.380472224105847,"ENSG00000261534.1"
0,0,"ENSG00000175764.14"
1.16896533851203e-12,0.0333473355552382,"ENSG00000119421.7"
6.40384767454631e-14,0.0057737157416582,"ENSG00000106852.15"
0,0,"ENSG00000119446.14"
0,0,"ENSG00000148187.18"
0.291294171085239,0.401121593839336,"ENSG00000095303.17"
0,0,"ENSG00000136940.14"
0,0,"ENSG00000056586.16"
0,0,"ENSG00000186130.5"
3.25645966109764e-17,0.00371003908735486,"ENSG00000171448.9"
0,0,"ENSG00000261094.2"
0,0,"ENSG00000011454.17"
0,0.0449455524512632,"ENSG00000236901.6"
9.02393091865015e-21,0.0740169765190115,"ENSG00000165209.19"
0,0,"ENSG00000148204.12"
1.30720535730948e-08,0.426704531540883,"ENSG00000119522.16"
0,0,"ENSG00000119408.16"
0,0,"ENSG00000235204.1"
6.64355416131747e-20,0.217044397783102,"ENSG00000227200.1"
0,0,"ENSG00000136930.13"
0,0,"ENSG00000148200.17"
0,0.134517682781772,"ENSG00000185585.20"
0,0,"ENSG00000136942.15"
0.174685387510168,0.368992345815731,"ENSG00000136950.13"
2.49307007776403e-12,0.107369013629187,"ENSG00000136935.14"
0,0,"ENSG00000173611.17"
0,0,"ENSG00000119414.11"
0,0.0430962716492102,"ENSG00000232630.1"
0.305660915517411,3.07637035757833e-16,"ENSG00000136933.17"
0,0,"ENSG00000044574.8"
0,0.475111850039505,"ENSG00000165219.22"
0,0,"ENSG00000119487.17"
0,0.104556475994818,"ENSG00000243845.3"
0,0.446705190948322,"ENSG00000167081.18"
0,0.0867058375235775,"ENSG00000196814.15"
9.18049950457713e-20,0.0647178519881127,"ENSG00000136944.17"
0,0.270893900329565,"ENSG00000169155.10"
0,0.418501867763423,"ENSG00000177125.5"
9.73933687728658e-13,0.377095456369791,"ENSG00000136828.19"
2.66711073520514e-13,0.33167346957109,"ENSG00000136859.10"
0.0909328154264031,0.337838157353083,"ENSG00000136895.19"
0,0,"ENSG00000136856.18"
0,0.322960895658675,"ENSG00000196152.10"
0,0,"ENSG00000197958.13"
0,0.292495178680233,"ENSG00000201302.1"
0,0,"ENSG00000148356.13"
2.94265225490279e-12,0.415285105691603,"ENSG00000136830.12"
0.00853865984556401,0.379233557162449,"ENSG00000136854.21"
0,0,"ENSG00000160401.15"
0.0515885905911112,0.433359989797687,"ENSG00000160404.18"
0.304015033086449,0.457047909970012,"ENSG00000095370.20"
0.296384386143099,0.168239340950397,"ENSG00000286196.1"
0,0.129651836726599,"ENSG00000136807.14"
0,0.311669699245072,"ENSG00000136877.15"
0,0,"ENSG00000106991.13"
0,0.108599196885135,"ENSG00000225032.5"
0,0,"ENSG00000106992.19"
0,0.432578470111973,"ENSG00000257524.6"
0,0.2489286603444,"ENSG00000160408.14"
0.191919209826832,0.536574421736968,"ENSG00000136840.19"
0.0603343282102279,0.514704681020893,"ENSG00000167103.12"
0,0.540515283291667,"ENSG00000227218.7"
0,0.352652482957749,"ENSG00000136908.17"
0.0069372052641873,0.62527692844542,"ENSG00000167106.12"
0,0,"ENSG00000171169.9"
0,0,"ENSG00000148339.12"
0.00234036844664238,0.715453545836625,"ENSG00000234771.3"
0,0,"ENSG00000148334.15"
0.327149555431018,0.308028573091179,"ENSG00000148346.12"
0,0,"ENSG00000171159.5"
3.59430803291829e-21,0.536870163920592,"ENSG00000148337.21"
5.53063250152989e-13,0.279955073307462,"ENSG00000106976.20"
0,0,"ENSG00000167110.17"
0,0.241317153832858,"ENSG00000175854.12"
0,0.1080225341344,"ENSG00000167112.10"
0,0,"ENSG00000167113.11"
0.209531110390832,0,"ENSG00000167114.13"
0.404436888988378,0.147689040045116,"ENSG00000167118.10"
0.469217198017851,0.182994047512186,"ENSG00000167123.19"
0,0,"ENSG00000273186.1"
1.87281723892892e-20,0.318329652636727,"ENSG00000136811.16"
0,0,"ENSG00000119392.14"
0.0452852288804175,8.84130212519381e-09,"ENSG00000228395.2"
4.99996165877635e-14,0.257121909260248,"ENSG00000197694.16"
0,0.278645822956787,"ENSG00000119333.11"
5.36953250410392e-13,0.437198735794409,"ENSG00000119335.16"
0,0,"ENSG00000160447.7"
0.180309701617842,0.255732666273611,"ENSG00000160446.19"
0,0,"ENSG00000223478.1"
1.92749272858836e-10,0.182289576109136,"ENSG00000160445.11"
0.132489241891124,0.687016121031048,"ENSG00000107021.16"
0,0,"ENSG00000167136.7"
1.94387783287308e-16,0.0140088513843108,"ENSG00000136802.11"
0,0.464477405409959,"ENSG00000175287.19"
1.2972980923055e-21,0.0512603347580381,"ENSG00000175283.7"
0,0,"ENSG00000095319.14"
4.04493320455169e-15,0.104673217027546,"ENSG00000148341.17"
9.27590146874455e-12,0.269353958420491,"ENSG00000148343.18"
0.101775553290946,6.0840263313283e-21,"ENSG00000167130.18"
1.1182970235267e-12,0.205795887243107,"ENSG00000095321.17"
0.385900096327761,0.48589573740986,"ENSG00000119383.19"
0,0,"ENSG00000188483.8"
0,0,"ENSG00000233901.6"
0,0,"ENSG00000204054.14"
0,0,"ENSG00000148335.14"
2.62840415301568e-11,0.528320177290242,"ENSG00000148331.12"
0,0.506367037626835,"ENSG00000167157.11"
0.552746159975502,0.157330928874102,"ENSG00000148344.11"
0.0598913121203076,0.318689761020808,"ENSG00000136816.16"
0.269531104303063,0.666861168339064,"ENSG00000136827.12"
0.189420693070851,0.227787658661924,"ENSG00000136819.15"
0,0.478827230128468,"ENSG00000136878.13"
0.25390042381583,0.573735953021235,"ENSG00000187239.17"
0,0,"ENSG00000148358.19"
0,0.391693711123573,"ENSG00000107130.10"
0.150307091263887,0.271521456154807,"ENSG00000264169.2"
0.0368222521405334,0.416750805379617,"ENSG00000130707.18"
0,0,"ENSG00000107164.16"
0,0,"ENSG00000130713.16"
0,0,"ENSG00000097007.19"
0.116814038437019,0,"ENSG00000188710.3"
0,0,"ENSG00000130720.13"
0.104839359831563,0.348977769530603,"ENSG00000126878.13"
2.54175652260762e-10,0.490000730928368,"ENSG00000126883.17"
0.0311463760175244,0.306068663517093,"ENSG00000236986.6"
0,0,"ENSG00000246851.1"
0.12923163455851,0.660334875748225,"ENSG00000126882.13"
0.0711673836291029,0.175345433106312,"ENSG00000160539.6"
0,0,"ENSG00000130723.20"
0,0,"ENSG00000130714.16"
0,0.28777915014147,"ENSG00000130717.13"
0,0,"ENSG00000283526.1"
0,2.4589409367129e-15,"ENSG00000107263.18"
7.74342361689588e-12,0.145872546840627,"ENSG00000240853.3"
0.223094604376079,0.057530139007557,"ENSG00000160563.14"
0,0.316166813984988,"ENSG00000196358.11"
0,0,"ENSG00000107290.14"
0.241646532188028,0.366086459627723,"ENSG00000125482.13"
0,0.0453124168007321,"ENSG00000125485.17"
4.89129008472009e-10,0.115398366613398,"ENSG00000125484.12"
0,0,"ENSG00000165695.9"
0,0,"ENSG00000165698.16"
0,0,"ENSG00000165699.14"
0.233187175264546,0.451846674696554,"ENSG00000165702.14"
1.45051170497857e-12,0.0104764729043004,"ENSG00000196205.8"
1.49826101638025e-10,0.0407251384904008,"ENSG00000148308.17"
2.27836827131942e-18,0.0835916746733174,"ENSG00000160271.16"
1.10201387835807e-18,0.614198288905537,"ENSG00000148288.13"
0.161126334092484,0.681873717747769,"ENSG00000175164.15"
0,0,"ENSG00000148296.7"
0,0,"ENSG00000148297.16"
0,0,"ENSG00000148303.17"
0,0,"ENSG00000148290.10"
0.219430930287862,3.21834736205405e-11,"ENSG00000148291.10"
0.0982432564431153,0.0265537010665876,"ENSG00000148248.14"
0.213490785347878,1.73564021475865e-13,"ENSG00000198870.8"
0,0.218752768307771,"ENSG00000148300.12"
0,0,"ENSG00000160323.18"
9.2648646597031e-13,0.229553691002343,"ENSG00000160325.14"
0,0.682257444462251,"ENSG00000160326.14"
1.20851352386619e-20,0.148553418964832,"ENSG00000197859.10"
3.92683586202829e-16,0.02671027859783,"ENSG00000123453.18"
0.166123025603739,0.271563541012426,"ENSG00000160293.17"
0.132047697702994,0.431028129634827,"ENSG00000235106.10"
1.16533626798916e-13,0.272159356151361,"ENSG00000169925.17"
0,0,"ENSG00000235138.1"
0.138187204749234,0.530655101089843,"ENSG00000196363.9"
3.42142595829051e-22,0.0856369926601905,"ENSG00000186350.12"
1.06809325433683e-08,0.193759212336594,"ENSG00000130635.15"
0.02460139663945,0,"ENSG00000286502.1"
0.180511610490952,0.69066956858523,"ENSG00000085265.11"
8.62068546662617e-12,0.242822546367708,"ENSG00000130558.19"
0,0,"ENSG00000225361.4"
1.02172647882509e-09,0.0976669001178513,"ENSG00000196422.11"
0.144893422250272,1.18814449764735e-20,"ENSG00000160345.13"
0,0,"ENSG00000122140.11"
0,0.517704292063871,"ENSG00000130559.19"
0,0,"ENSG00000238058.2"
0.128043519403356,0.469224288448621,"ENSG00000130560.9"
0.0699240146662131,0.278835817296872,"ENSG00000148411.8"
0.212734229447205,5.03690265988708e-11,"ENSG00000238227.8"
4.37541744216189e-09,0.555638326775161,"ENSG00000165661.16"
0.0739701432653868,0.540846730979492,"ENSG00000160360.13"
0,0.545277445810297,"ENSG00000213221.5"
0.144575005652799,0.424811179137236,"ENSG00000187796.14"
0,0.0448238404354306,"ENSG00000165684.4"
0,0,"ENSG00000165689.17"
0,0,"ENSG00000165688.12"
0,0,"ENSG00000148384.13"
0,0.124450094370728,"ENSG00000148396.18"
0,0,"ENSG00000148400.12"
5.5649029343287e-18,0.126880521224417,"ENSG00000227512.1"
0,0,"ENSG00000237886.1"
0,0,"ENSG00000228401.4"
0.0181186237153224,1.96391064853694e-22,"ENSG00000172889.16"
0,0.233037136979229,"ENSG00000169692.13"
0,0,"ENSG00000165716.11"
1.31688094655285e-11,0.0152315939066588,"ENSG00000233016.7"
0.299689445841733,0.216846522436673,"ENSG00000244187.8"
0.0858441569515793,1.09744128189189e-12,"ENSG00000213213.14"
0,0,"ENSG00000273066.5"
0.356712892960244,0.226536393286328,"ENSG00000228544.1"
9.23016934793992e-20,0.0887738393384313,"ENSG00000196642.19"
0,0,"ENSG00000213212.3"
0,0,"ENSG00000232434.2"
0,0,"ENSG00000054148.17"
0,0.0484811323673765,"ENSG00000177943.14"
0,0,"ENSG00000107223.13"
0,0.530280598384042,"ENSG00000127191.18"
0,2.39725050290329e-15,"ENSG00000159069.14"
0,0.536570947695161,"ENSG00000107317.13"
0,0,"ENSG00000214402.7"
0,0.127825335459438,"ENSG00000148362.11"
0.204398285001895,0.47388249234881,"ENSG00000169583.13"
0,0,"ENSG00000107331.17"
0,0,"ENSG00000180539.8"
0.0992138265666945,0.557662570391308,"ENSG00000180549.7"
0,0,"ENSG00000107281.10"
0.131269715283248,0.301239897348552,"ENSG00000186193.9"
3.01661482814378e-16,0.504446901354916,"ENSG00000197355.11"
0.0920089146220229,3.96247861802173e-14,"ENSG00000268996.3"
0,0,"ENSG00000177239.15"
0,0,"ENSG00000176978.14"
0,0,"ENSG00000176248.9"
0,0.46190751293436,"ENSG00000176101.12"
0,0.426365028560417,"ENSG00000176058.13"
0,0,"ENSG00000187713.7"
0.108765864901287,0.427633855302941,"ENSG00000188566.13"
2.5780984658319e-19,0.398806223920951,"ENSG00000284976.1"
0,0.0388960606715129,"ENSG00000212864.3"
0.271768467903012,0.131333500960106,"ENSG00000198569.9"
0.0473437673387098,0.44625179525928,"ENSG00000188229.6"
0,0,"ENSG00000188163.8"
0,0,"ENSG00000197768.10"
2.42156740010817e-12,0.105159816668672,"ENSG00000188986.7"
0.143678125891466,0.168759999660964,"ENSG00000198113.3"
0.0207203983043767,0.498415705226892,"ENSG00000270259.2"
0,0,"ENSG00000198435.4"
0,0,"ENSG00000187609.16"
0.0694005327897326,4.52261918270277e-19,"ENSG00000188747.8"
1.58710715759216e-18,0.0926572485940996,"ENSG00000165802.22"
7.55400033710911e-15,0.0261623572028039,"ENSG00000130653.16"
0.194887975902276,9.0910603934849e-09,"ENSG00000182154.8"
0,0,"ENSG00000148399.13"
0,0,"ENSG00000165724.6"
2.31201787392587e-21,0.0106370225556408,"ENSG00000197070.14"
0.0880552262672847,0.343138333087851,"ENSG00000203993.6"
0,0.102886153382008,"ENSG00000181090.21"
0,0,"ENSG00000255585.3"
2.16574708829920e-11,0.402292742322031,"ENSG00000015171.19"
0.0337003934458941,0.103791239804266,"ENSG00000151240.17"
0.346243877007688,0,"ENSG00000225140.1"
0.0777059632958089,0,"ENSG00000180525.12"
0,0.448415943554048,"ENSG00000107929.14"
0,0.149898542226049,"ENSG00000205740.2"
0,0.156177650282946,"ENSG00000107937.19"
7.52462538287994e-10,0.0221753902472466,"ENSG00000232656.8"
0,0,"ENSG00000067064.11"
0,0,"ENSG00000047056.16"
0.0830911309060369,0.256468560206736,"ENSG00000185736.16"
1.74544038193123e-21,0.220541153803201,"ENSG00000067057.17"
2.19213996458765e-11,0.316725234620559,"ENSG00000107959.16"
0,0,"ENSG00000237399.7"
0.212215496167123,5.98388160416162e-20,"ENSG00000229672.3"
0,0,"ENSG00000067082.15"
0.468616111705861,0.123397714242827,"ENSG00000233117.4"
0,0,"ENSG00000231298.7"
0.0731193785465057,0,"ENSG00000165568.18"
0.175275339232099,0.457562421562283,"ENSG00000187134.14"
0.01819574057005,0.520992932706836,"ENSG00000151632.17"
0,0.295666820724904,"ENSG00000224251.6"
0,0.361486344346975,"ENSG00000196139.14"
0,0.38888059605248,"ENSG00000225418.1"
0.0493314362237957,0.460165316824854,"ENSG00000264006.8"
0.188611405505085,0.33956928492507,"ENSG00000173848.19"
0.370943049461172,2.07785165322053e-15,"ENSG00000196372.13"
0,0.357668162791953,"ENSG00000108021.20"
0.0810451907368367,0.123280059837452,"ENSG00000226647.2"
0,0,"ENSG00000057608.17"
0,0,"ENSG00000134461.16"
3.23782460116038e-19,0.177791646138818,"ENSG00000134452.19"
0,0,"ENSG00000232807.2"
0,0.382626875842672,"ENSG00000134470.21"
1.94469496025794e-21,0.0720291360462435,"ENSG00000134460.17"
0,0,"ENSG00000134453.16"
0,0.078176876382969,"ENSG00000170525.21"
0,0.568921341704031,"ENSG00000215244.3"
0.0491348082866246,0.519269437567434,"ENSG00000212743.2"
0,0.0652827933795171,"ENSG00000065675.15"
0.00807969655131117,0.797089428632895,"ENSG00000198879.11"
0.0886871959480517,0.503270634207445,"ENSG00000123243.15"
0.418197618011117,0.44197505433133,"ENSG00000151657.12"
0,0,"ENSG00000165629.20"
3.40001855490078e-12,0.057454419454869,"ENSG00000165632.8"
0,0,"ENSG00000107485.18"
0.126576297529217,0.147179993570835,"ENSG00000225383.8"
0,0.616013104737273,"ENSG00000048740.18"
0,0.806033212792538,"ENSG00000229240.9"
0.0881750837725219,0.306904980689643,"ENSG00000229206.3"
3.12484153853055e-09,0.129748919842274,"ENSG00000237986.4"
0,0.0224057366059563,"ENSG00000230322.1"
8.19556641780383e-11,0.40868089989786,"ENSG00000181800.6"
0,0,"ENSG00000148429.14"
0.148188848195993,0.101113919905034,"ENSG00000134463.15"
0.00287382606410868,2.38670076399873e-14,"ENSG00000148426.13"
1.91561537664887e-19,0.405310619517893,"ENSG00000225778.5"
0,0.0266240274171901,"ENSG00000151461.20"
9.47582996903627e-14,0.441871758971657,"ENSG00000181192.12"
4.1959233279671e-21,0.143494046706912,"ENSG00000065665.21"
0,0,"ENSG00000165609.13"
0.308960804787397,0.0860227225692488,"ENSG00000151465.14"
0.0100486315043608,0.464399697494479,"ENSG00000228302.2"
0.361987654371747,0.433739855166608,"ENSG00000183049.12"
0,0.643971910581135,"ENSG00000285994.1"
0.293400338105208,0.167796881376539,"ENSG00000151468.11"
0.110698436170912,0.660188524663556,"ENSG00000123240.17"
0,0,"ENSG00000228330.1"
0.2123034773203,0.378543017760609,"ENSG00000065328.16"
1.47508959780977e-11,0.568776665090903,"ENSG00000107537.14"
0.0782371898151677,1.89085142312151e-11,"ENSG00000086475.15"
0.056151129565042,0.364099286292171,"ENSG00000165626.17"
0,0,"ENSG00000165630.14"
0,0.538968403919919,"ENSG00000239665.8"
0.033008081602422,0.310957018408056,"ENSG00000151474.23"
0,0,"ENSG00000199407.1"
0.0283205853872847,0.191416434464936,"ENSG00000234091.1"
0.306497475052455,7.48038728316612e-10,"ENSG00000229751.1"
0,0,"ENSG00000065809.13"
0,0.00851412542283866,"ENSG00000185267.10"
7.18619480720545e-18,0.219824440147613,"ENSG00000284024.2"
0,0,"ENSG00000187522.16"
0,0,"ENSG00000152455.16"
0,0,"ENSG00000152457.18"
0.253203830980248,1.28439208421982e-10,"ENSG00000152463.14"
5.34164701229405e-14,0.248151107781047,"ENSG00000176244.7"
6.45625385772693e-18,0.0637470836633248,"ENSG00000152464.15"
0,0,"ENSG00000152465.18"
0,0,"ENSG00000148468.17"
1.9394958278196e-09,0.626760685377183,"ENSG00000077943.8"
0,0,"ENSG00000148481.14"
0,0.223163194733644,"ENSG00000165983.14"
0,0,"ENSG00000165985.10"
0.299241526467235,0,"ENSG00000148484.18"
5.47498510706245e-12,0.282743952752273,"ENSG00000225213.2"
0,0.0378461438954614,"ENSG00000107611.15"
0,0,"ENSG00000107614.22"
0,0.335511325678514,"ENSG00000229124.7"
0.0869927946658357,0.45457399688135,"ENSG00000026025.16"
0.196836926178729,0.50940291349716,"ENSG00000148488.17"
0,0.0251971006840087,"ENSG00000165996.14"
0.0475538449373359,0.60188858874963,"ENSG00000136738.15"
0,0.237106836144693,"ENSG00000148483.9"
0.104408805260377,1.78008474665545e-11,"ENSG00000260314.3"
0.0440120888186101,1.80629979652701e-09,"ENSG00000165995.20"
0,0.138447156915181,"ENSG00000235020.5"
0,0,"ENSG00000240291.1"
0.342387470258934,0.101365113391075,"ENSG00000241058.4"
0,0,"ENSG00000165997.5"
0.0032274106321816,0,"ENSG00000204740.11"
0,0,"ENSG00000285852.1"
0,0,"ENSG00000120594.17"
0,0,"ENSG00000287613.1"
0.00918357460413348,0.225702263564228,"ENSG00000078114.18"
0,0.135312670159628,"ENSG00000204682.8"
0.234176431432853,0.227032248539814,"ENSG00000180592.17"
0.0490788693850321,2.83803488279045e-13,"ENSG00000078403.17"
0,0,"ENSG00000223984.1"
0,0,"ENSG00000136770.11"
0,0,"ENSG00000279631.1"
0,0,"ENSG00000148444.16"
0,0,"ENSG00000168283.14"
0.2686858759143,0.518093764513914,"ENSG00000150867.14"
0,0.126129270980875,"ENSG00000279819.1"
3.97771703594286e-12,0.0729470651200727,"ENSG00000148450.13"
0,0.251931684577747,"ENSG00000165312.6"
0,0,"ENSG00000120549.18"
0,0,"ENSG00000279029.1"
4.44101106924388e-18,0.221453533739961,"ENSG00000107863.18"
0.0749479451819701,0.601647756646492,"ENSG00000099256.19"
1.76574456681707e-14,0.340137753643096,"ENSG00000151023.17"
0,0,"ENSG00000185875.13"
1.68707663134762e-13,0.392209511965202,"ENSG00000151025.11"
0.196425726163156,0.288956601663179,"ENSG00000095777.17"
0.0221589164345714,1.73919539324605e-11,"ENSG00000077420.16"
8.18041231555884e-13,0.285404563746953,"ENSG00000236894.3"
0,0,"ENSG00000233261.3"
6.60507163952888e-20,0.32497042762841,"ENSG00000148459.16"
0.100617462434108,0.468881503031982,"ENSG00000136754.17"
0,0,"ENSG00000283709.1"
0,0.428333159984227,"ENSG00000107890.16"
0,0,"ENSG00000136758.18"
0.0976178506116318,0.255601491305434,"ENSG00000120539.14"
0,0.218382854651826,"ENSG00000107897.19"
0,0,"ENSG00000099246.16"
0,0,"ENSG00000285737.1"
0,0.0406879848796754,"ENSG00000150051.14"
2.851864208826e-19,0.728592382177749,"ENSG00000169126.16"
0,0.433316058778421,"ENSG00000150054.18"
5.6382728794236e-12,0.204906752558507,"ENSG00000254635.6"
6.54097122288091e-13,0.0660681350956675,"ENSG00000095787.23"
5.56625016257588e-12,0.399213006373456,"ENSG00000095739.11"
0.170784840097834,0.287356329354839,"ENSG00000224597.10"
0,0.0524479948099035,"ENSG00000197321.14"
0.0243995028581663,0.0399607023143791,"ENSG00000165757.9"
0,0,"ENSG00000259994.1"
0,0.182807108030024,"ENSG00000107951.14"
0,0.150743144520399,"ENSG00000107968.10"
0,0,"ENSG00000234814.8"
0,0.172837819444088,"ENSG00000183621.15"
0,0,"ENSG00000237135.1"
0,0,"ENSG00000272381.2"
0,0,"ENSG00000237036.5"
0,0.561456939428093,"ENSG00000148516.21"
0,0,"ENSG00000285781.1"
0,0.345424920356877,"ENSG00000223834.5"
0,0.303290165348023,"ENSG00000165322.18"
0,0,"ENSG00000170759.11"
0,0,"ENSG00000120616.16"
0,0,"ENSG00000229327.1"
0,0.161222747622117,"ENSG00000216937.13"
0,0,"ENSG00000273038.2"
0,0.232462568589684,"ENSG00000150093.19"
0,0.167958346342223,"ENSG00000228816.1"
0,0,"ENSG00000229656.7"
0,0.305909004799666,"ENSG00000099250.18"
0.393244057922476,3.8616670146996e-12,"ENSG00000148498.16"
1.68701084218876e-15,0,"ENSG00000215184.2"
1.71122147065682e-11,0.634024396068257,"ENSG00000108094.14"
4.29767118836819e-20,0.503262303663881,"ENSG00000095794.19"
0,0.0539015996181762,"ENSG00000108100.18"
0.392672518479646,1.26078715106262e-14,"ENSG00000271335.6"
0,0,"ENSG00000177283.7"
0.374284986039199,0,"ENSG00000229644.6"
0.183267196595466,0.365394603538929,"ENSG00000148513.18"
0,0.197023050588222,"ENSG00000198105.14"
1.03636589622884e-12,0.327376592735186,"ENSG00000225192.1"
2.08013934926468e-19,0.398277820049427,"ENSG00000228828.1"
0,0,"ENSG00000175395.16"
0,0,"ENSG00000189180.16"
0.313145146004477,0.456724606986442,"ENSG00000075407.18"
0,0.3942568747869,"ENSG00000283930.1"
0,0.218600131987284,"ENSG00000272983.1"
0,0,"ENSG00000099251.14"
9.06513204508669e-10,0.085358836789259,"ENSG00000276805.2"
0.00986342869136448,1.59797684042986e-09,"ENSG00000215146.5"
0,0.284629709272413,"ENSG00000185904.12"
0,0,"ENSG00000234420.7"
0,0,"ENSG00000196693.15"
0,0,"ENSG00000165733.8"
0,0,"ENSG00000165731.20"
0.225518575426156,0.11541942734527,"ENSG00000273008.1"
1.85106114281068e-13,0.644342593056258,"ENSG00000169826.8"
0.124395556577158,0.582057154144431,"ENSG00000198915.11"
0,0,"ENSG00000169813.16"
0,0,"ENSG00000230555.2"
0,0,"ENSG00000243660.10"
3.24103659976903e-10,0.0744419659279093,"ENSG00000196793.13"
0,0,"ENSG00000198298.13"
0,0,"ENSG00000169740.14"
0.0412254281608385,0.155390189134797,"ENSG00000230565.1"
0.0456929391527852,0.133503512505297,"ENSG00000226808.3"
2.78532128947239e-13,0.202379137312515,"ENSG00000226790.3"
0.0440479985823858,0.584641068292128,"ENSG00000233395.2"
1.49211387420859e-11,0.315612000676707,"ENSG00000229116.3"
0.0392199121340485,0.901005202182533,"ENSG00000107562.16"
0.107705429458696,0.0101836555608584,"ENSG00000224812.3"
6.17276721786888e-10,0.451038277755127,"ENSG00000187783.12"
1.57378259087756e-12,0.150238930656063,"ENSG00000223462.2"
1.00801867739642e-20,0.148697536162338,"ENSG00000273363.1"
0,0,"ENSG00000107551.21"
0.0514132243827689,0.00554365990158453,"ENSG00000165507.9"
0.340502067947991,0.121887956367062,"ENSG00000165511.6"
0,0,"ENSG00000165512.5"
0,0.548608644026278,"ENSG00000012779.11"
0.195915452641962,0.479274832944729,"ENSG00000165406.16"
9.00464144078158e-13,0.182826957191002,"ENSG00000172671.20"
0,0,"ENSG00000230869.1"
0,0,"ENSG00000237840.6"
0,0.0401290168092466,"ENSG00000172661.18"
0,0,"ENSG00000188234.13"
0.240705664657089,1.29726398476593e-13,"ENSG00000239883.8"
0.00107811369537609,0,"ENSG00000265354.4"
9.05067464210865e-13,0.28590925394107,"ENSG00000266412.5"
0,0,"ENSG00000204176.14"
0,0,"ENSG00000231187.3"
0.178447949630735,1.16884106341882e-20,"ENSG00000204177.10"
0,0,"ENSG00000204179.10"
0.235464684263358,0.185232292841849,"ENSG00000266524.3"
2.35043134621296e-17,0.097866724809593,"ENSG00000265763.4"
0.389318412427542,0.0436441665878481,"ENSG00000204172.12"
0,0,"ENSG00000107643.16"
0,0,"ENSG00000279822.1"
0,0,"ENSG00000128805.14"
0,0,"ENSG00000248682.1"
0,0,"ENSG00000231906.1"
0.242540618586779,0.582976950648172,"ENSG00000128815.19"
0.0179617527091145,0.281838373712857,"ENSG00000165633.13"
0,0,"ENSG00000204161.14"
0,0.293856080424337,"ENSG00000177354.12"
0.0373182222385135,0.211269276936431,"ENSG00000225830.13"
0.0692793693003999,0.078021512750429,"ENSG00000227345.8"
0,0,"ENSG00000204152.11"
7.52211512520741e-16,0,"ENSG00000178440.7"
0,0,"ENSG00000285803.1"
0,0.153335929264853,"ENSG00000099290.17"
0,0.0181714666767163,"ENSG00000225137.1"
0,0.283789168723103,"ENSG00000198964.14"
2.8224646241811e-14,0.234417454891319,"ENSG00000279863.1"
4.24413089955332e-20,0.321030124085502,"ENSG00000226200.7"
0.352279583360456,1.76460272379284e-13,"ENSG00000204147.10"
0,0.151257685923645,"ENSG00000185532.19"
0,0,"ENSG00000213659.4"
0,0,"ENSG00000177613.9"
0,0,"ENSG00000236671.9"
0,0,"ENSG00000107984.10"
0.175760946088048,0.539468217998459,"ENSG00000122952.17"
0,0.0588568898732702,"ENSG00000151151.6"
0,1.30928798342523e-16,"ENSG00000180221.6"
0,0,"ENSG00000122873.12"
0,0,"ENSG00000072401.15"
0,0,"ENSG00000108064.11"
0,0.338070556962605,"ENSG00000122870.12"
0,0,"ENSG00000183055.5"
0.0137149322975802,0.0496374629078979,"ENSG00000148541.13"
0,0.343929387222537,"ENSG00000165449.11"
4.66062487694224e-16,0.0138779889825225,"ENSG00000108091.11"
0.190561007744941,0,"ENSG00000151150.22"
0.151577227328902,0.431537543802713,"ENSG00000170312.16"
0,0.26194567701551,"ENSG00000072422.17"
1.01349214736872e-14,0.0506264761922231,"ENSG00000196932.12"
0,0,"ENSG00000150347.16"
0,0,"ENSG00000182010.11"
0,0,"ENSG00000138311.17"
0,0,"ENSG00000181915.5"
0,0,"ENSG00000122877.16"
0,0,"ENSG00000148572.16"
0,0,"ENSG00000171988.19"
0,0,"ENSG00000234369.1"
3.05963104829182e-13,0.160202516146806,"ENSG00000270421.1"
1.96802260881546e-10,0.0653031399131823,"ENSG00000221063.3"
0,0,"ENSG00000272767.1"
0.10194173994317,0.190517040028324,"ENSG00000165476.14"
0,0,"ENSG00000286373.1"
0.0597000865912185,0.2094887266886,"ENSG00000228065.11"
4.22323728412357e-13,0.64177766551286,"ENSG00000108176.15"
0,0.0654893327801028,"ENSG00000096717.12"
0,0.0272022754336398,"ENSG00000148634.15"
0,0,"ENSG00000226318.1"
0.226989849176184,0,"ENSG00000266467.2"
0,0,"ENSG00000236375.3"
0.0689919245356734,1.30147742198955e-11,"ENSG00000138347.15"
0,0,"ENSG00000108187.16"
0,0,"ENSG00000096746.17"
1.54375391147427e-09,0.553626997917714,"ENSG00000204130.13"
0.147218156394646,0.194221146010404,"ENSG00000138346.15"
0.0538566928029916,0.742217184395622,"ENSG00000122912.15"
0.0213370158087177,0.371623557182848,"ENSG00000138336.9"
0.208493128827714,0.0908249521367732,"ENSG00000213025.2"
0,0.705781489573492,"ENSG00000260400.1"
0,0,"ENSG00000060339.14"
6.35813798832139e-09,0.14017642571241,"ENSG00000165730.16"
0,0,"ENSG00000107625.13"
0,0.291439734232417,"ENSG00000165732.13"
0.154249158310065,0,"ENSG00000198954.8"
0.0195028846948336,0.799284663540893,"ENSG00000122862.5"
0.0226725785671497,0.115711417642392,"ENSG00000122958.15"
4.11467750816276e-21,0.447161567301791,"ENSG00000156502.14"
0.0129421038692043,0.506101717258517,"ENSG00000156515.23"
0,0.541382085064839,"ENSG00000075073.15"
2.34928290363945e-12,0.373765446192075,"ENSG00000099282.10"
0.0186298389472589,0.731010432028465,"ENSG00000197467.14"
0.239758648844652,0.01765230493215,"ENSG00000099284.14"
0,0.304845085573509,"ENSG00000042286.15"
0,0.4668433781655,"ENSG00000156521.14"
9.57245222923621e-21,0.247984268322756,"ENSG00000079332.15"
0,0.0375196909928807,"ENSG00000229097.1"
0.00696015865512588,0.0565607204218084,"ENSG00000180817.12"
0,0,"ENSG00000172731.14"
0.0524765471654949,0.461991125657685,"ENSG00000148730.7"
4.13314276640492e-09,0.317039785632552,"ENSG00000156574.10"
0,0,"ENSG00000107719.9"
0,0.147848172574056,"ENSG00000180644.8"
0,0.175260124141081,"ENSG00000138316.11"
0,0,"ENSG00000166224.17"
0,0,"ENSG00000166228.9"
0,0.631399022811995,"ENSG00000107731.12"
0,0,"ENSG00000198246.9"
0,0.0962477178991886,"ENSG00000107736.21"
0.00685977044262348,0.140776336899689,"ENSG00000107738.20"
0,0,"ENSG00000197746.14"
0,0,"ENSG00000122863.6"
0.198120854944373,0.720670659273966,"ENSG00000107742.13"
0,0.0709798627900808,"ENSG00000138303.18"
0,0,"ENSG00000166295.9"
3.34022403291873e-21,0.368523355368034,"ENSG00000168209.5"
1.93531348441362e-12,0.148742676991187,"ENSG00000148719.15"
0,0,"ENSG00000107745.19"
0.15921575354231,0.426795589851623,"ENSG00000156026.14"
0,0,"ENSG00000213700.3"
0,0,"ENSG00000122884.12"
2.49538401419072e-16,0,"ENSG00000237768.2"
0.314444158401872,4.04444231536518e-23,"ENSG00000272630.1"
0,0,"ENSG00000166321.14"
0.0496483005766716,0.370643562826242,"ENSG00000272599.2"
1.97919861217014e-13,0.0287518520970561,"ENSG00000122882.11"
0,0,"ENSG00000138286.15"
0.338311675976963,0.154975143863573,"ENSG00000213551.6"
0,0.0761172616610998,"ENSG00000236756.4"
8.80079855776383e-10,0.0465373186056757,"ENSG00000182180.14"
0.185737119516828,0.13717557967676,"ENSG00000227540.1"
0,0.166829084223436,"ENSG00000156042.18"
0,0,"ENSG00000138279.16"
0,0,"ENSG00000229659.1"
0,0,"ENSG00000166343.10"
0,0,"ENSG00000107758.15"
0.319117515672391,0.106801090201027,"ENSG00000221817.10"
0.364564461426594,0.358439694699107,"ENSG00000166348.18"
0.226161997292469,0,"ENSG00000272140.2"
0,0,"ENSG00000242338.6"
0,0.142650996919428,"ENSG00000250959.2"
7.56979153157427e-13,0.277753209446206,"ENSG00000235316.1"
0,0.455097273733091,"ENSG00000279088.1"
0.0468127344504222,0.241772143742489,"ENSG00000176986.16"
0,0,"ENSG00000196968.11"
0.198497886601712,0.363080973158151,"ENSG00000172586.8"
0,0.0409363653158954,"ENSG00000214655.10"
2.88968183971577e-12,0.28600798570873,"ENSG00000166507.18"
0,0.179546730471433,"ENSG00000148660.20"
4.58417821392885e-10,0.498997191490155,"ENSG00000122861.16"
0,0.176068365432553,"ENSG00000222047.8"
0,0.0468361240141113,"ENSG00000035403.17"
0,0,"ENSG00000225761.1"
0,0.172998731917678,"ENSG00000185009.12"
0,0,"ENSG00000156110.14"
0,0,"ENSG00000232342.7"
0,0,"ENSG00000214626.2"
0,0.150632488257636,"ENSG00000156650.14"
6.19709727490703e-13,0.478740729247833,"ENSG00000156671.15"
0.245168737989367,1.16783198185075e-13,"ENSG00000165637.13"
0.0837577397212605,2.52511099021197e-14,"ENSG00000165644.11"
0,0,"ENSG00000165655.17"
9.35984239154826e-14,0.0198093485924232,"ENSG00000237149.5"
0,0,"ENSG00000272692.2"
0.111105684123495,2.90457448524014e-13,"ENSG00000148655.15"
0.128815800707854,1.39893451974013e-21,"ENSG00000279814.1"
0,0,"ENSG00000207583.1"
0.16682081404604,0.0298509714484489,"ENSG00000286715.1"
0,0,"ENSG00000268659.2"
0.147852346200503,0.28867111542792,"ENSG00000228280.1"
1.07271407340397e-13,0.10660484230117,"ENSG00000156113.23"
0,0,"ENSG00000236467.8"
0,0,"ENSG00000225652.1"
0,0,"ENSG00000213514.2"
0,0,"ENSG00000213513.3"
0.384943752582385,7.22494789993817e-19,"ENSG00000228748.2"
0,0.0459537749852094,"ENSG00000151208.17"
0.127447036534454,5.72506174550275e-12,"ENSG00000204049.1"
0,0.113899585789057,"ENSG00000233871.2"
2.04345086342699e-12,0.0577850092840785,"ENSG00000148606.13"
0.117224823843759,0,"ENSG00000138326.20"
0.0288734960852676,7.92659859735414e-23,"ENSG00000230417.12"
0.00270806320442781,0,"ENSG00000224596.8"
0,0.0189136896920757,"ENSG00000108175.17"
0,0.422697908384562,"ENSG00000108179.14"
0,0.402825182930908,"ENSG00000165424.7"
1.73435861295742e-13,0.0193287233497294,"ENSG00000235426.2"
0.442987123356466,2.40583851245287e-12,"ENSG00000253626.3"
0,0,"ENSG00000225484.7"
1.47338757904894e-12,0.155443348174633,"ENSG00000280355.1"
0,0,"ENSG00000278616.1"
0,0,"ENSG00000272447.1"
0.0314868004176394,0,"ENSG00000230091.6"
0,0,"ENSG00000133678.14"
1.12243215403803e-11,0.580061449540046,"ENSG00000189129.14"
0,0.532475197867253,"ENSG00000122359.18"
0.281143052462494,0.161886840170877,"ENSG00000237523.2"
0,0.226165847420382,"ENSG00000122378.14"
0,0.082036006278259,"ENSG00000108219.15"
0,0.0657295627848256,"ENSG00000178217.14"
0,0.0720134300963884,"ENSG00000212769.5"
0.1784951180975,0.313768184523922,"ENSG00000271933.1"
0,0.303261908962268,"ENSG00000165678.21"
0,0.137975738601723,"ENSG00000148600.15"
2.91283365887693e-13,0.185551351756687,"ENSG00000107771.17"
5.77241223602444e-11,0.226182156970899,"ENSG00000225423.1"
0,0,"ENSG00000182771.19"
0,0.00562910992727054,"ENSG00000062650.19"
0.0827976831264785,0.0476962392145777,"ENSG00000227896.2"
0,0,"ENSG00000122367.19"
0,0,"ENSG00000272631.1"
0.0979276406619333,0.195484081691541,"ENSG00000107779.13"
0,0,"ENSG00000173269.14"
0,0.294742405331729,"ENSG00000173267.14"
1.89552697554604e-10,0.435635880269308,"ENSG00000272734.1"
0,0.37128278086192,"ENSG00000148672.9"
0.056063606999656,0.291535254716662,"ENSG00000122376.11"
0,0,"ENSG00000237280.1"
0,0.0104570813367156,"ENSG00000223482.8"
0,0,"ENSG00000285257.1"
0.0826425967856503,0.270052290447582,"ENSG00000184923.12"
0,0,"ENSG00000224914.4"
0,0,"ENSG00000214562.14"
0,0.361482237254965,"ENSG00000107789.16"
8.62586569882298e-11,0.274575407871466,"ENSG00000198682.13"
0,0,"ENSG00000138138.13"
0.390747307635543,2.19351740613155e-21,"ENSG00000223820.5"
0,0,"ENSG00000227268.4"
0.0979999286239127,0.332960509678858,"ENSG00000171862.11"
0.183102404297217,0.134799023283302,"ENSG00000224745.1"
0,0,"ENSG00000213613.2"
4.79619028755011e-14,0.322566902963762,"ENSG00000184719.12"
0,0.0408861025951172,"ENSG00000138134.12"
0,0,"ENSG00000180139.11"
0.045153430437627,0.620689308235364,"ENSG00000107796.13"
0,0.444918131859033,"ENSG00000286116.1"
1.17175953662632e-18,0.425213932483608,"ENSG00000026103.22"
0,0,"ENSG00000138135.7"
0,0,"ENSG00000107798.18"
0,0,"ENSG00000119922.10"
6.78223640991552e-19,0.286208176989786,"ENSG00000232110.8"
0,0,"ENSG00000119917.14"
0.117017176339606,0.548638226301181,"ENSG00000204010.3"
0,0,"ENSG00000185745.10"
0,0,"ENSG00000152778.9"
0,0.158403430332916,"ENSG00000152782.16"
0,0.0441289533142277,"ENSG00000138182.14"
0,0.21304743205255,"ENSG00000232229.6"
0.0224125244177797,0.210382460378433,"ENSG00000148680.16"
0,0,"ENSG00000148688.13"
0.326030356777887,0.011016515898912,"ENSG00000148677.6"
0,0,"ENSG00000180628.15"
0,0.390979217785751,"ENSG00000165338.16"
0,0.0112845011296988,"ENSG00000119938.9"
0,0,"ENSG00000107854.6"
0,0,"ENSG00000174721.10"
3.40684633547683e-18,0.236163110597009,"ENSG00000095564.14"
0.0417942315669452,0.575169246499832,"ENSG00000107864.15"
0,0,"ENSG00000198060.10"
0.0404718153787135,0.0372028438886444,"ENSG00000232709.1"
0,0,"ENSG00000119912.17"
0.244256836080307,0.287507298037471,"ENSG00000138160.6"
0,0.669721029806852,"ENSG00000152804.11"
0,0,"ENSG00000138190.17"
0.0371506527444187,0.133843058182798,"ENSG00000138119.17"
0.0489107959434942,0.377136370629934,"ENSG00000138180.16"
0.167837760739529,0.21860361859291,"ENSG00000186188.10"
0.0994563267437328,0.424673692538342,"ENSG00000138207.14"
0.0189453677890162,0.353858704357266,"ENSG00000148690.12"
0.00171693515122484,0.122918897873007,"ENSG00000176273.15"
0.768754180902364,6.45922957148689e-14,"ENSG00000180764.13"
0,0,"ENSG00000138193.15"
0,0,"ENSG00000232913.8"
0,0.140927350715043,"ENSG00000268894.7"
0,0,"ENSG00000173145.11"
0,0.000989613001963153,"ENSG00000108239.9"
4.55980544440767e-14,0.473246248768358,"ENSG00000119969.15"
0,0.113006717206046,"ENSG00000231829.3"
0,0,"ENSG00000173124.14"
0,0,"ENSG00000107438.9"
0.0323274194058825,0.382114551220044,"ENSG00000095637.22"
0.278446173763432,0.39797752722841,"ENSG00000059573.9"
0,0,"ENSG00000119977.21"
5.35362131685391e-12,0.416888407493301,"ENSG00000138185.20"
0.1278276142756,0.246239531137746,"ENSG00000226688.7"
0,0.108033350994172,"ENSG00000188649.14"
0,0.355471136317705,"ENSG00000107443.16"
0,0,"ENSG00000287009.1"
1.24958159926909e-12,0.276855139395336,"ENSG00000177853.14"
0.0918448426499957,0.504006305805771,"ENSG00000095585.16"
0.208382936394576,0.390581238831909,"ENSG00000107447.8"
0,0,"ENSG00000095587.9"
0,0,"ENSG00000077147.16"
0.219226227618628,0,"ENSG00000235677.1"
0.104971817946607,0.781705112083553,"ENSG00000155629.15"
0,0,"ENSG00000236552.2"
4.32015456246239e-08,0.486947547156973,"ENSG00000196233.13"
0,0.43157334959882,"ENSG00000187122.17"
0.0108088809814365,0.636593572228557,"ENSG00000213390.11"
0,0.423114764138469,"ENSG00000165879.9"
0.211814810269701,0.566611076660923,"ENSG00000181274.7"
0,0.48362736372375,"ENSG00000052749.13"
0,0,"ENSG00000171314.9"
0,0,"ENSG00000171311.13"
0,0,"ENSG00000171307.19"
0,0,"ENSG00000155229.21"
0,0,"ENSG00000165886.5"
0.102424436105591,0.243714141223877,"ENSG00000241935.9"
0,0,"ENSG00000171160.18"
0,0.143854969738982,"ENSG00000155252.13"
0.297164540147257,0.346470957796195,"ENSG00000119986.7"
0.0547375654343342,0.570685799159497,"ENSG00000155254.13"
0,0.214825426464295,"ENSG00000155256.17"
0.00137888865519217,0.281100087511281,"ENSG00000120057.5"
0,0.426434281254946,"ENSG00000155265.11"
0,0.181811068085844,"ENSG00000095713.14"
0,0.407601166284391,"ENSG00000166024.13"
0,0,"ENSG00000138131.4"
0,0,"ENSG00000230928.1"
0.0254620998764444,0.317817602064003,"ENSG00000119943.13"
0.0933983702317392,0.443359642740216,"ENSG00000107521.19"
0,0,"ENSG00000287261.1"
0,0,"ENSG00000120053.12"
0,0.0451637411428473,"ENSG00000224934.5"
0,0,"ENSG00000155287.11"
0,0,"ENSG00000260475.1"
0,0.143692826132467,"ENSG00000198018.7"
0.0087650063767652,0.231896688545329,"ENSG00000233690.1"
7.36414749253492e-12,0.682387261137867,"ENSG00000119929.13"
0,0,"ENSG00000014919.12"
0,0.4011743583381,"ENSG00000023839.12"
0,0,"ENSG00000107554.17"
0,0,"ENSG00000227695.6"
0,0,"ENSG00000107566.14"
0,0,"ENSG00000213341.11"
0,0,"ENSG00000095485.18"
0,0,"ENSG00000212464.1"
0,0.216108221220947,"ENSG00000196072.12"
0.341545048753535,0.273079487507021,"ENSG00000099194.6"
0,0,"ENSG00000235823.3"
0.120150780495057,0.610690125388606,"ENSG00000075826.17"
0,0.357161890863142,"ENSG00000166136.16"
0.219106484641659,0.529020768707805,"ENSG00000166135.14"
9.52414676682226e-20,0.144930774113963,"ENSG00000119906.13"
0,0,"ENSG00000055950.16"
0,0.0266989639875684,"ENSG00000095539.15"
0,0.799699878459426,"ENSG00000107815.10"
0,0,"ENSG00000107816.17"
0,0.0861333805058721,"ENSG00000186862.20"
0,0,"ENSG00000107819.13"
7.47062106845114e-13,0.0101444996057441,"ENSG00000107821.14"
0,0,"ENSG00000166167.18"
0.245081062625026,0.161771113810034,"ENSG00000166171.13"
0.551989083779189,0.304441144790211,"ENSG00000166169.17"
0,0,"ENSG00000107829.15"
0,0.0438390943709276,"ENSG00000107833.10"
2.73552767021919e-13,0.288978104867564,"ENSG00000198408.14"
0,0.363106289590366,"ENSG00000226009.2"
0.0704415106085115,0.590837937186968,"ENSG00000120049.19"
2.06174573061386e-19,0.40881030062581,"ENSG00000120029.13"
0,0,"ENSG00000166189.7"
0.0180833601429721,0.559981921670204,"ENSG00000198728.10"
0,0.130489251968362,"ENSG00000148840.11"
0,0,"ENSG00000166197.16"
0,0.0930304766182521,"ENSG00000119915.5"
0,0,"ENSG00000107862.4"
1.58199274206981e-21,0.474653084975451,"ENSG00000077150.20"
9.63380004798344e-25,0.377526013774083,"ENSG00000059915.17"
0.0220730245152086,0.212895013785199,"ENSG00000107872.12"
0,0,"ENSG00000107874.11"
0,0,"ENSG00000269609.6"
0.000428986860177651,0.354529088365958,"ENSG00000138111.14"
0,0.32798472925876,"ENSG00000138107.13"
0.0557643950743926,5.66824709105902e-11,"ENSG00000107882.11"
5.36020052798009e-08,0.141746513397698,"ENSG00000171206.14"
0,0,"ENSG00000138175.9"
4.14054861061282e-12,0.0549079413263077,"ENSG00000156398.13"
0.182248762051915,3.28984744099388e-20,"ENSG00000166272.18"
0,0,"ENSG00000166275.16"
0,4.96636352988107e-15,"ENSG00000148842.18"
1.32243997092141e-11,0.0819728876961658,"ENSG00000076685.18"
6.72688646753793e-22,0.0936809586728158,"ENSG00000237827.1"
0,0.0623209038574325,"ENSG00000213277.3"
0,0,"ENSG00000148798.11"
0,0.296009711733311,"ENSG00000156374.16"
8.37351438367639e-20,0.296183839042937,"ENSG00000148835.11"
4.252775959172e-12,0.46658258705661,"ENSG00000173915.16"
0,0,"ENSG00000148843.15"
0.0417321295946751,0.220665318225616,"ENSG00000138172.11"
0.126352615927924,6.97264561195646e-12,"ENSG00000107954.10"
0.0375139168466807,0.467776326408817,"ENSG00000107957.16"
0,0,"ENSG00000273108.1"
0,0,"ENSG00000107960.11"
0,0,"ENSG00000065613.15"
0.0964012277581198,0.56409883233775,"ENSG00000065618.21"
0,0,"ENSG00000156384.14"
0,0,"ENSG00000197748.12"
0.253663979997805,2.70705155183406e-10,"ENSG00000148834.13"
0,0,"ENSG00000065621.15"
0,0.364210819665843,"ENSG00000148841.17"
6.92908907196794e-12,0.0476363649363689,"ENSG00000228261.1"
0.00225648391006675,0.260290500734804,"ENSG00000120051.15"
5.88170051557018e-12,0.0186439173310321,"ENSG00000108039.18"
0.354904019814008,0.0566510509813895,"ENSG00000203876.10"
1.44079088728205e-10,0.224207757212751,"ENSG00000148700.15"
2.91655326598743e-22,0.0954330057655206,"ENSG00000119950.21"
2.70988708878569e-10,0.0245942428492372,"ENSG00000119953.13"
0,0.443340605737116,"ENSG00000138166.6"
0,0,"ENSG00000108055.9"
9.17350550111557e-22,0.00649529869829626,"ENSG00000203867.8"
2.00056109953869e-13,0.07733677162915,"ENSG00000203497.2"
0,0,"ENSG00000150593.18"
0,0,"ENSG00000214413.8"
1.70945538132652e-12,0.314044826346948,"ENSG00000270589.1"
0,0,"ENSG00000108061.11"
0,0.159641778832633,"ENSG00000234118.1"
0.14642759985635,0.0826658533557596,"ENSG00000150594.7"
0.148643576425378,0.351905245757964,"ENSG00000119927.14"
0.000903243307869977,0.133566036857567,"ENSG00000197142.10"
0,0,"ENSG00000232934.8"
0,0,"ENSG00000023041.11"
0,0.609717114286908,"ENSG00000151532.13"
0,0,"ENSG00000233340.1"
0,0,"ENSG00000260917.1"
0,0,"ENSG00000279315.1"
0,0.503415813332612,"ENSG00000148737.17"
1.58341284434299e-17,0.119383210184116,"ENSG00000227560.1"
0,0.4853973216881,"ENSG00000286289.1"
0,0,"ENSG00000165806.20"
0.113249684586322,0.339316410007803,"ENSG00000148735.15"
0,0,"ENSG00000198924.8"
0,0,"ENSG00000196865.4"
0,0,"ENSG00000287857.1"
0,0.15818285919953,"ENSG00000043591.6"
0,0.114028655152416,"ENSG00000165813.20"
1.35301787036666e-12,0.205867179906516,"ENSG00000169129.15"
0.15495143131914,0.620450229500532,"ENSG00000099204.20"
0,0.0081739629529351,"ENSG00000228484.3"
0.0671646586196295,0,"ENSG00000151553.15"
0.150815355517568,0.370246668835125,"ENSG00000165832.6"
4.59132331570543e-20,0.139296318329913,"ENSG00000151892.14"
0,0,"ENSG00000203837.5"
0.0127942070986861,0.497235106047277,"ENSG00000165868.14"
0.0716590304326446,3.12936563135818e-12,"ENSG00000187164.20"
0.00962808081151002,0.256761131134919,"ENSG00000277879.1"
2.18027774845058e-10,0.0792485213517942,"ENSG00000165650.12"
0.037195339677298,0.856203362175667,"ENSG00000229847.9"
0,0.30685336615057,"ENSG00000170370.12"
0.00932585195575032,0.393409462699332,"ENSG00000107560.12"
0,0,"ENSG00000231104.8"
1.46257777233131e-12,0.203411337577481,"ENSG00000177640.16"
0,0.291234893142387,"ENSG00000165669.14"
0,0,"ENSG00000151893.15"
4.6011051802206e-14,0.465939584014523,"ENSG00000277687.1"
0.241612537623343,0.279879080624906,"ENSG00000188613.7"
1.24568240219932e-19,0.210523984750219,"ENSG00000107581.13"
0,0,"ENSG00000119979.18"
0,0,"ENSG00000183605.17"
0,0,"ENSG00000165672.7"
0,0,"ENSG00000198873.12"
0,0,"ENSG00000242853.3"
0,0.0608932940663532,"ENSG00000236426.5"
0.0109253857480718,0.480605808295807,"ENSG00000148908.15"
0,8.17335258980813e-16,"ENSG00000151923.17"
0,0,"ENSG00000151929.9"
0,0,"ENSG00000198825.15"
0.0454661547098688,0,"ENSG00000197771.12"
0,0,"ENSG00000107651.13"
0.00416210953257045,0.250844002055864,"ENSG00000203805.10"
0.176351302120371,3.26272619474476e-19,"ENSG00000274461.2"
0.086372096264162,9.08517532326511e-19,"ENSG00000120008.16"
0,0,"ENSG00000271670.1"
0.1565045159951,0.0630227861587372,"ENSG00000066468.22"
0,0,"ENSG00000107669.17"
0.0615509288503154,2.18382930812011e-11,"ENSG00000226864.2"
0,0.10234092633855,"ENSG00000107672.15"
0,0.337765040297012,"ENSG00000273891.1"
0.125823383455327,0.42663569380991,"ENSG00000138162.19"
0.0851594998901767,0.0969042341753509,"ENSG00000285973.2"
0,0,"ENSG00000107679.14"
6.86934035231886e-12,0.232699007262479,"ENSG00000166033.13"
0,0.21873589215756,"ENSG00000119965.13"
0,0.168089153799097,"ENSG00000179988.14"
7.2476410339119e-20,0.24741869176985,"ENSG00000095574.11"
2.19580935423863e-19,0.182068150254607,"ENSG00000196177.12"
0.183370433141956,0.134086542429428,"ENSG00000154473.18"
0,0.500957894902668,"ENSG00000121898.13"
4.05957320524508e-14,0.495718717666311,"ENSG00000232334.1"
0,0.775339514840868,"ENSG00000182022.18"
0.00777792570000318,0,"ENSG00000065154.11"
0,0,"ENSG00000107902.14"
0.172015851442405,0.34691012125112,"ENSG00000189319.14"
0.404152181170706,0.0670464501241532,"ENSG00000233334.3"
0.207170497533547,0.0879456317748961,"ENSG00000203791.15"
0,0,"ENSG00000165660.8"
7.82571159511831e-19,0.0308846913798643,"ENSG00000249456.1"
0,0.194405346962671,"ENSG00000019995.6"
0,0,"ENSG00000226899.1"
0,0.149052663449354,"ENSG00000175029.17"
0,0.192855307041018,"ENSG00000273599.1"
0.472564668384502,0,"ENSG00000228021.7"
0,0.103075322390999,"ENSG00000224023.10"
0,0,"ENSG00000107938.18"
0,0.0180821412968331,"ENSG00000236991.6"
0,0,"ENSG00000154485.5"
0.295582351200357,0.489956294410151,"ENSG00000188690.15"
0.00621327111626542,0.257843541772687,"ENSG00000107949.17"
0,0,"ENSG00000089876.12"
0,0,"ENSG00000203780.10"
2.12653512107626e-13,0.281943896900619,"ENSG00000148848.14"
0,0,"ENSG00000213170.3"
0,0,"ENSG00000235180.1"
4.70326545726857e-12,0.330495502341899,"ENSG00000154493.19"
1.0866488997257e-12,0.428117930183189,"ENSG00000150760.12"
0.141048848909917,0.0641616161609978,"ENSG00000223528.7"
0,0,"ENSG00000188916.9"
0.0732908518680347,0.56703075800005,"ENSG00000132334.16"
0,0,"ENSG00000287427.1"
0.246500531353855,0.520635425331131,"ENSG00000148773.14"
0,0,"ENSG00000170430.10"
0,0,"ENSG00000287466.1"
1.44493889337569e-09,0.634955388274268,"ENSG00000108001.13"
0,0,"ENSG00000275005.1"
0,0,"ENSG00000287997.1"
0.0827315077608507,0,"ENSG00000237489.5"
0,0.143672695066874,"ENSG00000233122.2"
6.35338834735628e-13,0.445197337889482,"ENSG00000108010.12"
0,0.24664410104006,"ENSG00000175470.20"
0,0,"ENSG00000176171.11"
0,2.53157677088649e-16,"ENSG00000277959.1"
2.43769917095034e-09,0.27373972007164,"ENSG00000273521.1"
0,0,"ENSG00000279982.1"
0.67261367156372,0.0154336960253882,"ENSG00000188385.12"
0,0,"ENSG00000151640.13"
2.97115279902608e-14,0.416069665221951,"ENSG00000165752.17"
0,7.28355558876203e-16,"ENSG00000148814.18"
6.05801011002577e-21,2.12509653423622e-16,"ENSG00000171813.14"
0.00674736145997988,6.15767850526638e-13,"ENSG00000068383.19"
0,0,"ENSG00000171811.14"
0,0.664827231553887,"ENSG00000151650.8"
0.0147082909167899,0.572101337301545,"ENSG00000151651.16"
0.0286793577668918,0.354903937349637,"ENSG00000130640.13"
0,0,"ENSG00000235245.1"
0,0,"ENSG00000198546.15"
0,0,"ENSG00000148803.12"
0.040256050446785,0.579391435418003,"ENSG00000127884.5"
0,0,"ENSG00000254536.2"
0.102335702377231,0.0934186012388555,"ENSG00000148824.19"
0,0,"ENSG00000203772.7"
0.385184589348299,0,"ENSG00000273327.1"
0,0,"ENSG00000214279.13"
0.736699268906219,0.120005168003954,"ENSG00000130649.10"
0.0671047005662393,7.17290064159967e-10,"ENSG00000177951.17"
0,0,"ENSG00000177947.13"
0.271601899910646,0.366517587602157,"ENSG00000177963.14"
0.0556929185075579,0.289011914400531,"ENSG00000142082.15"
0,0,"ENSG00000185627.18"
0.0254686930491652,0.106448030909748,"ENSG00000255026.1"
1.00635487548905e-09,0.0687319417131396,"ENSG00000142102.16"
0.0483598629038626,0.830562938942388,"ENSG00000206013.2"
0,0.404799561665271,"ENSG00000185201.16"
0,0.152045029869925,"ENSG00000185885.16"
0,0,"ENSG00000251661.3"
0,0.218635054429606,"ENSG00000142089.16"
0,0,"ENSG00000184363.10"
0.105666489412741,0.116149997149648,"ENSG00000185187.13"
0,0.264744555025109,"ENSG00000185101.13"
0.0566775300587791,0.073694395183742,"ENSG00000174915.12"
0,0.477958056282261,"ENSG00000023191.17"
0,0,"ENSG00000288033.1"
0.0639108276069656,0.312923913604491,"ENSG00000254739.1"
0,0,"ENSG00000174775.17"
0,0,"ENSG00000161328.11"
0,0.570417818607925,"ENSG00000185522.9"
0,0.228597610389435,"ENSG00000099849.15"
0,0,"ENSG00000247095.3"
0,0.257322719099308,"ENSG00000070047.12"
0,0.270078684107773,"ENSG00000185507.21"
0,0,"ENSG00000099834.18"
0,0,"ENSG00000069696.7"
6.8318051904224e-10,0.0562599199834116,"ENSG00000177030.16"
0,0.0933928541395889,"ENSG00000255158.1"
0,0,"ENSG00000177106.16"
0,0.696293189937199,"ENSG00000177042.14"
4.90606576562819e-22,0.073890635341203,"ENSG00000177156.11"
0,0.283447918499936,"ENSG00000177225.17"
0.15715782844578,0.145713575294548,"ENSG00000255284.2"
2.53338731987117e-19,0.334722453167964,"ENSG00000279672.1"
0,0.357852765943688,"ENSG00000255142.1"
0,0,"ENSG00000184524.6"
0,0,"ENSG00000177542.11"
0,0.100914624684949,"ENSG00000177595.18"
0,0.480921161738004,"ENSG00000177600.9"
0.0461968404759129,0.184315633370956,"ENSG00000177666.17"
0,2.19191366910812e-16,"ENSG00000177685.17"
1.12413960505963e-10,0.288393271743532,"ENSG00000177697.19"
0,0.125032533431653,"ENSG00000177700.6"
0,0,"ENSG00000214063.11"
0,0,"ENSG00000250397.2"
0.0505477335275168,0.222665621042861,"ENSG00000177830.18"
0.134408836123501,7.22072720427322e-13,"ENSG00000183020.13"
0,0,"ENSG00000184956.16"
0,0,"ENSG00000254872.3"
0,0,"ENSG00000215182.8"
2.44767323774322e-10,0.225104992006411,"ENSG00000117983.17"
0,0.231881880973886,"ENSG00000078902.16"
0.056234119151032,0,"ENSG00000255153.1"
0,0,"ENSG00000174672.16"
0,0.124483545898053,"ENSG00000285581.1"
0,0,"ENSG00000182208.14"
0.0179300221001631,0.232301588446516,"ENSG00000184545.11"
0,0.109844050059972,"ENSG00000233930.4"
0,0.220241819178067,"ENSG00000244242.2"
0,0,"ENSG00000250644.3"
0,0,"ENSG00000117984.14"
0.0757785576900815,0.551995905314421,"ENSG00000235027.1"
0,0.159825694186006,"ENSG00000229512.1"
0.139133202776927,0.337892400592729,"ENSG00000130598.16"
1.74147917764548e-12,0.230679652243889,"ENSG00000130592.15"
6.58242470326778e-12,0.147736572025435,"ENSG00000283787.1"
2.53285231908939e-18,0.63736224382205,"ENSG00000130595.19"
0,0,"ENSG00000214026.11"
0.105455857898275,0.291647257113339,"ENSG00000130600.19"
2.03774526038605e-12,0.59308256854558,"ENSG00000167244.21"
0,0.0719466357098967,"ENSG00000099869.8"
0.317350777099089,0.0878067989123281,"ENSG00000183734.4"
0.135991655932448,0.640899709639962,"ENSG00000110665.11"
6.5962645517226e-15,0.350620876185919,"ENSG00000064201.15"
0,0,"ENSG00000238184.1"
4.63217119291622e-17,0.415936830570842,"ENSG00000110651.11"
3.82732681170517e-14,0.00469843802706943,"ENSG00000184281.15"
0,0,"ENSG00000070985.13"
7.27401015561769e-13,0.551941569920278,"ENSG00000053918.17"
0,0.00574242717166249,"ENSG00000269821.1"
0.0612996815073879,0.228637623182077,"ENSG00000129757.13"
0.0809842022871814,0.102737288036618,"ENSG00000254827.6"
0.2624426594292,0.435854212446854,"ENSG00000110628.15"
0,0,"ENSG00000181649.8"
2.57675435974041e-15,0.267266553386554,"ENSG00000205531.13"
0,0,"ENSG00000207008.1"
0.0608735049439157,0.338414375859209,"ENSG00000183562.3"
9.35878836208467e-14,0.584765695169025,"ENSG00000110619.17"
0,0,"ENSG00000021762.20"
0,0.130936222811876,"ENSG00000184350.11"
0,0.0744736162360452,"ENSG00000005801.18"
6.00548310500608e-12,0.200414257595641,"ENSG00000223756.6"
2.5681791881972e-21,0.0740535060337328,"ENSG00000129749.3"
0,0.318169700227208,"ENSG00000110713.17"
0,0,"ENSG00000148985.20"
0.306044233559278,0.527867851750377,"ENSG00000177105.10"
0,0.137169333803852,"ENSG00000167323.11"
9.15396065161708e-14,0.0749391996482426,"ENSG00000255141.1"
3.48592583305253e-11,0.128012782531334,"ENSG00000167325.15"
0.161959084625874,0.175132163349029,"ENSG00000231548.2"
0,0,"ENSG00000132109.10"
1.22653549391535e-11,0.400825848871388,"ENSG00000167333.13"
0,0,"ENSG00000180785.10"
0.257633290723544,0.578596976147371,"ENSG00000244734.4"
0.341398350424596,0.40489586380486,"ENSG00000223609.11"
0,0,"ENSG00000239920.2"
0.559387366045932,0,"ENSG00000187747.2"
0,0,"ENSG00000121236.21"
0,0.00478324460833902,"ENSG00000132256.19"
0,0.685641928001188,"ENSG00000132274.16"
0,0,"ENSG00000051009.10"
2.89547372420685e-16,0.223454455409949,"ENSG00000170955.10"
0.197988077174057,1.96628130134103e-13,"ENSG00000166311.10"
0,0,"ENSG00000166313.19"
0,0,"ENSG00000110171.20"
0,0,"ENSG00000132254.12"
0,0,"ENSG00000132286.12"
0,0,"ENSG00000254595.1"
1.74028243741613e-17,0.0171062036306402,"ENSG00000179532.12"
0,0,"ENSG00000132275.11"
0.232684929169107,0.269255092362448,"ENSG00000166333.13"
0.116346322418215,0.186236567018245,"ENSG00000166337.10"
0,0,"ENSG00000166340.17"
0,0,"ENSG00000166341.8"
0.387749752993777,0.0096885784077823,"ENSG00000158042.9"
0.229074957113478,0.607739512205648,"ENSG00000254838.5"
0,0,"ENSG00000279486.5"
0,0,"ENSG00000149054.16"
0,0.194697316452043,"ENSG00000149050.10"
0,0.00218432424549252,"ENSG00000251364.7"
4.96037392768173e-10,0.0185598622867811,"ENSG00000183801.8"
0,0,"ENSG00000166387.13"
0,0,"ENSG00000166394.15"
0,0,"ENSG00000182261.4"
0.241502197693392,0.419146166130821,"ENSG00000175390.14"
2.39454133849347e-09,0.317190999970801,"ENSG00000166402.8"
0,0,"ENSG00000166405.15"
0,0.622779137837734,"ENSG00000166436.16"
0.0454284793196971,0.264768242946699,"ENSG00000166441.13"
0,0,"ENSG00000212607.1"
0.137017077990693,0.753559212387605,"ENSG00000166444.19"
0.125836922738739,0,"ENSG00000255159.1"
0,0.0200702435638393,"ENSG00000166452.12"
0.317197195390908,0.165289748360603,"ENSG00000175348.11"
0.100044004445867,0,"ENSG00000254860.6"
0,0.353444450365922,"ENSG00000175352.11"
0.0797496672463978,0.587443784665505,"ENSG00000175356.13"
0,0,"ENSG00000184014.8"
6.92714070180211e-22,0.578466881582533,"ENSG00000255097.1"
0,0,"ENSG00000166471.11"
4.83810046998876e-19,0.149756030379489,"ENSG00000205339.10"
0,0,"ENSG00000201998.1"
0.169137917630396,0.0215509996872692,"ENSG00000268403.2"
0,0.208276064447785,"ENSG00000166478.10"
2.11265180422677e-08,0.522433209227648,"ENSG00000166483.11"
0.0830727927684151,1.33127004759201e-10,"ENSG00000133789.15"
0,0,"ENSG00000245522.2"
0,0,"ENSG00000246273.8"
0,0.28702452849477,"ENSG00000133812.15"
0.142718133988562,1.10727754779419e-11,"ENSG00000286561.1"
0.0479509407669141,2.14476056733923e-09,"ENSG00000254865.1"
4.80685324170982e-19,0.0566595883701974,"ENSG00000254554.1"
0,0.135017325546572,"ENSG00000148926.10"
3.40594113517519e-19,0.305147340933809,"ENSG00000133805.15"
0.77165435029968,0.0954559121816492,"ENSG00000255823.5"
1.22697726370886e-14,0.462670896862619,"ENSG00000110315.7"
0.0901061578273042,0,"ENSG00000133800.9"
0,0,"ENSG00000072952.18"
0,0,"ENSG00000198730.9"
0,0,"ENSG00000110321.17"
0.173189856390549,0.111929422866571,"ENSG00000246308.2"
0,0,"ENSG00000236287.8"
0.369105322873822,0,"ENSG00000247271.7"
0.0966577148268153,0,"ENSG00000110328.6"
0,0.262793239806965,"ENSG00000170242.18"
0,0,"ENSG00000050165.18"
0.154553081015701,0.501091183654165,"ENSG00000133816.15"
2.78909099537013e-12,0.130301225330976,"ENSG00000197702.14"
0.0672826177877696,0.153898463346685,"ENSG00000187079.17"
4.85087829906081e-12,0.274460677594742,"ENSG00000254688.1"
0,0,"ENSG00000251381.8"
0,0,"ENSG00000133794.17"
0.330508063290177,0,"ENSG00000148925.10"
0,0,"ENSG00000197601.13"
1.33000184549525e-16,0.0169812285301686,"ENSG00000254791.1"
0,0,"ENSG00000240454.1"
0,0.0713775463910992,"ENSG00000262655.4"
8.87235698386288e-13,0.261367869009593,"ENSG00000133818.14"
0,0,"ENSG00000129083.12"
0,0,"ENSG00000129084.17"
0.0517772415964048,0.523232065476414,"ENSG00000152270.9"
0,0.327819311038524,"ENSG00000255040.1"
0,0,"ENSG00000186104.10"
0.0908771847573618,0.712138332835233,"ENSG00000175868.14"
0,0.714131091978347,"ENSG00000188487.11"
0,0.15768908833704,"ENSG00000110693.18"
0,0,"ENSG00000110696.10"
0.0685507364108107,0.228028565547062,"ENSG00000166689.16"
0,0,"ENSG00000110700.7"
0.107461297309055,5.01053428944345e-13,"ENSG00000272034.1"
4.249045646792e-11,0.0631153123862273,"ENSG00000011405.13"
0,0,"ENSG00000240808.1"
0.246266017142704,0.341011401349917,"ENSG00000070081.17"
0,0.429744518222568,"ENSG00000188211.9"
0,0.484276284214112,"ENSG00000260196.1"
0.202982770126701,0.166110053239907,"ENSG00000006071.14"
0,0,"ENSG00000129159.7"
0.165832888516151,4.79201310817033e-20,"ENSG00000129158.11"
0,0,"ENSG00000166788.10"
0.201068008298941,0,"ENSG00000134339.8"
6.91227198162822e-21,0.0120530529440501,"ENSG00000212789.4"
0.58623176485912,0.0159738058515356,"ENSG00000173432.12"
0,0,"ENSG00000110756.17"
0,0,"ENSG00000110768.12"
0.0857744956311318,7.27883832372029e-21,"ENSG00000134333.14"
0,0,"ENSG00000256006.1"
0.110436809885685,0.205955778116741,"ENSG00000166800.10"
0,0,"ENSG00000074319.13"
0,0,"ENSG00000256464.1"
0,0.345651174227658,"ENSG00000151116.17"
0.333724375806566,1.08430591483886e-11,"ENSG00000247595.4"
0,0,"ENSG00000256282.1"
5.31249552933737e-19,4.847220899073e-15,"ENSG00000179119.15"
0,0,"ENSG00000151117.9"
0.0945147374263477,0.102534681425644,"ENSG00000177054.14"
0.162202582095217,0.430090711451511,"ENSG00000129173.13"
0,0.161446628532852,"ENSG00000166833.21"
0,0,"ENSG00000255270.1"
0,0,"ENSG00000255043.1"
0,0,"ENSG00000254622.1"
0.123296178462824,0,"ENSG00000270607.1"
0,0,"ENSG00000109854.13"
0.242733661640461,0.233739177766806,"ENSG00000185238.13"
0,0.193369312522225,"ENSG00000201059.1"
0.0208609143273365,0.329286799208422,"ENSG00000171714.11"
0.212282891657192,2.86159523992004e-22,"ENSG00000183161.5"
2.24060522760989e-12,0.391418317162655,"ENSG00000148935.11"
0.1602281976255,0.180400886804589,"ENSG00000198168.9"
4.82031144854162e-22,0.367980935750573,"ENSG00000134343.14"
0,0.390742373728287,"ENSG00000176971.4"
0,0,"ENSG00000129151.9"
0.00279620963736661,0.264336950492996,"ENSG00000109881.17"
0.0301819461368405,0.529632953670237,"ENSG00000205213.14"
0.00875627794091836,0.365600056685693,"ENSG00000254862.5"
0,0.356582939638654,"ENSG00000148943.12"
2.26376377477633e-20,0.329954733934717,"ENSG00000245573.9"
0,0,"ENSG00000176697.19"
2.12740329375464e-20,0.0997842180861234,"ENSG00000224411.3"
0.263404313935144,0.32695907189045,"ENSG00000121621.7"
0,0.13490184757597,"ENSG00000169519.21"
0.174948059718013,0,"ENSG00000182255.7"
0.0195874801783056,1.00944791459777e-10,"ENSG00000152219.5"
0,0.127322226610196,"ENSG00000066382.16"
0,0.972569690613122,"ENSG00000287373.1"
0,0,"ENSG00000170959.14"
0,0.619610698218703,"ENSG00000170946.15"
0,0.114539830100125,"ENSG00000148950.11"
0,0,"ENSG00000109911.19"
0,0,"ENSG00000228061.7"
0.0766175135127896,1.41422097729788e-21,"ENSG00000049449.9"
0,0,"ENSG00000149100.13"
0.0171974646303299,0.096665023096827,"ENSG00000135378.4"
2.16375810184216e-10,0.167813955083985,"ENSG00000060749.15"
0.00849259764410211,3.11351514535228e-14,"ENSG00000121690.11"
0,0,"ENSG00000176148.16"
0.26220075631432,0.0341429675119833,"ENSG00000213713.3"
0,0,"ENSG00000280798.1"
0.0216253573463261,4.39488468207169e-10,"ENSG00000176102.13"
1.88055714996254e-11,0.0586999575119259,"ENSG00000110422.12"
0,0,"ENSG00000110427.16"
0,0,"ENSG00000255202.1"
0,0,"ENSG00000205177.6"
0,0,"ENSG00000085063.16"
2.11713273429374e-19,0.11436310043832,"ENSG00000110429.14"
0.131085573372279,0.503094170318608,"ENSG00000135363.12"
0,0,"ENSG00000135387.21"
0.0446059943021813,0.412455107269675,"ENSG00000135372.9"
0,0.179426058768429,"ENSG00000166016.6"
4.27914668747543e-13,0.42254077793213,"ENSG00000121691.7"
0.374240748003038,0.02024805543793,"ENSG00000135373.12"
0,0.553324602273153,"ENSG00000149089.13"
0,0.507439867403518,"ENSG00000110435.12"
0,0,"ENSG00000255521.2"
1.50946660713598e-06,0.222555465615977,"ENSG00000026508.18"
0,0,"ENSG00000255443.1"
0,0.0296404696553906,"ENSG00000251194.2"
0,0,"ENSG00000110436.13"
0.155653513978949,0.434979849189801,"ENSG00000149090.11"
6.46562726764545e-14,0.255802107483471,"ENSG00000179431.7"
0,0.135203871266697,"ENSG00000166326.7"
2.09346555345492e-21,0.396381963024102,"ENSG00000179241.13"
0,0,"ENSG00000254672.1"
0.461523678992086,0.0534397015431266,"ENSG00000280321.1"
0,0,"ENSG00000110442.12"
0,0,"ENSG00000135362.14"
0,0,"ENSG00000175104.15"
0.314669505801135,0.217382379368678,"ENSG00000166349.9"
0,0.288757044983112,"ENSG00000166352.16"
1.09286969834517e-09,0.0323938945641472,"ENSG00000285751.1"
0,0,"ENSG00000148948.8"
0,0,"ENSG00000166181.13"
0,0,"ENSG00000254907.1"
0,0.220147927069205,"ENSG00000052841.15"
0,0,"ENSG00000254463.1"
0.213113627761192,0.0650367726878588,"ENSG00000283341.2"
0,0,"ENSG00000149084.13"
2.22451454946393e-12,0.104237024249012,"ENSG00000246250.3"
0.0510049617211622,0.0550220998631906,"ENSG00000166199.13"
0,0,"ENSG00000213693.4"
0,0.139470236120238,"ENSG00000244926.7"
0.108699763705473,0.0894637460342167,"ENSG00000187479.8"
0,0,"ENSG00000244953.1"
0,0,"ENSG00000110455.14"
0,0,"ENSG00000151348.14"
0.149164459480027,0.675204899426961,"ENSG00000052850.8"
0.180159307698561,0.595878503813065,"ENSG00000085117.12"
2.14936963006122e-08,0.127460708594577,"ENSG00000255092.1"
0.0778427581438611,0.598817260837437,"ENSG00000157570.12"
0.0262588622042333,0.297557865202274,"ENSG00000175274.18"
0,0,"ENSG00000019485.13"
0.178384853027604,0.52123378595839,"ENSG00000175264.8"
0.316056850995515,0.319069609129322,"ENSG00000181830.8"
0,0.384514312140484,"ENSG00000121671.12"
0,0,"ENSG00000121653.11"
1.30832434702445e-14,0.0205374003063998,"ENSG00000121680.16"
0,0.0138532510672358,"ENSG00000165905.18"
0,0,"ENSG00000135365.15"
0.0467558423087535,1.49436755060681e-11,"ENSG00000254653.1"
0.036830841840539,0.642595513750439,"ENSG00000157613.11"
0.144252557745058,0.606674217261887,"ENSG00000149091.15"
1.84568129106526e-15,0.823975218917929,"ENSG00000110492.15"
0,0,"ENSG00000180720.7"
0,0.334132502871782,"ENSG00000110497.14"
0.420325992986432,0,"ENSG00000244313.3"
0,0,"ENSG00000285658.1"
0.023363821258975,9.39385255369659e-13,"ENSG00000180423.4"
0,0.00162600150216851,"ENSG00000175224.16"
0,0,"ENSG00000175220.12"
0,0,"ENSG00000175213.3"
0,0,"ENSG00000175216.15"
0,0.638491020161266,"ENSG00000134569.10"
0,0.0221492299271006,"ENSG00000149179.13"
2.59360161474312e-12,0.372434068963208,"ENSG00000149182.15"
0,0,"ENSG00000270060.1"
0,0.136337134979975,"ENSG00000165912.16"
0.0250697258722405,0.164771512412136,"ENSG00000134574.11"
0,0,"ENSG00000256897.1"
0,0.0540276911847783,"ENSG00000134575.12"
0.252551762771449,0.314252792542354,"ENSG00000025434.19"
0.0943204108247775,0.450657764939137,"ENSG00000110514.19"
0,0,"ENSG00000256746.5"
0,0.22580136337825,"ENSG00000134571.11"
0.0299735167301744,0.683661700654253,"ENSG00000066336.11"
0.0596065747854601,0.682807516089929,"ENSG00000255197.6"
0,0,"ENSG00000165915.14"
0.0695746243179889,0,"ENSG00000165916.8"
0.0179653903322066,0.40141727155084,"ENSG00000165917.10"
0,0.392273853516333,"ENSG00000149187.18"
0,0,"ENSG00000270072.1"
0.0408376221750707,0,"ENSG00000213619.10"
0,0,"ENSG00000110536.14"
0.364618117736092,0.222660771083106,"ENSG00000123444.14"
5.65874135849012e-12,0.490381651433192,"ENSG00000196666.5"
0,0,"ENSG00000172247.4"
0,0.410604149707433,"ENSG00000109919.10"
0.188701146189884,1.69216591683149e-19,"ENSG00000165923.16"
0,0,"ENSG00000109920.13"
0.283287366935592,0.199996667124539,"ENSG00000030066.13"
0.205520572479595,0.63699142168429,"ENSG00000149177.13"
0,0,"ENSG00000287538.1"
0,0.0712500609337462,"ENSG00000183908.7"
3.76200748350511e-23,0.186944268606416,"ENSG00000134817.10"
0.0297225925715344,0.415793740954939,"ENSG00000149115.14"
0.182568398850743,0.27731869204678,"ENSG00000149136.9"
0.257021458308261,0.430437123032,"ENSG00000156575.2"
0,0.542116211782137,"ENSG00000134802.17"
0.289590298303582,0.100518607271992,"ENSG00000186907.8"
2.97245870782682e-12,0.238758560260738,"ENSG00000149150.9"
0.210796377112435,8.92270715101718e-23,"ENSG00000134809.9"
0.175108397280818,0.615522886729612,"ENSG00000156587.16"
0,0.477021848908494,"ENSG00000149131.15"
0,0,"ENSG00000254602.2"
0.280629900542385,0.462821257360153,"ENSG00000166793.12"
0,0.0042110695924113,"ENSG00000172409.6"
0.068174303569114,0.526748182111864,"ENSG00000156599.11"
0,0,"ENSG00000156603.18"
0,0.302324272921694,"ENSG00000213593.10"
0.44903702679513,0.446666816194049,"ENSG00000211450.10"
0,0.103459688775951,"ENSG00000233436.7"
0,0,"ENSG00000198561.13"
2.04387383389117e-09,0.569288050342846,"ENSG00000110031.12"
0,0,"ENSG00000186660.15"
0.30379965552765,0,"ENSG00000269570.2"
0,0,"ENSG00000280010.1"
0,0.915581168841053,"ENSG00000149124.11"
0,0,"ENSG00000189057.11"
0,0.0918987227487286,"ENSG00000245571.7"
0.176240943098672,0.186089537399516,"ENSG00000166801.15"
0.0578708083627307,0.364278936121552,"ENSG00000110042.8"
0.277564434444738,0.250704117648751,"ENSG00000197629.6"
0.0565447796466645,0.123332599996381,"ENSG00000255008.3"
0,0,"ENSG00000255139.2"
0,0,"ENSG00000110048.12"
0.236604757084376,0.365064547818177,"ENSG00000166889.14"
0,0.525393437720128,"ENSG00000166900.17"
8.6756268523602e-22,0.127415830424311,"ENSG00000254477.2"
0,0,"ENSG00000166902.5"
0.200173491874258,0.453947039906817,"ENSG00000134827.8"
0.194149943640541,0.505464976403658,"ENSG00000149516.14"
0,0.30756863366638,"ENSG00000110077.14"
0.099412771158639,0.402101246627525,"ENSG00000110079.18"
0,0,"ENSG00000214787.10"
0,0.526526724450392,"ENSG00000166927.13"
0,0.582385629433217,"ENSG00000166928.11"
0.158447176408754,0.526234444010341,"ENSG00000156738.17"
0.060372768492541,1.16977856294693e-11,"ENSG00000110104.13"
0.113767952852939,0.312377151319474,"ENSG00000183134.5"
0,0,"ENSG00000110107.9"
0,0.138839028494624,"ENSG00000110108.10"
3.84271356093428e-13,0.0262262405106248,"ENSG00000006118.14"
0,0.473508103961572,"ENSG00000110446.11"
0.227933348262586,0.499086083442923,"ENSG00000013725.14"
0.0592526815772735,0.664935566739445,"ENSG00000110448.11"
0.157832103231425,0.174928813868031,"ENSG00000167987.11"
0,0.265145693640452,"ENSG00000279549.1"
0,0.422678136667384,"ENSG00000167992.13"
0,0,"ENSG00000167986.13"
0,0,"ENSG00000149476.15"
1.63246570106414e-11,0.0866187005075678,"ENSG00000162144.9"
0,0,"ENSG00000149483.12"
0.0842230328569807,0.487809162478204,"ENSG00000187049.10"
0,0.523320706055448,"ENSG00000149532.15"
0,0,"ENSG00000279632.1"
0,0,"ENSG00000256591.5"
0,0,"ENSG00000167985.6"
0,0,"ENSG00000162148.11"
2.83031175524649e-08,0.483117509549852,"ENSG00000204950.4"
4.95683780510837e-18,0.0478343879035568,"ENSG00000011347.9"
0.288612773736447,0,"ENSG00000243742.5"
0,0.119993721280868,"ENSG00000134780.10"
0.329953949216777,4.06253962046681e-15,"ENSG00000124920.13"
0.164105514219272,4.78827010303096e-17,"ENSG00000134825.16"
1.36532658764234e-09,0.213285845597165,"ENSG00000168496.4"
0,0,"ENSG00000134824.14"
0.0044983766026538,4.26966943164154e-13,"ENSG00000149485.19"
1.37199215514112e-17,0.204360549978105,"ENSG00000221968.9"
0.193216471367616,0.47910729619053,"ENSG00000167994.13"
0,0,"ENSG00000167995.16"
0,0,"ENSG00000167996.16"
0,0.495293186086264,"ENSG00000279491.1"
0.0621295533639913,0.352624746909137,"ENSG00000149503.13"
0.0718919429864345,0.522651650586971,"ENSG00000162174.12"
2.00185757169449e-13,0.317393902653331,"ENSG00000124942.14"
0.202245562674209,0.424141613091871,"ENSG00000255508.7"
0,0,"ENSG00000149016.16"
0.0334005213909263,0.561645897387819,"ENSG00000149480.7"
0,0,"ENSG00000149499.11"
0,0,"ENSG00000149489.8"
0,0,"ENSG00000149541.10"
0,0,"ENSG00000089597.18"
0,0,"ENSG00000185085.2"
0,0,"ENSG00000162194.12"
0,0,"ENSG00000214756.8"
0.0304381873963212,5.71555969406092e-10,"ENSG00000204922.5"
2.61958864690964e-21,0.379992232803139,"ENSG00000162191.13"
0.0192299307379424,0.884120632255421,"ENSG00000177363.5"
0,0,"ENSG00000168000.14"
0,0,"ENSG00000214753.4"
0.133431393398609,0.250033669882073,"ENSG00000162222.14"
0,0,"ENSG00000185670.8"
0,0,"ENSG00000168002.12"
0,0.265229865603162,"ENSG00000162227.8"
8.94013709691862e-09,0.126469636063735,"ENSG00000168569.8"
0.0583656090280743,0.0126314485051293,"ENSG00000185475.11"
0,0.212783247081106,"ENSG00000162231.14"
0,0,"ENSG00000162236.12"
0,0,"ENSG00000133316.15"
0,0,"ENSG00000255717.7"
0,0.407441032048881,"ENSG00000168003.16"
0.0583644352709911,0.5616033343163,"ENSG00000168004.9"
0.117562296666452,0.323358532732495,"ENSG00000133317.14"
1.15598779485844e-08,0.626715063900532,"ENSG00000133321.11"
0.0979028192603916,0.364394111947577,"ENSG00000133328.4"
0.0936261526409899,0.528241666629218,"ENSG00000176485.11"
0,0.268733076098202,"ENSG00000184743.13"
0,0,"ENSG00000256789.1"
0,0.464967333120324,"ENSG00000133318.14"
0,0,"ENSG00000188070.9"
0.0680945586481753,0.221133868262574,"ENSG00000168005.9"
0,0.505008317396861,"ENSG00000072518.20"
0.38785882588885,0.444102786419001,"ENSG00000167771.6"
0.165379054864988,0.316040646272956,"ENSG00000110583.13"
0.0879808814858355,7.70444364956606e-08,"ENSG00000176340.4"
0,0,"ENSG00000167770.11"
0,0.323667584605981,"ENSG00000133315.11"
5.28470313640802e-11,0.0847445297971941,"ENSG00000126500.3"
2.15158648730593e-18,0.0756445867234672,"ENSG00000168439.16"
0.0343977754309711,0.75929164035716,"ENSG00000149781.12"
0,0,"ENSG00000149743.14"
0,0,"ENSG00000149761.9"
0,0,"ENSG00000110011.13"
0.0615975557080375,0.252862298027699,"ENSG00000173511.9"
0.162792881372061,0.279963422746675,"ENSG00000173486.13"
0.42538017827162,0.230646853780116,"ENSG00000173457.11"
0,0.350673420006206,"ENSG00000149782.11"
0.040893469756654,0.0671217702810727,"ENSG00000002330.13"
9.54526264858059e-09,0.300565431049596,"ENSG00000173264.14"
0,0.174851826534993,"ENSG00000173153.14"
0,0,"ENSG00000173113.6"
0.188145138790961,0.153230222384374,"ENSG00000126432.14"
0.110919987611273,0.391121422072921,"ENSG00000168071.22"
1.46108234218842e-15,0.190242694076306,"ENSG00000162302.13"
0,0.237643162783937,"ENSG00000110076.18"
0.380901308646363,0.0576774116340193,"ENSG00000237410.1"
0.281377273455667,0.551008801437754,"ENSG00000068831.19"
5.03528361002501e-11,0.293916976108568,"ENSG00000068976.14"
2.13549750909384e-12,0.244760525588212,"ENSG00000168066.20"
0,0.545043613667371,"ENSG00000168067.12"
0,0.039062986762978,"ENSG00000133895.15"
1.56059983172251e-13,0.251133148361577,"ENSG00000171219.9"
0,0.453602973467276,"ENSG00000110047.18"
2.35920911922901e-11,0.409471004938073,"ENSG00000110046.13"
1.94238832899354e-13,0.10403770134403,"ENSG00000068971.14"
0,0,"ENSG00000168062.10"
0.100421638810086,0,"ENSG00000213465.8"
0.0622079553708319,0.260337726155731,"ENSG00000110025.13"
0,0,"ENSG00000168061.15"
0.188021115936825,0.22908950224306,"ENSG00000168060.16"
0.174515916108438,0.547723699045706,"ENSG00000146670.10"
0.0397638296227472,5.22447893126135e-10,"ENSG00000162300.13"
2.66618477681085e-12,0.234685339649687,"ENSG00000149823.9"
3.80039163876287e-12,0.32982151161647,"ENSG00000149809.15"
0,0,"ENSG00000174276.7"
8.05416074305427e-11,0.0802472957772735,"ENSG00000278952.1"
0.264282475786837,0.403430858187017,"ENSG00000149806.11"
0,0.515052459866307,"ENSG00000162298.18"
0,0,"ENSG00000149792.9"
0.241821152489948,0.489629246581377,"ENSG00000014216.15"
0,0,"ENSG00000014138.9"
0,0,"ENSG00000285816.1"
0.260399604340715,0.279104838483167,"ENSG00000287917.1"
0,0,"ENSG00000133884.10"
0,0,"ENSG00000173825.7"
0.147047199877104,0.68164634524116,"ENSG00000162241.12"
0.024538325021583,0.18118623996451,"ENSG00000126391.14"
0,0,"ENSG00000245532.9"
0,0,"ENSG00000173727.12"
0,0.107704199970327,"ENSG00000251562.8"
0,0.0490049889085098,"ENSG00000142186.17"
0,0,"ENSG00000168056.16"
0,0,"ENSG00000260233.3"
0.0597542108746164,0.372556919007573,"ENSG00000173465.8"
0.0642985312157247,1.37207466204449e-13,"ENSG00000176973.8"
0.200263405978066,0.647275105538264,"ENSG00000173442.13"
0,0.008106507024607,"ENSG00000173338.12"
3.32242706380374e-15,0.473577890990744,"ENSG00000173327.8"
1.1127337428786e-14,0.248159812106086,"ENSG00000197136.4"
0.178646094055319,0.570348486043841,"ENSG00000213445.10"
0,0,"ENSG00000173039.19"
2.40648547459831e-19,0.155037474815665,"ENSG00000285533.2"
0.164724324250722,6.64244467000965e-22,"ENSG00000172977.13"
0.206863782313634,0.389610556424276,"ENSG00000172922.9"
0,0.314937644730955,"ENSG00000254470.3"
0.0350323603803212,0.738252521843117,"ENSG00000172818.10"
0.274356316635046,0.440328888609493,"ENSG00000172757.13"
0,0,"ENSG00000172803.18"
0,0.466328898908024,"ENSG00000172732.12"
0.0771841840802858,1.96076665571883e-11,"ENSG00000172638.13"
0.149721828910279,0.751857656812413,"ENSG00000172543.8"
8.23122338326015e-20,0.115370379714194,"ENSG00000172500.12"
0.0637726114172277,5.40859518084533e-21,"ENSG00000175602.4"
0,0,"ENSG00000175592.9"
0.381108186936472,9.56773026082221e-12,"ENSG00000175573.7"
0,0,"ENSG00000175550.8"
0,0.184746103158897,"ENSG00000175467.15"
0,0,"ENSG00000175376.9"
0,0,"ENSG00000175334.8"
1.05816149508422e-22,0.0135594267634379,"ENSG00000087365.16"
0,0,"ENSG00000175115.12"
0,0,"ENSG00000255320.1"
0,0,"ENSG00000174996.11"
2.4743733672804e-19,0.124394290760226,"ENSG00000254461.1"
0,0,"ENSG00000174903.16"
0.101419011402918,0.24163557399611,"ENSG00000245156.1"
0.229459215092285,6.29885821852892e-13,"ENSG00000174871.11"
0.104370479055035,6.780462230088e-13,"ENSG00000174851.16"
0,0.52709583232855,"ENSG00000174807.4"
0,0,"ENSG00000174791.11"
0.294481147739732,0.346131460161479,"ENSG00000174744.14"
0,0,"ENSG00000174684.7"
0.167931456934337,1.14494560788431e-09,"ENSG00000255468.7"
0,0,"ENSG00000174669.12"
0,0,"ENSG00000174576.10"
0,0,"ENSG00000174547.13"
2.04492412528756e-20,0.425050352784422,"ENSG00000174516.15"
3.47123798204668e-09,0.0654239307423645,"ENSG00000255517.6"
0.0306934519276357,0.0809690754232206,"ENSG00000254986.7"
0,0,"ENSG00000174483.20"
0.412390135759982,0.035925318015312,"ENSG00000174165.8"
0.157907975811961,0.535522369252559,"ENSG00000174080.11"
0,0,"ENSG00000182791.5"
0.199520784320875,0.308472789745007,"ENSG00000173992.9"
0,0.27824283447303,"ENSG00000239306.4"
0,0,"ENSG00000248643.5"
0,0.353678125471536,"ENSG00000173933.20"
0,0,"ENSG00000173914.12"
9.62336010901218e-13,0.427354547429049,"ENSG00000173898.13"
0.169061712473277,0.201304983080542,"ENSG00000173715.16"
0,0,"ENSG00000173653.8"
0.187681077121275,0.22655297882418,"ENSG00000173599.15"
0.48790061817897,0,"ENSG00000173621.9"
6.38545394832628e-13,0.425747267691592,"ENSG00000173227.14"
0,0.0107077559906093,"ENSG00000173156.7"
0,0.287345841066266,"ENSG00000173120.15"
1.04709203702503e-10,0.221696849796727,"ENSG00000179038.8"
0.0654085783303064,0.483751924595207,"ENSG00000173020.11"
0.0409601039876649,0.357346702978118,"ENSG00000172932.14"
0,0.510070321207425,"ENSG00000172830.13"
0,0,"ENSG00000172613.8"
0,0,"ENSG00000175482.9"
0,0.18886830486829,"ENSG00000175505.11"
0.178145401736981,0.335911661664391,"ENSG00000172531.15"
0.22359644258369,0.40442542211369,"ENSG00000175463.12"
0.0674603018362319,0.224553563909189,"ENSG00000172508.10"
0.185525640439629,0.368357848006764,"ENSG00000175634.15"
0,0,"ENSG00000172725.14"
0,0,"ENSG00000175544.13"
0.0462864927885189,0.263975662036021,"ENSG00000172663.9"
0,0,"ENSG00000110711.10"
0.00736570783556833,0.518357468439278,"ENSG00000110697.13"
0.145367482906115,0.0356224961550287,"ENSG00000167797.7"
0,0,"ENSG00000084207.17"
9.36133510910909e-18,0.508562504048584,"ENSG00000167792.13"
0.0800962606393519,0.247437315461,"ENSG00000167799.10"
0,0,"ENSG00000160172.10"
0,0,"ENSG00000110057.8"
0.124625264226323,0.580083346990572,"ENSG00000006534.16"
1.0221952136435e-15,0.495290188603386,"ENSG00000110717.13"
0,0.381754987995513,"ENSG00000110719.10"
0.0864828714511082,0.408755027967824,"ENSG00000255031.5"
4.07175324976181e-16,0.177586336482421,"ENSG00000110721.12"
0,0.15654952125318,"ENSG00000110066.15"
0,0,"ENSG00000171067.11"
0.0390427099993522,0.344386656282513,"ENSG00000162337.12"
3.45041637210294e-12,0.507671208732361,"ENSG00000110075.14"
0.0307498009270989,0.111204882387789,"ENSG00000132749.11"
0.19019177478989,0.306776988816239,"ENSG00000110090.13"
0.0122472283822886,0,"ENSG00000250508.1"
0,0,"ENSG00000197345.13"
0,0.17028230238078,"ENSG00000132740.8"
0,0,"ENSG00000261625.1"
0,0.583969992103141,"ENSG00000172935.9"
0,0,"ENSG00000162341.18"
0.610867109913549,0.0584913038501186,"ENSG00000172927.8"
0.381711422223263,0.159456699196536,"ENSG00000110092.3"
0,0.109698240604586,"ENSG00000149716.12"
0,0,"ENSG00000131620.17"
0,0,"ENSG00000168040.4"
0,2.67447966548392e-17,"ENSG00000131626.18"
0,0,"ENSG00000255329.1"
0,0.305330464244794,"ENSG00000254484.1"
0,0,"ENSG00000246889.2"
0.00225274550497277,0.420176042959818,"ENSG00000085733.16"
0.111324821000728,0.0942485037027357,"ENSG00000162105.19"
0,0,"ENSG00000172893.15"
9.24522512645669e-11,0.173689254736584,"ENSG00000254682.1"
5.26416512188423e-14,0.178014504810542,"ENSG00000172890.13"
0.0274058833616485,0,"ENSG00000248671.8"
1.94915521419739e-11,0.070647441349329,"ENSG00000158483.16"
5.37218899059629e-19,0.00561691090587173,"ENSG00000254469.7"
0,0,"ENSG00000228915.3"
0,0,"ENSG00000137522.18"
0,0.270177431692985,"ENSG00000137496.18"
0,0.10814045455753,"ENSG00000137497.17"
0.484585331139002,0.136954898359565,"ENSG00000251143.1"
0,0,"ENSG00000184154.14"
0,0,"ENSG00000149357.10"
0,0,"ENSG00000110200.8"
0.282097210578033,0.117493215053789,"ENSG00000110195.13"
0,0,"ENSG00000165457.14"
0,0,"ENSG00000165458.14"
0,0.360657003968937,"ENSG00000162129.14"
0.0158252378468883,0,"ENSG00000227467.3"
0,0,"ENSG00000186642.16"
0,0.353741266686838,"ENSG00000186635.14"
0,0.140771412830531,"ENSG00000245148.2"
0,0,"ENSG00000244134.1"
0,0,"ENSG00000214530.9"
0,0.529454957911995,"ENSG00000285693.1"
1.40342358003331e-07,0.53277190132238,"ENSG00000168010.11"
0,0.262787477314849,"ENSG00000137478.15"
0.101999925696717,0.550647152990815,"ENSG00000175591.11"
0,0.307210839218243,"ENSG00000260401.1"
0,0,"ENSG00000171631.14"
0,0.0681925588058884,"ENSG00000257038.1"
0,0,"ENSG00000110237.5"
0.000238424144341486,0.642165010632865,"ENSG00000054967.13"
0,0,"ENSG00000054965.10"
0,0,"ENSG00000021300.14"
0,0,"ENSG00000175582.19"
0,0,"ENSG00000175581.14"
0.0643841161557013,2.02799005573864e-12,"ENSG00000181924.7"
0,0,"ENSG00000175575.12"
2.14189679695663e-16,0.078813989180604,"ENSG00000175567.10"
0,0,"ENSG00000175564.13"
0,0.23059241155305,"ENSG00000168014.16"
0.120756189070477,0.391233916773075,"ENSG00000214517.10"
3.41512368104968e-09,0.0614288866606183,"ENSG00000280269.1"
0,0.0584933710383046,"ENSG00000149380.12"
0.0320511639002154,0.334044397288629,"ENSG00000165434.8"
0,0,"ENSG00000175538.10"
2.66183695381954e-19,0.316285473533076,"ENSG00000175536.7"
0,0,"ENSG00000254837.2"
0,0,"ENSG00000077514.9"
0,0.0813059208857822,"ENSG00000054938.15"
0,0,"ENSG00000166439.6"
0,0.0612736262424263,"ENSG00000166435.15"
0,0,"ENSG00000278879.1"
0,0.149170412267592,"ENSG00000241170.3"
0.135632390298156,0.0584087917591494,"ENSG00000286943.1"
0,0,"ENSG00000118363.12"
0,0.235438125576012,"ENSG00000162139.10"
0.232636631470374,0.334143874684422,"ENSG00000137491.15"
0,0,"ENSG00000137486.17"
0.183789588472728,0.340265654290235,"ENSG00000149273.15"
0.331664276301393,0.110389090576945,"ENSG00000207445.1"
0,0,"ENSG00000149243.15"
0,0.552572068663559,"ENSG00000158555.15"
1.52185773545071e-09,0.041662036112981,"ENSG00000149257.14"
5.2176219875251e-12,0.341079945802091,"ENSG00000171533.11"
0.150626307306899,0.203408055567461,"ENSG00000062282.15"
2.42253897001249e-11,0.311065797881335,"ENSG00000254826.1"
1.27913000647584e-12,0.345897612291709,"ENSG00000198382.9"
3.60826125138402e-12,0.245156614702806,"ENSG00000085741.13"
0.115243003050457,0,"ENSG00000137492.8"
0,0,"ENSG00000179240.11"
0,0,"ENSG00000255135.4"
0.0548188087736916,0.280114129737382,"ENSG00000158636.16"
0,0,"ENSG00000254810.1"
0.067679210227242,0.772456320449423,"ENSG00000236304.1"
0,0,"ENSG00000137507.11"
0.188262974192257,0.174103185174117,"ENSG00000182704.8"
0.205044324208175,0.0537970916762208,"ENSG00000255100.1"
0,0.119080296089653,"ENSG00000261578.1"
0.0140305904010124,0,"ENSG00000078124.12"
0,0,"ENSG00000149260.18"
0.14848750114243,3.96945574930159e-06,"ENSG00000137474.22"
2.03391878703906e-10,0.0671406401712719,"ENSG00000149269.9"
0,0,"ENSG00000074201.9"
1.40546214249069e-21,0.0455423055300535,"ENSG00000178301.4"
0,0,"ENSG00000048649.13"
0.0488098724975726,0.314678361643625,"ENSG00000254985.1"
0,0,"ENSG00000227376.1"
0,0.39391512184502,"ENSG00000087884.14"
6.89534806886431e-11,0.144026458165688,"ENSG00000255449.1"
0,0.0599478702406349,"ENSG00000149262.17"
0,0,"ENSG00000151364.17"
0.116627742933155,0.471991465016674,"ENSG00000151365.2"
0.267563697927564,3.78952971145153e-15,"ENSG00000151366.13"
0,0,"ENSG00000159063.13"
0,0,"ENSG00000246174.8"
0,0,"ENSG00000188997.8"
0,0,"ENSG00000118369.13"
0,0.437540523876742,"ENSG00000033327.13"
0,0,"ENSG00000288393.1"
0,0,"ENSG00000251323.3"
0.141040579480909,0.181485192185111,"ENSG00000137513.10"
0.0720915046515739,0,"ENSG00000149256.16"
0.0379898528746105,5.89351169013445e-13,"ENSG00000137509.11"
0.073126739878831,0.374115522152361,"ENSG00000165490.13"
0,0,"ENSG00000137502.10"
0,0.193120981462768,"ENSG00000246067.8"
0,0.170361317693142,"ENSG00000279900.1"
0,0,"ENSG00000165494.11"
0.0679218044278213,6.4457427247533e-21,"ENSG00000254676.1"
0,0.482011993003726,"ENSG00000247137.9"
0,0,"ENSG00000137494.14"
4.67238639767149e-20,0.305626507462274,"ENSG00000137500.9"
1.03045124725042e-11,0.164432723275748,"ENSG00000255234.6"
4.40114561238498e-14,0.435333825201382,"ENSG00000150672.17"
0.472650259905989,0,"ENSG00000213305.3"
0.14667492027844,9.53305261688097e-14,"ENSG00000254897.1"
0.333027642720548,4.58452106352953e-12,"ENSG00000171204.12"
0,0,"ENSG00000171202.7"
0,0.144083804908372,"ENSG00000137504.13"
0,0.0806066308131694,"ENSG00000179071.5"
6.8639610452422e-14,0.054744628964333,"ENSG00000137501.17"
0,0,"ENSG00000073921.18"
0,0.322754803740088,"ENSG00000074266.21"
0,0,"ENSG00000255222.1"
0,0,"ENSG00000149196.16"
0,0.360359108455492,"ENSG00000149201.10"
0,0,"ENSG00000278989.1"
0.129693821662647,0.310800099608004,"ENSG00000151376.16"
0,0.153051389047516,"ENSG00000150687.12"
0.144291900073874,0.218802688686595,"ENSG00000197882.3"
0,0,"ENSG00000269895.1"
0.0357977680647173,0.437220053266917,"ENSG00000255203.1"
0.0393191525625857,0.530867431157673,"ENSG00000255471.1"
0.131256937769845,0.407311026365993,"ENSG00000280339.1"
0.0322600476225495,0.293479398843332,"ENSG00000174804.4"
0,0.599093923850712,"ENSG00000246523.8"
0,0.561299906350128,"ENSG00000166575.17"
0.0886554200642403,0.410578220344367,"ENSG00000254843.1"
7.12557583252075e-11,0.435754638916721,"ENSG00000279836.1"
0.000823885072030032,0.00685831393760699,"ENSG00000213287.3"
0.0496411153922038,0.327733567845128,"ENSG00000254582.1"
2.92843268916549e-19,0.13706064694753,"ENSG00000123892.12"
0,0,"ENSG00000109861.16"
0,0.029575464167103,"ENSG00000288018.1"
0,0.87820031694339,"ENSG00000086991.13"
0,0.344885611794404,"ENSG00000077616.11"
0,0,"ENSG00000280385.1"
0,0,"ENSG00000110172.12"
4.87521244089736e-24,0.588722270749323,"ENSG00000165323.15"
0,0.324110541505104,"ENSG00000180773.15"
0,0.0499949597234177,"ENSG00000166002.7"
0.476854884394137,3.35141380071078e-21,"ENSG00000234106.3"
0,0.536127595416605,"ENSG00000166004.15"
0.534434854380188,7.78624016499686e-13,"ENSG00000254911.3"
0.234636587404724,4.19501940385799e-19,"ENSG00000279696.1"
0,0,"ENSG00000166012.17"
0,0,"ENSG00000182919.14"
1.37578979857012e-21,0.350733927003192,"ENSG00000042429.12"
0.0250813368546856,0,"ENSG00000181333.12"
0,0,"ENSG00000110218.9"
0,0,"ENSG00000250519.7"
0,0.26690147749445,"ENSG00000123901.9"
0,0,"ENSG00000020922.12"
0,0,"ENSG00000168876.9"
0,0,"ENSG00000196371.3"
0.231334047151417,0.258439002791196,"ENSG00000134627.12"
0,0.413313531619143,"ENSG00000166025.18"
0,0,"ENSG00000213368.3"
0,0,"ENSG00000150316.12"
0,0,"ENSG00000186280.7"
1.23421027331599e-12,0.0111952456477619,"ENSG00000263465.4"
1.37249491782204e-19,0.228645475345958,"ENSG00000149218.5"
8.81837043397852e-11,0.0693552194384291,"ENSG00000270689.1"
0.218428168522825,0.485762036262261,"ENSG00000245552.7"
0,0,"ENSG00000149212.12"
0.0458258349646543,0.352073752989353,"ENSG00000077458.13"
0,0,"ENSG00000166037.11"
0.0608196660998057,0.421762989918354,"ENSG00000087053.18"
0,0,"ENSG00000184384.14"
0,0,"ENSG00000285921.1"
6.79358635089043e-12,0.511355451331943,"ENSG00000149231.14"
0.12616372114062,0.11734713785109,"ENSG00000183340.7"
0.00821922526105231,4.41718329346265e-20,"ENSG00000165895.19"
0,0,"ENSG00000082175.15"
0.119544215564691,8.37446397770553e-14,"ENSG00000137672.13"
1.10239039025055e-14,0.515964032712086,"ENSG00000187151.7"
0.132296441616916,0.540371995925575,"ENSG00000110318.15"
0.0954856218526214,1.16238231887853e-09,"ENSG00000137691.13"
0.0593862925745723,0.0260508078535697,"ENSG00000277459.1"
0.032652707644533,0.292008893080793,"ENSG00000137693.14"
0,0.744771025854663,"ENSG00000023445.14"
0,0,"ENSG00000110330.8"
0,0.201439475990512,"ENSG00000152558.15"
5.71341361278358e-13,0.0359896512117868,"ENSG00000137673.9"
0.191236350570098,0.482012261152085,"ENSG00000118113.12"
0.0999060321281849,0.125579252053798,"ENSG00000255282.6"
0,0,"ENSG00000166670.10"
0.216233203557479,7.16524830144054e-15,"ENSG00000196611.5"
0,0,"ENSG00000149968.12"
0.0979390590208004,0,"ENSG00000262406.3"
0.0107753315732639,0.829841060416295,"ENSG00000137745.12"
0,0,"ENSG00000137692.12"
0.00538364409486045,0.494803513429824,"ENSG00000187240.16"
0.0184193686751065,2.55720399173431e-12,"ENSG00000254931.2"
0.376999574106687,1.65933597016135e-12,"ENSG00000255417.1"
0.370029338848979,0,"ENSG00000255350.1"
2.58319936661331e-19,0.131045722611788,"ENSG00000254565.1"
0,0,"ENSG00000253245.2"
0.0981985807425584,0.700876743539799,"ENSG00000170962.13"
0,0.534779565825903,"ENSG00000170967.5"
0,0,"ENSG00000235505.7"
0,0,"ENSG00000196954.14"
0.0867622245901862,0.640329216166986,"ENSG00000137752.24"
0.0419473257987592,0.617023785546136,"ENSG00000204397.8"
0,0,"ENSG00000285813.1"
0,0,"ENSG00000170903.11"
0,0,"ENSG00000182359.15"
0,0,"ENSG00000149313.11"
1.16598541653745e-11,0.340164144666479,"ENSG00000152402.10"
0,0.0535125173894254,"ENSG00000261098.1"
0,0,"ENSG00000152404.15"
0.154078871212962,0.0902357606073133,"ENSG00000225215.1"
0,0,"ENSG00000137760.14"
0,0.338178168731985,"ENSG00000110660.15"
0,0.0787312764145354,"ENSG00000240652.1"
0,0.470438545007422,"ENSG00000166266.14"
0.0575256735819331,0.552028688364926,"ENSG00000075239.14"
0,0,"ENSG00000149308.17"
0.132847080900297,0.117441388322139,"ENSG00000149311.18"
0,0,"ENSG00000166323.13"
0.0563975844239652,0.352580176335803,"ENSG00000178202.13"
0,0.158853170120464,"ENSG00000110723.12"
0,0,"ENSG00000178105.11"
0.0187515873440516,0.451896627790797,"ENSG00000185742.7"
0.372925808744551,0.0469397537097292,"ENSG00000137710.16"
0,0,"ENSG00000149289.11"
0.0453637087234042,1.22020073676908e-11,"ENSG00000137714.3"
0,0.338139280421166,"ENSG00000137727.12"
0,0.136463345352386,"ENSG00000271584.2"
0.196470651259739,0.329107321761073,"ENSG00000196167.10"
0.0656438220062619,0.620705848690089,"ENSG00000110777.12"
0,0.340400187072315,"ENSG00000204381.11"
0.0855402808724509,0.331654030056107,"ENSG00000170145.5"
0,0,"ENSG00000235286.1"
4.783471220602e-13,0.433281787910792,"ENSG00000137713.16"
2.56500090787184e-11,0.744835910575353,"ENSG00000254990.5"
0,0.63340424013828,"ENSG00000086848.15"
0,0,"ENSG00000255561.7"
0,0,"ENSG00000137720.8"
0.0489673522805249,0.405826111374169,"ENSG00000109846.9"
0.0527910954656635,0.245274500147615,"ENSG00000170276.6"
0.00554761859010066,0.541971967715621,"ENSG00000150764.14"
0,0,"ENSG00000150768.15"
5.52108294326659e-13,0.132858735569653,"ENSG00000230911.1"
0,0,"ENSG00000150773.10"
0.0481593743311036,0,"ENSG00000150776.18"
0.00654187807952413,0,"ENSG00000150779.12"
0,0,"ENSG00000204370.12"
0.0875794128363148,0.64390162560938,"ENSG00000150782.12"
0,0,"ENSG00000197580.12"
0,0,"ENSG00000150787.8"
0,0,"ENSG00000250303.4"
1.56998869448548e-13,0.768686889376191,"ENSG00000149294.16"
0,0,"ENSG00000149292.16"
0,0.227110006362304,"ENSG00000270179.1"
0,0.0506159337682054,"ENSG00000166682.13"
0.0794978051269699,0.250014363762839,"ENSG00000086827.9"
0,0,"ENSG00000048028.11"
0.0611231326040152,2.90568374487522e-15,"ENSG00000255710.2"
0.132899557255603,0.129888973324645,"ENSG00000109906.14"
0,0,"ENSG00000286463.1"
4.51435268225685e-10,0.151371315526084,"ENSG00000256947.1"
0.263470336189429,3.14213508719984e-19,"ENSG00000166741.7"
0.191236347279834,1.04937831403726e-19,"ENSG00000256195.3"
0,0,"ENSG00000180425.11"
0,0,"ENSG00000076053.10"
0.132596831005046,0.288222165906215,"ENSG00000076043.10"
0.0161046294873277,0.0448216816550434,"ENSG00000256533.1"
0.156673658622541,0,"ENSG00000095110.8"
0,0.224209903303872,"ENSG00000182985.17"
0.289016633926104,0.298548071359223,"ENSG00000246100.4"
0,0.00675536243066293,"ENSG00000137656.12"
0,0,"ENSG00000109917.11"
0,0.0509955296008467,"ENSG00000235910.2"
0,0.361936855452369,"ENSG00000160584.16"
0,0,"ENSG00000168092.14"
0.0836204157036268,9.06418721587676e-11,"ENSG00000149577.16"
0.0908850386249744,0.338793456384549,"ENSG00000149591.17"
0,0.12129347811498,"ENSG00000160613.13"
4.82448900047661e-21,0.067315573267839,"ENSG00000167257.11"
0.124057814626447,1.7853355220752e-13,"ENSG00000186318.16"
0,0,"ENSG00000278768.2"
0,0,"ENSG00000110274.16"
0,0,"ENSG00000250699.1"
0.257818381794056,0.063361295896237,"ENSG00000177103.15"
0.288413796808441,0.50003187797633,"ENSG00000137726.17"
0.0104640386841038,0.766068744016887,"ENSG00000110324.10"
0,0.087627799943721,"ENSG00000177098.8"
0.213460697512553,0.310558284675507,"ENSG00000149575.6"
0.185345380478504,0.66750038445255,"ENSG00000160593.19"
0.123092284266683,0.670655194807224,"ENSG00000160588.10"
8.85269532993565e-19,0.0796754435977649,"ENSG00000149573.9"
0.260095805071745,0.488451000244901,"ENSG00000198851.9"
0,0.0650974915136656,"ENSG00000160654.10"
0,0.139966716248811,"ENSG00000110344.9"
2.46404585834756e-09,0.0814096568612681,"ENSG00000254873.1"
0,0.195538918150366,"ENSG00000167283.8"
0,0.0697356864179646,"ENSG00000118058.22"
0,0,"ENSG00000255435.7"
0,0,"ENSG00000149582.16"
0.0981974826962412,0.339729097826954,"ENSG00000118096.8"
0,0,"ENSG00000095139.14"
0.135234782254259,0.443853394924968,"ENSG00000019144.19"
0.081313194788269,0.683109873891551,"ENSG00000255176.1"
0,0.222173794122813,"ENSG00000118094.12"
0,0,"ENSG00000110367.13"
0,0,"ENSG00000278376.1"
0,0.322746451569816,"ENSG00000186174.12"
0,0,"ENSG00000255121.2"
0,0.0291146726366564,"ENSG00000186166.9"
1.73193623079107e-12,0.16254648886992,"ENSG00000240970.1"
0,0,"ENSG00000254428.1"
0,0.134612234367986,"ENSG00000254909.1"
0,0,"ENSG00000118181.11"
0,0,"ENSG00000196655.12"
1.23776027293002e-13,0.0880664390228718,"ENSG00000137700.18"
3.62038418381539e-20,0.129025252519413,"ENSG00000149428.19"
0,0.484120203630359,"ENSG00000160695.14"
0.158836343232901,0.434808885845081,"ENSG00000256269.10"
0,0.493433921922248,"ENSG00000188486.3"
0.0183572100948735,0.0361710306465624,"ENSG00000172269.19"
2.37381489818749e-15,0.0271893244128864,"ENSG00000172375.13"
7.16001515649344e-22,0.129431685333547,"ENSG00000172273.13"
0,0,"ENSG00000160703.16"
0,0,"ENSG00000248712.7"
0,0.368857283457058,"ENSG00000110395.6"
0.159906560275403,0.233549580756336,"ENSG00000076706.17"
1.80240893754044e-12,0.0844198031021959,"ENSG00000173456.5"
1.51654079372817e-12,0.274612464681834,"ENSG00000036672.16"
0,0,"ENSG00000245248.8"
0,0.0311674000209371,"ENSG00000154096.13"
0.0107660380790889,0.733251894889224,"ENSG00000110400.11"
0.114262979329887,0.522598465752356,"ENSG00000184232.9"
0,0.288237735590372,"ENSG00000181264.8"
0.343810528119346,0.245620784455922,"ENSG00000196914.9"
0,0,"ENSG00000149403.12"
1.31842564510078e-17,0.109277310036959,"ENSG00000154114.12"
0,0,"ENSG00000109927.10"
0,0.0512481211733458,"ENSG00000109929.10"
0,0.555123482446143,"ENSG00000137642.13"
0.00511532061759504,0.247999753913052,"ENSG00000255248.9"
0,0,"ENSG00000259571.2"
0,0.622070460982973,"ENSG00000154127.10"
0,0.214783861715677,"ENSG00000286341.1"
0,0,"ENSG00000285909.1"
0.0994848975307943,0.612508254677322,"ENSG00000109943.9"
0.108378912279474,1.28345034322155e-22,"ENSG00000109944.10"
0.0119974754676037,0.270333806331287,"ENSG00000254944.1"
0,0,"ENSG00000244641.2"
0,0,"ENSG00000109971.14"
2.71008188862408e-10,0.0093359460061183,"ENSG00000200879.1"
0.0594914806852106,0.516078409395567,"ENSG00000166250.12"
0.243341729593868,0,"ENSG00000255342.1"
0,0.118343875904947,"ENSG00000254710.2"
0,0.705052950987994,"ENSG00000023171.18"
0.0565797345088151,0.599564839652655,"ENSG00000166261.11"
0,0.463684832314155,"ENSG00000110002.16"
0,0,"ENSG00000154144.13"
0.118751455172202,1.99933799420304e-12,"ENSG00000110013.13"
4.62050355588593e-17,0,"ENSG00000064199.6"
0.0820881773591356,0.724266677889011,"ENSG00000154146.13"
0,0.386531902598249,"ENSG00000019102.12"
0,0,"ENSG00000149564.12"
0.174812202177692,0,"ENSG00000250073.3"
0,0,"ENSG00000120458.11"
0,0,"ENSG00000279342.2"
2.02644875474378e-10,0.0922848721688753,"ENSG00000245498.7"
0,0.319031360210375,"ENSG00000154134.15"
0.0208038409463208,8.75365131017551e-13,"ENSG00000154133.15"
0.0746924860177963,0.448780241796814,"ENSG00000165478.7"
0.266766433468996,0.36931604498011,"ENSG00000149548.15"
0.208855272345594,0.226849448987518,"ENSG00000134955.11"
0.150218432232986,0,"ENSG00000150433.9"
0,0.161126925723748,"ENSG00000165495.16"
0.162521037381939,0.240963968609215,"ENSG00000149557.14"
7.85522265289297e-15,0.0961025664016744,"ENSG00000149547.15"
0,0,"ENSG00000134910.14"
0.298729480491745,0.399050305839526,"ENSG00000149554.13"
4.80307140837667e-13,0.0322392377926042,"ENSG00000198331.10"
0,0,"ENSG00000110060.9"
1.66080753353952e-17,0.729757605540964,"ENSG00000064309.14"
0,0,"ENSG00000254759.1"
0,0.489156106011993,"ENSG00000165526.9"
0,0.00172123828680347,"ENSG00000197798.9"
0,0,"ENSG00000182934.12"
0,0,"ENSG00000110074.11"
0.196138944390613,0.0867904376164265,"ENSG00000150455.13"
6.31404175434556e-23,0.00692311661349846,"ENSG00000110063.10"
0.236127605798803,1.7670206097901e-12,"ENSG00000280832.1"
0,0,"ENSG00000110080.18"
0,0.36369926970716,"ENSG00000149571.12"
0,0,"ENSG00000254960.2"
0,0,"ENSG00000254612.2"
0.10224671191483,0.523773835546576,"ENSG00000134954.14"
0.223305932683531,0.711552757314859,"ENSG00000151702.17"
0,0,"ENSG00000254703.2"
0,0.0280005299220186,"ENSG00000151704.15"
0,0.109671565449966,"ENSG00000120457.12"
0.689697869215533,7.62007144194483e-23,"ENSG00000174370.10"
0.189204553315015,6.29458984367143e-23,"ENSG00000134909.18"
0,0.0236602266937823,"ENSG00000170322.14"
0,0.291209941342897,"ENSG00000170325.14"
6.01461951237004e-13,0.453936314935099,"ENSG00000233220.3"
0,0,"ENSG00000084234.17"
0,0.538658457576535,"ENSG00000149418.11"
0,0,"ENSG00000196323.14"
0,0,"ENSG00000255358.1"
2.92892235231977e-13,0.264236385974218,"ENSG00000255220.1"
0.0812759988847592,0.247360185679294,"ENSG00000272412.2"
0,0.406769427813082,"ENSG00000166106.3"
0,0,"ENSG00000255455.2"
0.0231679605406026,0.163462808546606,"ENSG00000120451.10"
0.0295550995443882,0.845126223249436,"ENSG00000182667.14"
0.098814812328813,0,"ENSG00000080854.15"
0,0.631636928162535,"ENSG00000204241.8"
0.199935227243618,0.260746588087671,"ENSG00000166086.13"
0.0787647944985544,0.335916431424359,"ENSG00000151503.12"
0,0,"ENSG00000151502.11"
0,0.176650774951073,"ENSG00000151500.15"
0,0.60600182198885,"ENSG00000151498.11"
0.650915615329453,6.59705275147955e-10,"ENSG00000149328.14"
0.151979020043751,2.75363899645612e-22,"ENSG00000226210.3"
3.62347910060514e-11,0.482282184452499,"ENSG00000120645.12"
0,0.40945516102442,"ENSG00000261799.1"
0,0,"ENSG00000073614.13"
2.12435990190727e-20,3.08383329471815e-16,"ENSG00000120647.10"
0,0,"ENSG00000139044.12"
0,0,"ENSG00000171840.12"
0.0875778344818495,5.78184814938654e-12,"ENSG00000177406.5"
0,0.500810597097019,"ENSG00000060237.17"
0.117328880354422,0.531861007831554,"ENSG00000285704.1"
0,0,"ENSG00000002016.18"
0.0088568649050752,0.131551250424036,"ENSG00000250132.6"
0,0,"ENSG00000082805.20"
3.6036294729786e-21,0.0139816862810155,"ENSG00000275811.1"
0,0,"ENSG00000249028.2"
0,0,"ENSG00000111186.13"
1.12899041172313e-10,0.156418495758122,"ENSG00000171823.7"
0,0.594388007752376,"ENSG00000006831.10"
0,0.0165657001823524,"ENSG00000271500.1"
0,0,"ENSG00000285627.1"
0,0.125542474411617,"ENSG00000243663.1"
0,0,"ENSG00000151062.15"
0,0,"ENSG00000151065.14"
0,1.65270525456111e-17,"ENSG00000151067.22"
0,0,"ENSG00000256025.2"
8.21185335129802e-16,0,"ENSG00000285555.1"
0,0,"ENSG00000285734.1"
0,0.0223879286745377,"ENSG00000246627.6"
0,0.11640753499012,"ENSG00000004478.8"
0,0,"ENSG00000111203.13"
0,0.362115398908485,"ENSG00000053702.15"
0,0.131372419796683,"ENSG00000283297.2"
7.13050095658453e-11,0.220453465043686,"ENSG00000111206.12"
4.17256172179435e-19,0.0656211265168615,"ENSG00000171792.11"
0,0.227053483937595,"ENSG00000078246.17"
6.4784739348929e-18,0.0634965360309715,"ENSG00000197905.9"
0,0,"ENSG00000250899.3"
0,0,"ENSG00000011105.14"
0.164181487642919,0.489240170982723,"ENSG00000130038.10"
0.409757333490203,2.31452341431224e-13,"ENSG00000280202.1"
0,0,"ENSG00000111224.14"
1.4271116377501e-19,0.181824915109239,"ENSG00000118976.5"
0.0813481204181981,0.0865361550523134,"ENSG00000256862.3"
0.0402870035433676,0.298264644741058,"ENSG00000255920.3"
1.73034678772603e-10,0.108373788646668,"ENSG00000118971.8"
0,0,"ENSG00000078237.7"
0.00245060054344559,1.06790312993155e-11,"ENSG00000047621.12"
0.319829642360667,0.269630765162295,"ENSG00000111247.14"
0,0,"ENSG00000010219.13"
0,0.25815688700097,"ENSG00000111254.8"
0,0.00268563916645462,"ENSG00000139180.11"
0.104094803235528,0.131332197179423,"ENSG00000256654.4"
0,0,"ENSG00000111262.6"
0,0,"ENSG00000047617.15"
0,0,"ENSG00000110799.13"
0.034623763554579,0.359633506640432,"ENSG00000010278.14"
0.0925358899387659,0,"ENSG00000008323.15"
0,0,"ENSG00000067182.7"
0,0,"ENSG00000111319.13"
0,0.0032237701176663,"ENSG00000111321.11"
0.250863567035582,1.57173592205118e-10,"ENSG00000256433.3"
0,0,"ENSG00000215039.7"
0,0.211641411807021,"ENSG00000139193.3"
0.156879127126858,0.245294276061698,"ENSG00000139192.12"
0,0.199238298827529,"ENSG00000139190.16"
2.10648069716143e-17,0,"ENSG00000111639.8"
5.31954757175568e-22,0.093493457465644,"ENSG00000010292.13"
0.0395553813158967,0.181697679443934,"ENSG00000111640.15"
0,0,"ENSG00000010295.19"
1.53410416243126e-14,0.437342530197988,"ENSG00000111641.11"
5.37142819807846e-12,0.232990771000153,"ENSG00000111642.15"
0.192125238942817,0.524288198692588,"ENSG00000184574.10"
0.156532738786263,0.52337095874091,"ENSG00000111644.8"
0,0,"ENSG00000111653.20"
0,0,"ENSG00000126746.17"
0,0,"ENSG00000139200.13"
0.555699313347864,0.0974949575416104,"ENSG00000111652.10"
0,0,"ENSG00000089693.10"
0,0.0108268905282179,"ENSG00000159335.16"
0,0.668136811813515,"ENSG00000089692.9"
0.308728945720349,0.383665716456297,"ENSG00000010610.10"
0,0.150061966965142,"ENSG00000250510.8"
0,0,"ENSG00000110811.20"
0,0,"ENSG00000111664.10"
0.081394588585297,0.367130569972429,"ENSG00000111665.11"
1.98524919654017e-12,0.0105842796102462,"ENSG00000111667.13"
0.195352590847416,0,"ENSG00000111669.15"
0,0,"ENSG00000111671.9"
0,0,"ENSG00000240370.6"
0,0,"ENSG00000010626.15"
0,0,"ENSG00000248593.3"
0,0.613248203127133,"ENSG00000111674.9"
6.56804623958519e-20,0.324794868271215,"ENSG00000111676.15"
2.15070965717417e-12,0.0331962454900341,"ENSG00000111678.11"
0.18345269551146,0.573615339665312,"ENSG00000111679.17"
0,0,"ENSG00000215021.9"
2.03330211330688e-20,0.0588525644535058,"ENSG00000126749.16"
6.96828470646885e-19,0.0839031743740853,"ENSG00000111684.11"
6.35395096990462e-11,0.063001605314241,"ENSG00000182326.15"
0,0.23569010217009,"ENSG00000159403.18"
0,0,"ENSG00000139178.11"
0.0247185818750654,0.244411877168426,"ENSG00000205885.7"
0,0,"ENSG00000139194.8"
8.42466122327079e-12,0.222923774962898,"ENSG00000256967.1"
0,0.0417670519419274,"ENSG00000139182.15"
0,0,"ENSG00000139197.10"
0.032125562895299,5.41938867476326e-13,"ENSG00000177675.8"
0,0,"ENSG00000255836.1"
0.195738663206929,0.208330005711768,"ENSG00000177575.12"
0.0415759511751643,0.81571831865686,"ENSG00000173262.11"
5.9590436022825e-21,0.530198328271011,"ENSG00000059804.16"
0,0,"ENSG00000065970.9"
4.62250111909053e-12,0.487498213006936,"ENSG00000171860.5"
7.59126763894303e-14,0.255739984597746,"ENSG00000089818.18"
0,0,"ENSG00000284697.1"
0,0,"ENSG00000226711.7"
0,0,"ENSG00000275367.1"
0.029901585611321,4.25661691387082e-17,"ENSG00000215241.4"
9.67633483982703e-05,0.383225245340794,"ENSG00000166527.8"
0.06191493947541,0.754843602797356,"ENSG00000166523.8"
0.0360462170936218,0.255339717674418,"ENSG00000255967.1"
0.0061323858860916,0.928035216574214,"ENSG00000197614.11"
1.10175567692085e-18,0.0932387508100374,"ENSG00000166532.16"
0.0204217824662802,0.152480960112593,"ENSG00000249790.3"
0,0,"ENSG00000166535.20"
7.31832632324003e-14,0.0193255445969752,"ENSG00000111752.11"
0,0,"ENSG00000003056.8"
0,0,"ENSG00000139187.10"
4.63166525458492e-11,0.402084795920154,"ENSG00000245105.4"
0.131562449138847,2.54271825545463e-09,"ENSG00000175899.14"
0,0,"ENSG00000256937.1"
0.0466953863709443,0.29884556505317,"ENSG00000111788.10"
6.05703342639814e-16,0.512997140788934,"ENSG00000214826.5"
3.87347333887438e-13,0.252160999239023,"ENSG00000256594.8"
0,0,"ENSG00000257027.1"
2.0587342887486e-13,0.251726323779943,"ENSG00000069493.15"
0.0455736351535412,0.354115481889199,"ENSG00000184293.7"
0.191034746872848,0.552554689292463,"ENSG00000110848.8"
0.068309976063916,0.302602963481683,"ENSG00000110852.4"
0.192254507150199,0.679580854992522,"ENSG00000172322.14"
0.0543513751407191,0.387850226513906,"ENSG00000165682.14"
0.451587812641467,0.144705149443901,"ENSG00000150048.10"
0.0901180451098513,0.7498651094346,"ENSG00000172243.17"
0,0.859789494583933,"ENSG00000173391.9"
1.13466918763742e-10,0.016733620149868,"ENSG00000139112.11"
0,0,"ENSG00000134539.17"
0,0.449090907710571,"ENSG00000245648.2"
0.491473764671978,6.46709706152646e-11,"ENSG00000180574.3"
0.229770877069148,0.265583048755588,"ENSG00000256667.6"
0,0,"ENSG00000111196.10"
1.54063921656878e-15,0.635731449130006,"ENSG00000060138.13"
0,0,"ENSG00000231887.7"
8.22918205073208e-15,0.0953765416017204,"ENSG00000121318.2"
1.83476029050301e-12,0.194585531452054,"ENSG00000111215.12"
3.80999754975815e-20,0.0445161681988352,"ENSG00000256682.2"
0.0794888593657539,0.117726727835999,"ENSG00000212128.2"
0,0,"ENSG00000134551.13"
0.112424353017959,0.152631874977381,"ENSG00000212127.5"
0,0,"ENSG00000212125.2"
0.193176083195598,0.0435202398649919,"ENSG00000212126.3"
0,0,"ENSG00000255837.1"
0.123309424066797,0,"ENSG00000212124.2"
0,0,"ENSG00000256436.1"
9.18400018446747e-18,0.17064016669623,"ENSG00000226761.3"
0,0.090064806924836,"ENSG00000256274.1"
0,0,"ENSG00000255374.3"
3.80617279987219e-13,0.205386029074196,"ENSG00000256188.3"
0,0,"ENSG00000256981.1"
4.97165911662357e-21,0.082360280906852,"ENSG00000256712.1"
0.157877813655216,0.441123509198078,"ENSG00000256537.5"
0.195666297354731,0.203040470082915,"ENSG00000256657.1"
0,0,"ENSG00000251655.6"
0,0,"ENSG00000121335.12"
0.218476184634958,0.134553420294662,"ENSG00000255790.6"
0.0556921292286476,0,"ENSG00000270863.1"
0.539218771662081,0.059172465208296,"ENSG00000247157.7"
0,0.433163570715109,"ENSG00000139083.10"
0,0,"ENSG00000121380.12"
9.02287537911824e-12,0.58176218432052,"ENSG00000070018.9"
0,0,"ENSG00000111261.14"
0,0,"ENSG00000205791.3"
0,0.342071990974842,"ENSG00000165714.11"
0,0.0774108262419523,"ENSG00000111266.9"
2.52813605015266e-10,0.490593610069971,"ENSG00000111269.3"
6.70115479088464e-20,0.290060856796823,"ENSG00000111276.11"
0.0725695929015214,0.135425373218785,"ENSG00000275560.1"
0.00955724293908206,0,"ENSG00000178878.12"
0,0,"ENSG00000213782.7"
0,0,"ENSG00000013588.8"
0,0,"ENSG00000247498.10"
0.0748647776745559,1.2407493349625e-18,"ENSG00000013583.10"
0,0,"ENSG00000183935.5"
0,0,"ENSG00000084444.14"
4.17016740344786e-10,0.073046873572311,"ENSG00000134531.10"
0.196813718719395,0.180282170547175,"ENSG00000286869.1"
0.0121903511968055,2.16506085260898e-12,"ENSG00000273079.5"
0,0.196428803879641,"ENSG00000171681.12"
0.448311193148677,0.345035519380439,"ENSG00000121316.11"
0.195399940871405,0.137899539418006,"ENSG00000256751.6"
1.94008628888312e-19,0.348790291805717,"ENSG00000070019.5"
6.79882695022424e-10,0.132900683921506,"ENSG00000261324.2"
0,0,"ENSG00000197837.3"
0.0472423986859883,0.219418105823298,"ENSG00000246705.4"
0,0,"ENSG00000084463.8"
0,0,"ENSG00000182993.5"
1.0645132839506e-11,0.483898474755764,"ENSG00000111339.12"
0,0.438687537674236,"ENSG00000111341.10"
0.222578029643148,0.67427627524802,"ENSG00000111348.9"
3.26522400691146e-11,0.406203815403126,"ENSG00000134533.6"
0,0,"ENSG00000151490.14"
1.20393567192794e-15,0.203847406219874,"ENSG00000151491.14"
0.0439533415541673,0,"ENSG00000255565.1"
0,0,"ENSG00000023734.11"
1.28914686616216e-07,0.363243915734989,"ENSG00000023697.13"
9.12141162504872e-12,0.49243350319032,"ENSG00000008394.13"
0.106806230611988,0.154940868942713,"ENSG00000256238.1"
0,0.285682106399391,"ENSG00000286303.1"
2.98557050251236e-19,0.254242502750294,"ENSG00000256450.1"
4.60666065390621e-13,0.636548351274914,"ENSG00000048540.15"
3.44228250800557e-11,0.135808974856528,"ENSG00000256564.1"
0,0.325600875068332,"ENSG00000283240.1"
0.114508544288297,0.222295597697991,"ENSG00000255871.2"
0,0,"ENSG00000213235.3"
0,0.541450473454274,"ENSG00000052126.14"
5.68776270189947e-11,0.0807043238922107,"ENSG00000253284.2"
3.01558736300669e-19,0.124162783134508,"ENSG00000243854.3"
1.01690645321964e-12,0.0300158631031626,"ENSG00000139154.15"
0.0590633824221672,9.30472696084336e-09,"ENSG00000245205.3"
0,0.191564407794034,"ENSG00000287074.1"
2.11646828671587e-15,2.74489694375869e-16,"ENSG00000172572.6"
0,0.0167640781685177,"ENSG00000256663.1"
0,0,"ENSG00000139155.8"
0.0997224180109854,0,"ENSG00000121350.16"
0,0,"ENSG00000004700.16"
0.0297343727215142,1.59025256712404e-09,"ENSG00000111711.10"
0,0,"ENSG00000134548.11"
0,0.0817671331421237,"ENSG00000111716.13"
0,0.38479139051476,"ENSG00000121361.5"
0,0.466061060653325,"ENSG00000069431.11"
0,0.382294701312161,"ENSG00000111726.13"
0,0,"ENSG00000111728.10"
0,0,"ENSG00000111731.12"
0,0,"ENSG00000256973.1"
0,0.386754528295931,"ENSG00000139163.16"
1.36497472959432e-10,0.23611134840594,"ENSG00000134532.18"
0.420846278251836,0.279173831021358,"ENSG00000216192.1"
6.38176316078334e-08,0.119241714995707,"ENSG00000256120.2"
0.182031694583576,0.287045931871628,"ENSG00000060982.15"
0,0,"ENSG00000278969.1"
0,0.106629745400781,"ENSG00000255921.1"
0.297220734996493,0.249931752744512,"ENSG00000118308.15"
0,0,"ENSG00000118307.19"
0,0,"ENSG00000205707.10"
0.136556272259175,0.425494923222404,"ENSG00000133703.12"
0.222557803606714,0.401009922296099,"ENSG00000278743.1"
0.0433938281763295,0,"ENSG00000246695.8"
1.05023471015705e-13,0.491644554589094,"ENSG00000123094.15"
0.0503494311103037,0.127917907995036,"ENSG00000123095.6"
7.2721116054777e-20,0.440751392695567,"ENSG00000123096.11"
0.0538217565514601,4.88781885309561e-12,"ENSG00000256894.1"
0,0,"ENSG00000123104.12"
0,0,"ENSG00000234428.2"
0.00926823870307163,0,"ENSG00000064102.15"
0.0491120018575995,0.081152607646485,"ENSG00000111790.14"
0,0,"ENSG00000064115.11"
0,0,"ENSG00000152944.9"
2.56367697936318e-10,0.0720923211003367,"ENSG00000275764.1"
0.147200791536168,2.54770176626125e-06,"ENSG00000256625.1"
6.72339084454789e-21,0.0290147969418849,"ENSG00000211455.8"
0.0409449171825791,0.0529335452358567,"ENSG00000029153.14"
3.09762397895707e-20,0.103455473172898,"ENSG00000110841.14"
0,0,"ENSG00000248100.2"
0.300994621640254,0,"ENSG00000256056.1"
0,0,"ENSG00000174236.4"
0,0,"ENSG00000061794.13"
0.0217714979441547,1.81483765880737e-12,"ENSG00000087448.11"
0,0,"ENSG00000087494.16"
0,0.107969146826623,"ENSG00000123106.10"
0,0,"ENSG00000247934.4"
0,0,"ENSG00000202187.1"
0.0465031092081252,0.371597342343124,"ENSG00000064763.11"
0.292638100955141,0,"ENSG00000257176.3"
0,0,"ENSG00000274315.1"
0,0.664260603677683,"ENSG00000087502.18"
0,0,"ENSG00000257599.3"
0.239404085372212,7.75037361617053e-08,"ENSG00000187950.8"
0.0544817154407466,0.552928782910083,"ENSG00000133687.16"
0,0,"ENSG00000242986.2"
4.5108780822238e-15,0,"ENSG00000133704.10"
0,0.00497583305425925,"ENSG00000110888.17"
0,0.36268266604338,"ENSG00000285517.1"
1.79238181123952e-12,0.588488480912818,"ENSG00000110900.15"
0,0,"ENSG00000226472.8"
1.89187082093902e-19,0.326269506866168,"ENSG00000013573.17"
0.290665320501865,0.446423678406459,"ENSG00000139146.14"
0,0.239269992098729,"ENSG00000177340.5"
4.61592639963643e-10,0.0776675032877463,"ENSG00000170456.16"
1.46113860257027e-15,0,"ENSG00000139160.13"
0,0,"ENSG00000151743.11"
0,0,"ENSG00000276058.1"
0,0.25839187721539,"ENSG00000276900.1"
0.237278298906906,0.219262989369344,"ENSG00000174718.12"
0.0419087474187569,1.13480980119463e-09,"ENSG00000151746.14"
0.0377298063196848,1.93078283230697e-12,"ENSG00000274964.1"
3.68585958857445e-21,0.0300368763514232,"ENSG00000276115.1"
0,0.423238661140991,"ENSG00000139132.14"
3.82332309683396e-12,0.419989379071971,"ENSG00000087470.18"
0,0,"ENSG00000257511.1"
0.0762130211345637,0.211631068252834,"ENSG00000139131.13"
0.0952165457552121,2.07831134090149e-10,"ENSG00000274105.1"
0.0813637627284325,3.46684248443776e-08,"ENSG00000057294.14"
0.0534501912968614,0,"ENSG00000139133.7"
0,0,"ENSG00000175548.9"
0,0,"ENSG00000139117.14"
0.0969636957389123,0.129359612203485,"ENSG00000257718.1"
0.112775822853332,0.673277437791345,"ENSG00000139116.18"
0.00532600063048956,0.0347140389799067,"ENSG00000173208.4"
0.0759467145595765,0.426477940626997,"ENSG00000285732.1"
0.168012815433123,0,"ENSG00000151229.13"
0,4.95720325392919e-17,"ENSG00000225342.2"
1.3446136873124e-20,0.403335449175703,"ENSG00000188906.16"
0,0,"ENSG00000205592.14"
3.84009944568858e-14,0.890081321033577,"ENSG00000018236.15"
0,0.812526040777194,"ENSG00000165966.16"
0,0,"ENSG00000151233.11"
0,0.293315130101985,"ENSG00000015153.14"
0.00981548859511385,0.222753209963832,"ENSG00000134283.18"
0,0.627832351413354,"ENSG00000139168.8"
0,0,"ENSG00000207142.1"
0,0,"ENSG00000139174.12"
0.368188815348223,1.77915487737189e-09,"ENSG00000129317.14"
0,0,"ENSG00000257896.1"
0,0,"ENSG00000198001.13"
2.16123924946109e-12,0.0319897939904943,"ENSG00000151239.13"
0.0239719504306879,0,"ENSG00000139173.10"
0,0,"ENSG00000184613.10"
0,0.546067735125936,"ENSG00000185610.6"
0.0926821722537164,0.135752231070835,"ENSG00000134297.6"
0,0.526296020274549,"ENSG00000177119.16"
0.01735369426423,6.91790388609715e-15,"ENSG00000273015.2"
2.04577358433753e-12,0.409344091820437,"ENSG00000189079.17"
0,0,"ENSG00000139218.18"
0.0726636766996548,0.66339681966761,"ENSG00000111371.16"
0,0,"ENSG00000134294.14"
0,0,"ENSG00000258096.1"
0,0,"ENSG00000257261.6"
0,0,"ENSG00000275481.1"
8.63667841497774e-20,0.199498411268126,"ENSG00000278896.1"
0.0293774522657004,0,"ENSG00000139209.16"
0,0.451001485058209,"ENSG00000139211.6"
0.122003844294611,0.631641333126674,"ENSG00000179715.13"
0.263605386018777,0.239749740869964,"ENSG00000247774.7"
0,0,"ENSG00000005175.10"
0,0,"ENSG00000257433.6"
0,0,"ENSG00000111405.9"
0.216199738261518,0,"ENSG00000280054.1"
0,0,"ENSG00000079337.16"
0.111600761475933,0.135750464770014,"ENSG00000211584.14"
1.67338933385816e-11,0.179863473106107,"ENSG00000061273.18"
0,0,"ENSG00000274737.1"
0.0517241393691896,0.890875702894333,"ENSG00000111424.11"
0.398709958951323,1.05173067790994e-11,"ENSG00000134291.12"
0,0.0898931055198551,"ENSG00000139219.19"
0.068419671250571,0,"ENSG00000079387.14"
0.0704513745693331,0.16576486946901,"ENSG00000240399.1"
0.209079132949621,0.313007663243693,"ENSG00000152556.17"
7.64833109259994e-12,0.282090546230611,"ENSG00000177981.11"
0,0,"ENSG00000177875.5"
0,0,"ENSG00000269514.3"
0,0,"ENSG00000167528.12"
0.0786284199452192,0.0916720577831361,"ENSG00000139620.12"
0,0,"ENSG00000129315.11"
0.227403154912803,0.440557106805212,"ENSG00000174233.11"
0,0,"ENSG00000167535.8"
0.0269666750628351,0.267533463829206,"ENSG00000174243.10"
0,0,"ENSG00000172602.11"
0,0,"ENSG00000139537.11"
0.033060446267621,0.317741712798297,"ENSG00000134285.11"
4.1714726910405e-17,0.114838292957652,"ENSG00000134287.10"
1.33133567440035e-15,1.88854812203907e-17,"ENSG00000181929.13"
0,0.390697697881856,"ENSG00000167548.15"
0,0,"ENSG00000139549.4"
0,0,"ENSG00000139636.15"
0.0494367217391939,0.40625961973324,"ENSG00000123416.15"
1.94569244967402e-12,0.0326806707663558,"ENSG00000258017.2"
0.0951825836593741,0,"ENSG00000167552.14"
0,0.360478630924187,"ENSG00000167553.15"
0.166905960611184,0.416508862438621,"ENSG00000135451.13"
0.199135030209097,0.215275701776566,"ENSG00000123352.17"
0,0.0322496416735639,"ENSG00000257954.1"
0,0.0624447736458342,"ENSG00000135519.8"
0,0,"ENSG00000187778.14"
0.0171145717926202,3.3640493462685e-11,"ENSG00000110844.13"
0,0,"ENSG00000257964.1"
0,0,"ENSG00000135436.8"
0.133373052677983,0.535308739031999,"ENSG00000161791.14"
0,0.286733851276013,"ENSG00000139644.13"
0,0,"ENSG00000167566.17"
3.39823635953771e-14,0.179658404056639,"ENSG00000258057.6"
0,0,"ENSG00000186666.6"
0.147097659308312,0,"ENSG00000135472.9"
3.35550833891487e-20,0.413241233976496,"ENSG00000086159.13"
0.142365255217734,0.309346888211003,"ENSG00000161800.13"
0.163876257477993,0.113737329757239,"ENSG00000110881.11"
8.15051541203006e-19,0.029463876261566,"ENSG00000066117.15"
0.129743945949365,0.458805956724722,"ENSG00000167588.13"
0,0,"ENSG00000178449.9"
0,0,"ENSG00000272368.2"
0,0.312319645766674,"ENSG00000139624.13"
0.0651459215516487,0.491952168428768,"ENSG00000050405.13"
0.142096012583938,0.26351556462438,"ENSG00000257298.1"
0,0.000393935622279683,"ENSG00000257531.2"
0,0.440231317868866,"ENSG00000257256.1"
2.34036317781578e-11,0.544255914107583,"ENSG00000278842.1"
0.189334630225183,0.314512941545885,"ENSG00000185958.10"
0,0.0282674427175609,"ENSG00000161813.22"
0,0,"ENSG00000066084.13"
0,0,"ENSG00000123268.9"
5.5285370816955e-09,0.270513915807241,"ENSG00000185432.12"
1.78233148367028e-12,0.321528393628346,"ENSG00000271596.1"
1.14592888247288e-11,0.370491685340176,"ENSG00000110911.16"
5.5470156600565e-12,0.274921740161727,"ENSG00000050426.16"
0,0,"ENSG00000110925.7"
0.255042604624856,0,"ENSG00000135457.10"
0,0.109628504849607,"ENSG00000257246.1"
0,0,"ENSG00000184271.17"
0,0,"ENSG00000278126.1"
0,0,"ENSG00000183283.16"
0,0.400643858819096,"ENSG00000170545.17"
0.209652620173903,0.692853963099716,"ENSG00000110934.12"
0.0932649616560494,0.747996934733375,"ENSG00000139629.16"
0.0208328654555642,0.314266089700103,"ENSG00000050438.17"
0.0325077881703544,0,"ENSG00000196876.17"
0.205513131668093,0,"ENSG00000261308.2"
0.177271664207702,3.88073379101676e-12,"ENSG00000139567.12"
0.109150018452401,0,"ENSG00000135503.13"
0,0.51520607239802,"ENSG00000161835.11"
0,0,"ENSG00000123358.20"
0,0,"ENSG00000123395.14"
0,0,"ENSG00000135480.16"
0.0936193815651204,0.446927000809645,"ENSG00000167768.4"
0,0.884724389695185,"ENSG00000170421.12"
0.334619788413057,0.227186455106158,"ENSG00000111057.11"
2.83281925385686e-17,0.0613600600153558,"ENSG00000063046.17"
0.0550869433395104,0.306067833548373,"ENSG00000257337.7"
0.1682678220558,0.35919580267424,"ENSG00000111077.17"
0,0.579265604743735,"ENSG00000167778.9"
0,0.374666431311133,"ENSG00000167779.9"
1.09788965407298e-12,0.0879679243760945,"ENSG00000139631.18"
1.79335722764352e-18,0.0839641053604353,"ENSG00000139651.11"
0,0.102296373659332,"ENSG00000139626.16"
1.95678887970803e-11,0.371347655548689,"ENSG00000172819.17"
0.302666044889279,0.395566529268346,"ENSG00000182544.8"
0.0367477092838899,0.401646508146138,"ENSG00000135476.11"
0,0,"ENSG00000123349.14"
0,0,"ENSG00000139637.14"
0.0467634985756262,0.320588397869989,"ENSG00000094914.14"
0,0.769484142868417,"ENSG00000170374.6"
0,0.105199843458408,"ENSG00000185591.10"
0,0,"ENSG00000205352.11"
5.32304865315106e-12,0.0230016853950176,"ENSG00000197111.15"
9.24675756479172e-21,0.0149448376204296,"ENSG00000139625.13"
0.177304063896397,4.89607775822246e-13,"ENSG00000270175.1"
0,0,"ENSG00000139546.11"
0,0.116031484641464,"ENSG00000170653.19"
2.16388948328209e-17,0.466310188114372,"ENSG00000285692.1"
0,0,"ENSG00000135390.20"
0,0.455541262159269,"ENSG00000012822.16"
0,0,"ENSG00000228630.5"
0.120112442571234,0.131272203244238,"ENSG00000123388.4"
1.02466324605726e-12,0.253154843270534,"ENSG00000251151.2"
5.67733305103447e-37,0.654475561708916,"ENSG00000180818.5"
0,0.506822254679891,"ENSG00000197757.8"
0.0185217639360174,8.12210387657404e-11,"ENSG00000250133.2"
0.013655113181173,0.254150425453887,"ENSG00000180806.5"
1.47115332664189e-20,0.0832719758060683,"ENSG00000250451.5"
0,0.389807059646232,"ENSG00000037965.6"
0,0,"ENSG00000198353.8"
6.73668088385072e-10,0.344814746064409,"ENSG00000260597.1"
1.55361618190298e-19,0.302424305571107,"ENSG00000172789.3"
0,0,"ENSG00000248265.2"
0,0,"ENSG00000250654.7"
0.254884653553503,0.352074535686562,"ENSG00000123415.15"
0.031873643722798,0.58388921856586,"ENSG00000250742.4"
0.234372992316661,0.358207442972805,"ENSG00000260470.1"
0.16370524312703,0,"ENSG00000094916.16"
0.332921660162299,0.391992352009905,"ENSG00000135486.17"
0.244118472915621,0.595709778743442,"ENSG00000123405.14"
0.144121081673848,0,"ENSG00000111481.10"
0,0.56544070319236,"ENSG00000139572.4"
0.149745169522462,0.11768195949732,"ENSG00000161642.17"
0,0.316143651112263,"ENSG00000161638.11"
0.178595697616198,0.68829430140921,"ENSG00000123338.13"
0,0.520603152746155,"ENSG00000123360.12"
0.0864382326348267,0.562444422221047,"ENSG00000135447.17"
0.515414932985685,0.402761240925151,"ENSG00000135426.16"
0.066177639395278,0,"ENSG00000179899.8"
0.345810666308826,0,"ENSG00000170439.7"
0.121892132167652,0.228550743148911,"ENSG00000135424.16"
0.0667556287091937,0.319603509235161,"ENSG00000258311.5"
0,0,"ENSG00000135441.7"
0.0642858139400265,0.41134339769629,"ENSG00000135437.9"
0,0,"ENSG00000135404.11"
0.00803337631982631,0.0931941906132083,"ENSG00000258056.2"
0,0.136271101577254,"ENSG00000135414.10"
0,0.0413098924577019,"ENSG00000205323.9"
0,0,"ENSG00000257390.5"
0,0,"ENSG00000257509.1"
9.74391186777027e-19,0.0833374463430301,"ENSG00000123353.10"
0,0,"ENSG00000135392.16"
0,0,"ENSG00000182796.14"
0,0,"ENSG00000123342.16"
0,0,"ENSG00000170473.17"
0.293959279123273,0.472907419947666,"ENSG00000065357.20"
0.0801356778943248,0.341233817461204,"ENSG00000123374.11"
4.46895308567595e-22,0.0484223221930475,"ENSG00000111540.16"
0.301747451447889,0,"ENSG00000139531.13"
3.44268965138196e-13,0.46070470875146,"ENSG00000123411.15"
0.168328180920224,2.07017444659891e-12,"ENSG00000197728.11"
0,0,"ENSG00000065361.15"
1.53035431765202e-21,0.0859456391773995,"ENSG00000170515.14"
0.0484045234054869,0.453077541129197,"ENSG00000229117.9"
0.0145997109053041,0.365881413300275,"ENSG00000139641.12"
0,0,"ENSG00000135482.7"
1.37339020587802e-11,0.449994625593422,"ENSG00000258317.1"
0.0692185454096988,5.2937992483846e-13,"ENSG00000196465.10"
0.126250524997395,0.245366049377609,"ENSG00000092841.18"
0,0.37112136095415,"ENSG00000139613.12"
0,0.221199895951359,"ENSG00000181852.18"
0.0318014324272529,0.362440325722819,"ENSG00000139579.13"
2.85146147271731e-12,0.268195962527958,"ENSG00000139645.10"
0,0,"ENSG00000135469.13"
6.02482219616594e-13,0.439097590702648,"ENSG00000062485.19"
0,0,"ENSG00000257303.2"
0,0,"ENSG00000257727.6"
1.73181865734086e-13,0.250249375312051,"ENSG00000135473.15"
0,0.0367136247783198,"ENSG00000110944.9"
0,0,"ENSG00000170581.14"
4.95891445987795e-17,0.372635666344927,"ENSG00000111602.12"
0.0836115335774684,0,"ENSG00000176422.14"
0,0.313695784292395,"ENSG00000076067.13"
0,0.423449298204939,"ENSG00000076108.11"
3.62457392794857e-15,0.121071338439774,"ENSG00000110955.9"
0,0,"ENSG00000207031.1"
0.118439166928905,0.138936263408424,"ENSG00000110958.16"
0,0,"ENSG00000196531.11"
0.313156284684293,0.134910627995627,"ENSG00000198056.15"
0,0.0719790171160093,"ENSG00000025423.11"
0,0,"ENSG00000139547.7"
1.26364766302511e-12,0.192593345888597,"ENSG00000166856.3"
0.242845951792512,0.399636428561421,"ENSG00000166860.3"
0,0.105786789163461,"ENSG00000166881.10"
0,0.286736120333558,"ENSG00000166886.13"
1.15928502366297e-11,0.137689253794804,"ENSG00000166888.12"
0.0250142027717336,0.0904812758494853,"ENSG00000123384.14"
0.163153749463137,0,"ENSG00000259125.1"
0,0,"ENSG00000182379.10"
0,0,"ENSG00000182199.11"
0,0.0855807141682115,"ENSG00000185633.10"
0,0.194239722181408,"ENSG00000185482.8"
0.0379151419735913,0,"ENSG00000179912.20"
0,0,"ENSG00000139269.3"
0.0776416366619746,0.321567087623138,"ENSG00000111087.10"
0.114444689993803,0.714277046193087,"ENSG00000123329.19"
1.61499697783726e-15,0.459950673026987,"ENSG00000166986.15"
0,0.216845961575347,"ENSG00000175197.12"
0,2.20336491308786e-15,"ENSG00000208028.1"
0,0,"ENSG00000166987.15"
0,0,"ENSG00000175203.15"
0.0447589183322011,0.464555893522492,"ENSG00000155980.12"
0,0,"ENSG00000166908.18"
0,0,"ENSG00000178498.16"
0.360364848483791,0.144863535236251,"ENSG00000240771.8"
0,0.0718395424905779,"ENSG00000135454.14"
0,0,"ENSG00000135506.16"
0.185330460319519,0.55984551883995,"ENSG00000135439.11"
0,0,"ENSG00000135452.10"
0.27157420932638,9.45603428459486e-11,"ENSG00000135446.17"
7.24864447612292e-13,0.179655888285505,"ENSG00000139266.6"
0,0.207923290736292,"ENSG00000111012.10"
0,0,"ENSG00000037897.17"
0,0,"ENSG00000123427.17"
0,0,"ENSG00000123297.19"
0,0.260148753571893,"ENSG00000135407.10"
0,0.340696708710024,"ENSG00000270039.1"
0,0,"ENSG00000269903.1"
0,0.0529563519390401,"ENSG00000175215.11"
0,0,"ENSG00000245651.3"
0,0.162861968474951,"ENSG00000166896.9"
0,0,"ENSG00000257698.2"
0,0.452053695066361,"ENSG00000139263.11"
0,0,"ENSG00000244390.2"
7.10659339825045e-12,0.465683192034431,"ENSG00000118596.12"
0.0190128400007657,0.392443331942852,"ENSG00000198673.10"
1.40067029111602e-18,0.329167637857101,"ENSG00000135655.16"
0,0,"ENSG00000275881.1"
0,0.0218597250365125,"ENSG00000061987.16"
0,0,"ENSG00000221949.5"
0,0,"ENSG00000257354.2"
0,0,"ENSG00000275180.1"
0,0.356340818823773,"ENSG00000111110.12"
0,0.298140807382416,"ENSG00000139239.7"
0.271849218323373,1.29767056911405e-15,"ENSG00000166148.3"
0.249869274265149,2.21201932798045e-12,"ENSG00000177990.12"
0,0.0633116364663071,"ENSG00000118600.12"
0,0,"ENSG00000255642.1"
0,0,"ENSG00000196935.9"
0,0,"ENSG00000256399.1"
0,0,"ENSG00000174206.12"
0.010468728423405,0.417957816898173,"ENSG00000184575.12"
0,0.171551019526462,"ENSG00000183735.10"
0,0,"ENSG00000153179.13"
1.55088881268251e-12,0.0331919671543959,"ENSG00000135677.11"
0.182357424598072,1.62924034372109e-12,"ENSG00000111490.14"
0.0653123464297901,0.742565067168017,"ENSG00000156076.10"
0.0126145686477928,0.245866454634129,"ENSG00000174106.3"
0,0.00597711271101404,"ENSG00000276853.1"
1.01995634626758e-11,0.418636483973111,"ENSG00000174099.11"
0,0,"ENSG00000250280.2"
0,0,"ENSG00000215208.3"
0,0,"ENSG00000256268.2"
0,0.18737365294083,"ENSG00000241749.4"
0.0471696848094864,0.514743887621628,"ENSG00000149948.13"
1.76480032073338e-11,0.161167374020306,"ENSG00000197301.7"
0,0,"ENSG00000256083.1"
0,0,"ENSG00000139233.7"
0,0.119106808613397,"ENSG00000155957.17"
5.64182151107671e-12,0.288984022688451,"ENSG00000090376.11"
2.13603255068006e-11,0.267246032273928,"ENSG00000225422.4"
0,0,"ENSG00000127311.9"
0.112774142761168,2.9837005075517e-24,"ENSG00000155974.12"
0,0,"ENSG00000111530.13"
0,0.0447140129927341,"ENSG00000127334.10"
0,0,"ENSG00000111536.5"
0.149907986088586,0.120243528240476,"ENSG00000111554.14"
0.212164202206743,0.53735411593724,"ENSG00000251301.7"
0,0,"ENSG00000127314.18"
3.5577365929194e-17,0.12148934229675,"ENSG00000234040.3"
0,0,"ENSG00000206650.1"
0,0.0559392416089768,"ENSG00000234925.2"
0,0,"ENSG00000247363.2"
0,0,"ENSG00000111581.10"
0,0,"ENSG00000233560.2"
0.00900442438533074,0.383089899553832,"ENSG00000175782.10"
0,0,"ENSG00000135679.25"
0,0.310038315655352,"ENSG00000256325.1"
7.49317723026549e-13,0.072001956141696,"ENSG00000135678.12"
0.0384322829698117,0.406769228670562,"ENSG00000257289.1"
1.17312374401524e-11,0.372338338919182,"ENSG00000111605.18"
0,0,"ENSG00000257818.1"
0.174156911578842,0.687241449400492,"ENSG00000090382.6"
0,0.175425730843971,"ENSG00000127337.7"
1.00879226976784e-22,0.335452517888842,"ENSG00000166225.8"
4.9571220038963e-19,0.0655488261236381,"ENSG00000166226.13"
0.107721131837981,0.583215555839172,"ENSG00000127325.19"
0.188976229288318,0.506007015520829,"ENSG00000127328.21"
0.158693004881621,0,"ENSG00000166268.11"
0.297754845544416,0.290208237920607,"ENSG00000257815.6"
0,0,"ENSG00000111596.12"
0,0,"ENSG00000279530.2"
0,0.349323811375501,"ENSG00000135643.5"
0,0,"ENSG00000258168.6"
0,0,"ENSG00000127329.15"
0.179781771080763,0.496078402688661,"ENSG00000127324.9"
0.342303380313806,0.0144391014542582,"ENSG00000139292.13"
5.77116078619703e-13,0.228627278220095,"ENSG00000133858.16"
0.22246443652567,0,"ENSG00000173451.7"
0,0,"ENSG00000139291.14"
1.74377507381241e-20,0.149804695372544,"ENSG00000080371.6"
0,0,"ENSG00000121749.15"
0,0.0983986303215241,"ENSG00000257802.1"
0.0772410954145316,0.66817616763987,"ENSG00000072657.9"
0.061699627479787,0.516805377067972,"ENSG00000236333.4"
0,0,"ENSG00000253719.4"
9.6866777093933e-12,0.548529140288445,"ENSG00000180881.19"
0.173845843185197,0.323928213777878,"ENSG00000173401.10"
0,0,"ENSG00000180481.11"
4.93894097699938e-12,0.386206628521133,"ENSG00000139278.10"
0,0,"ENSG00000257497.2"
0,0,"ENSG00000111615.14"
6.62880252529884e-12,0.137492523002794,"ENSG00000139289.13"
0.0614827883881795,0,"ENSG00000187109.14"
0,0.441827052647891,"ENSG00000179941.9"
0,0,"ENSG00000091039.17"
1.1020736117673e-13,0.525639529477195,"ENSG00000186908.14"
0,0,"ENSG00000175183.10"
0.186947010013322,0.468510078516543,"ENSG00000165891.16"
0.314315158131004,9.55696553329509e-14,"ENSG00000067798.16"
0.127162324035421,0.322602497668216,"ENSG00000257835.2"
0,0,"ENSG00000258066.1"
0,0,"ENSG00000067715.14"
0,0,"ENSG00000257474.5"
0.507223663703549,0.13051636099898,"ENSG00000257956.1"
0,0,"ENSG00000177425.11"
1.9612930557584e-12,0.228590373939697,"ENSG00000058272.19"
0,0,"ENSG00000277130.1"
0,0,"ENSG00000258044.1"
0,0.176883365011943,"ENSG00000257557.2"
2.96225264737705e-19,0.150933299139146,"ENSG00000165899.11"
0.195212483453845,0.405547704427618,"ENSG00000139304.16"
0,0,"ENSG00000111052.7"
0.159727338305166,0.317841102832897,"ENSG00000111058.8"
3.08319203798907e-12,0.324820386298067,"ENSG00000139220.16"
0.0884728314068455,0,"ENSG00000257467.6"
0,0,"ENSG00000258162.4"
0,0.225063849687785,"ENSG00000133773.12"
0,0,"ENSG00000127720.8"
0,0.0895672185562746,"ENSG00000179104.9"
0,0.288022035673719,"ENSG00000072041.17"
0,0.149746279737409,"ENSG00000133640.20"
1.71951575152456e-19,0.195907337563428,"ENSG00000198774.5"
0,0,"ENSG00000133641.18"
0,0.0310883036175678,"ENSG00000198707.16"
0,0,"ENSG00000139324.12"
0.0470147618846933,0.692717110604913,"ENSG00000049130.16"
0,0,"ENSG00000139318.8"
0.000973824853109451,0.628226257618071,"ENSG00000274021.1"
0,0,"ENSG00000286608.1"
0,0.352072535224542,"ENSG00000271327.1"
0,3.69497503126996e-15,"ENSG00000139323.14"
0,0.055853507614626,"ENSG00000259075.6"
0.00409677002837898,0.249724088159415,"ENSG00000257594.4"
0,0,"ENSG00000270344.3"
0,0,"ENSG00000258302.2"
6.44499156784333e-16,0.261109607632676,"ENSG00000070961.15"
0.121626361293725,0.346667579156332,"ENSG00000271614.1"
0.00597008088079983,0,"ENSG00000258216.7"
0.591641146474162,6.73380360074324e-10,"ENSG00000257194.2"
0,0.325634807140367,"ENSG00000139329.5"
7.92851379206088e-14,0.492310959754844,"ENSG00000011465.17"
4.55850405665169e-13,0.2346433807326,"ENSG00000257242.8"
0,0,"ENSG00000286907.1"
0,0,"ENSG00000287714.1"
0,0,"ENSG00000133639.5"
0,0,"ENSG00000245904.4"
0,0,"ENSG00000277851.2"
1.35223135968977e-21,0.505084936668578,"ENSG00000205056.8"
0,0.356536230613085,"ENSG00000102189.17"
0,0,"ENSG00000258012.1"
0,0,"ENSG00000257195.1"
0.213874529767279,1.09594923936136e-11,"ENSG00000257322.6"
0.0776621362754623,0.0633948516501508,"ENSG00000257252.6"
0,0.268139663952622,"ENSG00000173598.14"
0,0,"ENSG00000177889.10"
0,0,"ENSG00000198015.13"
0,0,"ENSG00000246985.8"
1.78100028539168e-13,0.290323090035823,"ENSG00000120833.14"
0.0736237485499088,1.24628560270728e-18,"ENSG00000169372.13"
0,0,"ENSG00000258274.1"
0,0.153922850160219,"ENSG00000264978.2"
1.80912896856889e-11,0.216657313029024,"ENSG00000136040.9"
1.19645658510115e-10,0.014388102670981,"ENSG00000173588.15"
9.83518873123478e-12,0.428118613266874,"ENSG00000057704.13"
0,0.298768524823887,"ENSG00000184752.13"
0,0,"ENSG00000120798.17"
7.04858285937604e-10,0.207521981873687,"ENSG00000180263.14"
0,0,"ENSG00000028203.18"
0,0.172217214263277,"ENSG00000111142.14"
0,0,"ENSG00000136014.12"
0,0,"ENSG00000074527.12"
0,0,"ENSG00000139343.10"
0.163584256144027,0,"ENSG00000084110.11"
0,0,"ENSG00000111144.10"
6.81233926429934e-13,0.476049599695335,"ENSG00000111145.8"
0,0,"ENSG00000287454.1"
0,0.527768882669295,"ENSG00000059758.8"
2.61356804758333e-26,0.524844484740226,"ENSG00000257169.1"
0,0,"ENSG00000188596.11"
0.0543015990479099,4.56353724286824e-12,"ENSG00000139350.11"
0,0.199941658404293,"ENSG00000206899.1"
0,0,"ENSG00000227825.4"
0,0,"ENSG00000257167.2"
0.0017716745913853,0.307110671897888,"ENSG00000120802.13"
3.29141436331422e-13,0.212704976534993,"ENSG00000075415.12"
0.162923632438436,0.140138953727333,"ENSG00000212443.1"
0.110997029196704,0.157276280951689,"ENSG00000166130.15"
0.258939558605993,0.307284922386887,"ENSG00000120868.13"
1.77241909184831e-13,0.0323064112246172,"ENSG00000185046.18"
1.34203947463389e-16,0.0141690951720073,"ENSG00000279148.1"
0,0,"ENSG00000111647.13"
0,0,"ENSG00000280088.1"
0,0.595630362311666,"ENSG00000238105.7"
0,0.27873770412226,"ENSG00000075089.9"
0,0.0964225470535506,"ENSG00000136021.19"
0.195051104431843,0.451818644688101,"ENSG00000139354.11"
1.61904057152055e-19,0.271589692794434,"ENSG00000120800.5"
0,0,"ENSG00000120805.14"
0.130664584041364,0.177478923122074,"ENSG00000166211.8"
0.0692169605532351,0.391810309362642,"ENSG00000111666.11"
0.087244658836589,0.293291893850911,"ENSG00000139351.15"
0.170808446192717,0.24523175796315,"ENSG00000111670.16"
0,0.303612074524151,"ENSG00000258230.2"
0,0.0607523849950234,"ENSG00000136048.14"
0,0,"ENSG00000120860.11"
6.57488801183318e-16,0,"ENSG00000075188.9"
0.0909899574995086,0.264209685427818,"ENSG00000185480.11"
0,0,"ENSG00000281344.1"
0,0.303552838536813,"ENSG00000017427.16"
0.0990425602933757,0.427080402086833,"ENSG00000136011.15"
0,0,"ENSG00000111696.12"
0,0,"ENSG00000214198.8"
0,0,"ENSG00000166598.15"
0,0.0903617914258907,"ENSG00000204954.10"
0,0,"ENSG00000139372.15"
0,0.268353961138568,"ENSG00000120820.12"
0,0,"ENSG00000111727.12"
0,0.196888152840218,"ENSG00000120837.8"
0,0.0975407079800791,"ENSG00000198431.16"
0,0,"ENSG00000213442.5"
0,0,"ENSG00000255150.2"
0.00793511418291148,0.822338845107786,"ENSG00000171310.11"
0.0749626618376247,0.496081401144293,"ENSG00000279176.1"
0,0,"ENSG00000136052.9"
6.84830951378412e-19,0.332865189208095,"ENSG00000151131.11"
0,0.27422314903796,"ENSG00000136010.14"
0,0,"ENSG00000136051.14"
0,0,"ENSG00000136044.12"
0.45197868231123,0.108431674411724,"ENSG00000235162.8"
2.00146971866725e-11,0.168565140528215,"ENSG00000074590.13"
0,0.625233547696824,"ENSG00000257438.1"
5.29889043679685e-17,0.0376452426644414,"ENSG00000136026.14"
0.190359943900428,9.98660305369844e-21,"ENSG00000277715.1"
0.0309513865508764,0.385909808825895,"ENSG00000166046.11"
9.75446998558411e-21,0.191038168408094,"ENSG00000013503.10"
0.189000792927972,0,"ENSG00000111785.20"
0.398265256541705,0.0835933734556786,"ENSG00000287957.1"
0,0,"ENSG00000260329.1"
0,0,"ENSG00000151135.10"
0.130855904611593,0.417596461817436,"ENSG00000120832.10"
0,0,"ENSG00000008405.12"
0.211859321331753,0.626450583739204,"ENSG00000151136.15"
0,0,"ENSG00000136045.12"
5.19365890517627e-13,0.202706810937756,"ENSG00000110851.12"
0.282884487527132,0,"ENSG00000258136.2"
0.377307953050836,0.200530779343756,"ENSG00000174600.14"
2.37286998394718e-11,0.027443970443752,"ENSG00000198855.7"
1.5694806343715e-18,0.299964827970422,"ENSG00000075856.12"
0,0,"ENSG00000287202.1"
0,0,"ENSG00000136003.15"
0,0.746481538865136,"ENSG00000183160.9"
0.0983822688690357,0.766903830401385,"ENSG00000110876.9"
0.0254895052864164,5.35713005031678e-13,"ENSG00000257221.4"
0.0759086190877722,3.00293665561198e-14,"ENSG00000110880.10"
0.0141692401194789,2.01003326496739e-13,"ENSG00000084112.15"
0,0,"ENSG00000274598.1"
3.64142498507151e-20,0.317939094519524,"ENSG00000135093.13"
0,0,"ENSG00000189046.11"
0.0873392252081512,0,"ENSG00000076248.10"
0,0,"ENSG00000256139.2"
0.175843942458957,0.441744594447602,"ENSG00000076555.15"
0.343175617672362,0.51870364942461,"ENSG00000139445.18"
8.65706070808094e-21,0.61760607438062,"ENSG00000174527.9"
0,0.169567629930932,"ENSG00000110906.13"
0.050457736725513,0.539236999312774,"ENSG00000151148.14"
0,0,"ENSG00000139428.12"
0.0347824632912813,0.357481075292546,"ENSG00000110921.14"
0,0.0967179478759427,"ENSG00000139438.5"
0,0,"ENSG00000255650.6"
0,0.0712059412402892,"ENSG00000111199.10"
0,0,"ENSG00000139433.10"
1.18665518368434e-12,0.0883382531397108,"ENSG00000139437.18"
0,0,"ENSG00000139436.21"
0,0.112074099776568,"ENSG00000076513.17"
0,0,"ENSG00000174456.14"
7.93154687840536e-12,0.37535473728252,"ENSG00000122970.16"
0,0,"ENSG00000174437.17"
2.13102942414782e-10,0.221419738570406,"ENSG00000196510.12"
0,0,"ENSG00000111229.16"
0,0,"ENSG00000111231.9"
0,0,"ENSG00000204856.12"
1.73069344552393e-11,0.268473570967659,"ENSG00000111237.19"
0,0,"ENSG00000278993.1"
0,0,"ENSG00000151164.18"
1.71384779627011e-12,0.0338333487600427,"ENSG00000196850.6"
0,0,"ENSG00000204852.16"
0.404411948756607,0.112016044493394,"ENSG00000122986.13"
1.57012710859442e-12,0.0261031196933425,"ENSG00000186298.12"
0.11045420687834,0.632240245741589,"ENSG00000111249.14"
0,0,"ENSG00000198324.13"
0,0.812226228324017,"ENSG00000111252.10"
0,0.158066921802959,"ENSG00000204842.17"
0,0,"ENSG00000238168.5"
0,0,"ENSG00000089234.16"
0,0,"ENSG00000258359.1"
0,0,"ENSG00000111271.14"
0,0.465185857518675,"ENSG00000111275.13"
1.89703542016618e-21,0.563922892641346,"ENSG00000234608.8"
0,0,"ENSG00000089022.14"
2.10359259113381e-07,0.484631369966339,"ENSG00000226469.1"
0,0,"ENSG00000198270.13"
0.323277525080483,0.269654903534397,"ENSG00000089248.7"
0,0,"ENSG00000111300.10"
0,0.0446768929853672,"ENSG00000135148.12"
0.0147551389421663,0.547283333271264,"ENSG00000173064.13"
0,0,"ENSG00000089009.15"
0.0254573246650468,0.167799734216788,"ENSG00000179295.17"
0,0,"ENSG00000089127.13"
0,0.247953897443391,"ENSG00000111331.13"
0.108105899685092,0.66963725553751,"ENSG00000111335.12"
0.161711372812599,0.392242001655494,"ENSG00000135144.7"
0.149962479636294,0.289394022328341,"ENSG00000111344.11"
0,0.111823549708925,"ENSG00000123064.12"
0.278357282885166,0.213071791063124,"ENSG00000139405.16"
0.0714100260272501,0.0867361788867116,"ENSG00000166578.10"
0,0.16932401704381,"ENSG00000186815.12"
9.95681637266443e-17,0.121295054395137,"ENSG00000089060.11"
0,0.180161031985742,"ENSG00000151176.8"
0,0.257622084216406,"ENSG00000135094.11"
0.128329374412694,0.487371482306231,"ENSG00000139410.15"
0,0.113175392037613,"ENSG00000122965.11"
0.000926027386471786,0.992182817915638,"ENSG00000089225.19"
0,0.705112812580936,"ENSG00000135111.16"
0.217339125515856,0.0100911026006415,"ENSG00000240205.3"
0,0.321771316586689,"ENSG00000123066.8"
0,0.0942235036054377,"ENSG00000200665.1"
0,0,"ENSG00000258337.1"
0.00683319356278694,0,"ENSG00000258102.5"
0,0,"ENSG00000111412.6"
0,0,"ENSG00000135119.14"
0.356235214269034,0,"ENSG00000135116.9"
0,0,"ENSG00000174989.13"
0,0.170209798383301,"ENSG00000274554.1"
6.92065199935653e-10,0.073826582630189,"ENSG00000257279.1"
0.278483871432734,0.557743672426915,"ENSG00000088992.18"
0,0,"ENSG00000135108.14"
0.132237513011341,0.44113247398501,"ENSG00000111445.14"
0,0,"ENSG00000176871.8"
3.4433325848568e-14,0.166910705602314,"ENSG00000176834.14"
0,0,"ENSG00000089220.5"
0,0.109975136399958,"ENSG00000135090.14"
0.233928976735515,0.0546032798464557,"ENSG00000240342.3"
0.165262413507254,0.338571227693052,"ENSG00000111707.12"
0.237784587048171,0.116605207500393,"ENSG00000244112.3"
0.0770842944304768,0.618716992683145,"ENSG00000152137.6"
0.179044785118464,0.291207608277024,"ENSG00000213144.2"
0,0,"ENSG00000224982.4"
0.338245271496386,0.38545766075994,"ENSG00000111725.11"
0.0936161138310286,0.702061956941505,"ENSG00000122966.16"
0.013270895278501,0.497303171560874,"ENSG00000135127.11"
0.0355847529832,0.192042447810871,"ENSG00000111737.12"
0.473839212718352,3.36498555152375e-14,"ENSG00000277283.1"
0,0.108706508146779,"ENSG00000089154.11"
0,0,"ENSG00000089157.16"
1.56145934656698e-19,0.331855818227839,"ENSG00000255857.6"
0,0,"ENSG00000089159.16"
0,0,"ENSG00000286067.1"
0,0.259454893285952,"ENSG00000123009.4"
0,0,"ENSG00000202538.1"
0,0,"ENSG00000200795.1"
0.0157174225332604,0,"ENSG00000089163.4"
3.98404965072047e-12,0.466089127841035,"ENSG00000111775.3"
0.0749033736935618,0,"ENSG00000170855.4"
0,0,"ENSG00000257218.6"
0.147133322110537,0.380789488445722,"ENSG00000111786.9"
3.33898590623666e-14,0.0386293873048631,"ENSG00000088986.11"
0.110654812105503,2.54030189246246e-09,"ENSG00000248008.3"
0,0.301503422186237,"ENSG00000110871.15"
0.0266086943512272,0.591212585996518,"ENSG00000022840.16"
0.256430947947351,0.429051107356822,"ENSG00000167272.11"
0.119435684788087,0,"ENSG00000157782.9"
0,0,"ENSG00000110917.8"
0.13235839687133,0.0919844138861791,"ENSG00000175970.11"
0.182856503236479,0.53245731285418,"ENSG00000122971.9"
0,0,"ENSG00000157837.16"
1.37259196662297e-10,0.0638267439026739,"ENSG00000213137.3"
1.57528266412219e-21,0.461135223903393,"ENSG00000157895.11"
0,0.603971092855163,"ENSG00000135114.12"
0,0.538585802804028,"ENSG00000089041.17"
0,0,"ENSG00000135124.14"
0,0.130226333457783,"ENSG00000110931.19"
0.150338969824587,0.346704055085742,"ENSG00000089053.13"
0.563202120883096,0.294830957183566,"ENSG00000170633.16"
0.181422937327453,0.594532272594324,"ENSG00000089094.19"
0,0.0917733426190398,"ENSG00000276045.3"
2.52174803424404e-11,0.180476238148532,"ENSG00000139714.12"
0,0.530375471264752,"ENSG00000188735.13"
0.0262285407507949,0.269844850549789,"ENSG00000139725.8"
0,0.121226828511049,"ENSG00000212694.8"
0,0.28751861569517,"ENSG00000272849.1"
0,0.348336900022639,"ENSG00000139718.10"
0.00437554101302748,0,"ENSG00000158104.11"
0,0,"ENSG00000110801.14"
0,0,"ENSG00000158023.10"
0,0.0737240231491014,"ENSG00000110987.8"
3.39168721576243e-17,0.432709058307677,"ENSG00000175727.14"
4.59613960650514e-12,0.614423226958245,"ENSG00000158113.13"
1.10605736571744e-11,0.394598771018025,"ENSG00000176383.9"
1.15815943496357e-13,0.329440202318172,"ENSG00000184047.19"
0.0952031969581475,0.318568658515755,"ENSG00000139719.11"
0,0,"ENSG00000130779.20"
0,0,"ENSG00000257097.1"
0,0.576307185239029,"ENSG00000033030.14"
0,0.0548553123291291,"ENSG00000111011.18"
0,0.135391072099746,"ENSG00000184445.12"
0,0,"ENSG00000256249.1"
9.8998548004386e-05,1.40449919940012e-21,"ENSG00000182782.8"
0.236684866706912,0.420716238742046,"ENSG00000255398.3"
0.0235646757798514,0.500860957649217,"ENSG00000196917.6"
0.0722273524552439,2.33587428800318e-22,"ENSG00000139726.11"
4.33899125644226e-12,0.0814927477659129,"ENSG00000130783.14"
0.147707761072679,0.240856826009281,"ENSG00000130787.14"
0.0193757900843133,0.668082720738157,"ENSG00000139722.7"
6.5735849259364e-14,0.406703044017427,"ENSG00000280138.1"
3.49971431070618e-11,0.285648741822548,"ENSG00000150967.18"
0,0,"ENSG00000111325.16"
0.0802178795006907,0,"ENSG00000090975.12"
0,0.424671293772024,"ENSG00000251497.2"
0.0512171515851526,1.23001850195786e-18,"ENSG00000280381.1"
0,0,"ENSG00000051825.15"
0.083607632629431,0.494180739308955,"ENSG00000130921.8"
0.354480370719197,0.192969420125307,"ENSG00000111328.7"
0,0.125565945569157,"ENSG00000139697.14"
0,0.0190964614513636,"ENSG00000256092.2"
0.0272609471408556,0.484599697052241,"ENSG00000183955.13"
9.45656391701833e-12,0.635489525231549,"ENSG00000150977.10"
0.0511633631161394,0.395197491161692,"ENSG00000184209.15"
0.341830237328656,0.301133561848112,"ENSG00000188026.13"
0,0,"ENSG00000278112.1"
0,0,"ENSG00000247373.3"
0,0.175878661940772,"ENSG00000086598.11"
0,0.0534878162083786,"ENSG00000111364.16"
0,0,"ENSG00000111361.13"
0,0,"ENSG00000111358.14"
0,0,"ENSG00000168778.12"
0,1.81206115769429e-16,"ENSG00000185344.14"
0.285335605513376,0.428424191144711,"ENSG00000197653.15"
0.13404106074721,1.53423589218374e-14,"ENSG00000119242.8"
0.0149008637978692,0,"ENSG00000250091.3"
0,0,"ENSG00000270130.1"
0,0,"ENSG00000270048.1"
0,0,"ENSG00000269997.1"
0,0.0773431852297108,"ENSG00000269938.1"
3.64549613763145e-11,0.715400230923181,"ENSG00000270061.1"
0,0.167221079144012,"ENSG00000179195.16"
3.60589716251524e-10,0.667708267945407,"ENSG00000178882.15"
0,0.0417273074045612,"ENSG00000196498.13"
0,0.141541957137006,"ENSG00000255965.1"
0.17664688316623,0.0301634898408525,"ENSG00000214650.3"
2.81137704740215e-12,0.106308241185959,"ENSG00000279071.1"
0.134275179071128,0.264007018640465,"ENSG00000073060.16"
0.00715550892544286,9.5219016822119e-16,"ENSG00000287242.1"
0,0,"ENSG00000150991.15"
0,0.32220413065303,"ENSG00000150990.8"
0,0.313893849246965,"ENSG00000184992.12"
0.0372387295475681,1.05178880121235e-11,"ENSG00000081760.17"
0,0,"ENSG00000279233.1"
0,0.111463739758754,"ENSG00000139364.10"
0,0,"ENSG00000189238.6"
0,0.0865318097296008,"ENSG00000256128.6"
0,0.399322973154635,"ENSG00000256001.2"
0,0.52034285366906,"ENSG00000286791.1"
2.3490989350669e-18,0.263066551310438,"ENSG00000278266.1"
0.0969168376193468,0.103879103669842,"ENSG00000181234.9"
0.0273727359018504,5.75587171078734e-10,"ENSG00000279180.1"
0.170418855267766,0.321738783913379,"ENSG00000256630.1"
4.45409512809942e-15,0.153303533892999,"ENSG00000139370.12"
0.234292892476752,0.372042868748753,"ENSG00000279500.1"
0.171998019171171,0.54501582978022,"ENSG00000151948.12"
0.0387596269358079,3.00727191614127e-09,"ENSG00000250208.6"
0,0,"ENSG00000111450.14"
3.73347699113444e-14,0.0576875602112229,"ENSG00000132341.12"
0,0.579533380863116,"ENSG00000111452.13"
0,0,"ENSG00000279993.1"
0,0.240923742026637,"ENSG00000061936.9"
0.192969237780091,0.412604481633042,"ENSG00000255933.1"
0,0,"ENSG00000198598.6"
0,0.308498755462189,"ENSG00000177169.10"
0,0.481261502839071,"ENSG00000279283.1"
4.20508597715633e-11,0.51245032320858,"ENSG00000177192.14"
0,0.137089987071986,"ENSG00000183495.13"
0,0,"ENSG00000208892.1"
0,0.355097115577058,"ENSG00000185684.15"
0,0,"ENSG00000185163.10"
0,0.0253975692509775,"ENSG00000184967.7"
0,0,"ENSG00000256576.2"
0,0.400937973272545,"ENSG00000112787.13"
9.7732477161086e-15,0.203303569686415,"ENSG00000280287.1"
2.65693518256466e-19,0.106695795656639,"ENSG00000279700.1"
0,0.240187606833288,"ENSG00000177084.17"
0,0,"ENSG00000176894.10"
0,0.24027780438638,"ENSG00000247077.7"
6.00499903960891e-12,0.23850122403338,"ENSG00000176915.15"
0.125623819334998,0.063123834085596,"ENSG00000090615.15"
1.75752714373653e-15,0.248892992136175,"ENSG00000072609.17"
0,0,"ENSG00000232888.4"
0,0.132702143010442,"ENSG00000278949.1"
0,0.190926935264123,"ENSG00000250790.4"
0,0.501638291548951,"ENSG00000196458.11"
0.0828986586903324,0.616041717085258,"ENSG00000198393.8"
8.69418938195901e-11,0.481707239158551,"ENSG00000198040.10"
0,0,"ENSG00000196387.9"
0,0,"ENSG00000214029.5"
0,0,"ENSG00000256223.6"
0,0,"ENSG00000090612.21"
1.79753767922575e-11,0.268753020404107,"ENSG00000237636.2"
0.0125729042205515,0.206226968391739,"ENSG00000196199.14"
0.0783776592058077,0.393052459961087,"ENSG00000121390.19"
0,0.0130334844402698,"ENSG00000275014.1"
0.112019121543209,2.59919654564176e-13,"ENSG00000132950.19"
0,0,"ENSG00000223576.2"
0,0,"ENSG00000275964.1"
0,1.61792253656723e-16,"ENSG00000121741.16"
0,0,"ENSG00000237672.1"
0,0.0895369951665815,"ENSG00000165474.8"
0,0,"ENSG00000165475.15"
0,0,"ENSG00000032742.17"
0,0.187763437242005,"ENSG00000172458.4"
0.153789849748069,0,"ENSG00000150456.11"
0,0,"ENSG00000132953.16"
0,0,"ENSG00000150457.9"
1.54421360099621e-19,0.318928727814706,"ENSG00000233851.1"
0,0,"ENSG00000150459.12"
0.289747877203344,0.176376837145461,"ENSG00000165480.16"
0,0,"ENSG00000173141.5"
0,0.208329050082936,"ENSG00000233325.3"
0,0,"ENSG00000224429.8"
0.294480694656075,0,"ENSG00000180776.15"
0,0,"ENSG00000165487.14"
1.33193569914861e-11,0.110058463010486,"ENSG00000102683.7"
0,0.148021338648749,"ENSG00000151835.16"
0,0.269974985487821,"ENSG00000232977.7"
0,0.884584562640556,"ENSG00000127863.15"
0,0,"ENSG00000027001.10"
3.06432570416764e-10,0.502585577365258,"ENSG00000182957.16"
0,0,"ENSG00000228741.2"
0,0,"ENSG00000225674.1"
0,0.236659190522855,"ENSG00000102699.6"
0.196453896223483,0.202841093865159,"ENSG00000151849.15"
0,0,"ENSG00000253771.6"
0,0.122650816698155,"ENSG00000232858.1"
0,0.303244426207627,"ENSG00000151846.8"
0,0,"ENSG00000139505.11"
0,0,"ENSG00000139496.16"
0,0.0377163184156925,"ENSG00000132932.17"
0,0.318059436215906,"ENSG00000127870.17"
3.42145279867667e-20,0.0965677641525889,"ENSG00000132964.12"
0.125608221669399,0.0127351464881862,"ENSG00000132970.14"
0,0,"ENSG00000234031.1"
0.310484843854747,0.213407315150807,"ENSG00000237001.7"
8.47465282004942e-15,0.487007230905696,"ENSG00000152484.14"
1.4937923865226e-20,0.297640591926171,"ENSG00000232162.1"
0,0,"ENSG00000122026.10"
0.0486535291909258,0,"ENSG00000122035.6"
0,0,"ENSG00000122034.15"
0.0867934969035528,0.548639382496015,"ENSG00000122033.14"
0.156841325708436,0.149010787050625,"ENSG00000139517.9"
0,0,"ENSG00000186184.18"
0.551672002448344,0.150181015238946,"ENSG00000261485.1"
1.63381775366533e-18,0.176904123504886,"ENSG00000152520.14"
2.01689021655976e-12,0.0020235740524378,"ENSG00000232587.1"
0,0,"ENSG00000102755.12"
0,0,"ENSG00000132963.8"
0,0,"ENSG00000139508.14"
0,0.262410211387716,"ENSG00000132938.20"
0.122262111349515,0.503826143056619,"ENSG00000139514.13"
0,0,"ENSG00000122042.10"
0,0.502198652720252,"ENSG00000102781.14"
0,0,"ENSG00000238121.6"
0,0,"ENSG00000189403.15"
0,0.324670786173067,"ENSG00000213411.2"
0,0,"ENSG00000232489.1"
1.1270670961921e-10,0.189113733432868,"ENSG00000132952.12"
0.115484936312691,0.585611366164083,"ENSG00000132965.9"
0,0,"ENSG00000224743.7"
0.0291092089737086,0.252341582751224,"ENSG00000102802.10"
0,0,"ENSG00000120694.20"
0,0,"ENSG00000187676.8"
3.03046697051827e-13,0.125062946278417,"ENSG00000073910.22"
0.111318914269812,0.257816143833729,"ENSG00000139618.15"
0.0389038576291726,2.69175743343123e-16,"ENSG00000139597.18"
0,0.220328600748716,"ENSG00000244754.8"
0.161468918092522,0.379353557292772,"ENSG00000229800.1"
0,0,"ENSG00000281026.1"
0,0,"ENSG00000083642.19"
0,0,"ENSG00000277151.1"
0,0,"ENSG00000133116.8"
0,0,"ENSG00000133121.21"
0.0389681975834784,2.50594304230923e-11,"ENSG00000230300.1"
0,0,"ENSG00000236581.9"
0,0,"ENSG00000287274.1"
0,0,"ENSG00000227911.3"
0,0,"ENSG00000285621.1"
0.0353706436686585,0.362229989338775,"ENSG00000230490.3"
0,0.107723706804262,"ENSG00000133119.13"
0.233084810879745,3.34231273830764e-14,"ENSG00000276672.1"
9.01681657999705e-13,0.233060344517272,"ENSG00000172915.18"
0.0651845891016905,0.846898689791645,"ENSG00000180660.8"
0.0374542881960938,0.301798122933812,"ENSG00000133083.14"
0.0341612979097932,1.21649451165752e-12,"ENSG00000242715.8"
0,0,"ENSG00000133104.14"
0,0,"ENSG00000120664.11"
0.0115951620917197,0,"ENSG00000133111.3"
4.0818889653846e-20,0.271840057477878,"ENSG00000120693.13"
0,0,"ENSG00000120697.9"
0,0,"ENSG00000120699.13"
0,0,"ENSG00000102710.20"
0,0.432362698119363,"ENSG00000133110.15"
0.0442363248808827,0.0300804545925904,"ENSG00000133107.14"
6.92567133396621e-13,0.00337532064269457,"ENSG00000274317.2"
0,0,"ENSG00000223685.6"
2.73275121812909e-14,0.414843355456829,"ENSG00000120686.12"
0,0,"ENSG00000120685.20"
0,0,"ENSG00000188811.14"
0,0,"ENSG00000273507.5"
0,0.116912717593131,"ENSG00000183722.9"
0.144697909139335,4.48736101414272e-16,"ENSG00000133103.17"
0.103462698226559,0.198540101980167,"ENSG00000215483.11"
0.146550174669352,0.310558713405957,"ENSG00000230710.2"
0,0,"ENSG00000150907.9"
0,0.00449392069156189,"ENSG00000229456.1"
0,0,"ENSG00000102738.8"
2.2578210633659e-12,0.420899668843517,"ENSG00000102743.15"
0,0,"ENSG00000168852.13"
0,0,"ENSG00000287837.1"
0,0,"ENSG00000239827.8"
3.0933824822527e-13,0.297885795747718,"ENSG00000120690.16"
0,0.264878571839417,"ENSG00000229473.2"
7.53805066457152e-12,0.267614350037586,"ENSG00000120688.9"
0,0,"ENSG00000165572.8"
0,0,"ENSG00000278390.5"
0.304638376512816,0.121602198175061,"ENSG00000120696.9"
0,0,"ENSG00000120662.16"
5.27259399597089e-19,0.0561987211021112,"ENSG00000172766.19"
0,0,"ENSG00000102760.13"
0,0.602486610386297,"ENSG00000102763.18"
0,0,"ENSG00000102780.16"
0,0,"ENSG00000237263.1"
0,0.014883870281441,"ENSG00000023516.9"
0,0,"ENSG00000271216.2"
0.0732271872081123,0.507382498727484,"ENSG00000133106.14"
0,0,"ENSG00000238025.1"
1.5142785095918e-21,0.508799402463927,"ENSG00000120675.6"
0.3414678345238,0.269065342967758,"ENSG00000120658.13"
0,0,"ENSG00000233821.1"
0,0,"ENSG00000287842.1"
0.262323181108067,0.620181070805784,"ENSG00000151773.13"
0,0,"ENSG00000179630.11"
0,0,"ENSG00000151778.11"
0,0,"ENSG00000102804.15"
0,0.244155037117412,"ENSG00000225727.3"
0,0,"ENSG00000278156.2"
0,0,"ENSG00000230793.1"
0,0.0963025519975535,"ENSG00000083635.8"
0,0,"ENSG00000133114.17"
0,0,"ENSG00000265802.2"
0.0018584870302164,1.53540307612027e-08,"ENSG00000188342.12"
0,0,"ENSG00000133112.16"
0,0.609443892005361,"ENSG00000170919.16"
0,0,"ENSG00000228886.1"
0,0,"ENSG00000174032.17"
0.00651747096926601,0,"ENSG00000136152.15"
0,0,"ENSG00000274357.1"
1.1630433211755e-11,0.274582067808899,"ENSG00000123200.16"
0,0,"ENSG00000235903.9"
0.130762679464474,0.785163444026414,"ENSG00000136167.14"
0.134095657044018,0.67335419288529,"ENSG00000102445.18"
1.79685102452344e-11,0.166779480883381,"ENSG00000136141.15"
0.0266275776125851,0,"ENSG00000139684.14"
0,0.539566958899684,"ENSG00000102468.10"
0,0,"ENSG00000136143.16"
0,0,"ENSG00000260388.2"
0,0,"ENSG00000136159.4"
1.61927823775436e-10,0.193064545170877,"ENSG00000136146.15"
0,0.183068859127452,"ENSG00000136156.15"
3.07358653631277e-16,0,"ENSG00000231473.3"
0,0,"ENSG00000139687.15"
0,3.29385028949127e-17,"ENSG00000238086.5"
0,0.209253365831448,"ENSG00000139679.15"
0.0993507141779357,0.188845483286489,"ENSG00000277233.1"
0.376513826199868,8.14154566976271e-12,"ENSG00000136161.12"
0,0,"ENSG00000152207.7"
0.0757600467687316,7.31119700315854e-10,"ENSG00000275202.1"
0,0,"ENSG00000102531.16"
0,0.0802572037286638,"ENSG00000223724.1"
0,0,"ENSG00000102543.14"
0.0413363389805703,0.802848822922649,"ENSG00000102547.19"
0,2.33935114400926e-14,"ENSG00000136169.16"
0.0934847821730343,0,"ENSG00000136147.18"
0,0,"ENSG00000136144.12"
0.0674170991019251,0.602696160416882,"ENSG00000152213.4"
0,0,"ENSG00000123179.14"
0,0.520578192797157,"ENSG00000102753.10"
0,0.274563258635846,"ENSG00000123178.15"
0,0.378561194113776,"ENSG00000231607.12"
0,0,"ENSG00000204977.10"
0,0.635558797616118,"ENSG00000198553.9"
0,0.223784382046219,"ENSG00000176124.14"
0,0.0050716217642398,"ENSG00000214359.3"
0,0,"ENSG00000274270.1"
0,0.113111236620263,"ENSG00000136104.20"
0.0753637905229716,1.10651772003639e-11,"ENSG00000150510.16"
0,0,"ENSG00000253309.6"
0,0,"ENSG00000102786.15"
0,0,"ENSG00000236778.8"
0,0,"ENSG00000224892.6"
0,0.216708093216934,"ENSG00000139668.9"
0,0,"ENSG00000102796.11"
0,0,"ENSG00000231856.2"
1.5119226269741e-20,0.103094244365936,"ENSG00000123191.14"
0,0.621313796728772,"ENSG00000253710.4"
0,0,"ENSG00000197168.13"
0,0,"ENSG00000136098.17"
0,0,"ENSG00000243406.6"
0,0.146770288390007,"ENSG00000136114.17"
0,0.517035513049442,"ENSG00000136100.14"
0.386610650788402,0.356069067738412,"ENSG00000136108.15"
0,0,"ENSG00000139675.12"
3.20970597849497e-12,0.00335161221350429,"ENSG00000165416.14"
0.325734480871093,0.335469393558236,"ENSG00000102837.7"
0,0.0717935645317584,"ENSG00000118946.12"
0.14565630231416,0.514339460794498,"ENSG00000139734.19"
0.0757891072159411,0,"ENSG00000083544.14"
0,0,"ENSG00000236565.3"
6.5718383658988e-10,0.274365319583059,"ENSG00000184226.15"
0.117387838607763,0.246199051817879,"ENSG00000228842.3"
0.0759003572731735,0.426638088700551,"ENSG00000233840.1"
0,9.65080191913562e-16,"ENSG00000285588.1"
0.0237340000551494,3.02175749365127e-21,"ENSG00000276644.5"
0,0.119068745835629,"ENSG00000204899.6"
0.208911602779506,1.06677819425917e-18,"ENSG00000136122.17"
0,0,"ENSG00000083520.15"
0.211108511196255,1.27108395072033e-08,"ENSG00000083535.16"
0.204170759920218,0.317362287414458,"ENSG00000102554.14"
0,0.119440914807073,"ENSG00000118922.17"
0,0,"ENSG00000280348.1"
0,0.367114913450329,"ENSG00000136111.14"
6.76888757902082e-21,0.00668695953103104,"ENSG00000188243.12"
0,0,"ENSG00000118939.17"
0,0,"ENSG00000261553.5"
0.336950088820223,0.031766297129215,"ENSG00000261105.6"
1.16115053603817e-09,0.723403985511582,"ENSG00000136153.20"
0,0,"ENSG00000285572.2"
0.0939142031533326,0.542597620535672,"ENSG00000178695.6"
0,0.381924891406823,"ENSG00000278727.1"
2.18626029186357e-10,0.0793418204735298,"ENSG00000102805.15"
0,0.0888204592982459,"ENSG00000283208.2"
0,0,"ENSG00000005812.11"
0,0.232804142032414,"ENSG00000236051.7"
1.35350014379074e-19,0.340022414726555,"ENSG00000005810.18"
9.89558186853541e-12,0.166694106251874,"ENSG00000229521.2"
0,0,"ENSG00000136155.17"
0.241567506193949,0.194748091724004,"ENSG00000139737.22"
0,0,"ENSG00000136160.17"
0.145845859930224,3.4448765792987e-13,"ENSG00000152193.8"
1.38400233871939e-10,0.284768874434792,"ENSG00000139746.15"
0,0,"ENSG00000227354.7"
1.2684436831338e-09,0.490334840507006,"ENSG00000102471.14"
0,0,"ENSG00000136158.12"
0.00443093468437877,0.950653749603745,"ENSG00000286746.1"
8.52491096459175e-10,0.656521896484892,"ENSG00000229246.2"
0.0392336050815342,0.664366411845856,"ENSG00000214182.5"
0,0,"ENSG00000215417.13"
0,0.163997459128412,"ENSG00000179399.15"
0.272162588675656,0.121737080127685,"ENSG00000278177.1"
0.0761431863936695,0.305862389196781,"ENSG00000183098.11"
0.457734766058599,1.37834371995926e-11,"ENSG00000286843.1"
0.271292442539876,1.59860919174928e-15,"ENSG00000235784.2"
0,0,"ENSG00000236520.2"
1.83741278316739e-09,0.160529365301336,"ENSG00000080166.16"
1.19840070273743e-12,0.511874614243899,"ENSG00000088451.11"
0.0552056554527572,0.308451131886073,"ENSG00000152749.8"
0.117837268190474,0.731860150830272,"ENSG00000125257.16"
0.0149761799333739,0.549239528338891,"ENSG00000134874.17"
0.0959880226207605,0.401349394586321,"ENSG00000247400.4"
0,0,"ENSG00000102580.15"
1.68914597960335e-13,0.14921429289069,"ENSG00000276809.1"
0,0.0627711241266729,"ENSG00000102595.20"
0.165055823451294,8.35639067652174e-14,"ENSG00000242614.3"
0,0.361016116472045,"ENSG00000139793.18"
0,0,"ENSG00000286334.1"
0.0863084082162065,3.27144029780471e-20,"ENSG00000286416.1"
0,0,"ENSG00000125249.7"
1.62147566997046e-21,0.22634753007208,"ENSG00000065150.21"
0.358293175344229,0.18925616491168,"ENSG00000152767.17"
0,0,"ENSG00000102572.14"
4.75984349325169e-20,0.331178177933025,"ENSG00000271437.1"
0,0,"ENSG00000224418.1"
0.0451144645343111,0,"ENSG00000088387.19"
3.97317778518461e-14,0.270918236810797,"ENSG00000134882.16"
1.13337628999366e-11,0.280324780753807,"ENSG00000201793.1"
0,0,"ENSG00000125245.12"
0.167714289016184,0.367807192893569,"ENSG00000169508.7"
0,0,"ENSG00000228808.1"
0,0,"ENSG00000125304.10"
0,0,"ENSG00000280734.3"
0,0.548592364162586,"ENSG00000125246.15"
0.379989548784257,6.15612772163595e-12,"ENSG00000139800.8"
0.299832283196621,0.142738131272276,"ENSG00000274605.2"
0.0878514666283386,0.083573503117113,"ENSG00000175198.17"
0.0536108669370809,0.386457884183142,"ENSG00000234650.6"
0.207501222229885,1.00591626178646e-11,"ENSG00000134864.10"
0.364731935206622,0.154505844450236,"ENSG00000224356.5"
0.309322418882554,0.097673703783866,"ENSG00000125247.15"
3.91252568785145e-14,0.350567232107668,"ENSG00000102452.17"
0,0.702712187620726,"ENSG00000198542.14"
0,0,"ENSG00000102466.15"
0,0,"ENSG00000215399.2"
0.29383851364717,0.238554214312159,"ENSG00000272143.1"
0.109646436926742,0.38486644353796,"ENSG00000134900.12"
7.07212178348738e-20,0.0532853316074509,"ENSG00000175820.4"
0,0,"ENSG00000151287.17"
9.48309520227498e-20,0.157863520264636,"ENSG00000134901.13"
7.63177610020555e-20,0.35320334504394,"ENSG00000134897.14"
9.22825932351914e-11,0.0484700737672615,"ENSG00000134899.21"
0,0.206440015994526,"ENSG00000250878.3"
0,0,"ENSG00000125266.8"
0,0,"ENSG00000284966.3"
0,0.322642397570563,"ENSG00000134884.15"
0,0.592925501916662,"ENSG00000204442.4"
0,0,"ENSG00000276740.1"
0,0,"ENSG00000227248.1"
1.97219192227017e-19,0.411641493981325,"ENSG00000174405.13"
0,0.18918118801015,"ENSG00000139826.6"
0,0,"ENSG00000102524.11"
0.101524217420569,0.0334589433692337,"ENSG00000041515.16"
0.137048484299849,0.161322290512397,"ENSG00000285534.1"
6.42419183515457e-12,0.264174632669443,"ENSG00000185950.9"
0.0336873527959753,0.21215492634286,"ENSG00000279965.1"
8.89842090696153e-11,0.0635465339830804,"ENSG00000287575.1"
0.108657839515563,0.40942049646464,"ENSG00000187498.16"
0.584839934137849,0.148763499833982,"ENSG00000279237.1"
0.0450965340433836,0.328652364361735,"ENSG00000134871.19"
0.350201895557782,0.178421192692966,"ENSG00000276765.1"
3.24753156274407e-17,0,"ENSG00000224821.5"
0,0.011550071835952,"ENSG00000232814.2"
0,0,"ENSG00000139832.5"
0,0,"ENSG00000275880.1"
1.00074173096007e-11,0.344922961125807,"ENSG00000213995.11"
0,0,"ENSG00000134905.17"
9.4017450547466e-21,0.0268437871995109,"ENSG00000153487.12"
0,0.0152422146705227,"ENSG00000255874.2"
0,0.139362116920063,"ENSG00000088448.14"
0.0811981553408114,2.54744459069411e-19,"ENSG00000229152.2"
0,0.363421159853863,"ENSG00000102606.18"
0,0,"ENSG00000153495.11"
0.182100721266696,1.69025949351788e-20,"ENSG00000182968.5"
0.0532135977716834,0.210282175994838,"ENSG00000126216.15"
0,0,"ENSG00000274922.1"
2.63673062781439e-20,0.336050765393591,"ENSG00000068650.18"
0,0.0873223604203878,"ENSG00000232684.1"
0,0,"ENSG00000126217.21"
0,0.509447134079942,"ENSG00000126218.12"
0.789594503017202,0,"ENSG00000283828.1"
0.0515238772439858,0,"ENSG00000126226.22"
1.51441020424073e-11,0.404170036956392,"ENSG00000139842.15"
3.58522217248727e-13,0.231293471881114,"ENSG00000185896.11"
0,0,"ENSG00000139835.14"
0,0,"ENSG00000153531.13"
0,0.113977518867178,"ENSG00000150401.15"
0,0,"ENSG00000150403.18"
0,0,"ENSG00000276916.1"
0,0,"ENSG00000276248.1"
5.21178434847005e-18,0.221405294156056,"ENSG00000198176.13"
0,0.405810366721842,"ENSG00000184497.13"
0,0,"ENSG00000233695.2"
0,0.757182378964079,"ENSG00000183087.15"
5.97672859736722e-11,0.197385408395143,"ENSG00000272695.2"
0,0,"ENSG00000229373.9"
0.107003272358337,0,"ENSG00000260910.1"
0,0.0466948359929469,"ENSG00000283199.3"
0,0.0502288659419984,"ENSG00000185989.11"
0.417609998328215,0.0948878978875121,"ENSG00000232487.1"
0,0,"ENSG00000130177.16"
0.259115515602409,0.017996585411559,"ENSG00000169062.15"
0.303411639180188,0,"ENSG00000198824.7"
0.134313447593347,0.00638375205134424,"ENSG00000225210.10"
0.39561862409606,1.07440482698157e-11,"ENSG00000244306.11"
0.0156316485494803,0,"ENSG00000136319.12"
0,0.55885399876301,"ENSG00000258768.2"
0,0,"ENSG00000100814.18"
0,0,"ENSG00000287735.1"
0,0,"ENSG00000222489.1"
0,0.241222841223179,"ENSG00000129484.13"
3.07903913499156e-13,0.251716324340545,"ENSG00000129566.13"
0.125291508901895,0.0891511712079874,"ENSG00000185271.9"
0.0972458673152609,0.137510411143446,"ENSG00000092094.11"
5.67560468387473e-12,0.0222094967151273,"ENSG00000258515.1"
0,0,"ENSG00000100823.12"
0,0.236538762420263,"ENSG00000165782.10"
0,0.655769861256954,"ENSG00000198805.11"
0,0.39505330263593,"ENSG00000214274.9"
0.0654724763105165,0.477110000961866,"ENSG00000258818.4"
0.0333021453606762,0.647157638708241,"ENSG00000169413.3"
0.159697052354467,3.04218452014801e-22,"ENSG00000129538.14"
0.234745259166826,0.381059395228477,"ENSG00000169397.3"
0,0,"ENSG00000136315.4"
0.292392654744314,0.32032889254302,"ENSG00000169385.3"
0,0,"ENSG00000165792.17"
0,0.29955771258526,"ENSG00000165795.23"
0.0430610671731726,0.246056408105942,"ENSG00000165801.10"
1.5215843789087e-12,0.11117723788199,"ENSG00000165804.16"
0,0.0334604150779389,"ENSG00000258441.1"
0,0.324658107233927,"ENSG00000092199.17"
3.18787713017772e-09,0.1396532930768,"ENSG00000092201.10"
0,0,"ENSG00000100888.13"
3.50890138397448e-13,0.0155523847534788,"ENSG00000129472.15"
4.99386934502926e-19,0.497762757094137,"ENSG00000092203.14"
0,0.164134043763128,"ENSG00000165819.12"
1.19887794480411e-15,0.637125496505671,"ENSG00000165821.12"
2.74801213711522e-10,0.285623087623005,"ENSG00000211829.9"
0.00562423695433686,0.418033686820594,"ENSG00000277734.8"
0,0.0193803289302711,"ENSG00000129562.11"
2.74447334116428e-20,0.191303380776436,"ENSG00000275552.1"
0.107407607848231,0,"ENSG00000100439.10"
0,0,"ENSG00000155463.14"
0,0.208282786628995,"ENSG00000155465.18"
0.0711157068124832,0,"ENSG00000172590.18"
1.03477940025072e-20,0.0207995350553809,"ENSG00000157227.13"
0,0.268140052602138,"ENSG00000197324.9"
0,0.618402155157256,"ENSG00000139890.10"
0,0.30349218871092,"ENSG00000100461.18"
0,0,"ENSG00000237054.9"
0,0,"ENSG00000100462.16"
0,0,"ENSG00000092036.18"
0,0,"ENSG00000129474.16"
0,0,"ENSG00000258457.5"
0,0,"ENSG00000100802.15"
0.00990633289537304,0,"ENSG00000100804.19"
0.300471092487094,0.208955070611059,"ENSG00000279656.1"
0,0,"ENSG00000139880.19"
0,0.14177127980374,"ENSG00000100813.14"
0.211140062726596,3.0339833396896e-15,"ENSG00000179933.6"
0.196080813433434,0.492420016199235,"ENSG00000092067.5"
0,0.0556656015594451,"ENSG00000092068.20"
0.0439434743151443,0,"ENSG00000215271.8"
0,0,"ENSG00000270433.1"
0,0,"ENSG00000235194.9"
1.95554198205174e-11,0.00112373375065546,"ENSG00000129473.9"
0,0.156594510112018,"ENSG00000100836.10"
0,0,"ENSG00000092096.16"
0,0.285022474857667,"ENSG00000100842.13"
0.0858972254058195,0.224211418672149,"ENSG00000166091.21"
0,0.149629718920758,"ENSG00000129460.16"
0,0.328326091962203,"ENSG00000157306.14"
0.137899686268424,0.591356129136984,"ENSG00000136367.14"
0,0,"ENSG00000259431.6"
0.0732443521524273,0.452018516670152,"ENSG00000213983.12"
0,0,"ENSG00000215256.4"
0.0856832186800613,0,"ENSG00000157326.19"
0,0.29821510248292,"ENSG00000187630.17"
0.0117719922271573,0.323457661647245,"ENSG00000186648.15"
0.0228092000691076,8.35805046395888e-21,"ENSG00000129535.12"
0,0,"ENSG00000100889.12"
0.0720080734539679,0.467166159720877,"ENSG00000100897.17"
0.173303134130489,3.06213366247818e-21,"ENSG00000092010.15"
0,0,"ENSG00000100908.14"
0.158561434341292,0.39294319051718,"ENSG00000100911.16"
0,0.0745679923006537,"ENSG00000213928.9"
0,0.303479193288414,"ENSG00000100918.13"
0,0,"ENSG00000196497.17"
0,0,"ENSG00000100926.15"
0,0,"ENSG00000276698.1"
0,0,"ENSG00000278784.1"
0,0,"ENSG00000139908.15"
0,0,"ENSG00000254505.10"
0,0,"ENSG00000260669.2"
0,0.185650742199365,"ENSG00000129559.13"
0,0,"ENSG00000100938.17"
0,0.000466939976228418,"ENSG00000092330.18"
0,0,"ENSG00000092295.12"
0,0,"ENSG00000100949.14"
0,0.0151246963713738,"ENSG00000286825.1"
0,0.417722769943325,"ENSG00000157379.14"
0,6.77677913023034e-15,"ENSG00000196943.14"
2.40668293537401e-21,0.0106714136944422,"ENSG00000213906.10"
0.14225423160984,0.390913012940656,"ENSG00000213903.9"
0,0,"ENSG00000129467.13"
0,0,"ENSG00000129465.16"
0,0,"ENSG00000100968.14"
0,0,"ENSG00000205978.6"
0,0,"ENSG00000139899.11"
0,0.367255539639362,"ENSG00000100441.10"
0,0,"ENSG00000100445.17"
0.188090521107586,0.00859794664426604,"ENSG00000258744.2"
0.168021759171841,0.588111060914186,"ENSG00000100448.4"
0,0.34837858109304,"ENSG00000100453.13"
0.110906316021163,0.35889167898158,"ENSG00000168952.15"
0.00236405509020279,0.986609593992071,"ENSG00000139910.20"
7.09666296322164e-14,0.230268152711602,"ENSG00000262119.1"
2.23397621574533e-12,0.00395120459664855,"ENSG00000197358.9"
0,0.309968841607014,"ENSG00000184304.15"
0,0,"ENSG00000248975.2"
0.0396688728129341,0.0596674821134604,"ENSG00000092140.16"
0.0287306131215329,0,"ENSG00000092108.21"
0,0,"ENSG00000258648.1"
5.20968116680587e-11,0.0127248989030677,"ENSG00000100473.18"
0,0.363091613121446,"ENSG00000196792.12"
0.12806313994647,0.36662054470703,"ENSG00000258968.2"
0,0,"ENSG00000100478.15"
0,0.0724251911296621,"ENSG00000092148.13"
0,0,"ENSG00000258640.3"
3.31946195798853e-22,0.0856119225398324,"ENSG00000129493.15"
2.09565197360494e-14,0.191204287569958,"ENSG00000250365.7"
0.106135617209328,1.78497315514622e-12,"ENSG00000129480.13"
0,0,"ENSG00000151413.17"
8.85944101544463e-21,0.111735790884018,"ENSG00000258655.2"
5.96767104404231e-19,0.0837442481772477,"ENSG00000100852.13"
0.0671261222964143,0,"ENSG00000151320.11"
0,0,"ENSG00000151322.18"
0,0.486459645682318,"ENSG00000129521.14"
0,0,"ENSG00000165389.7"
0.0162451681029505,0,"ENSG00000129518.9"
0,0.257196428904057,"ENSG00000129515.20"
0.00452991418035897,0.691845599508653,"ENSG00000165410.15"
0,0.710756493351817,"ENSG00000198604.11"
0.396693927341055,0.299807489110721,"ENSG00000258738.1"
0,0,"ENSG00000258704.6"
0,0,"ENSG00000100883.12"
0,0,"ENSG00000151327.12"
0.183720025033033,0,"ENSG00000092020.10"
0,0.12855141161674,"ENSG00000279434.1"
0,0,"ENSG00000100890.16"
4.74766274116171e-17,0,"ENSG00000100902.11"
0.030742974843134,0.260026578094807,"ENSG00000240023.1"
0,0.480752677505446,"ENSG00000100906.10"
0,3.18093241388247e-15,"ENSG00000174373.16"
0.0624409258852507,2.0475627022553e-11,"ENSG00000257957.1"
0,0,"ENSG00000100916.14"
0,0,"ENSG00000151332.19"
0.237542700270417,2.77532324478053e-13,"ENSG00000258708.1"
0,0.414003406019191,"ENSG00000151338.18"
0,0,"ENSG00000176435.7"
0,0,"ENSG00000259070.7"
5.86490767333952e-12,0.584799505093409,"ENSG00000100934.15"
0,0,"ENSG00000092208.17"
3.65664418214756e-11,0.364867848873619,"ENSG00000182400.15"
6.37765641557275e-20,0.272426866323369,"ENSG00000100941.9"
0,0,"ENSG00000150527.17"
8.16034575918839e-13,0.427698901474944,"ENSG00000165355.7"
0,0,"ENSG00000258526.7"
0.00242698960999834,0.358056576404384,"ENSG00000165379.13"
0.166441608387501,0,"ENSG00000179476.8"
0,0,"ENSG00000179454.13"
1.23855084058171e-10,0.328837822202105,"ENSG00000198718.13"
0,0,"ENSG00000185246.18"
0,0,"ENSG00000100442.11"
1.7730157851447e-12,0.0437419661959957,"ENSG00000187790.11"
0,0,"ENSG00000129534.14"
0,0,"ENSG00000213741.10"
0.443827741181313,0.273564740761796,"ENSG00000276168.1"
0,0.113585068332907,"ENSG00000165501.17"
0,0,"ENSG00000165502.7"
0.306256254551014,0.238116421261991,"ENSG00000168282.6"
0.13024078472933,0.211375879217903,"ENSG00000165506.14"
0,0,"ENSG00000100479.13"
0,0.62554995847753,"ENSG00000197776.8"
0,0,"ENSG00000165516.11"
0,0.323941584135036,"ENSG00000165525.18"
0.184466997286839,0,"ENSG00000278771.1"
2.69718420787779e-17,0.0168207997092583,"ENSG00000282885.2"
0.392231395845179,0.332570638574209,"ENSG00000278002.1"
0.180168695235592,0.581281585939595,"ENSG00000165527.7"
6.05601470409992e-20,0.426062415145308,"ENSG00000214900.11"
0,0,"ENSG00000100483.14"
8.46940909338212e-14,0.203151125722712,"ENSG00000100485.12"
0,0,"ENSG00000087299.12"
0.0137470703603402,5.15548205499432e-12,"ENSG00000125375.15"
0,0.0939836386107875,"ENSG00000100490.9"
4.99033853806239e-22,0.114471265778806,"ENSG00000012983.11"
0,0.261335733822429,"ENSG00000198513.11"
0,0,"ENSG00000151748.15"
0.118952692753314,9.08654100320102e-10,"ENSG00000243103.3"
0,0,"ENSG00000269906.1"
0,0.196776824778702,"ENSG00000100503.23"
0,0.237660602368128,"ENSG00000100504.17"
5.59149317645235e-13,0.255503138115503,"ENSG00000131969.15"
0,0,"ENSG00000258711.2"
0,0.393214621072914,"ENSG00000100505.13"
1.82286385672783e-12,0.0541576910444448,"ENSG00000139921.13"
4.72698761239232e-18,0.603124261590061,"ENSG00000258479.6"
0,0.580485012433731,"ENSG00000139926.15"
0,0,"ENSG00000273888.1"
0,0,"ENSG00000186469.8"
0,0,"ENSG00000087302.9"
0,0,"ENSG00000087303.18"
0,0.184966715172105,"ENSG00000168229.4"
0,0,"ENSG00000261208.1"
0,0.737766487346181,"ENSG00000125384.7"
0,0.298646375040825,"ENSG00000087301.9"
0.0197959164362338,4.29845743702518e-14,"ENSG00000180998.12"
0,0,"ENSG00000197930.13"
0,0,"ENSG00000100519.12"
0,0,"ENSG00000198252.12"
5.73489347785811e-10,0.495141837847723,"ENSG00000100522.10"
5.72465239932921e-19,0.281308069686234,"ENSG00000285664.2"
2.29840436473377e-09,0.282996320249445,"ENSG00000073712.15"
0,0,"ENSG00000271075.1"
0,0,"ENSG00000288045.1"
9.14871322287868e-12,0.0713545663150939,"ENSG00000100523.14"
0.0832745411579803,1.83003172801597e-15,"ENSG00000237356.7"
0.0943119972407262,0.294808135710036,"ENSG00000125378.16"
0.183993022241635,0.441863662384612,"ENSG00000100526.20"
0,0.713082011867979,"ENSG00000100528.12"
0,0.112236791197116,"ENSG00000197045.13"
0,0,"ENSG00000100532.12"
5.36033193100172e-20,0.434145859304371,"ENSG00000020577.13"
0,0.320174843825636,"ENSG00000285774.2"
0,0.637346575890873,"ENSG00000131979.19"
0,0.122515780171075,"ENSG00000258872.2"
0.287989891008541,0.541919626521786,"ENSG00000198554.12"
0,0,"ENSG00000180008.9"
0,0,"ENSG00000168175.15"
0,0.482583881528788,"ENSG00000131981.16"
0.255621176952153,0.459205478407695,"ENSG00000126787.13"
8.25183658572432e-20,0.149276069427716,"ENSG00000258413.2"
2.27113624388425e-12,0.346474564637322,"ENSG00000178974.10"
0,0,"ENSG00000278818.1"
0,0.189611267995497,"ENSG00000258469.1"
0.0353070296162405,0.620822821818809,"ENSG00000126775.8"
0,0.00649804956868994,"ENSG00000259318.1"
0,0,"ENSG00000186615.11"
0,0.106820652518684,"ENSG00000126777.18"
0,0.251184560982803,"ENSG00000139946.10"
8.63336838135221e-10,0.530038143803796,"ENSG00000070269.14"
0.0109969865012119,0.228106471502573,"ENSG00000070367.16"
0,0,"ENSG00000053770.12"
0,0,"ENSG00000139977.14"
0,0.32863686949038,"ENSG00000139971.15"
0,0,"ENSG00000131966.14"
0,0,"ENSG00000100567.13"
0.265607396518438,8.10565837375439e-12,"ENSG00000258682.1"
0,0.0288847739706225,"ENSG00000257621.8"
8.58506817607036e-13,0.335494327770734,"ENSG00000279636.2"
0,0.240749648042668,"ENSG00000032219.19"
0,0,"ENSG00000100575.14"
0.0350960732238423,1.95813435829662e-09,"ENSG00000100578.17"
0,0.0535406185512144,"ENSG00000165617.14"
4.0303962216691e-14,0.451367060875037,"ENSG00000100592.15"
0.0546542563838843,0.0372822855403062,"ENSG00000181619.11"
0,0.0300481584193624,"ENSG00000126790.12"
0,0,"ENSG00000050130.18"
0.0703016146235334,0.569944506938517,"ENSG00000139970.17"
0,0,"ENSG00000131951.11"
0.0185057915351999,0.288455920592676,"ENSG00000126773.13"
9.51551971749315e-13,0.342609362791594,"ENSG00000100612.14"
0,0,"ENSG00000254718.6"
0,0,"ENSG00000100614.18"
4.92139542354749e-11,0.309126135945205,"ENSG00000179008.9"
0,0,"ENSG00000258670.1"
1.16337975562392e-15,0.251352419949086,"ENSG00000258952.2"
0.0905792605380013,0.483387395555351,"ENSG00000126778.12"
4.96428159019026e-10,0.208240764696244,"ENSG00000100625.9"
8.00038703032082e-09,0.149572348826752,"ENSG00000020426.11"
0,0.294730148898541,"ENSG00000258445.3"
0,0,"ENSG00000258485.2"
0,0.0101993830076586,"ENSG00000126814.7"
0,0,"ENSG00000139974.15"
0.289729635140722,0.332971449636661,"ENSG00000027075.15"
0.0894220233786532,0.128409487797932,"ENSG00000182107.7"
0,0,"ENSG00000247287.3"
0,0,"ENSG00000258926.2"
0,0,"ENSG00000250548.7"
0.435793323765556,1.99704689844185e-14,"ENSG00000232774.8"
0,0.1114465502375,"ENSG00000100644.17"
0,0.071538062989925,"ENSG00000258667.2"
0,0,"ENSG00000023608.5"
0.0505600907910269,0,"ENSG00000279633.1"
0.180888581908727,0.59447164295026,"ENSG00000126785.13"
0,0.190536487510215,"ENSG00000154001.14"
0,0,"ENSG00000140006.11"
0,0,"ENSG00000126821.8"
2.02353804467878e-20,0.111183860684141,"ENSG00000054654.16"
0,0,"ENSG00000140009.18"
0,0,"ENSG00000234911.2"
0,0.529524877169579,"ENSG00000100714.17"
0,0,"ENSG00000089775.11"
0,0.0861992664110419,"ENSG00000179841.8"
3.76845417667832e-12,0.152944370746272,"ENSG00000126804.13"
1.80903204109413e-10,0.1290816868586,"ENSG00000259116.2"
2.47982399996279e-11,0.26912329370151,"ENSG00000126803.9"
0.152020026312948,0.305266437335673,"ENSG00000165807.8"
0,0.589445645098315,"ENSG00000126822.17"
0.262082624657232,0.24196477256152,"ENSG00000070182.21"
0,0.482396390163352,"ENSG00000258289.8"
1.76158698062773e-11,0.0816758698001768,"ENSG00000176153.12"
0,0,"ENSG00000139998.15"
0,0,"ENSG00000257365.8"
0.132077902968516,0.421884502351339,"ENSG00000125952.20"
5.28310186990342e-16,0.159585272598725,"ENSG00000259118.5"
1.79266836389347e-11,0.0572464392002685,"ENSG00000033170.16"
0.159777946894442,1.22148833789297e-10,"ENSG00000224861.1"
0,0,"ENSG00000171723.15"
0,0,"ENSG00000172717.16"
0,0.40945204452529,"ENSG00000072415.9"
0.0932088915621233,0.118220035337908,"ENSG00000286319.1"
0,0,"ENSG00000100554.12"
0,0.125369621259412,"ENSG00000134001.13"
8.67665721584374e-11,0.253354372269362,"ENSG00000100558.9"
7.36238525328937e-12,0.446809838606798,"ENSG00000198133.8"
2.7590539490701e-13,0.218785202847059,"ENSG00000054690.14"
0.00227305428076204,3.09281138999803e-13,"ENSG00000100564.9"
0.113357148352297,0.0252456120338995,"ENSG00000081181.8"
0,0.288820362771947,"ENSG00000286861.1"
1.49446336532468e-12,0.485733686147722,"ENSG00000100568.11"
0.0427418523472836,4.26253593302235e-10,"ENSG00000072042.13"
0,0.193381524152387,"ENSG00000072121.16"
0,0,"ENSG00000239820.3"
0,0,"ENSG00000182185.18"
0,0.382527399581607,"ENSG00000287385.1"
0,0,"ENSG00000185650.9"
0,0,"ENSG00000258565.1"
0.0237627919049835,0.0123632488170791,"ENSG00000072110.13"
0.140206042064707,0.316654086667923,"ENSG00000258531.2"
3.29484611105677e-17,0.116548491766764,"ENSG00000139990.18"
0.0990540861735075,0.173489101358819,"ENSG00000259165.1"
0,0,"ENSG00000081177.18"
1.69664629542902e-12,0.589768312061224,"ENSG00000100626.17"
0,0.0299628195278637,"ENSG00000100632.11"
0,0,"ENSG00000029364.12"
0,0.149104804648273,"ENSG00000100647.8"
0,0.303544867297198,"ENSG00000100650.16"
0,0,"ENSG00000100652.5"
0.0778259391751938,0,"ENSG00000221060.1"
0.0758871539326704,0.385164073386452,"ENSG00000198732.10"
0.412029422032924,0.0430223160511502,"ENSG00000242071.3"
0.0323251413083711,0.486120327516409,"ENSG00000100678.18"
0,0,"ENSG00000213463.5"
0,0.38585077543205,"ENSG00000139985.7"
0,0.040067866482142,"ENSG00000259158.4"
0.147569970475533,0.231072654006443,"ENSG00000134007.5"
0,0.219657733133897,"ENSG00000274397.1"
6.1931903543477e-12,0.041214870169967,"ENSG00000133997.11"
0,0,"ENSG00000258951.1"
1.67455622730277e-10,0.545781679665093,"ENSG00000133985.3"
4.08019237142107e-20,0.229517065309519,"ENSG00000006432.15"
0,0.285263553050815,"ENSG00000100731.16"
0,0.23765963690345,"ENSG00000287643.1"
0,0,"ENSG00000197555.9"
0.0435174090497798,0.631156110981448,"ENSG00000259079.1"
0.235299125648753,0.342414588534616,"ENSG00000182732.18"
0,0.525942536373508,"ENSG00000205683.11"
0,0,"ENSG00000119599.17"
0,0.236830356900321,"ENSG00000165861.14"
0,0.232539650575886,"ENSG00000119707.14"
3.03296984219154e-11,0.185698963516385,"ENSG00000080815.19"
0.156196448622807,0,"ENSG00000100767.16"
0.470382136212495,1.31976824443032e-20,"ENSG00000258376.2"
0.146899385435345,1.8995706320011e-12,"ENSG00000258944.1"
0,0.122119396531413,"ENSG00000133961.20"
0.00149147628084294,0.32640467160859,"ENSG00000187105.8"
0,0,"ENSG00000170468.8"
0,0.477798964093331,"ENSG00000184227.8"
0,0,"ENSG00000119673.14"
0,0.306850234847956,"ENSG00000279026.1"
1.77212416396201e-13,0.125258829862522,"ENSG00000177465.4"
7.61394819552207e-13,0.496258389608395,"ENSG00000119661.15"
0.210639410779499,0,"ENSG00000176903.5"
1.98688898005016e-22,0.0963427027713818,"ENSG00000156030.13"
0,0,"ENSG00000264741.1"
0,0.540206252240578,"ENSG00000259065.2"
0,0,"ENSG00000140043.11"
0,0,"ENSG00000119725.18"
0,0,"ENSG00000258891.1"
0,0.0532463309831773,"ENSG00000270140.1"
0,0,"ENSG00000156050.10"
0,0,"ENSG00000119723.17"
0,0,"ENSG00000187097.12"
0.188993568477656,0.162972699358529,"ENSG00000119636.16"
0.0326552009893987,0.382538703667476,"ENSG00000119711.13"
0,0.27010176339415,"ENSG00000205659.10"
0,0.0123076468190205,"ENSG00000119688.21"
0,0,"ENSG00000258559.2"
0,1.72615699342955e-14,"ENSG00000119655.10"
0,0,"ENSG00000165898.14"
0.0231344176267164,0.0131620183881766,"ENSG00000119681.12"
0,0.235827806470961,"ENSG00000119682.17"
0,0,"ENSG00000258439.1"
0,0,"ENSG00000222604.2"
0,0,"ENSG00000119616.11"
1.63785230563088e-17,0.119185312783555,"ENSG00000119596.18"
0,0,"ENSG00000119608.12"
2.43615176844262e-20,0.139039527493472,"ENSG00000119689.15"
1.73959317108605e-20,0.176140204325748,"ENSG00000198208.11"
9.43436384609076e-12,0.576077669446238,"ENSG00000119630.14"
0,0,"ENSG00000119718.11"
0,0,"ENSG00000119684.15"
7.7324411969239e-19,0.0777997682514868,"ENSG00000119640.9"
0.00879403267459643,0.145205760446261,"ENSG00000119703.14"
0,0,"ENSG00000119638.13"
3.32570232380268e-13,0.157723990142106,"ENSG00000170348.9"
0,0,"ENSG00000258820.5"
0.034953485886252,1.29734121372914e-11,"ENSG00000170345.10"
0,0,"ENSG00000259687.2"
0,0.00406336759869568,"ENSG00000259319.1"
0,0,"ENSG00000140044.13"
0.232869665804023,0.313789658083476,"ENSG00000156127.7"
0.10389166523959,4.34886791528855e-11,"ENSG00000119686.10"
0,0,"ENSG00000119685.20"
0,0,"ENSG00000133935.7"
0,0,"ENSG00000259103.2"
0,0,"ENSG00000119650.12"
0,0,"ENSG00000119699.7"
0,0.0112676538559287,"ENSG00000089916.18"
0,0,"ENSG00000071246.11"
0,0,"ENSG00000013523.10"
0.0221810651412358,0,"ENSG00000119669.5"
0.018781225358849,0.578223507120322,"ENSG00000273729.1"
0.159808203812927,0.415314940699207,"ENSG00000258819.2"
0.0137641208605144,0,"ENSG00000198894.8"
0,0,"ENSG00000009830.11"
0,0.00980720287286147,"ENSG00000100577.19"
0,0,"ENSG00000100580.8"
0,0,"ENSG00000100583.4"
0,0,"ENSG00000165555.9"
0.14871607825583,0.0990636640340408,"ENSG00000151445.16"
0,0,"ENSG00000100591.8"
8.16807992764972e-12,0.408568164828499,"ENSG00000100596.6"
0,0,"ENSG00000100601.10"
0,0,"ENSG00000119705.9"
0.110623241456412,8.51954612322692e-13,"ENSG00000100603.13"
0,0,"ENSG00000063761.16"
0.025273334692875,0.873371064850966,"ENSG00000021645.18"
0.0223569918943401,0.485074829178163,"ENSG00000211448.12"
3.2241348708986e-20,0.198337698952674,"ENSG00000100629.17"
0,0,"ENSG00000165409.17"
0,0,"ENSG00000284959.2"
0,0.00388134837971263,"ENSG00000165417.12"
0.434934106319638,1.12356358762252e-10,"ENSG00000140022.13"
1.30474902357438e-19,0.332214260861104,"ENSG00000071537.14"
0,0.0683648589741746,"ENSG00000205562.3"
0.146179380005235,0.250329432489369,"ENSG00000185070.11"
0,0.77336408209306,"ENSG00000258733.6"
0,0,"ENSG00000258912.2"
0,0,"ENSG00000054983.17"
0.192570089189848,0.345448067357662,"ENSG00000140030.6"
0.153397327233875,0,"ENSG00000042317.17"
2.83752508074473e-12,0.434170942975828,"ENSG00000070778.13"
2.0694406732044e-20,0.301133388305099,"ENSG00000258983.2"
0,0.333596232464012,"ENSG00000100722.20"
0,0,"ENSG00000278576.1"
0,0,"ENSG00000165521.15"
0,0,"ENSG00000165533.18"
2.01886753089223e-10,0.257868136947987,"ENSG00000053254.15"
0,0.302542172884179,"ENSG00000259151.2"
0.18542221071311,0.31435086427983,"ENSG00000258752.2"
0,0,"ENSG00000258920.1"
0,0,"ENSG00000259073.1"
0,0,"ENSG00000200312.1"
0.556808380295546,1.66120639164007e-09,"ENSG00000140025.16"
0.200615930512658,0.278199006293655,"ENSG00000042088.14"
0.00646538068907945,0.441834044768008,"ENSG00000100764.14"
3.37292717677334e-10,0.0811532590081254,"ENSG00000119720.18"
0,0,"ENSG00000287437.1"
0,0,"ENSG00000275198.1"
1.26974728461418e-18,0.0834511425067917,"ENSG00000198668.12"
0,0.129497779613183,"ENSG00000258424.1"
0.208289792195703,3.00420911643011e-12,"ENSG00000165914.15"
0,0.0646836748813103,"ENSG00000259163.2"
0,0,"ENSG00000213315.5"
0,0,"ENSG00000100784.12"
0,0.396353290814283,"ENSG00000133943.20"
0,0.0914276342448926,"ENSG00000119714.11"
0.234442742351857,0.171500837412556,"ENSG00000258875.6"
1.64671883713281e-11,0.498132846179997,"ENSG00000015133.19"
0.0657119962970333,0.550642067775699,"ENSG00000100796.17"
2.56573869253221e-09,0.0163594661587158,"ENSG00000133962.8"
0,0.30030227877872,"ENSG00000260711.2"
0.128402763123274,0.510203407832371,"ENSG00000165929.13"
0.112985195726463,0.593485044018392,"ENSG00000140092.14"
0,0.404472372125251,"ENSG00000100815.12"
0,0.243384886473958,"ENSG00000066427.24"
0,0,"ENSG00000183648.10"
0,0,"ENSG00000165934.13"
0,0.0497193287691014,"ENSG00000140090.17"
0.127270312040742,0.618528720341122,"ENSG00000100599.16"
0.161397018645073,0,"ENSG00000100600.15"
1.43800386768409e-21,0.164502998649844,"ENSG00000066455.13"
0.186002194712042,0,"ENSG00000100604.13"
0,0,"ENSG00000100605.17"
5.09942791033265e-13,0.276469004262074,"ENSG00000258730.1"
0,0,"ENSG00000165943.5"
0,0,"ENSG00000153485.5"
0.1873946286645,0.157202724031246,"ENSG00000170270.5"
0,0.311694698440237,"ENSG00000012963.15"
0,0,"ENSG00000011114.15"
0,0.174195220186693,"ENSG00000133958.13"
5.01982119153251e-13,0.230005048282573,"ENSG00000100628.12"
0,0,"ENSG00000089723.10"
0,0.0963073615429824,"ENSG00000089737.17"
2.18528003724072e-09,0.0926865380447085,"ENSG00000165948.11"
0.0598073111698073,2.58228123547195e-13,"ENSG00000165949.12"
0,0,"ENSG00000119632.4"
0,0,"ENSG00000119698.12"
0.00116882091492521,0.92107819476257,"ENSG00000197249.13"
0,0.295268252776958,"ENSG00000188488.14"
0,0,"ENSG00000133937.4"
0,0.363038354901253,"ENSG00000285205.2"
0,0,"ENSG00000100697.14"
0,0,"ENSG00000235706.8"
0.0496666799905991,0.143719500061334,"ENSG00000165959.12"
0,0.646278022267986,"ENSG00000176438.12"
0.0607321723730805,0.653247249923641,"ENSG00000258572.1"
1.38992035216299e-11,0.349960768284025,"ENSG00000247092.7"
0.229024791465725,0.296384712930868,"ENSG00000182512.5"
0.26575219572301,0.0381944589092525,"ENSG00000187621.14"
0.25406229684391,0.385554920440511,"ENSG00000100721.11"
0,0.567882281677237,"ENSG00000227051.6"
0.407158023030152,0.0452756281880345,"ENSG00000168398.6"
0,0,"ENSG00000258412.1"
0,0,"ENSG00000259036.1"
0.183040457810083,7.43691435725814e-12,"ENSG00000100739.11"
0,0.448909368318706,"ENSG00000066739.12"
0,0,"ENSG00000100744.15"
0.0813149447159146,0.613861613394341,"ENSG00000140057.9"
0,0,"ENSG00000090060.18"
0.0741046536228278,0.488621506281303,"ENSG00000100749.8"
0.0662327747982579,0,"ENSG00000246223.9"
0,0,"ENSG00000232573.1"
0.2179858354759,0.522841256275339,"ENSG00000127152.18"
0,0,"ENSG00000183576.13"
2.77948991030527e-15,0.048668626804826,"ENSG00000090061.17"
0,0,"ENSG00000205476.9"
0.311379886056545,0.407983611460599,"ENSG00000182218.9"
0.100990436596223,0.453314763093798,"ENSG00000036530.9"
1.03694925844489e-13,0.385073818379671,"ENSG00000066629.17"
0.116513016943043,0.17614925810737,"ENSG00000196405.13"
0.0257865259838271,0,"ENSG00000242888.1"
0,0,"ENSG00000168350.8"
1.58483597247003e-21,0.515149844429635,"ENSG00000100811.14"
0,0,"ENSG00000258904.1"
9.7058468335404e-13,0.112968261518102,"ENSG00000197119.13"
0,0,"ENSG00000140105.18"
0,0,"ENSG00000176473.13"
0,0,"ENSG00000258620.2"
0,0,"ENSG00000183092.16"
0,0.446813715687736,"ENSG00000214548.18"
0,0,"ENSG00000254656.2"
0.0245029377984654,7.94260262216252e-12,"ENSG00000225746.12"
0,0,"ENSG00000212384.1"
0,0,"ENSG00000223403.6"
3.02733066397491e-10,0.577549405363507,"ENSG00000258498.8"
0,0,"ENSG00000241494.1"
6.2877694689604e-13,0.0363406763370835,"ENSG00000078304.19"
0,0.599858611771369,"ENSG00000259088.1"
0,0.0985193803817204,"ENSG00000256705.3"
0,0.0984818013747176,"ENSG00000271780.1"
0,0.152437762749062,"ENSG00000197102.12"
0,0,"ENSG00000258959.2"
0,0,"ENSG00000240457.3"
0,0.0717325716813247,"ENSG00000080824.18"
0,0.694936628900336,"ENSG00000140153.17"
0,0,"ENSG00000080823.23"
0,0,"ENSG00000022976.15"
0,0,"ENSG00000100865.15"
0,0,"ENSG00000196663.16"
0,0.179814907047633,"ENSG00000156381.9"
0,0.0636841445373862,"ENSG00000089902.10"
0,0.0454735782769213,"ENSG00000131323.14"
2.53395057578397e-11,0.203555474517717,"ENSG00000166126.10"
0,0,"ENSG00000198752.11"
0,0.064705853131892,"ENSG00000205436.7"
0,0.225746838604146,"ENSG00000185215.9"
0,0,"ENSG00000259374.2"
1.88182221640539e-11,0.376036585891631,"ENSG00000100664.11"
2.93605777397722e-11,0.0887813067595955,"ENSG00000272533.1"
0.0611988600303594,0.43795283693684,"ENSG00000075413.18"
0.350848727620563,0.222995751777763,"ENSG00000166165.13"
8.43063395523766e-23,0.0934922683911839,"ENSG00000260285.1"
0,0,"ENSG00000166166.13"
0.192086356302426,0.381954069640953,"ENSG00000258851.1"
2.98789898751025e-17,0.458510765189707,"ENSG00000166170.9"
3.15457437772979e-13,0.104885777398315,"ENSG00000126214.21"
0.205502671930411,1.93680944955584e-13,"ENSG00000256053.7"
0,0.261850163838756,"ENSG00000246451.2"
0,0,"ENSG00000270108.1"
0.267222266596727,6.92322444318295e-10,"ENSG00000269940.1"
0.0533752065643038,0.599917832961888,"ENSG00000269958.1"
0,0.155340921905562,"ENSG00000126215.14"
1.27003443790284e-13,0.780714555363647,"ENSG00000100711.13"
5.38344862157536e-11,0.401895030018976,"ENSG00000088808.18"
0,0.00353064914865623,"ENSG00000156411.9"
3.6920359587029e-12,0.0574805327242575,"ENSG00000156414.19"
1.52417929692618e-12,0.343698398108842,"ENSG00000066735.14"
0.113005242799812,0.350398499810149,"ENSG00000258986.7"
0.106786864846294,0.517961182807578,"ENSG00000184601.10"
0,0,"ENSG00000260792.1"
4.50077433648798e-19,0.144789552195133,"ENSG00000203485.13"
0.243921698831407,3.90951454262972e-13,"ENSG00000185100.10"
0,1.62645037514598e-14,"ENSG00000184990.13"
0.077607615941753,2.85832445403092e-11,"ENSG00000142208.16"
0,0,"ENSG00000179627.10"
0.0212369352320781,1.12740176336889e-09,"ENSG00000279140.1"
0.0547141373250188,2.05343914474749e-11,"ENSG00000258701.1"
0.0832205665834142,0.151212188725487,"ENSG00000099814.16"
0.164183863081062,0.448319589546408,"ENSG00000166428.13"
0.224550170205033,0.322878847821382,"ENSG00000185567.7"
0,0,"ENSG00000140104.14"
0.133414381692566,0.636154276344087,"ENSG00000170779.11"
1.56362426688082e-12,0.799199551628867,"ENSG00000183484.12"
0,0,"ENSG00000184916.9"
0.193580927938285,0.230664020104021,"ENSG00000183828.15"
0,0.200592957548789,"ENSG00000185024.17"
0.0529977984283596,0.341446045350269,"ENSG00000184887.13"
0,0.303432193311293,"ENSG00000179364.13"
0,0.112379285747252,"ENSG00000279495.1"
0,0,"ENSG00000226174.7"
0,0,"ENSG00000251602.7"
0,0.0934323134949869,"ENSG00000182979.18"
6.15233801599409e-12,0.0852764530281357,"ENSG00000182809.10"
0.0213835812442513,0.546449522173276,"ENSG00000213145.10"
0,0.405097626048532,"ENSG00000185347.17"
0,0.081289254256496,"ENSG00000184986.11"
0.0820661017940893,0.881509888110543,"ENSG00000211890.4"
0.170694581773032,0.725130139396494,"ENSG00000211892.4"
0.0302385205057751,0.958933890621048,"ENSG00000211893.4"
0.0157358855424671,0.907277369384949,"ENSG00000253755.1"
0.0963284629543365,0.818985468282599,"ENSG00000211895.5"
0.108013050463359,0.772195393023644,"ENSG00000211896.7"
0.0954773344889183,0.84251278276842,"ENSG00000211897.9"
0.113626464361795,0.824720339765568,"ENSG00000211898.7"
0.128641347820213,0.830924421519482,"ENSG00000211899.10"
0.211853505656691,0.0275240473991859,"ENSG00000237111.1"
0.211361844813899,0.625134942599032,"ENSG00000226777.7"
0.178325013218635,0.463806494653199,"ENSG00000211933.2"
0,0,"ENSG00000225200.2"
0.146095739804639,0.640913523161177,"ENSG00000211934.3"
1.91652309178875e-15,0.841596677510115,"ENSG00000211935.3"
0.206780701311475,0.415690438557048,"ENSG00000276775.1"
0.379211800186664,0.256977305048672,"ENSG00000282122.1"
0.0498789506000698,0.879666251905022,"ENSG00000211937.3"
0.0581365761064556,0.897823442661424,"ENSG00000211938.2"
0.140081831460297,0.391317282270724,"ENSG00000211941.3"
0.0674062948694131,0.635935552877869,"ENSG00000211942.3"
0.0652405976023033,0.842850973174681,"ENSG00000211943.2"
3.42799194103668e-10,0.669324167828075,"ENSG00000211945.2"
0.120723361929498,0.491985334447841,"ENSG00000211946.3"
0.0511024434667715,0.633893253164133,"ENSG00000211947.2"
0.0930178099588331,0.801770339835014,"ENSG00000211949.3"
0.120242279888276,0.677042613009412,"ENSG00000211950.2"
1.27886385894003e-19,0.277693740524443,"ENSG00000211951.2"
1.45180924590116e-11,0.143995986524968,"ENSG00000211952.3"
0.0399818084429113,0.814412004088027,"ENSG00000270550.1"
0.33475465363763,0.351500357832975,"ENSG00000231475.3"
0.14335096768311,0.632134752665466,"ENSG00000211955.2"
0.122769299339102,0.845956683787877,"ENSG00000211956.2"
0.281179057690562,0.552002145115217,"ENSG00000211959.2"
0,0.442867610005979,"ENSG00000232216.1"
0.150003167487129,0.761983737142049,"ENSG00000211962.2"
0.0770885137611148,0.76676009474557,"ENSG00000211964.3"
0.0835211397876506,0.685145368806802,"ENSG00000211965.4"
0.0791021787242948,0.834275457859668,"ENSG00000211966.2"
0.00162576010681366,0.795385235639357,"ENSG00000211967.3"
0,0.623461691077125,"ENSG00000211968.3"
0.103745119386223,0.768836775296955,"ENSG00000224373.3"
0.134457209800169,0.58575041130878,"ENSG00000211970.3"
0.128851884394462,0.530714394927418,"ENSG00000211973.2"
0.147322915497009,0.564022930713784,"ENSG00000281990.1"
0.125908582514347,0.653350668915707,"ENSG00000280411.1"
2.62093972614645e-21,0.0585898309622749,"ENSG00000274576.2"
0.079017306534557,0.544867497864409,"ENSG00000225698.3"
0.0260131776329495,0.575187059578421,"ENSG00000211976.2"
0,0.817078423088908,"ENSG00000224650.2"
0,0,"ENSG00000180229.12"
0.180221427846474,6.48473652193035e-12,"ENSG00000258732.1"
0.205046621223845,0.38395933750882,"ENSG00000276550.4"
1.69426352959478e-16,0.0408461326596706,"ENSG00000277561.5"
0,0,"ENSG00000276141.4"
0.0727871974090358,0.599826032981892,"ENSG00000170113.16"
0.280756737681851,0.219888841813079,"ENSG00000140157.14"
0,0,"ENSG00000273749.5"
1.16728320906838e-18,0.343480970450817,"ENSG00000275835.5"
0,0.0481618158248841,"ENSG00000274471.2"
0.0382061657258705,0.448821365361481,"ENSG00000182636.8"
0,0,"ENSG00000128739.22"
0,0,"ENSG00000224078.15"
0,0,"ENSG00000279735.2"
0,0,"ENSG00000114062.20"
0,0.0613504368443512,"ENSG00000261529.1"
0,0,"ENSG00000235731.3"
9.70995126725639e-16,0,"ENSG00000206190.11"
0,0,"ENSG00000274307.1"
0,0,"ENSG00000166206.15"
4.0791534225678e-20,0.27710776734611,"ENSG00000128731.17"
0,0,"ENSG00000206149.10"
0,0,"ENSG00000188626.6"
0,0,"ENSG00000248334.6"
0.111431255583519,0.233263200491139,"ENSG00000261377.5"
0.0645058307334137,0.862844809396321,"ENSG00000034053.14"
0,0.229544866979268,"ENSG00000185115.6"
0.164008960071367,0,"ENSG00000256802.2"
5.7376504531883e-10,0.430817324755847,"ENSG00000104067.16"
0,0,"ENSG00000259644.1"
0.132201908711244,0,"ENSG00000234664.1"
4.67558247793058e-11,0.238456374335362,"ENSG00000186399.10"
0,0,"ENSG00000215302.8"
8.23316698637897e-14,0.25915877975442,"ENSG00000270055.1"
0,0,"ENSG00000261794.1"
0.40246335249722,0.239100736756815,"ENSG00000285077.2"
0.0475965303364374,0.448580295316886,"ENSG00000187951.11"
0.0646625487348459,3.53215069039649e-22,"ENSG00000259845.1"
0,0,"ENSG00000198690.10"
8.40249216073286e-13,0.0363381878940518,"ENSG00000166912.17"
0,0,"ENSG00000259448.3"
0,0.56836484859131,"ENSG00000169926.11"
8.65542441922031e-16,0.184666876190195,"ENSG00000169918.9"
0.159632575587009,0.386761189778037,"ENSG00000175344.18"
2.56293770559952e-16,0,"ENSG00000206127.11"
0.0864163576493731,0.546186958709793,"ENSG00000223509.8"
0.346708062461404,0.0360892721619551,"ENSG00000261064.1"
0.219458101363542,0.302378529486371,"ENSG00000232653.8"
0.277982754148728,0.395068399046321,"ENSG00000198826.11"
1.69034700358951e-17,0.117615330489388,"ENSG00000166922.8"
0.0277628103160622,1.21206887298246e-13,"ENSG00000166923.12"
1.42856268471149e-18,0.175989542243976,"ENSG00000248905.9"
0,0.118335891270391,"ENSG00000198838.13"
0.0883248677365948,0.134993118690765,"ENSG00000259408.2"
0.0413285101038221,3.06961472974535e-17,"ENSG00000259287.2"
1.74049221779987e-17,0.48394297457398,"ENSG00000169857.8"
6.9350334862355e-13,0.0515109512763722,"ENSG00000184984.9"
0,0,"ENSG00000134153.10"
0,0,"ENSG00000182405.6"
0.0712756349476395,0.260322161886245,"ENSG00000134152.11"
4.58456450487697e-17,0,"ENSG00000128463.13"
0,0.445103034181219,"ENSG00000140199.12"
0,0,"ENSG00000182117.5"
0.111862033976571,0.437433020731904,"ENSG00000176454.14"
0.243862681219959,0.0605301200069303,"ENSG00000175265.17"
0,0.075695862554538,"ENSG00000279092.1"
9.5765169055228e-13,0.17435044130115,"ENSG00000215252.11"
0,0,"ENSG00000021776.11"
0,0,"ENSG00000198146.4"
1.06552532365694e-12,0.0323991688605705,"ENSG00000259336.1"
1.76557259005661e-13,0.252032951169988,"ENSG00000134146.12"
0,0.114066191032453,"ENSG00000259585.2"
0,0,"ENSG00000248079.3"
0.147033997834513,2.20511579566914e-12,"ENSG00000186073.14"
7.2644266857887e-19,0.123564596462368,"ENSG00000261635.2"
2.32828788677946e-12,0.140290777047778,"ENSG00000261315.2"
0.28641256084292,0.1504774404682,"ENSG00000134138.20"
0.0840202134954657,0,"ENSG00000236914.4"
0,0,"ENSG00000166068.13"
0,0,"ENSG00000171262.11"
1.78875178051959e-12,0.344966827657062,"ENSG00000172575.12"
0,0,"ENSG00000286786.1"
0,0,"ENSG00000259326.1"
0.0874972785896108,0,"ENSG00000259345.7"
0.356017171520086,3.28864082641601e-13,"ENSG00000137801.11"
0.00402745775985856,6.31690653913939e-12,"ENSG00000276107.1"
0.0305190196790506,1.05033803027679e-21,"ENSG00000150667.8"
0,0,"ENSG00000261136.1"
0,0,"ENSG00000166073.10"
0.10937911370893,5.35067528385182e-20,"ENSG00000128829.12"
0,0.289223385687785,"ENSG00000140319.11"
0.0110431649827784,0,"ENSG00000248508.8"
0,0.64664405483078,"ENSG00000104081.14"
0.191960153761752,0.488631804488805,"ENSG00000156970.12"
0.20703453927493,0.492167518053488,"ENSG00000137843.12"
0.0646139180037796,0.513067328774437,"ENSG00000137841.12"
0,0.260880097520364,"ENSG00000259330.3"
0,0,"ENSG00000188549.12"
0.622433982952882,0,"ENSG00000140323.6"
0.304818176285679,4.52329624796221e-12,"ENSG00000128944.13"
1.75468929591651e-06,0.480121142797778,"ENSG00000128928.10"
0,0.137555889073963,"ENSG00000140320.12"
0.159995306542409,0.000472155048775734,"ENSG00000169105.7"
0,0,"ENSG00000128891.15"
0,0.0540924987599624,"ENSG00000166133.18"
0.193383700536329,0.387933048893399,"ENSG00000137812.19"
0.29752936679494,0.495442779670095,"ENSG00000245849.8"
0.251664138451695,0.478079124482789,"ENSG00000051180.17"
3.22515997937291e-13,0.333816046638069,"ENSG00000137824.16"
0.160031211585968,0.0950562056887522,"ENSG00000104129.10"
3.13679727894775e-11,0.0286802174530369,"ENSG00000188277.10"
0.179224392514937,0.357931009542756,"ENSG00000166140.17"
3.02973772493897e-19,0.104838293318247,"ENSG00000166145.14"
0,0,"ENSG00000104142.11"
0,0,"ENSG00000128917.8"
0,0.037587992372719,"ENSG00000128965.13"
0,0.23506071329182,"ENSG00000128908.17"
0,0,"ENSG00000259521.1"
0,0,"ENSG00000280036.1"
0,0.151258018883169,"ENSG00000157021.9"
8.98754616125219e-12,0.213977606310751,"ENSG00000187446.12"
0,0,"ENSG00000247556.6"
0.129798911809498,0.216721344819974,"ENSG00000137806.9"
0,0.0406112119430768,"ENSG00000137815.14"
1.15445818039182e-11,0.27608855177565,"ENSG00000137825.11"
0.0463994021558056,0,"ENSG00000062524.16"
0.0306056412127565,0.564101905334157,"ENSG00000103932.12"
0.137201563203401,0.339894232095669,"ENSG00000092445.12"
0,0,"ENSG00000174197.16"
1.35178059298741e-20,0.0688955449402296,"ENSG00000137802.14"
0,0,"ENSG00000243789.11"
0,0,"ENSG00000168970.22"
0,0.15122794010584,"ENSG00000137877.10"
0,0.201064516683972,"ENSG00000103966.11"
0,0.257320132835374,"ENSG00000259883.2"
9.75311849222235e-09,0.457062077999284,"ENSG00000166887.15"
0,0,"ENSG00000103978.16"
0,0.187311570091693,"ENSG00000214013.9"
0,0,"ENSG00000258461.5"
0,0,"ENSG00000092529.24"
2.9101031884137e-19,0.271971877731749,"ENSG00000103994.17"
0,0,"ENSG00000092531.10"
0.187879279704899,0.498978006791297,"ENSG00000180979.10"
0,0,"ENSG00000137814.11"
3.65980445090262e-21,0.00998468245768834,"ENSG00000159433.12"
0,0,"ENSG00000140326.13"
0.145784662484272,0.205948887856952,"ENSG00000274403.1"
2.22327353886847e-21,0.248390461197019,"ENSG00000128881.17"
1.79858363011308e-20,0.0169686123397163,"ENSG00000159459.12"
0,0.0746467191774791,"ENSG00000137842.7"
0.022068914919494,0.32530492985257,"ENSG00000166946.14"
0.0673544975119967,0.444511359562866,"ENSG00000166947.14"
0,0,"ENSG00000168806.8"
0,0,"ENSG00000168803.15"
0,0,"ENSG00000140265.12"
0.25674637080407,0.407536751407404,"ENSG00000137822.12"
0,0,"ENSG00000067369.13"
0,0,"ENSG00000166963.13"
0.0250180446015843,0,"ENSG00000168781.22"
0.32757911512646,0.0401792934521719,"ENSG00000237289.9"
0,0,"ENSG00000166762.18"
0.072294305347232,0,"ENSG00000205771.6"
0.211810967901317,0,"ENSG00000167004.13"
0,0,"ENSG00000140264.19"
6.72678694761477e-13,0.58838505916401,"ENSG00000242028.6"
0.286529996260051,0.239301772359016,"ENSG00000140259.7"
0.217043492005968,0.102862615855126,"ENSG00000092470.12"
1.9915701095756e-16,0.0275942699204684,"ENSG00000171877.21"
0,0.235234711908791,"ENSG00000166734.20"
0,0,"ENSG00000250130.1"
0,0,"ENSG00000137770.14"
0,0.380712031500671,"ENSG00000179523.5"
0.0678955803023666,0.363813828724902,"ENSG00000104131.13"
0,0,"ENSG00000259659.1"
0,0.263751839692278,"ENSG00000104133.15"
2.28275731921221e-18,0.568418580576586,"ENSG00000229474.6"
9.3780765367039e-08,0.360061060640363,"ENSG00000166710.20"
0,0,"ENSG00000185880.13"
0,0,"ENSG00000140263.14"
0.06868049512914,0.215701486445689,"ENSG00000140279.12"
0,0,"ENSG00000137857.17"
0,0,"ENSG00000138606.19"
1.69443170443317e-11,0.0155321125666575,"ENSG00000259932.1"
0,0.183676658691081,"ENSG00000260035.1"
0,0,"ENSG00000259520.6"
1.56742112706278e-10,0.08581139822292,"ENSG00000137860.12"
0,0,"ENSG00000171766.16"
0,0,"ENSG00000171763.19"
0,0,"ENSG00000166920.12"
4.12608194095135e-14,0.255436866231281,"ENSG00000259354.5"
0,0,"ENSG00000104154.7"
0.0504180273065541,1.98290814627007e-16,"ENSG00000179362.14"
0,0,"ENSG00000104164.11"
0,0.0860445316934539,"ENSG00000137767.14"
0,0.0575377933534427,"ENSG00000137872.16"
0.0527913365930674,5.24997505049365e-12,"ENSG00000104177.18"
0,0,"ENSG00000074803.19"
0,0,"ENSG00000259488.2"
0,0,"ENSG00000128951.14"
2.57189370350932e-11,0.202252416517864,"ENSG00000166147.13"
1.15932369509357e-12,0.163029453840531,"ENSG00000286947.1"
0.0444349636714499,0,"ENSG00000274654.1"
0,0,"ENSG00000103995.14"
0.350727579594444,9.46764766983212e-14,"ENSG00000185634.12"
0.0547403463980761,0.422477006925011,"ENSG00000255302.5"
0,0.132425719614694,"ENSG00000138593.9"
0,0.416970351055508,"ENSG00000166200.15"
0,0,"ENSG00000156958.15"
0,0,"ENSG00000166262.16"
1.89114839553555e-14,0.529670990710241,"ENSG00000275580.1"
4.76535231908359e-13,0.0320122899985975,"ENSG00000276593.1"
2.53802567560199e-22,2.95174691399986e-15,"ENSG00000259531.2"
0,0.56197127722547,"ENSG00000140285.10"
3.6325289567738e-13,0.266582299682321,"ENSG00000104047.15"
0,0.363578050771847,"ENSG00000104043.14"
0.0905161058216589,0.210494260327284,"ENSG00000259188.6"
0,0.0202596225963172,"ENSG00000140284.11"
0,0.339076015689357,"ENSG00000140287.11"
0,0,"ENSG00000241175.3"
1.42839025595954e-22,0.111675878021047,"ENSG00000104064.17"
1.68158387650994e-13,0.0484788840565811,"ENSG00000285410.1"
0,0.00482343453738666,"ENSG00000244879.8"
2.08867793827625e-15,0.249007057114445,"ENSG00000138592.14"
0,0.226281291193551,"ENSG00000092439.16"
0,0.184250637879462,"ENSG00000138600.10"
2.2542961481819e-12,0.10446009157842,"ENSG00000279665.1"
1.56213698678964e-12,0.27564266586509,"ENSG00000081014.11"
0,0,"ENSG00000259378.1"
0,0.276220223473391,"ENSG00000183578.8"
0,0,"ENSG00000137869.15"
0.428885438980397,1.84151982783395e-15,"ENSG00000186417.14"
0,0,"ENSG00000104093.13"
0,0,"ENSG00000259668.6"
0,0.148920498554788,"ENSG00000140280.14"
0.119839082328724,0.129524750516263,"ENSG00000128872.10"
0,0.526785392448584,"ENSG00000138594.14"
0,0,"ENSG00000259632.2"
0,0.14368434795387,"ENSG00000259556.2"
0,0,"ENSG00000166477.13"
3.21027990229275e-14,0.000937525681966758,"ENSG00000069956.12"
0,0.223859854494888,"ENSG00000259398.1"
0,0,"ENSG00000259712.1"
0.146809294438928,0.381759374168135,"ENSG00000069966.18"
0,0,"ENSG00000128833.13"
2.67258042723678e-19,0.2722923876511,"ENSG00000197535.14"
0,0.0940131997551887,"ENSG00000128989.10"
0.122551988200716,0.311896394150806,"ENSG00000260618.1"
0,0,"ENSG00000047346.12"
5.78218636054016e-13,0.0337884880687445,"ENSG00000259935.1"
0.0188807873239278,0.781283665149166,"ENSG00000166415.15"
0.20759371896564,0.603807945289253,"ENSG00000137766.17"
0,0.234603440328792,"ENSG00000279145.2"
0,0,"ENSG00000137876.10"
0.0433010556128582,0.431483738924621,"ENSG00000069974.16"
0,0.670458993388785,"ENSG00000276533.1"
0,0,"ENSG00000225973.4"
0,0,"ENSG00000069943.10"
0,0,"ENSG00000260916.7"
0,0,"ENSG00000277548.1"
0.231269576039619,0,"ENSG00000261652.3"
0,0.779647788215735,"ENSG00000171016.12"
2.7345868571138e-13,0.405379201817381,"ENSG00000166450.13"
0,0,"ENSG00000069869.16"
0,0,"ENSG00000230183.4"
5.9558749596625e-17,0.113043215988624,"ENSG00000181827.14"
1.65040528009826e-12,0.0345851304112236,"ENSG00000261072.2"
0,0,"ENSG00000151575.14"
0.0542960238950505,0.340317360105847,"ENSG00000138587.6"
0,0.453384341415069,"ENSG00000137871.20"
0,0,"ENSG00000285331.2"
0,0,"ENSG00000140262.17"
0,0,"ENSG00000260689.2"
0.328878376116208,0.426148998420226,"ENSG00000247982.6"
0,0.526598054497831,"ENSG00000128849.10"
1.27137352701671e-13,0.249745925502516,"ENSG00000263155.6"
1.53461196400876e-14,0.00877582202270328,"ENSG00000137878.17"
0,0,"ENSG00000255529.9"
0,0,"ENSG00000128918.15"
6.86131847393425e-15,0.543456521469711,"ENSG00000103569.10"
0.24187161499816,0.277048606932562,"ENSG00000259671.1"
0,0,"ENSG00000166035.11"
0,0.193163409098899,"ENSG00000137845.15"
1.91820113281698e-11,0.370709352003325,"ENSG00000282100.1"
0,0.583091035855761,"ENSG00000128923.11"
2.40538186905815e-15,0.0193200781904645,"ENSG00000157450.15"
0,0.342750768333315,"ENSG00000137776.17"
0.105211690170364,0.521907600246663,"ENSG00000157456.8"
5.94303794068273e-16,0.366146236726234,"ENSG00000157483.9"
0,0,"ENSG00000259735.1"
0,0.180301013362321,"ENSG00000157470.12"
0,0,"ENSG00000140307.11"
0,0.269608182124884,"ENSG00000140299.12"
0.166388296684753,0,"ENSG00000234797.5"
0,0.556887140765065,"ENSG00000182718.16"
0,0,"ENSG00000240163.1"
0.0582695189894447,0,"ENSG00000128915.12"
0.13466784782333,0.397279967669254,"ENSG00000245534.7"
0.322856337885941,8.50862122878985e-15,"ENSG00000069667.16"
0.0466178214578331,1.89766325906738e-23,"ENSG00000286457.1"
0,0.05071597254622,"ENSG00000287508.1"
1.22214156809546e-10,0.311603475471654,"ENSG00000259591.2"
0.0839590226558115,0.0262121847877713,"ENSG00000273792.1"
0,0,"ENSG00000259481.1"
0.0268978731515205,0.425022779939467,"ENSG00000259575.1"
0.121268300188105,0.415221131800014,"ENSG00000259675.2"
2.0843323070099e-14,0.247567823895332,"ENSG00000129003.18"
2.56829516326903e-11,0.128413755708323,"ENSG00000285863.1"
0,0.000138114132555263,"ENSG00000205502.4"
0.026849733242184,0.453747738252212,"ENSG00000171914.16"
0.0986109491699919,0.220101913319178,"ENSG00000259458.1"
2.66584830021149e-12,0.131232620673129,"ENSG00000259370.2"
0,0.756586462825112,"ENSG00000140416.21"
0,0,"ENSG00000259498.1"
0,0,"ENSG00000103642.12"
0.0787453627081637,0.130296312696283,"ENSG00000185088.14"
1.65279779800185e-13,0.199391742327424,"ENSG00000166128.13"
0,0,"ENSG00000138613.14"
0,0,"ENSG00000074410.14"
1.46868549427955e-12,0.245146984522295,"ENSG00000140455.17"
0,0,"ENSG00000259248.7"
0,0,"ENSG00000197361.7"
2.40106935948819e-14,0.280836415066948,"ENSG00000103657.14"
0.103909652834212,0.491786354490592,"ENSG00000035664.11"
1.32759168499258e-13,0.454935082156186,"ENSG00000259351.1"
0,0.0652045579473789,"ENSG00000166797.11"
0,0.0706783811618416,"ENSG00000028528.15"
3.08584664345357e-14,0.660451128416599,"ENSG00000157734.14"
7.825394192662e-11,0.158995057322098,"ENSG00000166794.4"
0,0,"ENSG00000169118.18"
3.29514220768308e-19,0.0350927402660401,"ENSG00000166803.13"
0,0,"ENSG00000103671.10"
0,0,"ENSG00000180357.9"
6.93295716935378e-20,0.276155267048654,"ENSG00000248415.1"
0.0885383233913668,0,"ENSG00000180304.14"
0,0.17646114720527,"ENSG00000166831.9"
0,0,"ENSG00000140451.13"
7.65735444432533e-18,0.165560337619104,"ENSG00000241839.10"
0,0,"ENSG00000287494.1"
0,0,"ENSG00000166839.17"
0.288229622128332,0.256890689505923,"ENSG00000274383.1"
0,0,"ENSG00000090487.11"
0,0,"ENSG00000103707.10"
0,0.452274655974004,"ENSG00000103710.11"
0.193440194897247,0.322953026834472,"ENSG00000246922.8"
0.0975960066163472,0.673887393437144,"ENSG00000090470.15"
2.4219264046778e-20,0.156189399027341,"ENSG00000166855.9"
0.0218586488669153,0.901320794851154,"ENSG00000138615.6"
1.00727740951676e-11,0.117535689637073,"ENSG00000138617.15"
0,0,"ENSG00000199568.1"
0.202609977357691,7.29300634982976e-12,"ENSG00000200156.1"
0,0.00500208208360241,"ENSG00000103742.12"
1.35578910510507e-22,0.144641674538508,"ENSG00000074603.19"
0.261974320238516,2.88221557920967e-09,"ENSG00000074696.13"
0,0,"ENSG00000138614.15"
0,0,"ENSG00000074621.14"
0,0.4744865535037,"ENSG00000174485.15"
1.31332267967593e-11,0.364842172403931,"ENSG00000103769.10"
3.83750822311689e-12,0.11617579622032,"ENSG00000261544.1"
0,0.188331888055192,"ENSG00000259924.1"
0,0,"ENSG00000157890.17"
0,0,"ENSG00000166938.13"
0.00796377779374816,0,"ENSG00000075131.10"
0,0.0368243450674682,"ENSG00000169032.9"
0.112879191778378,0.133948257951518,"ENSG00000243404.2"
0,0.217666024965991,"ENSG00000261351.2"
0,0,"ENSG00000174446.13"
0,0,"ENSG00000174444.15"
0.00410737332259854,0,"ENSG00000174442.12"
1.24611586830377e-12,0.0330474323628168,"ENSG00000188501.11"
0.00307944985800899,0.00801204916686905,"ENSG00000137834.15"
9.37331930411575e-11,0.437779694154769,"ENSG00000270490.1"
2.92491906906819e-12,0.226782308554193,"ENSG00000277152.1"
2.15311571215933e-12,0.100119399583683,"ENSG00000259347.7"
0,0,"ENSG00000166949.16"
0,0,"ENSG00000259202.1"
0.298923863795983,0,"ENSG00000103591.13"
0.396223166310647,0,"ENSG00000103599.20"
0,0,"ENSG00000259673.6"
1.52845191983743e-10,0.128405577024572,"ENSG00000189227.6"
0.380652018770213,7.77660755645006e-12,"ENSG00000270964.1"
0,0,"ENSG00000137764.20"
2.27236938908108e-19,0.190829683787119,"ENSG00000259512.3"
0.144103187565166,1.4202353143903e-20,"ENSG00000188779.12"
0.0116815968893444,0.0809254152515964,"ENSG00000033800.13"
0.0281152887777522,0.493704302883694,"ENSG00000260007.3"
0,0,"ENSG00000128973.13"
0,0,"ENSG00000169018.6"
6.30439330343255e-12,0.499794977535011,"ENSG00000137809.17"
0,0.323882932183096,"ENSG00000103647.12"
0.197897603080917,0.415737762925941,"ENSG00000140350.15"
0.341838149544131,2.70763221796524e-21,"ENSG00000258484.4"
0,0.356037424325623,"ENSG00000255346.10"
2.79920795708898e-19,0.393282996218111,"ENSG00000138604.10"
0,0.180614905882013,"ENSG00000137819.14"
0,0,"ENSG00000259426.6"
0.204834728624444,0.575003782088622,"ENSG00000137807.15"
0.101398161079957,0.465779224738716,"ENSG00000137818.12"
0,0.276797478189395,"ENSG00000140332.16"
0,0,"ENSG00000280639.1"
0.207931652501308,0,"ENSG00000280515.1"
0.142303418784615,0.348718571761115,"ENSG00000137831.15"
0.201880347280031,0.0575564713229113,"ENSG00000259532.1"
0.114800815716667,2.04091216578939e-15,"ENSG00000274297.1"
4.2016855311196e-21,0.603515706651065,"ENSG00000166173.11"
0,0.132335470182422,"ENSG00000137821.11"
0,0.0206607271962284,"ENSG00000259470.2"
0.0549110944996283,1.78700675072707e-09,"ENSG00000129028.9"
6.82364019958832e-12,0.030306339367022,"ENSG00000187720.14"
0.0451566986798758,4.77108135850772e-09,"ENSG00000278570.5"
0,0.335857458372889,"ENSG00000066933.16"
0.0231458243162003,0.157795685686771,"ENSG00000166192.15"
0.0943702821563423,0.311929130354491,"ENSG00000067225.18"
0.0643589356704082,0.480191930848456,"ENSG00000137817.17"
0,0,"ENSG00000261460.1"
0,0,"ENSG00000213614.9"
0,0,"ENSG00000261423.1"
0,0,"ENSG00000166233.15"
0,0,"ENSG00000278313.1"
0.0519519090170006,2.2820432285091e-15,"ENSG00000260144.1"
0,0,"ENSG00000260672.1"
0,0,"ENSG00000140463.14"
2.17906789648557e-12,0.164626657053359,"ENSG00000159322.17"
5.2134657013096e-19,0.12621219477287,"ENSG00000260898.6"
0,0.211804366964252,"ENSG00000067141.17"
1.96510926688387e-13,0.0222347182094144,"ENSG00000156642.17"
0,0,"ENSG00000281183.1"
0,0.205458281740313,"ENSG00000103855.18"
0,0,"ENSG00000205363.5"
0,0.592201110902182,"ENSG00000261801.6"
0.279147805699122,0.147733926125645,"ENSG00000129038.16"
0,0,"ENSG00000067221.14"
0,0,"ENSG00000140464.20"
0,0,"ENSG00000287543.1"
0.0253980587795334,0.208133276769682,"ENSG00000167178.16"
9.76558591170879e-16,0.0190669298727626,"ENSG00000129009.13"
0,0,"ENSG00000137868.19"
0,0,"ENSG00000140459.18"
0.456151263375671,1.21949110667798e-15,"ENSG00000260266.1"
0,0.812414280487406,"ENSG00000138623.10"
0.111924635798845,0.58885198938381,"ENSG00000286696.1"
0.0504496491987474,1.45027913461053e-12,"ENSG00000138629.16"
0.348503411243226,0.0233684014178466,"ENSG00000247240.8"
1.47587369840827e-19,0.441495307176016,"ENSG00000179361.17"
0,0.488559391955567,"ENSG00000179335.18"
0.0551255945777622,0.15464344798773,"ENSG00000179151.13"
0.0575692812677307,6.59080370456693e-12,"ENSG00000140465.14"
0.192099793883452,0.612542325724328,"ENSG00000103653.16"
0,0,"ENSG00000140474.14"
0,0,"ENSG00000140497.16"
0,0,"ENSG00000178802.18"
0,0.244109532581479,"ENSG00000178761.15"
0,0.549230640837308,"ENSG00000178741.12"
1.10426078087245e-12,0.203199448066488,"ENSG00000178718.6"
9.73044212040075e-21,0.331447667487863,"ENSG00000198794.12"
0,0,"ENSG00000138621.12"
3.02187985454944e-19,0.235610122463135,"ENSG00000240366.1"
0,0.264252225131554,"ENSG00000167173.19"
0.0187084432294174,0.182178196723768,"ENSG00000140365.16"
1.83450395167955e-11,0.268276091363521,"ENSG00000140398.14"
0,0,"ENSG00000140400.17"
6.07288225830999e-13,0.0330116080668725,"ENSG00000260274.1"
0,0,"ENSG00000169375.16"
0,0,"ENSG00000276744.1"
1.25614230260499e-17,0.171026823075059,"ENSG00000169410.10"
0,0.0280001614049696,"ENSG00000169371.14"
0,0,"ENSG00000177971.8"
7.49221586453351e-22,0.222081883902793,"ENSG00000275454.1"
0,0.310884673048721,"ENSG00000173548.8"
0.0882018728792426,0.385789854086968,"ENSG00000173546.7"
4.0926855878692e-11,0.746423404482266,"ENSG00000203392.3"
1.48830310306226e-09,0.129908971730621,"ENSG00000140367.12"
0.121973579833634,5.76223246550857e-10,"ENSG00000167196.14"
0,0,"ENSG00000169758.13"
2.68859326164293e-20,0.238577833968594,"ENSG00000140374.16"
0,0,"ENSG00000259581.3"
0,0,"ENSG00000287503.1"
3.86744548305356e-20,4.070390409151e-16,"ENSG00000140386.13"
0,0,"ENSG00000117906.14"
0.0555390679392573,0.637996922192107,"ENSG00000140368.13"
1.01156919863606e-14,0.418649352476437,"ENSG00000140391.15"
0.222064838522194,0.0579475819793132,"ENSG00000278991.1"
4.17373762464504e-17,0.115432650861708,"ENSG00000269951.1"
0,0,"ENSG00000173517.10"
0.0281957576481702,0,"ENSG00000140382.15"
3.72747573284651e-18,0.569684714724627,"ENSG00000169783.12"
0.117079577963995,0.107120358693902,"ENSG00000260139.6"
0.140099854414923,0.127420397937358,"ENSG00000260776.5"
0,0,"ENSG00000261143.1"
0.0430771045441746,0,"ENSG00000167202.11"
2.42243356119997e-17,0.119037332793151,"ENSG00000136425.14"
0,0,"ENSG00000166411.14"
9.312536003984e-12,0.375660307897999,"ENSG00000103740.10"
0,0.100234555773486,"ENSG00000140403.12"
9.04931596081273e-20,0.145523252339284,"ENSG00000140395.9"
0.115933212440313,0.20469630373156,"ENSG00000259562.2"
0.00965092705935486,0.754671628890055,"ENSG00000166426.8"
0.0731367692599775,0.430866968183993,"ENSG00000136381.13"
0,0.417475795309316,"ENSG00000188266.14"
0,0,"ENSG00000041357.16"
0,0,"ENSG00000136378.15"
0,0,"ENSG00000185787.15"
0,0,"ENSG00000252061.1"
0,0,"ENSG00000279235.1"
0,0.584591572525843,"ENSG00000103811.16"
0,0.0274742172498789,"ENSG00000058335.15"
0,0,"ENSG00000166557.13"
0,0,"ENSG00000287408.1"
0,0.00689028023207683,"ENSG00000169330.8"
0,0,"ENSG00000136371.10"
1.063591080871e-16,0.450288157746951,"ENSG00000286813.1"
0.104920462027383,0,"ENSG00000180953.11"
0.025628349538002,0.573104354038007,"ENSG00000278600.1"
5.3507671451861e-12,0.0269997152791965,"ENSG00000259642.2"
0,0.775349204781487,"ENSG00000140379.8"
0,0.260334209764787,"ENSG00000086666.19"
0.0570124646098072,0.556210501627677,"ENSG00000103876.12"
3.92989834083402e-18,0.0912008941177449,"ENSG00000259417.3"
0,0,"ENSG00000172379.21"
0.0824150974740944,0.233799664110133,"ENSG00000136379.12"
0.103697135853493,0.26796307641418,"ENSG00000103888.17"
0,0,"ENSG00000117899.11"
2.09274281887554e-22,0.0539229648139323,"ENSG00000277782.1"
0,0,"ENSG00000140406.4"
0,0.0975679886394741,"ENSG00000172349.17"
0,0.00619382074871034,"ENSG00000172345.14"
0.0989431766110823,0.120558922810096,"ENSG00000286488.1"
0,0,"ENSG00000259343.7"
1.30696529320038e-11,0.327452740793334,"ENSG00000183496.6"
0,0,"ENSG00000140598.15"
0,0,"ENSG00000188659.9"
0,0,"ENSG00000278662.5"
3.67831370813099e-18,0.244528809679029,"ENSG00000259429.5"
0.788981780703645,8.12886692261998e-14,"ENSG00000237550.5"
0,0,"ENSG00000197978.9"
0.0764619735862912,0.307147235783122,"ENSG00000276710.4"
0,0,"ENSG00000255769.7"
0.211523629486756,0.292163562494191,"ENSG00000182774.13"
0,0,"ENSG00000214575.9"
0.650580202907127,5.08442242210378e-12,"ENSG00000103723.15"
0,0.0597651276502135,"ENSG00000186628.12"
7.20144606519581e-11,0.334009701626499,"ENSG00000156232.7"
0,0,"ENSG00000103942.13"
0,0,"ENSG00000169612.4"
0.177735968342046,0.280207469710129,"ENSG00000169609.14"
0,0,"ENSG00000064726.10"
0,0.143276158940962,"ENSG00000136404.16"
0.00307849334600566,0.697420641317187,"ENSG00000166503.9"
0.389956640067745,0.204830963637903,"ENSG00000259986.1"
0,0,"ENSG00000169594.13"
0.0329002073003731,0.772279936198568,"ENSG00000140600.17"
0.331762609476728,0,"ENSG00000156218.13"
0,0,"ENSG00000184206.12"
0,0.00463781526029895,"ENSG00000259683.1"
0.0950920440259189,0.0924590908324696,"ENSG00000235370.6"
0,0,"ENSG00000230373.8"
0.0564196739807933,0.0976699618068842,"ENSG00000189136.9"
0,0,"ENSG00000275120.3"
0,0,"ENSG00000176371.14"
7.08011893124521e-17,0.222402975655325,"ENSG00000176700.20"
0,0,"ENSG00000177082.12"
0.173879716989852,2.026329667841e-10,"ENSG00000197696.10"
3.19962470325238e-14,0.104969061723473,"ENSG00000140612.14"
0,0,"ENSG00000259654.1"
1.39634368422626e-11,0.272109956847307,"ENSG00000285667.1"
0,0.446674337620133,"ENSG00000166716.10"
0,0,"ENSG00000259415.1"
0.0255671898089503,0.13255854835217,"ENSG00000136383.6"
0,0,"ENSG00000156222.12"
0,0.33483583123611,"ENSG00000073417.15"
2.1580168858141e-15,0.154917015209583,"ENSG00000170776.21"
0,0,"ENSG00000259630.2"
0,0,"ENSG00000259276.1"
6.10284750746718e-13,0.285146933089301,"ENSG00000259453.1"
0,0,"ENSG00000259407.1"
0,0,"ENSG00000259762.1"
7.00867279024733e-06,0.114559277057572,"ENSG00000259416.2"
0,0,"ENSG00000183655.13"
0,0.0547492440116329,"ENSG00000140538.16"
0.0833402948804534,0,"ENSG00000259494.2"
0.248247057061005,3.90385499877191e-13,"ENSG00000181991.16"
0,0.445035276793154,"ENSG00000140543.14"
0,0.627744055026133,"ENSG00000181026.15"
0.0244180137336301,0.891908814622298,"ENSG00000172183.15"
0,0.14674443349226,"ENSG00000157766.17"
7.82170327572263e-14,0.0210137275172026,"ENSG00000140511.11"
0,0.0142571247224613,"ENSG00000140545.15"
0,0,"ENSG00000260123.2"
0,0,"ENSG00000140526.18"
1.50469827211426e-12,0.0452984968245676,"ENSG00000259699.2"
0.206272141051253,0.42768294360349,"ENSG00000140525.17"
0,0.292399631597308,"ENSG00000140521.15"
0,0.514353199549455,"ENSG00000261441.1"
0,0,"ENSG00000140534.14"
0.106269347143905,0.149621301595366,"ENSG00000166813.15"
0.165317977372013,0.381489413093536,"ENSG00000166819.12"
0.161460051667323,0.373297605702302,"ENSG00000166821.9"
5.90155685463729e-18,0.217987653037417,"ENSG00000140527.15"
0.228240169876218,0.547282835452999,"ENSG00000166823.5"
2.48654725409882e-13,0.502704964286797,"ENSG00000166825.14"
0,0,"ENSG00000157823.17"
0,0.19778229012492,"ENSG00000242498.8"
0,0.551443074363688,"ENSG00000140548.10"
3.75830206744111e-10,0.636377110001087,"ENSG00000273691.1"
0,0,"ENSG00000259291.2"
0,0.0849190516519627,"ENSG00000182054.9"
3.98532152373198e-20,0.265558849691347,"ENSG00000185033.14"
0.11571258893394,0.604725413249112,"ENSG00000185043.12"
0.0302607322548471,3.21632815389815e-09,"ENSG00000183208.12"
0,0,"ENSG00000213471.10"
0,0,"ENSG00000182768.8"
0,0,"ENSG00000275803.1"
0.117158063185388,8.35693749557456e-14,"ENSG00000196391.11"
0,0,"ENSG00000140575.13"
2.98905748731077e-20,0.304974525276555,"ENSG00000140577.16"
0,0,"ENSG00000259212.1"
1.49108063746552e-18,0.0791794391258464,"ENSG00000285560.1"
0,0,"ENSG00000245479.3"
0.220657080181993,0.458990894817211,"ENSG00000197299.12"
0,0.105805528555853,"ENSG00000140564.12"
0.0519065198027228,0.414327407787294,"ENSG00000182511.12"
9.38937642162877e-18,0.39896697369191,"ENSG00000196547.15"
0,0,"ENSG00000184508.11"
0,0.0205255967171841,"ENSG00000140553.18"
0.0624959514935116,0.0559637108435756,"ENSG00000166965.12"
0.270366933509237,0.462652246341147,"ENSG00000198901.14"
0,0,"ENSG00000284946.1"
2.11059956569148e-19,0.191035526610822,"ENSG00000258725.2"
0.119369990092979,0.314968477022478,"ENSG00000184056.14"
0,0,"ENSG00000185518.11"
0,0,"ENSG00000176463.14"
0,0.221073414756243,"ENSG00000260661.1"
0,0,"ENSG00000185442.13"
0.0133764747506637,0.272871919949768,"ENSG00000253954.3"
0,0.337084253785271,"ENSG00000272888.7"
1.59911103877051e-19,0.394505055894845,"ENSG00000279765.3"
0,0.42545761692696,"ENSG00000173575.21"
0.252901847109872,0,"ENSG00000182175.14"
0.0236804252133492,0.733126501413128,"ENSG00000140563.15"
1.4638928408693e-12,0.0350741215228973,"ENSG00000248441.7"
0,0,"ENSG00000247809.9"
0,0,"ENSG00000280291.1"
9.26653977769572e-20,0.25133797760481,"ENSG00000185551.15"
0.233061939901672,3.8087266069425e-18,"ENSG00000242863.3"
0,0.186709502914226,"ENSG00000279091.1"
0,0.140093174771186,"ENSG00000251209.9"
0,0,"ENSG00000140450.9"
0,0.444336836346136,"ENSG00000140443.15"
2.90750396909487e-09,0.188050603616452,"ENSG00000182253.15"
0,0.361201510687524,"ENSG00000103852.13"
0.185951451155183,0.0731149454776768,"ENSG00000261616.1"
0,0,"ENSG00000259921.1"
0,0,"ENSG00000168904.15"
1.21536209558076e-19,0.177509215269122,"ENSG00000259706.1"
0,0.182710671342308,"ENSG00000259341.2"
0,0,"ENSG00000068305.17"
0,0,"ENSG00000183060.15"
0.0894640766275628,6.26104546204313e-12,"ENSG00000182397.14"
0,0,"ENSG00000259363.6"
3.014423635759e-16,0.49247767210999,"ENSG00000140470.14"
0,0,"ENSG00000189419.8"
0,0.271769923341214,"ENSG00000259430.2"
0,0.149935396154386,"ENSG00000270127.2"
0,0,"ENSG00000259205.2"
0,0,"ENSG00000140471.17"
0.275564663953226,0.307166911223607,"ENSG00000183475.12"
0,0.00704850597140939,"ENSG00000259381.2"
0.360762574681219,0.0139652620836023,"ENSG00000279588.2"
0.19945826006548,0.735606719320601,"ENSG00000184254.17"
0,0,"ENSG00000259583.3"
3.35874306861472e-11,0.339155593657177,"ENSG00000154237.13"
0,0.512336434589159,"ENSG00000131873.7"
0,0,"ENSG00000131871.15"
1.8816829735723e-12,0.0324434404241692,"ENSG00000131876.17"
0.274825982582241,0.088573115598431,"ENSG00000140479.17"
0,0,"ENSG00000279970.1"
0,9.87173743660332e-16,"ENSG00000184277.13"
9.31334384054031e-10,0.717730593123564,"ENSG00000185418.16"
0,0,"ENSG00000259660.2"
0,0.0199657718060763,"ENSG00000259236.1"
0.0551432380170767,4.56789363603188e-17,"ENSG00000185596.16"
0,0,"ENSG00000161980.6"
0.640011051277705,0.00220165319349204,"ENSG00000161981.10"
0,0,"ENSG00000007384.15"
0,0.0455453144351063,"ENSG00000103152.11"
0.207219464930333,0.504649823800926,"ENSG00000103148.16"
0,0,"ENSG00000228779.1"
0.363083610470661,0.35079013518694,"ENSG00000206177.7"
0.247921383072334,0.489464690349704,"ENSG00000188536.13"
0.332376896822171,0.505581291204053,"ENSG00000206172.8"
0.0529494324276704,0.601087147512533,"ENSG00000086506.3"
0,0.329069090590469,"ENSG00000007392.16"
0,0,"ENSG00000167930.17"
0.0718543486568095,0.162385133137309,"ENSG00000076344.16"
0,0,"ENSG00000185615.15"
7.0612231824826e-12,0.434798779142813,"ENSG00000103126.15"
0.262487326414504,0.281344836820879,"ENSG00000086504.17"
0,0.238071765534973,"ENSG00000129925.11"
0,0,"ENSG00000103202.13"
0,0.161496613273756,"ENSG00000242612.7"
0,0,"ENSG00000090565.16"
0,0,"ENSG00000277142.1"
0,0.3030396165703,"ENSG00000103326.12"
0,0,"ENSG00000266235.1"
0,0.526051021446335,"ENSG00000007541.16"
0,0.574296355125992,"ENSG00000257108.2"
0,0,"ENSG00000197562.10"
0,0,"ENSG00000127578.7"
0.0846095081016036,0.320056272128981,"ENSG00000130731.16"
0,0.0283176246308532,"ENSG00000172366.20"
0,0.161724780735426,"ENSG00000161996.19"
2.6467285371924e-21,0.0897225156185148,"ENSG00000140983.14"
0.0286998168729422,3.27300619585784e-23,"ENSG00000103266.11"
0,0,"ENSG00000161999.12"
0.294069390114769,0.212628826733587,"ENSG00000127580.17"
0,0,"ENSG00000261659.2"
0,0,"ENSG00000127585.12"
0.0265534099455602,0,"ENSG00000103260.9"
0,0,"ENSG00000103254.10"
0,0,"ENSG00000162004.17"
0,0.471256577173028,"ENSG00000103253.18"
0,0,"ENSG00000103245.14"
0,0,"ENSG00000007376.8"
0.185265876171715,0.302107469419465,"ENSG00000127586.17"
0,0,"ENSG00000287855.1"
1.64272340498778e-13,0.271986268793273,"ENSG00000103227.18"
0,0,"ENSG00000260022.1"
0,0,"ENSG00000260316.2"
0.141141003141506,0.376096832949547,"ENSG00000260807.7"
0,0,"ENSG00000196557.13"
3.6340281215364e-17,0.224311053284376,"ENSG00000197253.13"
0,0,"ENSG00000103275.20"
0,0,"ENSG00000261505.1"
0.140123289434208,5.88248180130696e-09,"ENSG00000007516.13"
0.0141195463918826,3.89508200949169e-23,"ENSG00000007520.4"
0,0,"ENSG00000090581.10"
0,0.187188664555975,"ENSG00000059145.18"
0,0,"ENSG00000174109.5"
0,0.541310244016543,"ENSG00000197599.12"
1.21485309265871e-12,0.0358292835557775,"ENSG00000103249.18"
0.703080527255241,0,"ENSG00000260051.1"
0,0,"ENSG00000100726.15"
0,0.207279701378579,"ENSG00000187535.14"
0,0.130688781612693,"ENSG00000131634.14"
0,0,"ENSG00000007545.15"
0.174617408647622,0.166279637376372,"ENSG00000261732.1"
0.189442420715243,0.307370540383526,"ENSG00000206053.13"
0,0.0100589597677437,"ENSG00000138834.12"
0,0,"ENSG00000261207.1"
0,0.191784599424374,"ENSG00000103024.7"
0,0,"ENSG00000074071.14"
6.10964642990201e-19,0.0823147574880776,"ENSG00000197774.13"
0,0.1298579560574,"ENSG00000162032.16"
0,0.0605920310585042,"ENSG00000095906.17"
0.0207187779906511,0.553148181391964,"ENSG00000063854.13"
0.00139787186178442,0,"ENSG00000180185.11"
2.50592961891075e-10,0.173061638966353,"ENSG00000198736.11"
0,0.562405436126966,"ENSG00000140990.15"
0.24316232578393,0.598825500912537,"ENSG00000140988.16"
0.0860328585977134,1.04064425078667e-12,"ENSG00000255198.4"
0.351000670219618,0.38334256698598,"ENSG00000183751.15"
0,0.253063434968047,"ENSG00000127554.13"
0,0,"ENSG00000127561.15"
0,0.169002022144116,"ENSG00000167962.14"
0,0.449545396918792,"ENSG00000065054.14"
0,0,"ENSG00000065057.9"
0,0.21541273479688,"ENSG00000103197.18"
0,0.0529576918474864,"ENSG00000008710.19"
0,0,"ENSG00000261123.1"
0,0,"ENSG00000167964.13"
0,0,"ENSG00000260260.1"
0.202160457573453,0.197067674518657,"ENSG00000131653.13"
0.387706454700022,2.372943476021e-21,"ENSG00000167971.16"
0,0,"ENSG00000167965.18"
0.149256996672015,0.404795136798733,"ENSG00000182685.7"
0,0,"ENSG00000184207.9"
0,0,"ENSG00000167967.16"
0.070485795578753,0,"ENSG00000167969.13"
0,0,"ENSG00000261663.1"
0,0,"ENSG00000205937.12"
0,0.0618439054535959,"ENSG00000260778.5"
0.104927804848222,0.389710371132728,"ENSG00000167972.14"
0.133457009161526,0.252854454314724,"ENSG00000238098.9"
4.52424622864407e-19,0.322106741089644,"ENSG00000162063.13"
6.85677813819426e-21,0.0772115708758033,"ENSG00000162062.15"
0.0206936342472167,0.163012559047596,"ENSG00000259895.1"
0.285536412947306,0.263200028181284,"ENSG00000162068.2"
0,0.594133819368811,"ENSG00000162065.14"
0,0.316636816204089,"ENSG00000260293.2"
0,0.0618883408511859,"ENSG00000185883.12"
0.141122307224111,0.404993080645137,"ENSG00000279520.1"
0,0,"ENSG00000162066.15"
0,0.35745164735871,"ENSG00000140992.19"
0.0966961712837241,0,"ENSG00000279568.1"
1.08540908606304e-15,0.26213421041403,"ENSG00000279162.1"
0,0,"ENSG00000215154.6"
0.0123897874197018,0.55335278489786,"ENSG00000260565.7"
4.69639322047857e-11,0.408172828719001,"ENSG00000167977.9"
0,0,"ENSG00000279901.1"
0,0,"ENSG00000172382.10"
0,0,"ENSG00000205913.7"
0,0.331183177972125,"ENSG00000167978.17"
0,0,"ENSG00000103363.14"
0,0.639300794999984,"ENSG00000276791.1"
0,0,"ENSG00000162076.13"
0,0.146378504783153,"ENSG00000059122.16"
0,0.343337718883268,"ENSG00000127564.17"
0.137328997836188,0.407445441090223,"ENSG00000162073.14"
1.81237614138625e-05,0.0908713843197141,"ENSG00000006327.13"
0,0,"ENSG00000103145.10"
0,0.215915048604318,"ENSG00000131652.14"
0.168415664053146,0,"ENSG00000162069.16"
0,0,"ENSG00000261971.8"
0,0.159810394936154,"ENSG00000008516.17"
0.138796749990814,0,"ENSG00000008517.16"
0,0.0127632733590417,"ENSG00000262370.6"
0,0,"ENSG00000263072.7"
0,0,"ENSG00000122386.10"
0.129923592282388,0.148988201457958,"ENSG00000085644.14"
0,0.487396367437524,"ENSG00000261889.1"
0,0,"ENSG00000010539.11"
0.126534725734477,0.686473375277676,"ENSG00000103313.12"
0,0,"ENSG00000281005.1"
0,0.361811298503696,"ENSG00000006194.10"
0,0.11324179527742,"ENSG00000279330.1"
0.0720411338557201,1.00409070030524e-09,"ENSG00000140993.11"
1.20855417047066e-11,0.264628020024462,"ENSG00000162086.15"
0,0.473651746634991,"ENSG00000262118.1"
0,0.0719037140420755,"ENSG00000263177.1"
0.0317517268540065,0.646365513876225,"ENSG00000140987.20"
0.163453788147438,0.422308814397968,"ENSG00000103343.13"
0,0,"ENSG00000167981.7"
0,0,"ENSG00000122390.19"
4.92354741586363e-12,0.474670530487045,"ENSG00000103351.13"
0.241523108186145,0.166078381814707,"ENSG00000167984.18"
0.138178877232685,0.089982271391922,"ENSG00000262312.2"
0.27309885812223,0.559317559272477,"ENSG00000188827.11"
0,0.278184436806824,"ENSG00000213918.10"
0.0359140479437665,0.308694612944138,"ENSG00000126602.11"
0,0.333922706705732,"ENSG00000005339.14"
0,0,"ENSG00000262185.3"
0,0,"ENSG00000162104.10"
0,0,"ENSG00000262468.6"
0,0.0720854744473686,"ENSG00000090447.12"
0,0.0956311483901168,"ENSG00000126603.8"
0,0,"ENSG00000217930.8"
0,0,"ENSG00000280063.1"
0.0277976179006172,0.706619522322682,"ENSG00000262246.6"
0,0,"ENSG00000168140.5"
0.145410682461127,0.487498155536649,"ENSG00000103423.14"
0,0,"ENSG00000153406.13"
0.00139701956615236,6.15685026322381e-12,"ENSG00000103415.12"
0.102883395454113,0.120189896498131,"ENSG00000089486.17"
0,0,"ENSG00000278434.1"
0,0.239706037122333,"ENSG00000153443.13"
0,0.150531798317906,"ENSG00000102858.13"
0,0.0780009165023325,"ENSG00000261442.1"
0,0,"ENSG00000168101.14"
0,0.0603176592592063,"ENSG00000168096.15"
0,0,"ENSG00000166246.14"
0.106865430789084,0.122121003543121,"ENSG00000103199.14"
1.50952005934652e-10,0.257950790191477,"ENSG00000067836.12"
7.14741886801022e-12,0.365213495207571,"ENSG00000140632.17"
5.43974837088671e-22,0.0296700186701333,"ENSG00000275056.1"
0,0.31647924346369,"ENSG00000118900.15"
0.0276489043996107,0.715968438125751,"ENSG00000118898.16"
0.0192591646317232,0,"ENSG00000103184.12"
0,0,"ENSG00000103174.13"
0,0,"ENSG00000033011.12"
0,0.78169916217836,"ENSG00000153446.15"
0,0,"ENSG00000118894.15"
0.127345889179605,0.581491277858079,"ENSG00000067365.14"
0,0,"ENSG00000183044.12"
4.59342508579969e-13,0.00323011484103436,"ENSG00000243954.3"
0,0,"ENSG00000184857.8"
0,0.310784150813366,"ENSG00000140650.12"
0,0,"ENSG00000260276.2"
0.237915170098462,0.192950355347523,"ENSG00000153048.11"
0,0.468807980650284,"ENSG00000187555.15"
0.00769163009057546,0.266104572070529,"ENSG00000182831.12"
0,0,"ENSG00000183454.17"
5.62853800280691e-18,0.172218431487993,"ENSG00000266439.2"
0,0,"ENSG00000166669.13"
0,0,"ENSG00000279662.1"
0,0.0627240964950487,"ENSG00000213853.10"
0.0494913267833617,0,"ENSG00000103274.11"
0,0,"ENSG00000166676.16"
0.131449223713356,0.483752920778844,"ENSG00000179583.19"
0,0,"ENSG00000182108.11"
0,0.494126539100489,"ENSG00000038532.16"
0,0,"ENSG00000229917.2"
0.247389456206776,0.12625647397314,"ENSG00000263179.1"
0.257243506079645,0.258734951918791,"ENSG00000175643.10"
0,0,"ENSG00000185338.5"
0,0.586640792192744,"ENSG00000188897.9"
2.29292758254473e-20,0.207599985632505,"ENSG00000262999.1"
0,0,"ENSG00000189067.12"
2.06787277196079e-21,0.168956537079041,"ENSG00000184602.6"
1.68328526147928e-11,0.202910524600942,"ENSG00000153066.12"
0,0,"ENSG00000262420.3"
0,0.301523355029409,"ENSG00000122299.12"
0,0,"ENSG00000277369.1"
0,0,"ENSG00000171490.13"
9.7997223664149e-20,0.351314157214672,"ENSG00000103342.13"
0,0,"ENSG00000261560.1"
0,0,"ENSG00000260318.1"
0,0,"ENSG00000234719.9"
0.209314648680916,0.137969990223638,"ENSG00000048462.11"
0,0,"ENSG00000048471.14"
2.01318486696052e-11,0.0174406849148369,"ENSG00000260488.1"
0,0,"ENSG00000175604.2"
0,0,"ENSG00000259876.1"
0.379781470010675,0.272871395681067,"ENSG00000103381.12"
0,0.00190570278201574,"ENSG00000260378.1"
0.163092457519041,0.394444514359839,"ENSG00000175595.14"
0.0422211642532579,0,"ENSG00000186260.16"
0.00365542823057623,0,"ENSG00000276564.1"
7.34075056451039e-11,0.0939925502963733,"ENSG00000262454.4"
0,0,"ENSG00000140694.17"
4.56265886114273e-19,0.0619103119642028,"ENSG00000103429.11"
0,0.124560580336101,"ENSG00000103512.15"
0,0,"ENSG00000183458.14"
0,0.0674837667100938,"ENSG00000183426.17"
0,0,"ENSG00000179889.19"
0,0.052787703700165,"ENSG00000261819.1"
0.0700230831659727,0.667035632816854,"ENSG00000157045.9"
2.78381280261396e-13,0.280081170878543,"ENSG00000085721.12"
3.52013350286205e-15,0.0193706318153145,"ENSG00000260735.2"
0.0341621175115475,0.752102617397406,"ENSG00000188599.17"
5.62159350010917e-12,0.195982117439376,"ENSG00000250251.6"
0,0,"ENSG00000183793.14"
0.0407424768785645,0.134668126923112,"ENSG00000156968.9"
0.0734977359073863,0.184743589873604,"ENSG00000166780.11"
0,0.150619142673657,"ENSG00000166783.22"
0.17293455063285,0.6170949960975,"ENSG00000072864.15"
4.38276859334705e-21,0.0914477916290145,"ENSG00000262380.1"
0,0.377269342169406,"ENSG00000280206.1"
0,0,"ENSG00000133392.18"
0,0.308681078304344,"ENSG00000133393.13"
0,0.0142167726675343,"ENSG00000103222.19"
0.0895776974787935,0.208916478762203,"ENSG00000091262.15"
0.00160077390975878,0,"ENSG00000103226.18"
0.807651455137378,8.52683036456216e-12,"ENSG00000227827.3"
0,0,"ENSG00000103489.12"
2.98727273529276e-13,0.203626579983894,"ENSG00000279410.1"
0,0.0397682900663135,"ENSG00000279415.1"
0,0,"ENSG00000279620.1"
0,0,"ENSG00000286849.1"
0,0.128012473676809,"ENSG00000275927.1"
0,0,"ENSG00000285850.1"
0,0,"ENSG00000205746.9"
0.660048287625884,0.0424913794251491,"ENSG00000254681.6"
0,0,"ENSG00000185164.14"
0,0.458988728328083,"ENSG00000134419.15"
3.26519215248496e-13,0.206207516071551,"ENSG00000170540.15"
3.97186373209693e-18,0.196333951352713,"ENSG00000157106.16"
0,0,"ENSG00000170537.13"
0.252807259627088,0.455819867203125,"ENSG00000167186.11"
2.47256822787996e-12,0.245020129471747,"ENSG00000205730.6"
0.241348629642672,0.232180518696577,"ENSG00000103528.17"
0.0355978038145437,3.80107519473991e-11,"ENSG00000103534.17"
5.70675723218972e-14,0.435480999350696,"ENSG00000006007.12"
0.0686020068070691,0.0680895733623086,"ENSG00000103540.16"
0,0,"ENSG00000103544.15"
0,7.03827522209937e-17,"ENSG00000103550.14"
0,0,"ENSG00000174628.16"
0.0627763263065715,0,"ENSG00000167191.12"
2.37014563357282e-19,0.118821329307541,"ENSG00000183549.10"
0.0168234266633265,0.204898732290839,"ENSG00000005187.12"
0.0601972919452171,0.262858174354965,"ENSG00000166743.9"
0,0,"ENSG00000066654.14"
0.0745359395133578,0.192497997575298,"ENSG00000283399.1"
0,0.329086547110126,"ENSG00000196678.14"
0,0,"ENSG00000005189.19"
0.188858771636548,0,"ENSG00000188215.10"
0,0,"ENSG00000102897.10"
1.55456625406236e-20,0.347864711602707,"ENSG00000158486.13"
0,0.220275091878512,"ENSG00000011638.10"
3.8896561498393e-14,0.494668836643564,"ENSG00000189149.12"
0.21184053645035,0.357530042891377,"ENSG00000169246.16"
1.27721686441079e-11,0.438954089562021,"ENSG00000180747.15"
0,0,"ENSG00000287809.1"
0.138176137425407,0.28046614699646,"ENSG00000197006.14"
0,0,"ENSG00000261596.2"
0.0394622878768128,0.368723680855562,"ENSG00000140749.9"
0.00401685422981051,0.585376474377459,"ENSG00000155719.17"
0,0.0185050668320448,"ENSG00000248124.7"
1.22129831109993e-11,0.366432875057397,"ENSG00000185864.16"
0,0,"ENSG00000274460.1"
0,0.243852214756883,"ENSG00000140740.11"
0.367960831858124,1.65653406023326e-09,"ENSG00000185716.12"
0,0.0810709739470722,"ENSG00000183921.7"
5.56365151192417e-20,0.423217966767063,"ENSG00000103319.12"
0,0.562517799886665,"ENSG00000058600.16"
0.201947263403476,6.64766403015042e-17,"ENSG00000286808.1"
9.27718414530219e-13,0.431532409783876,"ENSG00000140743.8"
0,0.00777077344617485,"ENSG00000230872.1"
0,0.0425824849000148,"ENSG00000257122.5"
0.0895479095023545,6.72316976968161e-13,"ENSG00000237296.9"
0,0.358760445689409,"ENSG00000243716.10"
0.182760246075775,0.274393501370438,"ENSG00000283213.1"
0.0597138418360327,0.343197157217641,"ENSG00000122254.7"
4.58132457946178e-17,0.120516438046436,"ENSG00000103404.14"
0,0,"ENSG00000168447.11"
0.211288759804158,0,"ENSG00000168434.13"
0,0.334600177933191,"ENSG00000280039.1"
0,0,"ENSG00000260136.6"
2.54342049867187e-19,0.32561975672477,"ENSG00000103365.15"
0,0,"ENSG00000261528.2"
0,0,"ENSG00000103356.15"
4.58243915635558e-10,0.431767167438365,"ENSG00000103353.16"
0,0,"ENSG00000260751.2"
0,0,"ENSG00000004779.10"
0,0.0888724029306221,"ENSG00000083093.9"
0,0.338507074372099,"ENSG00000166847.10"
0.286544308286196,0.389577055744122,"ENSG00000166851.15"
0.201196868507465,0.654734921888144,"ENSG00000166501.14"
0,0,"ENSG00000122257.20"
0,0.575276465412096,"ENSG00000090905.19"
0.110260641412461,0.30559427110936,"ENSG00000261669.1"
0,0,"ENSG00000140750.17"
1.62715435874311e-09,0.0488980923384427,"ENSG00000262155.2"
0,0,"ENSG00000205629.12"
0,0.387717800792668,"ENSG00000260034.1"
0,0,"ENSG00000155592.16"
2.98954473827764e-13,0.288711280091231,"ENSG00000274925.1"
0.458277894392699,1.8326335460504e-14,"ENSG00000182601.7"
0,0,"ENSG00000155666.11"
0.0303704367602971,0.203447480547548,"ENSG00000169189.17"
0.0367809079995573,3.62253074228507e-09,"ENSG00000245888.7"
0.118908603839294,0.507542288747353,"ENSG00000077238.14"
0.0283728257582115,0.47740314959334,"ENSG00000103522.16"
0,0,"ENSG00000077235.18"
0.217932208865535,1.55005543157173e-12,"ENSG00000047578.13"
0,0,"ENSG00000261329.6"
5.07827809252987e-17,0.375268273256181,"ENSG00000169180.11"
0.187428301657912,0.416264339158105,"ENSG00000188322.7"
0,0,"ENSG00000188603.19"
0.0898546539993815,0.66359442409341,"ENSG00000184730.11"
0,0.586346371093202,"ENSG00000176046.8"
0,0,"ENSG00000176476.9"
8.26795830491891e-14,0.614857787649633,"ENSG00000197165.11"
0.0254662895869512,0,"ENSG00000196502.11"
0.0992376834962487,0,"ENSG00000184110.14"
0,0,"ENSG00000251417.2"
0,0.0527976466954151,"ENSG00000275807.1"
0.0557584334894103,0.527797490545725,"ENSG00000168488.18"
1.73486995376988e-14,0.25285132675297,"ENSG00000178952.11"
0,0,"ENSG00000178188.14"
0,0,"ENSG00000196296.13"
0,0.0601625044387869,"ENSG00000177548.13"
0.0975301720952877,0.557950594751063,"ENSG00000177455.14"
1.77486064781471e-15,0.44755978407303,"ENSG00000176953.12"
0,0.337839714190645,"ENSG00000260853.2"
0,0,"ENSG00000260367.2"
0.0391704528163426,0.0601666224621879,"ENSG00000169682.18"
0,0,"ENSG00000260908.1"
0,0,"ENSG00000103472.10"
1.28143530719884e-08,0.0607286565079665,"ENSG00000284685.1"
0,0,"ENSG00000260517.3"
0,0,"ENSG00000259807.2"
1.10074601899926e-11,0.29913323058195,"ENSG00000254206.5"
0,0,"ENSG00000254634.4"
3.44595627687259e-11,0.126559954335529,"ENSG00000205534.6"
1.49066940682425e-12,0.294017586917192,"ENSG00000279583.1"
0,0.551175125364508,"ENSG00000260727.1"
0.244192498317762,0.452468696764069,"ENSG00000197471.12"
9.41124361728811e-12,0.91283677109254,"ENSG00000103485.19"
0.0161205908153344,0.550495709767871,"ENSG00000185905.4"
0.0660383374846887,0.447764264761467,"ENSG00000079616.12"
0.0984150929770061,0.294569787904428,"ENSG00000103495.14"
0,0.0706227306324298,"ENSG00000238045.9"
0,0,"ENSG00000167371.21"
0,0,"ENSG00000280789.2"
0.203912010480784,7.19127708718245e-12,"ENSG00000013364.19"
0.0921101915727548,0.590951296232338,"ENSG00000103502.14"
0,0,"ENSG00000174938.14"
0,0,"ENSG00000174939.11"
0,0.0733306534630455,"ENSG00000174943.11"
0,0.0755139652353746,"ENSG00000279789.1"
0,0,"ENSG00000247735.2"
0,0,"ENSG00000149932.17"
0,0,"ENSG00000149930.18"
0.27212481823205,0.190879936354156,"ENSG00000149929.16"
2.78594676764884e-10,0.0889998599920923,"ENSG00000169592.15"
3.87324646244619e-16,0,"ENSG00000285043.1"
0.272617204109293,0.364142895699181,"ENSG00000149925.20"
0.300873495939326,0.437713763775638,"ENSG00000149923.14"
0,0,"ENSG00000149922.10"
3.24363257359364e-11,0.425782470997244,"ENSG00000090238.12"
0,0,"ENSG00000250616.2"
0,0,"ENSG00000102886.15"
0,0,"ENSG00000102882.12"
0.156415432649415,0.491041888664146,"ENSG00000102879.15"
0.309032309547649,0.160196491196443,"ENSG00000183604.14"
0,0.00072351357497038,"ENSG00000169217.9"
0,0.0379637188270642,"ENSG00000169221.14"
0,0.2725542365223,"ENSG00000274653.1"
0,0,"ENSG00000180035.12"
0.0702968904347404,0.534743997061039,"ENSG00000180096.12"
0,0,"ENSG00000179965.12"
0,0,"ENSG00000179958.9"
0,0,"ENSG00000179918.19"
0.180989386159428,0.607501504690453,"ENSG00000005844.18"
0.04189854381139,0,"ENSG00000169957.10"
0.0937792297419145,0.0333655754163294,"ENSG00000278922.1"
0.0946016230053957,0.174027103859399,"ENSG00000169955.7"
0,0,"ENSG00000235560.4"
0,0.395586179313562,"ENSG00000169951.9"
0.0666450245981952,5.13549315213307e-13,"ENSG00000229809.8"
0,0,"ENSG00000197162.10"
2.7362207093469e-14,0.177273972782322,"ENSG00000156853.13"
7.56330547519444e-21,0.431663704434442,"ENSG00000156858.11"
0,0.358955889734591,"ENSG00000156860.16"
0,0,"ENSG00000261840.3"
4.03345074598177e-12,0.415285716048464,"ENSG00000080603.17"
0.117279995649094,0.233798830161373,"ENSG00000156873.16"
1.04589107201437e-13,0.092863531236095,"ENSG00000196118.12"
2.74209458738445e-18,0.263116687512518,"ENSG00000103549.21"
0.067800562763115,2.68774178811529e-24,"ENSG00000102870.6"
0.187675222113851,0.0586793697375724,"ENSG00000099385.11"
0,0,"ENSG00000260083.2"
0,0,"ENSG00000150281.6"
0,0.178857075237959,"ENSG00000260852.1"
0,2.42736090175465e-17,"ENSG00000099364.16"
0.374533644999523,0.466661373219463,"ENSG00000175938.7"
0,0.264673428726438,"ENSG00000099381.18"
0.172513141306157,0,"ENSG00000099377.14"
7.49543030313659e-11,0.122802637593773,"ENSG00000099365.11"
0.0633660650717762,0.439034867004244,"ENSG00000103496.15"
0,0,"ENSG00000260911.2"
0,0.341778131111674,"ENSG00000232748.3"
0,0,"ENSG00000167394.13"
8.81151592953713e-10,0.48917055243616,"ENSG00000167395.10"
0,0,"ENSG00000151006.7"
0.00666786026730492,0.402523599115394,"ENSG00000167397.15"
0.11577999031372,1.71199795964322e-12,"ENSG00000103507.14"
2.94614597579088e-20,0.228769952421854,"ENSG00000103510.20"
0,0,"ENSG00000262766.1"
0,0,"ENSG00000278133.1"
0.330069392481223,0.0373433445152238,"ENSG00000178226.11"
0.235209884640775,0.388949828405519,"ENSG00000089280.18"
0.26991061885113,0.252082313825319,"ENSG00000260060.1"
0,0.658105500163085,"ENSG00000103490.14"
0,0,"ENSG00000177238.14"
0.130714918411902,0.554846994078042,"ENSG00000169896.18"
9.44126645003214e-15,0.621202785946523,"ENSG00000140678.16"
2.56498971752731e-12,0.106070118146825,"ENSG00000156886.12"
2.7494271679039e-13,0.503258630837722,"ENSG00000176723.10"
0,0,"ENSG00000261474.1"
0,0,"ENSG00000260267.1"
0,0.356631440747928,"ENSG00000140691.16"
0,0,"ENSG00000140682.19"
0.0464764685494854,0.0142957870601365,"ENSG00000140675.13"
0,0.416087117827693,"ENSG00000140688.17"
0,0,"ENSG00000260625.3"
0.231003476155726,0.462321044461157,"ENSG00000169877.10"
0,0.282018765866068,"ENSG00000131797.12"
0,0,"ENSG00000197302.10"
0,0.119524988951805,"ENSG00000185947.15"
0.312205581349996,0.0875127882043926,"ENSG00000200434.1"
0.0901534494535431,1.20273801434958e-12,"ENSG00000279800.2"
0.128000260676195,0.538862958775418,"ENSG00000171241.9"
0,0.382659060599465,"ENSG00000069329.18"
0.117855183132234,0.455435631044062,"ENSG00000091651.9"
0,0,"ENSG00000155330.10"
0.0894292192613342,0.333660926951111,"ENSG00000166123.14"
7.89540222409169e-11,0.328012282543274,"ENSG00000069345.12"
0,0,"ENSG00000171208.10"
0,0,"ENSG00000129636.13"
0,0,"ENSG00000260744.1"
0,0,"ENSG00000279509.1"
0,0,"ENSG00000260012.1"
0,0,"ENSG00000261369.1"
0,0.385190936818242,"ENSG00000102893.16"
3.33551641571561e-19,0.0803021612006497,"ENSG00000102910.14"
0,0,"ENSG00000280067.1"
0,0.420163647694409,"ENSG00000196470.12"
0,0.355831175364829,"ENSG00000102921.8"
0,0.66323564884883,"ENSG00000261267.1"
1.69967076049833e-20,0.276356551517654,"ENSG00000243609.1"
0,0.129574429702326,"ENSG00000260086.3"
3.97601580528779e-12,0.228725417244712,"ENSG00000102935.11"
0,0,"ENSG00000205423.11"
0,0,"ENSG00000155393.13"
0,0,"ENSG00000279356.1"
1.46734555870328e-13,0.254080598160402,"ENSG00000121274.12"
0.189164608423812,0.280744359463923,"ENSG00000121281.12"
0.233124262024677,0.408665651279672,"ENSG00000166164.15"
0.0128580291457607,0.329726136396859,"ENSG00000140807.7"
0,0,"ENSG00000278909.1"
0.0677105866040188,0.663080073529597,"ENSG00000167208.15"
1.86044125651023e-15,0.485233710107022,"ENSG00000167207.13"
2.69170472266424e-12,0.441155906379667,"ENSG00000261644.2"
0,0.182551108685363,"ENSG00000083799.17"
0,0.0999560746197116,"ENSG00000260616.6"
4.15259220778916e-22,0.52246962748421,"ENSG00000103449.11"
0,0,"ENSG00000224578.5"
0,0,"ENSG00000277639.2"
0,0.356367400295112,"ENSG00000177200.17"
0,0,"ENSG00000261291.1"
0,0.0188100416050057,"ENSG00000261056.2"
0,0,"ENSG00000279589.1"
0.19907774094985,0.485377149608543,"ENSG00000260078.3"
0,0.404475239316842,"ENSG00000103479.16"
0,0,"ENSG00000279722.1"
5.55091479524726e-19,0.323768776596417,"ENSG00000166971.17"
0,0,"ENSG00000103494.14"
0,0,"ENSG00000140718.21"
0,0.142496056111179,"ENSG00000261630.1"
0.334545264199499,0,"ENSG00000280392.1"
0,0,"ENSG00000260194.1"
8.57912886372046e-13,0.354102812009546,"ENSG00000177508.12"
0,0,"ENSG00000283689.1"
0,0,"ENSG00000277559.1"
0,0,"ENSG00000245694.10"
1.07160476218221e-20,0.26574896877915,"ENSG00000176842.15"
0.0130104834782658,0.331432627218589,"ENSG00000159387.7"
0,0.179922029418088,"ENSG00000087245.13"
0,0,"ENSG00000260135.7"
0,0,"ENSG00000279030.1"
0,0,"ENSG00000087253.13"
0.0859026770419123,0,"ENSG00000261997.1"
2.25183201089391e-13,0.29524544776693,"ENSG00000228695.10"
0.13565103216869,0.127699354959266,"ENSG00000198848.12"
7.58478940475376e-17,0.329003599867618,"ENSG00000246379.8"
0.167314936004927,0.14904608117078,"ENSG00000087258.15"
0,0,"ENSG00000159461.15"
0,0,"ENSG00000167005.14"
0.108108194150757,0,"ENSG00000087263.17"
1.68753302516627e-10,0.317514499658128,"ENSG00000125124.12"
2.90724071964167e-22,0.38863346482414,"ENSG00000125148.7"
0.304947731623168,1.11265625171708e-11,"ENSG00000260823.1"
0,0.304615888631208,"ENSG00000260549.1"
0,0.407279470123742,"ENSG00000169715.15"
6.10242403511175e-11,0.168892447344718,"ENSG00000205364.4"
0.169162605808694,0,"ENSG00000205362.11"
0.140733155567812,0.362860865378788,"ENSG00000198417.7"
0,0.628676323076732,"ENSG00000187193.9"
0.0720909638725629,0.456426173159691,"ENSG00000261429.2"
0,0.231582473362147,"ENSG00000261302.6"
7.1053888625391e-14,0.249000980175314,"ENSG00000102900.13"
0,0.277696906128433,"ENSG00000051108.15"
0,0,"ENSG00000261270.1"
0.84090011642921,0.095605397532405,"ENSG00000087237.12"
0.0503966126892846,0.472285972218778,"ENSG00000140853.15"
0.0402118723592035,0.0447368011496866,"ENSG00000140848.17"
0,0,"ENSG00000279019.1"
1.13500260822323e-09,0.00926887399815035,"ENSG00000172775.17"
1.64704720827216e-12,0.277422305634669,"ENSG00000285979.1"
0,0,"ENSG00000159579.14"
0.211249008252327,0.124049824040835,"ENSG00000102931.8"
0,0,"ENSG00000102934.10"
0,0.424655154001625,"ENSG00000102962.5"
0,0,"ENSG00000006210.7"
0.0574250308687175,0,"ENSG00000005194.15"
0,0,"ENSG00000088682.14"
0,0.230396439752178,"ENSG00000102978.13"
0.0565062029294125,0.0403997091949865,"ENSG00000125170.11"
0,0,"ENSG00000135736.6"
0,0,"ENSG00000205336.12"
0.0412357854177874,0.739611466303363,"ENSG00000182885.17"
0,0.248795426038308,"ENSG00000140854.13"
0,0,"ENSG00000140859.16"
0.217596700639804,0.208121560580585,"ENSG00000166188.2"
2.19714636119244e-15,0.0022859154374808,"ENSG00000103005.11"
2.00570630217796e-12,0.371391265396576,"ENSG00000102996.5"
0,0,"ENSG00000070761.8"
3.54852967083088e-12,0.415576952699828,"ENSG00000070770.9"
0,0.145895552638658,"ENSG00000103021.9"
0,0,"ENSG00000181938.13"
0,0.0976191091176212,"ENSG00000103034.14"
0,0,"ENSG00000103037.11"
0,0,"ENSG00000125107.18"
0,0,"ENSG00000276259.1"
0,0,"ENSG00000103042.9"
0,0.0852915757863063,"ENSG00000125166.13"
0,0,"ENSG00000224631.4"
0,0.792018277134786,"ENSG00000140937.14"
0.128403385725952,0,"ENSG00000278893.1"
1.5463592877493e-14,0.7678393119217,"ENSG00000261742.6"
0,0,"ENSG00000179776.19"
0,0,"ENSG00000166546.14"
5.01013905148810e-13,0.301746306451337,"ENSG00000166548.16"
0,0,"ENSG00000089505.17"
0,0,"ENSG00000140931.20"
0.112708691208516,0,"ENSG00000183723.12"
0,0.461567670181844,"ENSG00000135720.13"
0.13757087369728,0,"ENSG00000159593.15"
0.0103198898596615,0.123466775645613,"ENSG00000172840.7"
0,0,"ENSG00000166592.12"
0,0,"ENSG00000166595.12"
0,0,"ENSG00000172831.13"
0.185752884064866,0,"ENSG00000172824.16"
0.131318446429875,0.4850715204165,"ENSG00000067955.15"
1.91636973156943e-12,0.0667125047914675,"ENSG00000125149.12"
0,0,"ENSG00000237172.4"
0,0,"ENSG00000102871.16"
0,0,"ENSG00000135722.9"
0,0,"ENSG00000102878.16"
0,0,"ENSG00000140939.14"
0,0.304641546032001,"ENSG00000196123.13"
0,0,"ENSG00000179044.16"
0.198268215062352,0.53627695525203,"ENSG00000205250.9"
0,0.096598793080922,"ENSG00000102890.16"
0,0.316970134910492,"ENSG00000280163.1"
0,0,"ENSG00000125122.15"
0,0,"ENSG00000168701.19"
0,0.134244278241782,"ENSG00000135723.14"
0,0,"ENSG00000135740.17"
0.0424500041577192,0.198688463798575,"ENSG00000262691.1"
0,0,"ENSG00000196155.13"
2.19973599704413e-08,0.0618105997605019,"ENSG00000159713.11"
0,0.356437967910558,"ENSG00000159714.11"
0,0,"ENSG00000176387.7"
0.0438314335876978,0.40210132021459,"ENSG00000159720.12"
0,0,"ENSG00000270049.3"
0.0110752502950009,0.528789264159859,"ENSG00000039523.20"
0.297694314060303,0.568112122333502,"ENSG00000261396.1"
3.6880565526387e-12,0.501260724531232,"ENSG00000261386.2"
0.383301102604621,0.27757348232999,"ENSG00000280214.1"
0,0.109727584822943,"ENSG00000102974.16"
0.203090542312738,0.210894080360526,"ENSG00000159753.14"
0,0.36238595632814,"ENSG00000102977.16"
0.106229585982854,0,"ENSG00000102981.9"
0,0,"ENSG00000124074.12"
0,0,"ENSG00000159761.15"
3.73495631039753e-13,0.529605205249005,"ENSG00000141098.13"
0.160717917250011,0.512665794032043,"ENSG00000141084.11"
0,0,"ENSG00000102904.14"
0,0,"ENSG00000102901.13"
0,0,"ENSG00000168286.3"
0,0,"ENSG00000102898.12"
0.23224743763955,0.537347187682231,"ENSG00000038358.15"
0.279334786347422,0.5735795924118,"ENSG00000159792.10"
0,0,"ENSG00000261884.2"
0,0.154650153783317,"ENSG00000205220.12"
0,0,"ENSG00000213398.8"
0.0505214925714592,0.149766960833699,"ENSG00000124067.17"
0,0.0845516489196765,"ENSG00000167261.14"
0,0,"ENSG00000167264.18"
0.0991179990755728,0.521897617772033,"ENSG00000182810.6"
0,0,"ENSG00000072736.19"
0,0.155099334731387,"ENSG00000103067.14"
0.0609024592117214,0,"ENSG00000103066.13"
1.94898641587376e-13,0.208675185908802,"ENSG00000103064.15"
0.0172524818543081,0.521327506366079,"ENSG00000252026.1"
0,0,"ENSG00000103061.13"
0,0,"ENSG00000279649.1"
8.14540441917222e-14,0.253573838030519,"ENSG00000132600.16"
0.0589543354928671,0.872898067077818,"ENSG00000259797.1"
0,0,"ENSG00000103056.12"
0.228573331443477,5.25746374723583e-13,"ENSG00000184939.16"
0.167489479099314,0.413083536986674,"ENSG00000039068.19"
0,0,"ENSG00000200558.1"
0.236727000522171,0.16640137836358,"ENSG00000103047.8"
0,0,"ENSG00000103044.11"
0.117165360934943,4.36566265793203e-14,"ENSG00000168802.13"
0.0312316875134086,0,"ENSG00000141076.18"
0.0160005571492075,0.195356973129529,"ENSG00000168807.16"
1.61331146672597e-14,0.188952993351008,"ENSG00000200164.1"
3.69860429363386e-21,0.428333283815486,"ENSG00000132612.16"
0,0,"ENSG00000213380.15"
0,0,"ENSG00000258429.2"
0,0,"ENSG00000132603.15"
1.05049802617997e-15,0,"ENSG00000157315.5"
0,0,"ENSG00000132604.11"
0.0721426415201394,8.3693946334475e-11,"ENSG00000103018.16"
0,0,"ENSG00000102908.22"
0,0,"ENSG00000181019.13"
0,0,"ENSG00000141101.13"
0,0,"ENSG00000260290.2"
1.19436715257658e-12,0.0521468125821676,"ENSG00000198373.12"
0.69855064067493,0.0448170824629988,"ENSG00000196696.12"
0,0.224610458590751,"ENSG00000090857.13"
0.351882731748535,0.45681736237222,"ENSG00000261556.10"
0.211438664508933,0.342359719655177,"ENSG00000223496.3"
0.0442245641378802,3.88607488502278e-14,"ENSG00000090861.15"
0,0,"ENSG00000157349.16"
0,0,"ENSG00000168872.17"
2.93751016615138e-14,0.413647409482848,"ENSG00000157350.13"
0,0,"ENSG00000157353.17"
0.172563759376672,0.388912116432247,"ENSG00000103051.19"
2.31967727548497e-12,0.10529170971354,"ENSG00000189091.13"
0,0,"ENSG00000157368.10"
0,0,"ENSG00000132613.15"
7.65056654701389e-12,0.373203690348103,"ENSG00000103043.15"
0.285750399555226,0.234655807300772,"ENSG00000279412.1"
0,0,"ENSG00000214353.8"
0,0.0251501441659638,"ENSG00000279123.1"
0,0,"ENSG00000157423.18"
0,0,"ENSG00000180917.17"
8.98988300171115e-11,0.551086166256012,"ENSG00000172137.19"
0,0.128496145903842,"ENSG00000167377.18"
0,0,"ENSG00000157429.16"
0.462997574799936,0.00883250294548377,"ENSG00000140835.9"
0.257326713398495,0.0510426587027285,"ENSG00000140832.9"
1.15778659308404e-12,0.664121282669208,"ENSG00000040199.18"
0,0.31053552625368,"ENSG00000261513.1"
3.32870211496472e-25,0.0744984798057215,"ENSG00000166747.12"
0.314510540346075,0.30737563980228,"ENSG00000223224.1"
0,0,"ENSG00000283057.1"
9.90679410176241e-12,0.223949380117654,"ENSG00000224470.8"
0,0.136373232689728,"ENSG00000182149.21"
0,5.37348093179631e-16,"ENSG00000102984.15"
0,0,"ENSG00000277481.1"
0,0,"ENSG00000102967.12"
0,0,"ENSG00000140830.9"
0.184386830665427,0.391488294243945,"ENSG00000257017.9"
0.49451374750279,1.41211791199966e-11,"ENSG00000261701.7"
0,0.141314699783132,"ENSG00000140829.12"
0.0030132380134867,0.527647458658655,"ENSG00000118557.16"
0.256258487194914,0.243905296701334,"ENSG00000261008.7"
0,0,"ENSG00000259768.6"
0.137560492003518,0.092500210763746,"ENSG00000140836.17"
0,0,"ENSG00000259209.3"
0.142602662485404,9.26705527423572e-12,"ENSG00000279757.1"
0,0.08188332032633,"ENSG00000280092.1"
0.0778282220360698,2.67426997972577e-20,"ENSG00000279591.1"
0,0,"ENSG00000271009.3"
0.0167985306700911,0.0191974791526777,"ENSG00000261404.7"
0.0126927481622183,0.207567038646201,"ENSG00000103035.11"
0,0.0185359805494539,"ENSG00000259972.3"
0.0644976015194439,0.332926552625334,"ENSG00000239763.2"
0,0,"ENSG00000260884.1"
0.108699985751816,0.395894262281254,"ENSG00000214331.8"
0,0,"ENSG00000196436.8"
0,0,"ENSG00000261170.2"
0,0,"ENSG00000090863.11"
0.100763749684201,0.468525558528377,"ENSG00000168411.14"
4.46261850643239e-17,0.368209193287316,"ENSG00000168404.13"
1.16719001386728e-10,0.0153186673405388,"ENSG00000103091.15"
0,0.159838738951287,"ENSG00000186187.12"
0.0135115606554099,0.402954900048149,"ENSG00000166816.14"
0,0,"ENSG00000184517.12"
0.0182868530657043,0.0481092423321349,"ENSG00000168925.12"
0,0,"ENSG00000050820.17"
0.210088309606504,0,"ENSG00000280152.1"
0,0,"ENSG00000153774.9"
0.344463202933333,0.172050852866709,"ENSG00000274220.1"
0,0,"ENSG00000166822.13"
0,0,"ENSG00000183196.10"
0,0,"ENSG00000205084.11"
0,0,"ENSG00000034713.8"
0.165328196537641,0.6819509107314,"ENSG00000276523.1"
0,0,"ENSG00000065457.10"
0,0,"ENSG00000065427.14"
9.32811422709463e-13,0.344366707777618,"ENSG00000166848.7"
0,0,"ENSG00000103111.15"
0.16073067663552,0.0432075274771615,"ENSG00000205078.6"
0,0,"ENSG00000140873.16"
0.0265294268466412,0.258125659484971,"ENSG00000140876.11"
0,0,"ENSG00000171724.3"
0,0,"ENSG00000186153.17"
6.3994950553008e-16,0.0256328879738156,"ENSG00000287106.1"
0,0,"ENSG00000260733.1"
0.0507497419394185,0,"ENSG00000279887.1"
0,0,"ENSG00000261837.1"
0,0,"ENSG00000279129.1"
2.63830052069763e-19,0.227208758897136,"ENSG00000286894.1"
0.197633149678036,0.196201960080759,"ENSG00000280190.1"
0.0890072570483636,0.256188593323994,"ENSG00000260816.2"
0.162148939958978,0.0170408556363235,"ENSG00000277954.1"
0,0,"ENSG00000178573.7"
0,0.104703711932136,"ENSG00000166446.15"
0,0,"ENSG00000103121.8"
0,0,"ENSG00000278985.1"
0.0225618755617123,0.512869182933028,"ENSG00000166451.13"
7.24094464164457e-11,0.0375249189222006,"ENSG00000261061.1"
0,0,"ENSG00000166454.10"
6.25572970795498e-11,0.0288755627009964,"ENSG00000140905.10"
0.417087913868012,0.222369697055658,"ENSG00000166473.17"
2.31519403630203e-08,0.497551985449834,"ENSG00000261609.7"
0,0,"ENSG00000272923.1"
0.0549424967903256,0.343308811160813,"ENSG00000153815.16"
0,0.451363130809722,"ENSG00000279021.1"
0,0.0995328800788243,"ENSG00000260229.1"
0,0.28801410609257,"ENSG00000279476.1"
0,0,"ENSG00000279681.1"
0,0,"ENSG00000279294.1"
0,0,"ENSG00000279841.1"
0.137763331684361,0.632896766126085,"ENSG00000197943.10"
0.0345331348949712,1.79053849571208e-10,"ENSG00000135698.10"
3.68031372699719e-17,0.115927279860279,"ENSG00000140945.17"
4.35393732025942e-11,0.0881608591055012,"ENSG00000260862.1"
0.381371182440011,4.87217973942589e-13,"ENSG00000260832.1"
7.18561845482209e-22,0.00752780639325217,"ENSG00000261103.2"
0,0,"ENSG00000260788.6"
0,0,"ENSG00000230989.7"
0.0442635587632784,0.800486791615128,"ENSG00000103150.7"
0,0,"ENSG00000140961.14"
0,0,"ENSG00000103154.9"
7.18516981370387e-17,0.0505918168563639,"ENSG00000140943.17"
0,0.149039647710482,"ENSG00000103160.12"
0,0,"ENSG00000154099.18"
0,0,"ENSG00000103168.16"
0,0,"ENSG00000103175.11"
0.239846298662771,0.395188169227723,"ENSG00000064270.12"
0.0960044922174394,0,"ENSG00000140950.16"
0,0.841951083451206,"ENSG00000103187.8"
0.0635726556012545,0.638581805966213,"ENSG00000261471.1"
7.09130455329213e-13,0.0128471307037439,"ENSG00000135686.13"
0,0,"ENSG00000103194.15"
1.27408915786478e-19,0.240154239383362,"ENSG00000103196.12"
1.62706911940477e-18,0.323512754108245,"ENSG00000153786.12"
6.28597559097639e-14,0.613798326064873,"ENSG00000135709.12"
0.0473592237432315,0.270251279294722,"ENSG00000131149.19"
0,0,"ENSG00000287787.1"
0,0,"ENSG00000179219.5"
0.208921810870213,0,"ENSG00000278716.1"
0,0,"ENSG00000270124.1"
1.06090990980649e-15,0.507114554264175,"ENSG00000260417.1"
1.17755492763822e-18,0.188528807159475,"ENSG00000263968.2"
8.25751280019068e-14,0.115319030796694,"ENSG00000131153.9"
1.96193915289999e-12,0.0329585380534787,"ENSG00000154102.11"
0.120466544352722,0.114662753733372,"ENSG00000131148.9"
0,0.297429140672558,"ENSG00000131143.9"
0,0.417426401912598,"ENSG00000140968.11"
3.6272258383555e-22,0.0106926525295997,"ENSG00000103248.19"
0,0.422165036416595,"ENSG00000176692.8"
2.10313035201203e-13,0.0159975069391374,"ENSG00000176678.5"
0,0.652927155188234,"ENSG00000270006.2"
0,0.175231547797877,"ENSG00000103264.18"
5.49475639952689e-14,0.177271192323638,"ENSG00000140941.14"
0.10642144875392,1.00219299000532e-22,"ENSG00000261592.1"
0,0,"ENSG00000140948.12"
0,0,"ENSG00000276337.1"
0.161190725711821,0.214436109645419,"ENSG00000154118.13"
0.0573317305232415,0.637929229425356,"ENSG00000226180.3"
0,0.263963548267496,"ENSG00000104731.14"
6.78699308646558e-15,0.732333288820066,"ENSG00000103257.9"
3.96397871203519e-20,0.243565854375549,"ENSG00000172530.20"
0,0.10604444144253,"ENSG00000205037.2"
0,0,"ENSG00000261327.5"
2.11844918415928e-12,0.10521815208145,"ENSG00000225614.3"
0,0.445492252497198,"ENSG00000179588.9"
0,0.507877562988743,"ENSG00000158545.15"
0.215813930601593,0.383814184314052,"ENSG00000051523.11"
0,0,"ENSG00000167508.12"
0,0,"ENSG00000260630.7"
0,0,"ENSG00000185669.6"
0,0.66894599255905,"ENSG00000158717.11"
0,0,"ENSG00000174177.13"
0,0,"ENSG00000278341.1"
0,0,"ENSG00000103335.22"
0,0.0768309434809788,"ENSG00000260121.1"
0,0,"ENSG00000224888.4"
0,0,"ENSG00000182376.2"
0.232755703767129,0.414488236764075,"ENSG00000167513.9"
0,0,"ENSG00000198931.11"
0,0,"ENSG00000141012.13"
0,0,"ENSG00000167515.10"
0.265180760463727,0.634101128824798,"ENSG00000129993.15"
0.305496356932035,0.00323905550282798,"ENSG00000261226.1"
0.101431968967188,0.562250112760224,"ENSG00000205018.2"
0,0.349676575853003,"ENSG00000176715.16"
2.44773423508768e-13,0.0321249965463667,"ENSG00000261546.1"
0.131283748433964,0.687475137932868,"ENSG00000129910.8"
0.202454084107601,8.69132570099416e-12,"ENSG00000259877.2"
0,0.439982440830255,"ENSG00000170100.13"
0,0.302946063587307,"ENSG00000167522.16"
0,0,"ENSG00000268218.1"
1.44206099145215e-10,0.330123324159303,"ENSG00000260279.4"
2.95345432383575e-21,0.45409620912817,"ENSG00000261253.2"
0,0,"ENSG00000261692.1"
0,0,"ENSG00000287351.1"
0,0.145232766033551,"ENSG00000270832.1"
0,0.304125183217396,"ENSG00000197912.15"
0,0,"ENSG00000261118.1"
0.167400127294882,0.112441231929713,"ENSG00000167526.13"
0.109724099750523,0.220740399552829,"ENSG00000178773.15"
0.192548875173455,0.297420740172966,"ENSG00000015413.9"
0,0.300406772420725,"ENSG00000131165.15"
0,0.368257718510863,"ENSG00000167523.13"
0.109584714296663,0.369434816292734,"ENSG00000275734.2"
0,0,"ENSG00000185324.22"
0.0797136992201009,0.65350091741804,"ENSG00000158792.16"
0,0,"ENSG00000075399.14"
0.260114966507835,0.555158932338202,"ENSG00000261373.1"
2.17205292806611e-09,0.463832580178197,"ENSG00000158805.12"
0.186257993138068,0.457424155032827,"ENSG00000187741.15"
0.00566127574311452,0.604715567406171,"ENSG00000204991.11"
0,0,"ENSG00000141002.20"
0,0.428028540494512,"ENSG00000258839.3"
0,0,"ENSG00000258947.7"
0,0,"ENSG00000140995.16"
0,0,"ENSG00000177946.6"
0,0.0796509048061793,"ENSG00000223959.8"
0,0.0517896411518933,"ENSG00000003249.13"
0,0.362744293209085,"ENSG00000141013.17"
0,0.186787286471354,"ENSG00000272636.4"
0.0846447668338161,0,"ENSG00000181031.16"
0,0,"ENSG00000262061.6"
0.623458066212697,2.9897533172451e-10,"ENSG00000187624.9"
0.0932701020717444,0.546797547443667,"ENSG00000183688.4"
6.03831397868995e-13,0.227151561241219,"ENSG00000141252.20"
0,0,"ENSG00000167695.15"
0,0.0776403594173222,"ENSG00000179409.11"
2.05242314935217e-19,0.333426142853201,"ENSG00000167699.13"
0,0,"ENSG00000171861.11"
4.8274423379079e-21,0.241779183425004,"ENSG00000167693.17"
0,0,"ENSG00000177370.5"
0,0,"ENSG00000159842.15"
0.134263192287564,0.368382220120643,"ENSG00000184811.4"
2.17031584191187e-12,0.106377769257274,"ENSG00000108953.17"
0,0,"ENSG00000167193.8"
0,0,"ENSG00000262777.1"
0.0452919578274694,0.274542444803209,"ENSG00000197879.17"
5.1879995971106e-22,0.136243345753172,"ENSG00000132376.20"
4.9187057266165e-17,0.113969437053904,"ENSG00000174238.15"
0,0.0552669429977992,"ENSG00000167703.14"
0,0.0624099756930597,"ENSG00000074660.16"
1.67660146005544e-11,0.40225110954103,"ENSG00000167705.12"
8.62994944752081e-14,0.317210489849477,"ENSG00000174231.17"
0.13862988300664,0.25630027920456,"ENSG00000185561.10"
0.108313224862289,1.78634961862765e-16,"ENSG00000186594.14"
0,0.306003452611097,"ENSG00000167716.18"
5.50027592623632e-09,0.158200727048924,"ENSG00000167711.13"
0.124010402442877,0.470550457423062,"ENSG00000132386.11"
0,0,"ENSG00000186532.12"
0,0,"ENSG00000132383.12"
0,0,"ENSG00000185924.7"
0.10128994745519,0.08708786054971,"ENSG00000228133.3"
0,0,"ENSG00000108963.17"
0,0,"ENSG00000177374.13"
0,0.294331695277613,"ENSG00000070366.14"
0,0,"ENSG00000262402.1"
0.126980777718236,9.38229536614486e-12,"ENSG00000167720.13"
0,0.152354522664496,"ENSG00000262333.1"
0.204876814823802,4.83573225797885e-21,"ENSG00000167721.10"
0,0,"ENSG00000275084.3"
0,0.00223758716151731,"ENSG00000141258.13"
0,0,"ENSG00000263345.1"
0,0.00925979964532877,"ENSG00000070444.15"
0,0,"ENSG00000127804.13"
0,0,"ENSG00000007168.13"
5.44103522815673e-13,0.101326077226539,"ENSG00000262480.2"
5.00575420386606e-20,0.184928451515543,"ENSG00000279432.1"
0,0.058850085868497,"ENSG00000239884.3"
0.139904475343798,0.239978726505581,"ENSG00000132361.17"
7.31564321379194e-21,0.142573818846623,"ENSG00000262050.1"
0,0.65012556623653,"ENSG00000132359.15"
1.44269017798255e-20,0.0503616990508346,"ENSG00000108381.11"
0.142244067923993,0.287452349505743,"ENSG00000167723.14"
0,0,"ENSG00000196689.12"
2.99016156665826e-10,0.225180164085504,"ENSG00000261916.1"
0,0,"ENSG00000197417.8"
0,0,"ENSG00000040531.14"
0,0.0743505685859976,"ENSG00000262903.1"
0,0,"ENSG00000213977.8"
0.0425579204256921,0.514375960044172,"ENSG00000257950.3"
0.123536614833667,0.399634881514238,"ENSG00000083454.22"
0,0,"ENSG00000083457.12"
4.75630557053259e-12,0.278559522130737,"ENSG00000177602.5"
0.0676152922815798,0.21820790366205,"ENSG00000074356.17"
0.176171815574335,0.236707375593072,"ENSG00000004660.15"
0.221038268958887,0.36887433213277,"ENSG00000108405.4"
0.185595772018267,0.440615515301376,"ENSG00000074370.18"
0,0.267591783204477,"ENSG00000074755.15"
0,0.13255375295969,"ENSG00000167740.9"
0.00398583714136809,2.33943122314878e-10,"ENSG00000185722.18"
2.96123448561905e-17,0.115588184378911,"ENSG00000263219.1"
0,0,"ENSG00000132388.12"
0,0,"ENSG00000261868.1"
0.0739082676427769,0.403353107338112,"ENSG00000182557.8"
0,0.145599845011398,"ENSG00000183018.9"
1.20638910680909e-10,0.204862218249999,"ENSG00000132382.14"
0.178720494347898,0.28141282007693,"ENSG00000161905.12"
0,0,"ENSG00000141456.16"
0.0679331208145373,0.806237279051847,"ENSG00000141480.18"
0,0,"ENSG00000161920.10"
0,0.702751944743296,"ENSG00000161921.15"
0,0.33885817369751,"ENSG00000141497.14"
0,0.423804600532501,"ENSG00000182853.12"
0,0,"ENSG00000280254.1"
0,0,"ENSG00000182327.8"
0,0,"ENSG00000142507.10"
0,0,"ENSG00000129219.14"
0,0.185946992962397,"ENSG00000141503.17"
9.14295770706323e-12,0.0728615075613225,"ENSG00000108556.10"
0,0.142364929778398,"ENSG00000205710.4"
8.53302648928952e-10,0.0455889733287112,"ENSG00000185245.8"
0,0.16718596440033,"ENSG00000108528.14"
0,0.306766684483101,"ENSG00000108523.15"
0.309058868400476,0.472821594017247,"ENSG00000108518.7"
0,0.519702801708696,"ENSG00000108515.17"
2.10467444872786e-19,0.253583464092933,"ENSG00000091640.8"
0,0.287046127154456,"ENSG00000108509.21"
0,0,"ENSG00000196388.8"
0.250951122631145,0.383557480471026,"ENSG00000129250.12"
0,0.0960141974064022,"ENSG00000180787.6"
0.617002296858664,0.129699548281409,"ENSG00000167840.13"
0,0,"ENSG00000234327.8"
0,0,"ENSG00000180626.10"
0.0751568269608947,0,"ENSG00000261879.7"
0.0632184551702986,0.710036849650616,"ENSG00000161929.15"
1.08584728798501e-12,0.00779388873929395,"ENSG00000029725.17"
0,0.18950856111389,"ENSG00000108559.12"
0.0851041057093488,0.708518029426098,"ENSG00000129197.14"
0,0,"ENSG00000263272.1"
6.57569888031499e-12,0.166821103402794,"ENSG00000108561.8"
0,0,"ENSG00000005100.13"
0,0.0172663155704833,"ENSG00000072849.11"
0,0,"ENSG00000167842.15"
0,0.000301168975232156,"ENSG00000091592.16"
0,0,"ENSG00000286190.1"
0.289709398911866,0.100017744095249,"ENSG00000179314.14"
0.491210717030871,0.126058252620818,"ENSG00000129195.16"
0,0.594213965129756,"ENSG00000091622.16"
0,0,"ENSG00000198920.11"
1.45326710109605e-12,0.199871904641439,"ENSG00000282936.2"
0.104940494907877,0,"ENSG00000129235.11"
1.47490204737221e-21,0.115739760887383,"ENSG00000108590.11"
0,0.071096934341962,"ENSG00000256806.6"
0,0,"ENSG00000132530.17"
9.01728153758319e-21,0.0299918070795484,"ENSG00000262943.7"
0,0,"ENSG00000215067.10"
0.0964334745204792,1.52526977617169e-09,"ENSG00000262503.1"
0.148053203203128,0.104071103502659,"ENSG00000108839.12"
0.0493469738574021,0.0894133568906058,"ENSG00000219200.11"
0,0,"ENSG00000258315.5"
0.131515677078832,3.1989217983881e-18,"ENSG00000267532.5"
9.20068704602298e-13,0.034190678550123,"ENSG00000161940.11"
0.151272439008074,0.486590478445083,"ENSG00000174327.7"
0,0,"ENSG00000132514.13"
0.0689893391370702,0.901366642261722,"ENSG00000161944.16"
0,0.508179169249018,"ENSG00000141505.12"
2.1895828509989e-18,0.0828845808802559,"ENSG00000132535.19"
0.0505594002650854,0,"ENSG00000072778.20"
0,0,"ENSG00000004975.12"
0,0.185517624096219,"ENSG00000040633.13"
0.141534112073636,0.428230423128869,"ENSG00000170296.10"
0,0,"ENSG00000279641.1"
0,0,"ENSG00000175826.12"
0.345901893443185,0.0952024753471304,"ENSG00000170291.15"
0.417702383950078,0.130222014858861,"ENSG00000181885.18"
0.0154974395358223,0.405537069932822,"ENSG00000181856.15"
0.0313297204602127,3.74125780969094e-10,"ENSG00000006047.13"
0.203501626335412,0.183390239341409,"ENSG00000132507.18"
0,0,"ENSG00000132522.16"
2.31472000858889e-15,0.00851503163941442,"ENSG00000215041.10"
0,0.242389528464117,"ENSG00000072818.12"
0,0,"ENSG00000213859.6"
0,0,"ENSG00000174292.12"
0,0.0560195750188647,"ENSG00000205544.4"
0,0,"ENSG00000169992.10"
0,0.539014475216312,"ENSG00000181284.3"
0.203610247142209,0,"ENSG00000170175.11"
0,0.349975246959223,"ENSG00000174282.12"
0.0713845821418652,1.52668299560334e-10,"ENSG00000259224.2"
7.34551521897104e-21,0.39288443867369,"ENSG00000181222.16"
1.42601608357622e-19,0.201053558289001,"ENSG00000239697.11"
0.00238835675833026,2.70411245672296e-09,"ENSG00000161955.16"
0,0,"ENSG00000161956.13"
0.0245906612096323,0,"ENSG00000161960.15"
0,0,"ENSG00000233223.3"
7.19142189929483e-12,0.316096529738426,"ENSG00000129255.16"
0,0,"ENSG00000129194.8"
0,0.102617331077111,"ENSG00000129245.12"
0,0.0141963293676492,"ENSG00000129214.15"
1.33671621548243e-17,0.171759596958152,"ENSG00000141504.11"
0.143758800902981,0.654470826651697,"ENSG00000129244.9"
0.261401159296163,0.430596660102273,"ENSG00000141510.17"
0,0,"ENSG00000141499.16"
6.09282910403221e-17,0,"ENSG00000108947.5"
0,0,"ENSG00000183914.14"
0,0.490865437473784,"ENSG00000132510.10"
0,0.324773112177655,"ENSG00000167874.7"
0,0.200838522401295,"ENSG00000183011.13"
0,0,"ENSG00000182224.12"
0,0,"ENSG00000280046.1"
0.371937425197638,0.23413136180753,"ENSG00000170004.17"
0.192912533692999,0.0926434077641707,"ENSG00000252835.1"
0.0935338386649797,0.504746855784249,"ENSG00000179859.9"
1.27755217090284e-20,0.051366627417833,"ENSG00000170049.9"
0,0,"ENSG00000170043.12"
1.57644182902594e-19,0.282572898305032,"ENSG00000170037.14"
2.38639076049552e-12,0.0860470272367757,"ENSG00000179593.16"
7.46410886662134e-13,0.20308573121651,"ENSG00000179094.16"
0.031411791818061,6.03575503763562e-13,"ENSG00000220205.9"
0,0,"ENSG00000179029.15"
0,0,"ENSG00000283160.1"
6.35593240732611e-13,0.390901294684237,"ENSG00000196544.8"
0.109050535017157,0.515790240058686,"ENSG00000178999.13"
0,0.0909241224189365,"ENSG00000178977.3"
1.2751290337525e-15,0.353255687307969,"ENSG00000178971.16"
0,0.138106049235502,"ENSG00000178921.14"
1.47033340030884e-20,0.20144781603191,"ENSG00000125434.11"
0,0,"ENSG00000198844.12"
0,0,"ENSG00000184619.5"
0.12599171322887,0,"ENSG00000265749.6"
0,0,"ENSG00000161970.15"
1.88672061813438e-12,0.386148208069455,"ENSG00000166579.15"
0,0.38245678669389,"ENSG00000133026.12"
0.10251295037784,0.534351480499065,"ENSG00000276231.4"
0.0181690300397534,0.628544156694416,"ENSG00000141506.13"
0,0.460999175111289,"ENSG00000265975.1"
0,0.435863445702048,"ENSG00000065320.9"
0,0,"ENSG00000262966.2"
0,0,"ENSG00000170310.15"
0,0,"ENSG00000271851.1"
0,0.111987260462158,"ENSG00000065325.13"
0.142763342263543,0,"ENSG00000007237.18"
0.216599280652005,0,"ENSG00000109061.10"
0,0,"ENSG00000109063.15"
0,0,"ENSG00000133028.12"
0,0.534974729149253,"ENSG00000170222.12"
0,0,"ENSG00000187824.8"
0,0,"ENSG00000263400.8"
0.297703128931152,0.169748927355116,"ENSG00000188803.15"
0.206737337244102,0.087957831620827,"ENSG00000007174.18"
0.130493285199563,0,"ENSG00000154957.14"
0,0,"ENSG00000065559.15"
0,0,"ENSG00000141052.17"
0,0,"ENSG00000006740.17"
3.1811348289768e-20,0.0162524739016388,"ENSG00000006744.19"
0.116743912883247,0.485891821391392,"ENSG00000153976.3"
0,0,"ENSG00000236088.10"
0.0360524299748817,0.41796965182323,"ENSG00000006695.12"
2.17478998198372e-11,0.181151568245074,"ENSG00000125430.9"
0,0.816972881477748,"ENSG00000266709.1"
0.193634844130784,0.609914166984641,"ENSG00000266378.1"
1.57596536718797e-09,0.274486987211758,"ENSG00000109099.15"
0.0703244513013504,0,"ENSG00000279660.1"
0,0.361601292524984,"ENSG00000239704.11"
2.98450529605998e-12,0.24506167422768,"ENSG00000175106.16"
8.78903564984981e-17,0.223731530966157,"ENSG00000266538.1"
7.86911363856446e-20,0.416263771363105,"ENSG00000221926.12"
0,0,"ENSG00000187607.16"
0,0,"ENSG00000179277.9"
0.173248842226975,1.22616675355762e-21,"ENSG00000265519.1"
0.23786062652857,0.522847534075822,"ENSG00000276855.1"
8.04308234892441e-13,0.0355948044712715,"ENSG00000170425.3"
0,0,"ENSG00000214941.8"
0,0.344092838848026,"ENSG00000011295.16"
0.0414956847399395,1.05116238664622e-12,"ENSG00000275413.1"
2.64549545490183e-12,0.457388890347993,"ENSG00000141027.21"
0,0.0433969502270046,"ENSG00000227782.2"
0,0,"ENSG00000108474.17"
0,0,"ENSG00000166582.10"
0,0.53436355441576,"ENSG00000170315.14"
1.85642604470065e-12,0.158647608568853,"ENSG00000187688.15"
0,0,"ENSG00000175061.18"
2.3846674471666e-13,0.456950545277445,"ENSG00000181350.12"
1.45671145511643e-12,0.226017901599097,"ENSG00000141040.15"
0,0,"ENSG00000197566.10"
0.602729476839608,0.141700116997242,"ENSG00000170160.17"
0.0746487515329073,1.29280604431441e-10,"ENSG00000188933.16"
0.0963045017161032,0.472935421610699,"ENSG00000240505.8"
0.259994726912696,0,"ENSG00000287910.1"
1.05764507393835e-20,0.0714166715246046,"ENSG00000133030.21"
0,0,"ENSG00000225442.2"
2.37743577188628e-13,0.28893203843234,"ENSG00000263624.1"
0,0,"ENSG00000278864.1"
0,0,"ENSG00000179598.6"
0,0.212882426573369,"ENSG00000154803.13"
0,0,"ENSG00000266498.1"
0,0,"ENSG00000141030.13"
0,0.107104610160694,"ENSG00000205309.14"
0.762113229955396,0.170707780739797,"ENSG00000215030.5"
6.76317131847656e-16,0,"ENSG00000227158.1"
0.044137427657517,0.710229692548354,"ENSG00000141026.6"
0,0,"ENSG00000108551.5"
0.010608448230254,0.592972403023729,"ENSG00000133027.18"
1.69383427157093e-12,0.045375936359628,"ENSG00000108557.19"
0.346626578161948,3.27338312709277e-19,"ENSG00000237328.1"
0.474089410788677,7.66082361451346e-11,"ENSG00000226746.2"
0,0.137467115864628,"ENSG00000072310.17"
0,0.286647135530367,"ENSG00000175662.17"
0,0,"ENSG00000197815.4"
0,0,"ENSG00000171962.18"
7.06438343445854e-09,0.334274527103518,"ENSG00000171953.16"
0,0,"ENSG00000141034.10"
0.0357734751936859,0.140787703869782,"ENSG00000108591.10"
0,0,"ENSG00000091536.19"
0,0.13655721541382,"ENSG00000091542.9"
0.236854874265768,0.276335206672099,"ENSG00000131899.11"
0,0.297505339376139,"ENSG00000177731.16"
4.87605257807565e-10,0.0667743793162762,"ENSG00000177427.13"
5.21782165825481e-12,0.0179188811162105,"ENSG00000177302.15"
0,0.36211510682394,"ENSG00000176994.11"
1.17730787722758e-10,0.420161469753608,"ENSG00000176974.20"
0,0.0227751344203866,"ENSG00000220161.4"
0,0.167379457444232,"ENSG00000273018.6"
2.5647999479942e-22,0.00800277441765755,"ENSG00000154874.15"
0,0.149360735536206,"ENSG00000249459.10"
0,0,"ENSG00000240445.4"
1.26299447501681e-11,0.371731247024316,"ENSG00000108448.21"
0.133923139136751,2.56387944195576e-12,"ENSG00000171928.14"
0.140666447640681,0.0307825357810196,"ENSG00000141127.15"
0,0.38223961533923,"ENSG00000235672.1"
8.55438318477047e-13,0.00438855408294561,"ENSG00000154025.15"
0,0.144099575697761,"ENSG00000188522.15"
0.359116566216436,1.12477025965877e-15,"ENSG00000265185.5"
0,0,"ENSG00000262074.6"
0,0,"ENSG00000262202.4"
0,0,"ENSG00000263934.4"
0.0597128810318286,0.255918457125584,"ENSG00000072134.15"
0.0812259632193334,0.707789064940605,"ENSG00000235397.1"
1.33519639072576e-10,0.181713718647896,"ENSG00000108641.17"
0.0263185511678632,0,"ENSG00000166484.20"
0.026958186366792,0.775871281914992,"ENSG00000166482.11"
0,0,"ENSG00000128482.16"
0.241998897029257,0.410594740030139,"ENSG00000142494.13"
0,0,"ENSG00000227225.1"
0.105031821999507,0.49143627958817,"ENSG00000072210.19"
0,0,"ENSG00000264932.3"
1.91983921853331e-11,0.312705881231089,"ENSG00000180638.17"
1.36079582270906e-13,0.251149244724482,"ENSG00000108602.18"
0,0,"ENSG00000083290.20"
0,0,"ENSG00000270091.1"
0,0,"ENSG00000108599.15"
0,0.520325550115504,"ENSG00000128487.16"
0.0621728411480012,0.412330401284672,"ENSG00000225014.1"
0,0,"ENSG00000154898.15"
6.8184882405484e-11,0.286632169828408,"ENSG00000189423.13"
0.0893204830067087,0.0761533508586328,"ENSG00000188013.6"
0.519474015660719,0.167384363379662,"ENSG00000226549.3"
0,0,"ENSG00000233098.9"
0,0,"ENSG00000124422.12"
0.261527668568152,0.383987254893762,"ENSG00000109016.17"
0.116698849737984,0.125294049534484,"ENSG00000178307.9"
1.29651517973958e-20,0.333369890099538,"ENSG00000235530.7"
0,0.476684159235357,"ENSG00000274180.1"
0,0.728133206284292,"ENSG00000034152.19"
0,0,"ENSG00000184185.10"
6.95152342048302e-21,0.388102417010919,"ENSG00000212719.13"
0,3.83650392456973e-17,"ENSG00000263563.6"
2.34961047894421e-21,0.387767441878903,"ENSG00000283879.1"
0.0914762622242782,0.606269096799937,"ENSG00000256618.2"
0,0,"ENSG00000109046.15"
0,0.0168529699822704,"ENSG00000141068.14"
0.126426782404636,0.671827452552501,"ENSG00000168961.17"
0,0,"ENSG00000232859.9"
0.0115764926167876,0.178186654175407,"ENSG00000087095.13"
0.0146024500088601,0,"ENSG00000109084.14"
0.0567767404140469,2.20390640398603e-11,"ENSG00000109083.13"
0,7.18162253660284e-16,"ENSG00000109079.10"
0,0,"ENSG00000004142.12"
0,0.109770204594276,"ENSG00000244045.13"
0,0,"ENSG00000004139.14"
0,0,"ENSG00000109072.14"
0,0,"ENSG00000076351.13"
0,0,"ENSG00000258472.8"
3.77490362109165e-13,0.00738149785489552,"ENSG00000263266.2"
0,0,"ENSG00000109103.11"
0,0.257027820368299,"ENSG00000087111.21"
0,0,"ENSG00000109107.14"
0.019917304734909,0.621546675025637,"ENSG00000076382.17"
0,0.432183211179994,"ENSG00000227543.5"
0,0,"ENSG00000167524.14"
3.81199705420749e-10,0.224997668645655,"ENSG00000007202.15"
0,0,"ENSG00000132581.10"
0,0,"ENSG00000109111.15"
0,0,"ENSG00000167525.13"
0.0802397847515292,0.746014081755999,"ENSG00000109113.20"
0,0,"ENSG00000198242.14"
0,0,"ENSG00000264577.1"
0,0.128263638043246,"ENSG00000160606.11"
0,0,"ENSG00000160602.14"
0,0.598887950790346,"ENSG00000076604.15"
6.6024594061321e-10,0.354429630111131,"ENSG00000173065.13"
0.214852840378397,0.318017726733139,"ENSG00000132591.12"
0,0.447102394986552,"ENSG00000132589.16"
3.30490562216633e-12,0.203897526156767,"ENSG00000264304.1"
0.271509207860855,0.372604426678221,"ENSG00000167536.14"
0.0227636429598758,0.491890056965446,"ENSG00000109118.14"
0.163944915952119,0.301507847991587,"ENSG00000265908.1"
0.158956176842143,0,"ENSG00000179761.12"
2.42481740060057e-19,0.392860255823671,"ENSG00000063015.20"
0,0.665998544487323,"ENSG00000196535.16"
0,0,"ENSG00000221995.5"
0,0,"ENSG00000108255.7"
0,0,"ENSG00000108256.9"
0,0.146187369735372,"ENSG00000266111.2"
0,0.298767528737115,"ENSG00000160551.11"
0,0,"ENSG00000253064.1"
0,0,"ENSG00000168792.5"
1.11129744817571e-11,0.163688588112126,"ENSG00000167543.16"
0.242710628061042,0.402213048905596,"ENSG00000264290.1"
0,0,"ENSG00000108262.15"
0,0,"ENSG00000198720.13"
0.297006681455554,0,"ENSG00000167549.18"
7.18200364251079e-16,4.64971589624701e-19,"ENSG00000264007.1"
0,0,"ENSG00000141298.19"
9.90427489798915e-13,0.185242256451754,"ENSG00000265625.1"
0,0,"ENSG00000240531.1"
0.0552878503127969,0.39439841016421,"ENSG00000263657.1"
0,0,"ENSG00000265713.1"
0,0.0623872783895984,"ENSG00000176927.15"
4.08182664684063e-13,0.0768037354201276,"ENSG00000126653.18"
0.0811815031194266,1.64289362628982e-12,"ENSG00000108576.10"
0,0,"ENSG00000108578.15"
0,0.0213496919159891,"ENSG00000108582.12"
0,0,"ENSG00000108587.15"
0,0,"ENSG00000214719.13"
0,0.156802685431794,"ENSG00000264943.1"
0,0,"ENSG00000250462.8"
0,0.335358787680165,"ENSG00000264538.6"
2.49816082478606e-11,0.100170907856914,"ENSG00000263603.1"
0,0.145211868834881,"ENSG00000280069.1"
0.0101090064751269,0.359559950774448,"ENSG00000176390.12"
0,0,"ENSG00000265791.1"
0.00204766536368152,0,"ENSG00000266490.1"
0.0553839698323503,0.327765500707448,"ENSG00000176208.9"
0,0,"ENSG00000172171.11"
0,0.425714977047745,"ENSG00000184060.11"
2.11803461433498e-14,0.202062200201054,"ENSG00000265743.1"
0,0,"ENSG00000181481.14"
0,0.0543637060802401,"ENSG00000264456.1"
0,0.0655473608776816,"ENSG00000264743.2"
0,0,"ENSG00000266865.6"
0,0,"ENSG00000264107.1"
0,0,"ENSG00000196712.17"
0,0,"ENSG00000266371.1"
0,0,"ENSG00000126861.5"
0.0448914861842041,0.646365225804609,"ENSG00000185862.7"
0,0.429118226414785,"ENSG00000126860.11"
0.0866345547184575,0.364961247803754,"ENSG00000131242.18"
0.295706691936862,0.128081405078348,"ENSG00000207614.1"
0.213523942606528,0.0202212638828797,"ENSG00000278546.1"
0.0270545233214422,2.67192090750553e-22,"ENSG00000221038.1"
0,0,"ENSG00000228768.3"
0,0,"ENSG00000266877.1"
0.0282858642773706,0.383497360074738,"ENSG00000172301.11"
2.28539660490071e-14,0.284586362194972,"ENSG00000108651.10"
5.09661121819723e-14,0.239280579394732,"ENSG00000178691.11"
0.184997042900511,0.378120965665943,"ENSG00000185158.12"
0,0,"ENSG00000266777.1"
2.60865930950855e-21,0.512946668462141,"ENSG00000126858.18"
0,0,"ENSG00000265293.2"
0,0.517619184767573,"ENSG00000280033.1"
0,0.00500069653534074,"ENSG00000280020.1"
0,0,"ENSG00000141314.13"
0.050662851216915,7.00750858320526e-13,"ENSG00000108666.10"
0,0.337714178327102,"ENSG00000010244.18"
0.0888867694273395,1.30166781416535e-11,"ENSG00000278668.1"
0,0,"ENSG00000279762.3"
0,0,"ENSG00000108671.11"
0.0335943279339292,0.751834879761348,"ENSG00000176749.9"
9.30090134879238e-15,0.481561030766314,"ENSG00000176658.17"
0,0.344931313184564,"ENSG00000266718.2"
0.166756691304385,0.0921457322134074,"ENSG00000280245.1"
1.16713326282452e-12,0.430353932489308,"ENSG00000006042.12"
6.21239177982771e-20,0.0529583807999875,"ENSG00000226049.3"
0,0,"ENSG00000108691.9"
0,0,"ENSG00000108688.11"
0,0,"ENSG00000108700.5"
0.0440861460500523,2.91800084528797e-15,"ENSG00000181374.8"
0,0,"ENSG00000132141.14"
0,0,"ENSG00000198783.6"
0.100629576916253,0.288438137218891,"ENSG00000005156.12"
0.106222249599269,0.43795903586283,"ENSG00000092871.16"
0.0231983331417967,0.0938315779548219,"ENSG00000267457.1"
0,0.31490326708431,"ENSG00000185379.20"
7.15057987430802e-19,0.106977837667427,"ENSG00000073536.18"
0,0,"ENSG00000266947.1"
0.155213563918779,1.24600687314114e-09,"ENSG00000166750.10"
0.119014323960048,0.527623159467655,"ENSG00000172716.16"
0.0604782535072139,2.19675419128927e-19,"ENSG00000267745.1"
0,0.499501354971597,"ENSG00000267102.1"
0.429176797991844,0,"ENSG00000172123.12"
0.239962289602438,0.455009433337956,"ENSG00000154760.14"
0.172751707920536,0.523103608948911,"ENSG00000236320.3"
1.94583652552648e-12,0.0124905579709594,"ENSG00000267321.3"
0.0510715444588515,8.57145191730072e-12,"ENSG00000108733.10"
5.08050918592961e-11,0.0298890236588247,"ENSG00000006125.18"
0.306349253001761,0,"ENSG00000270647.6"
0.347749497260208,0.254947670745359,"ENSG00000270885.2"
0.0555167697892197,0.744674902637152,"ENSG00000270765.5"
5.5574550012734e-12,0.37521249792569,"ENSG00000271447.6"
4.45061603576473e-20,0.419813056670084,"ENSG00000270871.1"
3.41142701103542e-20,0.440225727914301,"ENSG00000270379.6"
0.0668382922262966,0.702373139914868,"ENSG00000271503.6"
0.0473945946449016,0,"ENSG00000270977.2"
0.0522916341795922,0.44091700571381,"ENSG00000276409.5"
1.31130010817064e-09,0.085941632166706,"ENSG00000275385.2"
0.165526889623621,0.473326372801219,"ENSG00000277632.2"
0.224615169490848,0.430365609334169,"ENSG00000275302.2"
0.435386343582098,0.198715170306452,"ENSG00000276085.1"
0.186572431773175,0.187600234204701,"ENSG00000276070.5"
0,0,"ENSG00000273611.5"
5.42210255801218e-16,0.0848311534180977,"ENSG00000278259.4"
1.13671801781269e-12,0.408713738421338,"ENSG00000277161.2"
0,0,"ENSG00000278311.5"
5.61255116932822e-16,4.43729640474716e-15,"ENSG00000274756.1"
0.234094384896709,0.202325699993464,"ENSG00000278535.5"
0.00881743202117401,0.491416868382489,"ENSG00000278619.5"
0.0205463782510845,0.251354952307039,"ENSG00000275700.5"
0,0,"ENSG00000278638.2"
0.0453492915066084,0.243064400054589,"ENSG00000278540.5"
0.282816219068814,0.112347298207084,"ENSG00000274308.1"
0.123741428357732,0.118932679714754,"ENSG00000275029.1"
0,0,"ENSG00000278505.5"
0,0,"ENSG00000276234.5"
0,0,"ENSG00000276023.5"
0,0,"ENSG00000275066.5"
0,0.00451859595992097,"ENSG00000278053.5"
0,0,"ENSG00000278845.5"
0.0233958521956696,3.88054996989145e-10,"ENSG00000277399.4"
0.119170853491768,0.253030651641542,"ENSG00000274211.6"
1.23387897586401e-13,0.108250058381137,"ENSG00000275832.5"
0.0767468307484338,0.356556710481662,"ENSG00000277363.5"
0,0,"ENSG00000273604.2"
0,0,"ENSG00000277969.1"
0,0,"ENSG00000275532.1"
0,0,"ENSG00000275023.5"
0.0020604162220883,0.280085710137651,"ENSG00000277972.2"
0.0318127599594794,0.529529216258345,"ENSG00000277258.5"
0,0,"ENSG00000277791.5"
0,0,"ENSG00000276293.4"
1.89571780528253e-15,0.411790311023029,"ENSG00000273559.5"
0,0,"ENSG00000125691.13"
6.40910821229817e-15,0.151515204950988,"ENSG00000002834.18"
0.367649530217054,0.320074272460077,"ENSG00000263466.1"
0.031018407448838,0.14624783876154,"ENSG00000263874.2"
0.121457497501408,2.36844758520785e-12,"ENSG00000161381.14"
0,0,"ENSG00000067191.16"
0,0,"ENSG00000108298.11"
0,0,"ENSG00000141750.7"
2.42336419980788e-19,0.35535048548669,"ENSG00000108306.13"
0,0,"ENSG00000125686.12"
0,0.417438596806277,"ENSG00000167258.14"
0,0,"ENSG00000273576.1"
0,0,"ENSG00000171532.5"
0.176444164824618,0.404419888888659,"ENSG00000131771.14"
0,0.168437327389341,"ENSG00000131748.16"
0.0508367201063358,3.80123277548912e-11,"ENSG00000173991.5"
0.0298408384254397,8.98872268844673e-09,"ENSG00000161395.14"
0,0,"ENSG00000141736.13"
0,0.0464209282719814,"ENSG00000141741.12"
0.134629965893217,0.723180937228886,"ENSG00000161405.17"
0,0.738933595609964,"ENSG00000073605.18"
3.26621841853633e-11,0.366208292903021,"ENSG00000172057.10"
0.0584823225847497,0.433319137387569,"ENSG00000108344.15"
0,0.011067837590298,"ENSG00000108342.12"
1.26388403716912e-12,0.263944968892202,"ENSG00000008838.20"
0.0726487880147326,0.138899565659639,"ENSG00000126351.12"
0.299340386642856,0.186843056688756,"ENSG00000126368.6"
0.0239101600307659,0.34268044853195,"ENSG00000279199.1"
0,0.28149385648726,"ENSG00000188895.12"
0,0.0873708209023274,"ENSG00000108349.17"
0,0,"ENSG00000108352.12"
0,0,"ENSG00000171475.14"
0.0180245336677959,0.397057792807555,"ENSG00000094804.12"
0,0.445129148093556,"ENSG00000131759.18"
0,0,"ENSG00000287644.1"
0,0.41830034842829,"ENSG00000265666.1"
0,0.504818212500524,"ENSG00000278918.1"
5.20483584277765e-19,0.530264084792717,"ENSG00000183153.7"
0.2063098305732,0.60930806187955,"ENSG00000131747.15"
0,0.392274529125531,"ENSG00000141753.7"
0,0.0502016354085242,"ENSG00000279806.1"
0,0,"ENSG00000131746.13"
0.253061362644361,0.696960245419473,"ENSG00000126353.3"
0,0,"ENSG00000073584.20"
0.32315853814368,0.0967994439253407,"ENSG00000186395.8"
0,0.377917250832707,"ENSG00000167920.10"
0.104861471869402,0.368823175769481,"ENSG00000171401.15"
0,0,"ENSG00000171345.13"
0.21790527795244,0.0849078744101425,"ENSG00000186847.6"
0.0225454332831863,9.85548274122299e-22,"ENSG00000186832.9"
0,0,"ENSG00000173812.11"
0,0,"ENSG00000173805.15"
0,0,"ENSG00000173801.17"
2.92808742359087e-12,0.186569597612815,"ENSG00000141696.13"
0.0345098952374529,0.481173293784122,"ENSG00000141756.18"
0,0,"ENSG00000141698.17"
0,0,"ENSG00000161594.7"
0,0.574672174851974,"ENSG00000178502.6"
0,0,"ENSG00000131473.17"
2.30294011097474e-10,0.45542222145321,"ENSG00000204815.10"
0,0,"ENSG00000173786.17"
3.50255059016572e-20,0.241528493604946,"ENSG00000168259.16"
0,0,"ENSG00000168256.18"
0.280246795151875,0.142122147955657,"ENSG00000187595.16"
0.200573058604673,6.7123380563799e-10,"ENSG00000267221.3"
0,0,"ENSG00000108771.13"
0,0.0706696296835684,"ENSG00000108773.11"
0.0745188028823161,5.85118297382761e-12,"ENSG00000108774.14"
0,0,"ENSG00000267658.1"
0,0.0270746183457485,"ENSG00000089558.9"
0,0.0866650445754654,"ENSG00000167925.16"
0,0,"ENSG00000173757.9"
0,0.0591138558573515,"ENSG00000280295.1"
6.05528252224004e-11,0.222838938447302,"ENSG00000267758.1"
0,0.0682165817299452,"ENSG00000236194.3"
2.59555748298798e-19,0.11098470111712,"ENSG00000278829.1"
0.0447772068230534,0.428219092428392,"ENSG00000126561.16"
0,0,"ENSG00000168610.14"
0.0845758817919735,0.565159950059788,"ENSG00000177469.13"
5.08408950355339e-14,0.255507279072821,"ENSG00000033627.16"
0.00241653206533286,0.0605394650257153,"ENSG00000267632.1"
0.0679046778852108,0,"ENSG00000108784.10"
0,0,"ENSG00000108785.7"
3.16560165420786e-13,0.067516539926365,"ENSG00000108786.10"
0.0466708419843757,0,"ENSG00000068120.15"
0,0,"ENSG00000108788.11"
7.30382833889742e-22,0.0252063948072206,"ENSG00000131470.14"
0,0,"ENSG00000287710.1"
0,0.348916450296773,"ENSG00000141699.11"
0,0,"ENSG00000280183.1"
0.309567045732814,0.271898679778262,"ENSG00000131462.8"
0.131702069858542,3.57865969458211e-12,"ENSG00000037042.9"
0.0785267773116191,0.168518317958146,"ENSG00000068137.15"
0,0.231607887457949,"ENSG00000184451.5"
0,0.000673870221493572,"ENSG00000267042.1"
7.04073560253741e-20,0.0485912235474685,"ENSG00000108797.12"
0.000949314733589381,0.866588818270099,"ENSG00000108799.13"
0,0.794043785180053,"ENSG00000214578.5"
0.0450323387138283,0.451888406210512,"ENSG00000197291.9"
0.0908000268089613,0.566239263115829,"ENSG00000131477.11"
0.177963266510786,2.57040435231803e-11,"ENSG00000131475.7"
0,0,"ENSG00000126562.17"
0,0.0680175745548077,"ENSG00000183978.8"
0,0,"ENSG00000176563.10"
0,0,"ENSG00000126581.13"
0,0,"ENSG00000131467.11"
0.0132948576158022,2.52131665932518e-11,"ENSG00000131480.9"
0.0502258009634813,0.378565367193765,"ENSG00000131471.7"
1.2466155441896e-11,0.420010846373946,"ENSG00000260105.6"
0,0.0962156579669151,"ENSG00000213373.7"
4.37201310930507e-12,0.0203539359062169,"ENSG00000266967.7"
0.206053364218698,0,"ENSG00000267060.5"
0,0,"ENSG00000198863.7"
0,0,"ENSG00000131469.14"
0.137209512225336,1.47681809377933e-17,"ENSG00000068079.7"
0,0,"ENSG00000108828.16"
0,0.516232339581694,"ENSG00000108830.10"
0.122681938075661,0.0774801688257647,"ENSG00000012048.22"
0.0530579049245386,3.25718458221636e-16,"ENSG00000198496.12"
0.152110008913165,0.35763154333753,"ENSG00000267002.4"
0,0,"ENSG00000188554.14"
0,0,"ENSG00000184988.8"
0,0,"ENSG00000236383.8"
0,0.0398858195960258,"ENSG00000188825.14"
0,0,"ENSG00000279602.1"
0,0,"ENSG00000175906.5"
1.97911349181285e-20,0.144804767403753,"ENSG00000067596.12"
0,0,"ENSG00000175832.13"
0.0740864285286443,0.541778334728975,"ENSG00000005102.13"
0,0.153812421644715,"ENSG00000108861.9"
3.66100296981968e-10,0.159454349087043,"ENSG00000161647.18"
0.0766199024489687,0.074265888380902,"ENSG00000161649.13"
9.00318090483804e-12,0.166585642628032,"ENSG00000108852.14"
0,0,"ENSG00000091947.10"
0,0,"ENSG00000161654.9"
0,0,"ENSG00000141349.8"
0,0,"ENSG00000108840.15"
0,0,"ENSG00000125319.14"
0,0,"ENSG00000161664.7"
0.0527872702525015,7.5728222467426e-11,"ENSG00000267080.6"
0,0,"ENSG00000168591.16"
0,0.412121582061764,"ENSG00000087152.15"
0,0.112900154225916,"ENSG00000108312.15"
0.000792148825556133,0.521806812267515,"ENSG00000260793.2"
0.307136673417279,0.518290504476236,"ENSG00000004939.15"
0.10985981259595,0.470928199176726,"ENSG00000285486.1"
0.015162961979014,0.536247429589788,"ENSG00000108309.14"
0.0523189674764395,0.530486944317031,"ENSG00000013306.16"
0,0.27639754947104,"ENSG00000030582.18"
0.148818334480086,3.22467905211629e-06,"ENSG00000161682.15"
0.211629840158779,0.567506137173607,"ENSG00000005961.19"
0.00448451858973099,0.36129680792636,"ENSG00000186566.13"
0,0.055699609007523,"ENSG00000283045.1"
0,0,"ENSG00000180340.7"
0,0.392375729494301,"ENSG00000180336.18"
0.138246949988803,0.0576173028780589,"ENSG00000180329.14"
0.101225452057448,1.25039173242811e-09,"ENSG00000161692.18"
0,0,"ENSG00000073670.14"
0,0,"ENSG00000267505.1"
0,0,"ENSG00000182963.10"
0.365377257593542,0.267587401560488,"ENSG00000108883.13"
0,0,"ENSG00000131095.13"
0.158078901160948,0.46691488495114,"ENSG00000186185.14"
0.0828068391575444,0,"ENSG00000172992.12"
0,0.225201787089889,"ENSG00000136448.12"
0,0.356291328611384,"ENSG00000161714.12"
0,0,"ENSG00000181513.14"
4.77739604678172e-12,0.0468909124073435,"ENSG00000276728.1"
4.04599418072888e-21,0.226274481130403,"ENSG00000186834.3"
0.206043900675731,0.584831066511442,"ENSG00000168517.10"
0,0.0653996281530221,"ENSG00000267288.2"
0.0875864547858899,0.470151155619361,"ENSG00000267121.6"
0.160207495331976,0.543960836154396,"ENSG00000184922.14"
4.13158117682353e-09,0.633713524378678,"ENSG00000233175.2"
3.59657143165049e-14,0.176921490222681,"ENSG00000267278.6"
0.247387201049585,0.461368730481281,"ENSG00000006062.17"
0,0.691385243265834,"ENSG00000159314.11"
0,0.175803025300072,"ENSG00000225190.11"
0.00097630043287746,0.505051835241321,"ENSG00000236234.1"
1.68632134734613e-13,0.459736483701665,"ENSG00000214425.8"
0.264832424612987,0.0454196508778568,"ENSG00000264070.1"
0.075036023290653,2.65648540820248e-12,"ENSG00000204650.14"
0,0,"ENSG00000186868.15"
0,0.191602696621434,"ENSG00000120071.14"
0.777743935525761,0.029234465586732,"ENSG00000214401.4"
0.618875902850523,0.103385076574292,"ENSG00000262539.1"
0,0,"ENSG00000228696.9"
0,0,"ENSG00000176681.14"
0.277978314203602,2.42400842183814e-20,"ENSG00000260075.1"
0,0,"ENSG00000238083.7"
0,0,"ENSG00000185829.17"
0,0.0304963983197569,"ENSG00000073969.18"
0.23890166173388,1.55053154520134e-14,"ENSG00000108379.10"
0,0,"ENSG00000108433.16"
0,0,"ENSG00000262879.6"
2.94098139509738e-11,0.102012522776336,"ENSG00000004897.12"
3.31031173969111e-13,0.179495466012885,"ENSG00000239291.1"
4.36441286944475e-13,0.380187309967254,"ENSG00000262265.2"
0,0.143059218752717,"ENSG00000261872.1"
0.091076837722608,0.447693234840419,"ENSG00000198336.9"
0.074329541595006,7.99694080953169e-16,"ENSG00000259207.7"
0,0.0713606190550784,"ENSG00000178852.16"
5.53330667352774e-13,0.0879550483006081,"ENSG00000253347.1"
0.196023222415524,0.251391299173393,"ENSG00000228782.7"
0.0422320462066398,0.451450019079539,"ENSG00000141279.16"
0,0,"ENSG00000263766.5"
1.95197723501821e-12,0.033279970974048,"ENSG00000108424.10"
0,7.99988940677443e-15,"ENSG00000198933.9"
0.143102582090746,0.489836638474787,"ENSG00000073861.3"
0.0178007620213842,0.47542908996154,"ENSG00000006025.12"
0.0300724274019863,3.21462914825756e-09,"ENSG00000159111.13"
0.121442283058112,0.483426788733666,"ENSG00000141294.10"
0.0861222829736298,2.63878567449016e-13,"ENSG00000141295.14"
0,0,"ENSG00000189120.5"
0.050407095840017,0.510937229289685,"ENSG00000264920.2"
0.0190380628570253,0,"ENSG00000167182.15"
0,0,"ENSG00000234494.7"
0.0412268642419971,0.091967924758117,"ENSG00000108439.10"
6.09194255139904e-10,0.16504308157701,"ENSG00000108465.15"
5.45046688700397e-22,0.520969933725696,"ENSG00000005243.10"
0,0,"ENSG00000263412.1"
0.144200191311544,0.124241638413895,"ENSG00000082641.16"
0,0.166849208638312,"ENSG00000278765.1"
0,0,"ENSG00000108468.15"
0,0.158447939938184,"ENSG00000002919.14"
7.64246929644643e-21,0.380537978594628,"ENSG00000141293.16"
0.0616221811582235,0.219929826005989,"ENSG00000173917.10"
0.0884052235437284,0.470198599118332,"ENSG00000230148.8"
1.78243995513159e-18,0.071014761023772,"ENSG00000120093.11"
0,0,"ENSG00000182742.6"
0.171009318429472,0.058586990911107,"ENSG00000108511.10"
0.154302159511966,0.182223718678356,"ENSG00000260027.5"
1.7386859952649e-16,8.45187284783002e-18,"ENSG00000244514.3"
8.68801592825802e-12,0.346749888176156,"ENSG00000136436.14"
0.0531991345354907,0.0529415793503136,"ENSG00000248278.1"
0.131637782608496,5.06438740970912e-12,"ENSG00000159199.14"
2.052708753534e-15,0.0887316278838555,"ENSG00000159202.18"
0.0639031892334692,1.27392384008218e-10,"ENSG00000159210.10"
0.204853276343042,0.112313261237163,"ENSG00000159217.10"
0.107139713250781,0.349826118863576,"ENSG00000167083.7"
0.143527616719364,0.697161131977319,"ENSG00000108798.9"
0.0164953433366416,0.765286215808106,"ENSG00000173868.11"
0,0,"ENSG00000198740.8"
0.0186016969725018,0.558841258520154,"ENSG00000167085.11"
0,0.116666342228248,"ENSG00000279036.1"
0.100088721574715,0.843393450219324,"ENSG00000064300.9"
0,0,"ENSG00000182575.7"
0.224891367959376,0.368760282315697,"ENSG00000121067.19"
0,0.222162505930424,"ENSG00000121073.15"
0.0754954479124364,0.699748684211937,"ENSG00000121104.8"
1.43516088128753e-18,0.178745411461669,"ENSG00000136504.12"
0,0.275546502832697,"ENSG00000176358.15"
0,0,"ENSG00000204584.1"
0,0.473163280561732,"ENSG00000064195.7"
0,0,"ENSG00000005884.18"
3.16822961464243e-11,0.492078337956914,"ENSG00000005882.12"
0,0,"ENSG00000167100.14"
0.057615540258667,0.558592646441837,"ENSG00000108819.11"
0,0.626440105617315,"ENSG00000108821.13"
4.96537652205416e-12,0.0544138778176764,"ENSG00000167105.8"
0,0,"ENSG00000251179.1"
0,0.0528420626301995,"ENSG00000015532.10"
0,0,"ENSG00000279792.1"
4.02387726117723e-23,0.519921197671711,"ENSG00000108826.16"
0.21393557268961,0.422910764556524,"ENSG00000154920.14"
0.0204558841186994,0.480246299196752,"ENSG00000108829.10"
0.138099741392086,0.109889140891481,"ENSG00000167107.12"
0.0742051575038252,0.660211386947217,"ENSG00000136457.10"
0.160394606629815,7.40855314614818e-11,"ENSG00000136444.10"
0,0.0158573686794844,"ENSG00000136449.15"
0.221990658522907,0.373903678816437,"ENSG00000049283.18"
0,0,"ENSG00000006282.21"
0,0.284621469554241,"ENSG00000006283.18"
0,0.563826851047789,"ENSG00000108846.16"
0,0.389670014706351,"ENSG00000154945.7"
0,0.012313109797704,"ENSG00000108848.16"
0,0.0957122286897686,"ENSG00000278963.1"
0,0,"ENSG00000141232.5"
0.00183053452157374,0.5384190398822,"ENSG00000229980.5"
0,0,"ENSG00000008294.21"
0,0,"ENSG00000239672.7"
4.11326939112497e-20,0.1313814074814,"ENSG00000243678.11"
2.04829705249856e-12,0.455340327751191,"ENSG00000011258.16"
0,0,"ENSG00000279089.1"
3.41586859193949e-11,0.0994404784958439,"ENSG00000264895.1"
0.428069130537847,0.0689373294302482,"ENSG00000011260.14"
0,0,"ENSG00000262902.1"
1.75545407704837e-19,8.94414825012032e-16,"ENSG00000141198.16"
0,0,"ENSG00000166260.11"
0,0.122252744962093,"ENSG00000279059.1"
0,0,"ENSG00000166263.13"
0.0828415798560246,0.34236629089569,"ENSG00000108924.14"
0.111893822767589,0.385347368524475,"ENSG00000108960.9"
0,0.367340600128964,"ENSG00000261873.2"
7.62535346371361e-14,0.253893298475094,"ENSG00000236319.2"
0.165058755792899,0.371189055943481,"ENSG00000166292.12"
0,0,"ENSG00000141179.14"
1.33699487427253e-12,0.713279644560255,"ENSG00000153930.12"
0.0875103963815251,0.300631141480435,"ENSG00000183691.5"
0,0,"ENSG00000214226.9"
0.326056684064152,5.03667993716615e-21,"ENSG00000153933.10"
0,0.0160569108882163,"ENSG00000121060.18"
0,0,"ENSG00000274213.1"
0,0,"ENSG00000121058.5"
0,0,"ENSG00000121064.12"
0.0954731005035632,0.358250724231143,"ENSG00000263120.1"
0,0,"ENSG00000263004.2"
0,0.291583931132536,"ENSG00000121057.13"
9.45364790901027e-11,0.237153159649155,"ENSG00000263089.1"
0.0767093232828873,0.362089575459975,"ENSG00000153944.11"
0,0.0456173284660209,"ENSG00000279555.1"
0,0,"ENSG00000279281.1"
0,0,"ENSG00000181610.13"
0,0.100897235067582,"ENSG00000180891.13"
0,0,"ENSG00000264914.1"
0,0.0029540901879992,"ENSG00000136451.9"
0,0,"ENSG00000264112.1"
0.126339222270691,9.86036114536586e-12,"ENSG00000136450.13"
0,0,"ENSG00000279069.1"
1.06987540920045e-21,0.0240928834001319,"ENSG00000264364.3"
0,0,"ENSG00000279207.1"
0.231312084869881,0.445440696311199,"ENSG00000121053.6"
0,0,"ENSG00000011143.16"
0.355952591757647,0.312438183576912,"ENSG00000005381.8"
0,0.154819625380034,"ENSG00000005379.17"
2.80091416990912e-18,0.262874740221299,"ENSG00000265148.6"
0.167740764000505,0.6950700247672,"ENSG00000265206.5"
0,0,"ENSG00000108389.9"
1.98198043532435e-21,0.557767266258401,"ENSG00000108387.15"
0,0,"ENSG00000121101.15"
0,0,"ENSG00000212195.2"
0,0,"ENSG00000108384.15"
0,0,"ENSG00000175175.6"
0,0,"ENSG00000108395.14"
0.0316236692607776,0,"ENSG00000182628.13"
0.199993821162016,0.339047489231008,"ENSG00000068489.12"
0.150828760856681,0.403394204750922,"ENSG00000167447.12"
0,0,"ENSG00000153982.11"
0,0,"ENSG00000175155.10"
0,0.0439174906150262,"ENSG00000278863.1"
0,0,"ENSG00000265313.7"
0,0,"ENSG00000108406.10"
0,0,"ENSG00000273702.1"
0,0,"ENSG00000141367.12"
0,0,"ENSG00000141378.14"
0,0,"ENSG00000062716.13"
2.4526881372078e-22,0.0222165843026624,"ENSG00000108423.15"
0,0.153526069470507,"ENSG00000108443.14"
0,0,"ENSG00000189050.16"
2.53477108484188e-11,0.229949423206527,"ENSG00000068097.14"
0,0,"ENSG00000267526.1"
0,0.000637696927386674,"ENSG00000261040.7"
0,0,"ENSG00000280852.2"
0,0,"ENSG00000167434.10"
1.65457577450028e-19,0.248397039590946,"ENSG00000170832.13"
0,0.0952479047648477,"ENSG00000252577.1"
0,0.650299587437837,"ENSG00000241157.1"
0,0,"ENSG00000275562.1"
0,0.290620695761954,"ENSG00000062725.10"
0,0.223815177098652,"ENSG00000170836.11"
0,0,"ENSG00000141376.22"
4.8013181374118e-11,0.36185362530353,"ENSG00000286997.1"
7.90188224846644e-14,0.0379629362389774,"ENSG00000266934.1"
0.328277855069926,0.325311621617306,"ENSG00000267280.5"
0,0.268618788560667,"ENSG00000121068.14"
0,1.01104804854723e-16,"ENSG00000187013.4"
0.158029735427732,0.346667955485464,"ENSG00000121075.11"
0,0.173805078711064,"ENSG00000136492.8"
0.0249323906768961,0,"ENSG00000108506.12"
0,0.221023225008564,"ENSG00000108510.10"
0,0.12067338134405,"ENSG00000279133.1"
0,0,"ENSG00000285879.1"
0,0.261788252961567,"ENSG00000087995.15"
0,0,"ENSG00000146872.17"
0,0,"ENSG00000264546.1"
0.152442132062965,0.154323443159259,"ENSG00000277463.1"
0,0,"ENSG00000274565.1"
0,0.125481419043658,"ENSG00000011028.14"
8.00021103424304e-11,0.0126020363726866,"ENSG00000279713.1"
0,0,"ENSG00000283538.3"
0.0625876074258908,0,"ENSG00000170921.15"
0,0,"ENSG00000008283.16"
1.2656278544966e-12,0.150608310349563,"ENSG00000159640.16"
0.0553492943033003,0.151206910715713,"ENSG00000136485.15"
7.02333733078057e-15,0.171937535843244,"ENSG00000136463.8"
0,0,"ENSG00000198909.7"
0,0,"ENSG00000263883.1"
2.02965011173347e-10,0.172225392466176,"ENSG00000266173.7"
0.00132966607554175,0.716180658342843,"ENSG00000136490.9"
0,0.615273761155091,"ENSG00000279369.1"
0,0,"ENSG00000108588.14"
0,0.134974951116857,"ENSG00000198231.13"
0,0,"ENSG00000108592.17"
0,0,"ENSG00000087191.13"
5.51112813796898e-14,0.474261656645766,"ENSG00000108604.16"
0.131413695892374,0.365173715927937,"ENSG00000007312.12"
0,0,"ENSG00000007314.12"
0,0,"ENSG00000264954.2"
0.0945414845364179,1.5880125847772e-10,"ENSG00000224383.7"
0.309464879958581,0.0589931173777176,"ENSG00000108622.11"
1.73280450442951e-20,0.176383553488137,"ENSG00000178607.16"
0.0729062120624438,0,"ENSG00000266402.3"
0,0,"ENSG00000199753.1"
0,0,"ENSG00000136478.7"
0.0885530966510854,0,"ENSG00000261371.6"
0.0117939439105811,0.107686388878167,"ENSG00000271605.6"
0,0,"ENSG00000256525.8"
0,0,"ENSG00000108654.15"
0,0,"ENSG00000258890.7"
2.38224372262571e-19,0.138339736305523,"ENSG00000108854.16"
0,0,"ENSG00000265298.1"
0,0.316613685508879,"ENSG00000214176.9"
0.258432380837161,7.51882321174085e-14,"ENSG00000176809.10"
0.154789915358623,0.0400789618622512,"ENSG00000265218.1"
0,0,"ENSG00000264057.1"
0,0,"ENSG00000214174.8"
0,0.472511666458872,"ENSG00000120063.10"
0,0,"ENSG00000266598.1"
0,0,"ENSG00000108370.17"
2.33382557675453e-20,0.412972384218879,"ENSG00000168646.13"
2.47315461593098e-09,0.43903268412648,"ENSG00000154240.17"
0.00324743830136395,0.72258275376184,"ENSG00000154229.12"
0,0,"ENSG00000244044.3"
0,0,"ENSG00000264630.5"
0,0,"ENSG00000198265.12"
0,0,"ENSG00000285877.1"
0.147401785008756,0.0413347077940793,"ENSG00000197170.10"
0,0,"ENSG00000154217.15"
0,0.535349969706149,"ENSG00000279917.1"
0,0.182180415723858,"ENSG00000130935.10"
0,0.445316322002796,"ENSG00000200394.1"
0,0.277584397326009,"ENSG00000171634.18"
0.0325088444714955,0.228472755883938,"ENSG00000266717.1"
0,0,"ENSG00000279573.1"
0,0,"ENSG00000279880.1"
0,0.085360405877576,"ENSG00000186665.9"
1.37811378777737e-12,0.291692089719258,"ENSG00000182481.9"
0,0,"ENSG00000237854.3"
0,0,"ENSG00000267023.5"
2.09284906526324e-21,0.274384142120226,"ENSG00000278730.1"
3.32501248541792e-13,0.255527930284567,"ENSG00000274561.1"
0.411151764624395,0.384264729753907,"ENSG00000277476.1"
0.423836116153765,0.180574855866282,"ENSG00000274712.1"
0,0.166414603923386,"ENSG00000265100.1"
0,0.477948632024796,"ENSG00000196704.12"
0,0,"ENSG00000141337.12"
0.345762846695492,0.335079604038166,"ENSG00000108932.12"
0,0,"ENSG00000267009.6"
0,0,"ENSG00000070540.13"
0,0,"ENSG00000207561.1"
2.4646541594103e-12,0.231158641005871,"ENSG00000108946.14"
0,0.2562756506829,"ENSG00000108950.12"
0.100825459276914,0.125627212507322,"ENSG00000267659.5"
0.0496349491625893,0.47475925118981,"ENSG00000141338.14"
0,0,"ENSG00000231749.3"
0,0.291246827604112,"ENSG00000154258.17"
0,0.4677055639342,"ENSG00000154262.13"
0.0421960419847175,0.12375267357903,"ENSG00000267361.1"
1.61366453098014e-19,0.413911306950491,"ENSG00000154263.17"
7.96230850626577e-20,0.394242153728422,"ENSG00000278873.1"
3.43072237582429e-10,0.371299897842468,"ENSG00000154265.16"
1.01123099491832e-11,0.2680908443509,"ENSG00000267203.1"
0.103369348466386,0.194329729780864,"ENSG00000108984.15"
0.0477716910169405,0.508061181756029,"ENSG00000278972.1"
0.0744854191996083,0.707005007114516,"ENSG00000267653.1"
0,0,"ENSG00000123700.4"
0.0881295680096085,0.408867568455712,"ENSG00000271239.1"
0.0560080208290179,0.485497637962808,"ENSG00000234899.10"
0.121254610722248,5.10697888811474e-13,"ENSG00000125398.8"
0,0.0873153975711499,"ENSG00000227036.8"
1.82780061013697e-12,0.033778671299546,"ENSG00000133195.11"
0.523536503660204,0.0731084287176211,"ENSG00000180616.9"
0,0.763788514899272,"ENSG00000166685.12"
5.43913500727615e-19,0.148380422207726,"ENSG00000133193.12"
6.0538787718462e-20,0.190954851152479,"ENSG00000141219.15"
0.254889699812589,3.07880310259392e-14,"ENSG00000187959.9"
0.287364894192064,0,"ENSG00000179604.10"
0,0.409152606776256,"ENSG00000069188.17"
0,0,"ENSG00000172809.13"
0,0,"ENSG00000246731.3"
0,0,"ENSG00000141540.11"
1.99348841278357e-10,0.0751780226046937,"ENSG00000196169.15"
0.00735710094929207,0.358598956580947,"ENSG00000170412.18"
2.2257607367542e-17,0.705852161501467,"ENSG00000167851.15"
0,0,"ENSG00000178789.9"
0,0,"ENSG00000167850.4"
0,0.766698048283641,"ENSG00000186407.7"
0.227109544246995,0.582008269925134,"ENSG00000172794.20"
1.52816073313984e-11,0.210000316992577,"ENSG00000109062.12"
0,0,"ENSG00000109065.12"
0,0,"ENSG00000109066.13"
2.63394871425469e-16,0.0269333268907833,"ENSG00000161509.14"
1.00354039821608e-11,0.149815330107583,"ENSG00000161513.12"
0,0,"ENSG00000167861.16"
0,0,"ENSG00000109089.7"
0,0,"ENSG00000167862.10"
0,0,"ENSG00000180901.11"
0,0,"ENSG00000167863.12"
0,0,"ENSG00000170190.16"
0.268327791442806,0.092875525051227,"ENSG00000125449.7"
0.0146196499191177,4.93474188261556e-14,"ENSG00000125458.7"
0.100021944012296,0.420327492066904,"ENSG00000189159.16"
0.53631020572583,2.39009205465407e-10,"ENSG00000188612.12"
9.55188717543525e-20,0.264889142881424,"ENSG00000125450.11"
8.35504783390512e-13,0.0358185134781259,"ENSG00000125447.17"
0,0.209906493295293,"ENSG00000125445.11"
0,0,"ENSG00000125457.14"
0,0,"ENSG00000263843.1"
5.8957214941537e-21,0.266924658821921,"ENSG00000125454.12"
0,0.294204863414172,"ENSG00000177885.15"
0.141636441486292,0.657888870984603,"ENSG00000264853.1"
0,0,"ENSG00000177728.17"
2.97759962433578e-19,0.277738020923961,"ENSG00000177303.10"
0,0.0982561181851051,"ENSG00000182173.13"
2.01632217442973e-11,0.199886744659416,"ENSG00000073350.13"
0,0.0420439768985714,"ENSG00000266714.9"
2.36712317950763e-23,0.209311052854447,"ENSG00000108469.15"
0,0.392373542670017,"ENSG00000204323.5"
0,0.334395723327147,"ENSG00000161526.15"
0,0,"ENSG00000264829.1"
0,0.681039472525638,"ENSG00000264270.1"
0,0,"ENSG00000132470.14"
0,0,"ENSG00000108479.12"
0,0.21885962668012,"ENSG00000132475.10"
3.43640757394244e-09,0.134131607083549,"ENSG00000132478.10"
0.0180747549945331,0.513908704497352,"ENSG00000092929.11"
0.0472850255892284,0.7784559686617,"ENSG00000132471.12"
0.215687381414443,0.281038870341401,"ENSG00000132481.7"
0,0,"ENSG00000267801.1"
0.143527946741167,0.0137073111804008,"ENSG00000141569.12"
0,0.00265366213541694,"ENSG00000204316.12"
0,0.300940697204539,"ENSG00000188878.19"
2.50116386215779e-08,0.313465453281154,"ENSG00000161533.12"
0,0,"ENSG00000261408.7"
0.186995361607168,0.372222285983686,"ENSG00000167880.7"
0,0,"ENSG00000167881.15"
0,0,"ENSG00000186919.13"
0,0,"ENSG00000182473.22"
2.52553056287363e-11,0.126118772189343,"ENSG00000279382.1"
0,0,"ENSG00000129654.8"
0,0,"ENSG00000141576.16"
0,0,"ENSG00000228218.1"
0.162676356451249,0.614751919597765,"ENSG00000185262.9"
0,0,"ENSG00000129646.14"
0,0,"ENSG00000161542.17"
0,0.69109195718488,"ENSG00000176170.13"
0.0312233290346355,0.521411412154154,"ENSG00000175931.13"
2.39809496689428e-10,0.0202039876913105,"ENSG00000242931.1"
0.180084912554033,0.528100500367462,"ENSG00000129667.12"
4.50865685136594e-16,0.263582900536067,"ENSG00000161544.10"
0.110292828682174,1.6409963838896e-06,"ENSG00000214140.11"
0.215249969576402,0.127034447513293,"ENSG00000267546.2"
0,0,"ENSG00000163597.15"
0,0.141370612583083,"ENSG00000070731.11"
2.4642411801666e-09,0.162500576029049,"ENSG00000182534.13"
0,0,"ENSG00000277382.1"
0,0.140361782471024,"ENSG00000070495.14"
2.68350991885359e-08,0.149433623206398,"ENSG00000181038.13"
0,0.0441341300489119,"ENSG00000161547.16"
0,0,"ENSG00000092931.11"
0,0.011294156893032,"ENSG00000167889.12"
0,0.0547091922163628,"ENSG00000234912.12"
0.0681003950236365,0.400359737258875,"ENSG00000129657.16"
0.00615951510365997,0.797084315041798,"ENSG00000184640.18"
0,0,"ENSG00000266998.1"
0,0.386956876948452,"ENSG00000287257.1"
0,0.256836087762018,"ENSG00000279801.1"
0,0,"ENSG00000267016.1"
0,0.0274063335665866,"ENSG00000078687.17"
0.373351922159866,0.531296406168161,"ENSG00000204282.4"
0.0175204027103775,0.362230594587633,"ENSG00000141524.15"
0.215759288374362,0.532911917514965,"ENSG00000167895.14"
0.0948484307052251,0.415187537907591,"ENSG00000187997.11"
0.245384608824426,0.333102134863327,"ENSG00000108639.7"
0.142571370134185,0.414796391030495,"ENSG00000167900.12"
0.44904441301063,1.59573415830439e-10,"ENSG00000183077.15"
0.171300177499173,0.387787224115165,"ENSG00000089685.15"
0,0,"ENSG00000204277.1"
0.0851192561640689,0.142293053474228,"ENSG00000267737.1"
0.186683375878661,0,"ENSG00000184557.4"
0.0961552174581895,3.78949467413909e-13,"ENSG00000266970.1"
0,0.255257159877169,"ENSG00000087157.19"
0,0,"ENSG00000187775.16"
0,0.0551275555130256,"ENSG00000267123.7"
0.013556018694539,0.665616600060949,"ENSG00000108669.16"
0.231356461742654,0.283879044196944,"ENSG00000279570.1"
0.0102811200598279,0.514144520471215,"ENSG00000055483.19"
1.77382752438838e-21,0.0677387074318964,"ENSG00000035862.12"
0,0,"ENSG00000178404.10"
0.0460479050567512,0.232426506037742,"ENSG00000279339.1"
0,0,"ENSG00000267491.1"
0.103921079951137,0.0756918351274916,"ENSG00000108679.13"
0,0,"ENSG00000171302.17"
0.471752717976015,4.23307722985058e-11,"ENSG00000265096.2"
0.0469018587547983,0.0626921559349747,"ENSG00000173918.15"
0,0.0268782669468011,"ENSG00000167280.16"
0,0,"ENSG00000167281.19"
0.119394209819454,0.0323821603639142,"ENSG00000173894.11"
0,0,"ENSG00000141570.11"
0,0,"ENSG00000262772.2"
3.60258949106168e-11,0.392151940608116,"ENSG00000141582.15"
0,0,"ENSG00000167291.16"
0,0,"ENSG00000262172.1"
0,0,"ENSG00000141519.15"
0,0,"ENSG00000171298.13"
0,0,"ENSG00000141543.12"
0,0.0496313980472787,"ENSG00000141527.18"
0,0.264216225078243,"ENSG00000262580.5"
1.17676796166557e-14,0.195461035565401,"ENSG00000181523.13"
0,0.0646518506880365,"ENSG00000181045.15"
1.59152809585899e-08,0.199612533225505,"ENSG00000173821.19"
0,0,"ENSG00000280248.1"
7.80797389843526e-18,0.0792048996479429,"ENSG00000263069.6"
0,0,"ENSG00000173818.17"
0,0.572281425786707,"ENSG00000260369.2"
0.202292366271699,0.449965124329308,"ENSG00000171246.6"
0,0.361155049715322,"ENSG00000141564.15"
0,0,"ENSG00000262833.1"
3.0930931206112e-14,0.0315088474153277,"ENSG00000287403.1"
0.499191016230353,0,"ENSG00000261924.1"
0,0,"ENSG00000176108.9"
0,0,"ENSG00000280351.2"
0.220271351288721,0.440102283051526,"ENSG00000226137.5"
1.61738419507162e-09,0.162227584269279,"ENSG00000175866.15"
3.61264215567903e-14,0.171840481555617,"ENSG00000181409.14"
0,0.23071419573951,"ENSG00000141577.14"
0,0.0636550306531612,"ENSG00000167302.10"
0.0987306375706587,0.551908445352199,"ENSG00000260005.6"
2.64992767515371e-12,0.321993365554717,"ENSG00000224877.4"
0,0,"ENSG00000157637.13"
0,0,"ENSG00000279187.1"
0.185234129048538,0.177123387036108,"ENSG00000185168.5"
0,0.59194031684688,"ENSG00000287431.1"
0,0,"ENSG00000262877.5"
4.65349461769594e-10,0.0174615509215284,"ENSG00000266074.8"
0.365430153634652,5.02143979653167e-12,"ENSG00000279692.1"
0.152267140027329,0.469886293589959,"ENSG00000184009.12"
6.19362338553159e-20,0.334070762195506,"ENSG00000229848.1"
0,0,"ENSG00000186765.11"
0,0,"ENSG00000185504.17"
0,0,"ENSG00000182446.14"
0.0566343620789364,1.73634169999942e-11,"ENSG00000207021.1"
0.113287269946053,0,"ENSG00000182612.10"
0.0628105127785814,0.202616666758619,"ENSG00000185527.12"
0,0,"ENSG00000204237.5"
0.0124686228949622,0.157718065239753,"ENSG00000185298.13"
0.266731789285124,0.43783733710998,"ENSG00000214087.8"
0,0.179201143867875,"ENSG00000185359.13"
0,0,"ENSG00000262049.1"
0,0.0533521377218967,"ENSG00000262814.8"
0.0503052850672152,0.69570140598108,"ENSG00000183048.12"
0,0.0331756411743905,"ENSG00000225663.8"
0,0,"ENSG00000185624.15"
0,0.132265276696149,"ENSG00000141522.12"
2.87054984530432e-12,0.285841720450224,"ENSG00000263731.1"
0.251287274954406,0.459018199188665,"ENSG00000183684.8"
0.0151310382225078,4.96997866353834e-23,"ENSG00000141552.17"
0,0,"ENSG00000185813.10"
0,0.224527796290032,"ENSG00000187531.14"
1.11170915846133e-11,0.365486626033453,"ENSG00000197063.11"
0,0,"ENSG00000265688.2"
0.154280918244791,0.395491335538921,"ENSG00000183010.17"
0,0,"ENSG00000185269.12"
0,0,"ENSG00000169696.16"
0,0,"ENSG00000169689.15"
0,0,"ENSG00000169683.8"
0.109096586340704,1.14112342573925e-10,"ENSG00000169750.9"
1.56730368502532e-12,0.000845739562729223,"ENSG00000169738.8"
0,0,"ENSG00000169733.12"
0,0.746982319101387,"ENSG00000169727.12"
0,0,"ENSG00000169718.18"
0.340131624340545,0.201925052030214,"ENSG00000169710.9"
0,0.120481515866308,"ENSG00000176155.19"
0.0513502027522046,0.408159657648937,"ENSG00000141526.16"
0,0.197804894206174,"ENSG00000141551.14"
0,0.341547799442248,"ENSG00000275888.1"
0.113274383802221,0.299900265673119,"ENSG00000280407.2"
0,0,"ENSG00000260563.3"
0.108012596528804,0.743124893686154,"ENSG00000173762.8"
0.195220848120978,0.669842517487664,"ENSG00000141574.8"
0.192807711956951,0,"ENSG00000181396.13"
0,0,"ENSG00000169660.16"
3.59482130750192e-20,0.393987297226746,"ENSG00000279066.1"
1.83587751512613e-10,0.0491651961110367,"ENSG00000178927.18"
0.11038947394612,5.54410775792496e-13,"ENSG00000265458.2"
0.089652150721795,0.556909903992849,"ENSG00000141562.18"
0.279668506637588,0.394470378456503,"ENSG00000279744.1"
0,0,"ENSG00000266236.1"
0,0.604576753561092,"ENSG00000141568.21"
0,0,"ENSG00000262652.1"
0,0,"ENSG00000141580.16"
0,0.734047039570834,"ENSG00000141542.11"
0.429353930748959,0.214592704763147,"ENSG00000141560.15"
0,0.152762901463165,"ENSG00000167363.14"
2.85438190318833e-19,0.319001634495251,"ENSG00000141556.21"
0,4.35161104456488e-17,"ENSG00000141579.7"
0.0880567124075427,0,"ENSG00000262663.1"
0.170926507498987,0.294362071006235,"ENSG00000175711.8"
0,0.444953600164207,"ENSG00000176845.13"
0,0.0272581810079727,"ENSG00000274370.1"
0,0,"ENSG00000261888.1"
9.53278731293811e-11,0.172859057085892,"ENSG00000101557.15"
0.212574412364391,0.439627992595299,"ENSG00000079134.12"
0,0,"ENSG00000263884.1"
0.161272441948605,0.295409529191277,"ENSG00000158270.12"
0.0700294809569777,4.55065745749954e-21,"ENSG00000176912.4"
2.81189655919108e-12,0.245669374117437,"ENSG00000176890.16"
0.0928736466635307,1.34857896533691e-12,"ENSG00000132199.20"
0,0.352405290471756,"ENSG00000176105.14"
3.38038422731239e-18,0.0429198823324053,"ENSG00000101574.15"
0.197363835817377,0.572750538319078,"ENSG00000080986.13"
0,0,"ENSG00000266405.3"
9.3211439257613e-21,0.347539217733016,"ENSG00000101596.15"
0,0.0373265320096715,"ENSG00000132205.11"
0.00716525167657202,0.499363575839234,"ENSG00000101577.9"
2.14097594037647e-19,0.290108504501734,"ENSG00000272625.1"
0,0.0248046368975533,"ENSG00000263606.1"
5.36262026247104e-12,0.434471675453574,"ENSG00000265907.2"
0,0.0944249038253814,"ENSG00000101605.12"
0.219165809942039,0.182270028961163,"ENSG00000265399.1"
0,0,"ENSG00000101608.12"
2.2782591792135e-18,0.28367953464828,"ENSG00000264235.6"
5.36863079326246e-16,0,"ENSG00000118680.13"
0,0.098311783134469,"ENSG00000177426.20"
0,0,"ENSG00000177337.8"
0.285228889749015,0.100804450068253,"ENSG00000262001.1"
0.250522606506024,0.552048414102037,"ENSG00000263753.8"
0,0,"ENSG00000198081.11"
0,0,"ENSG00000082397.17"
0,0.283192248243007,"ENSG00000154655.15"
0.247323292566517,1.71140519086159e-10,"ENSG00000088756.12"
0,0,"ENSG00000287834.1"
2.08476904244573e-12,0.0532679328691732,"ENSG00000263797.1"
0,0,"ENSG00000101680.15"
0,0.158068449073934,"ENSG00000173482.16"
0,0,"ENSG00000266767.1"
0.170511471655731,1.10205869355929e-12,"ENSG00000264596.1"
0,0,"ENSG00000286627.1"
5.42687305946259e-22,0.248529910926686,"ENSG00000286649.1"
0.0343388914711556,0,"ENSG00000265413.1"
0,0,"ENSG00000206418.4"
0.0102323652929067,0.61474445096121,"ENSG00000168502.17"
0,0.125522405866339,"ENSG00000178127.13"
0,0.0245017898320144,"ENSG00000266053.2"
0,0.217710521661353,"ENSG00000101745.17"
8.03416614872889e-17,0,"ENSG00000273284.1"
0.170532434966818,1.97837599630764e-14,"ENSG00000128791.12"
0,0,"ENSG00000017797.13"
0,0.0387035972559174,"ENSG00000266805.1"
0,0,"ENSG00000154845.15"
0.0124546318206581,0.777008893211301,"ENSG00000168461.13"
0,0.216368789272502,"ENSG00000266127.1"
0,0,"ENSG00000285653.1"
0.156544520518993,0.312436984632534,"ENSG00000101558.13"
0.0714847677772506,0.479034582806458,"ENSG00000154856.13"
0,0,"ENSG00000134265.13"
0,0,"ENSG00000154864.12"
0.0148561631830989,0.408718823493179,"ENSG00000141404.16"
0,0,"ENSG00000255112.3"
0,0,"ENSG00000154889.17"
0.392998478489712,0.192080418360484,"ENSG00000273141.1"
0,0,"ENSG00000141401.12"
0,0,"ENSG00000256616.3"
0.0740301330486385,0.353397662724227,"ENSG00000176194.18"
0,0.409537711475879,"ENSG00000280302.1"
0.239970484379917,0.408994084800193,"ENSG00000176014.13"
5.04299245121901e-19,0.117133339712264,"ENSG00000141385.9"
0,0,"ENSG00000141391.14"
0.0732274251854523,0.0277372781255988,"ENSG00000267199.1"
0,0,"ENSG00000134278.15"
0,0,"ENSG00000128789.21"
0,0.111027750952135,"ENSG00000101624.11"
1.20845192377839e-15,0,"ENSG00000175354.20"
0,0,"ENSG00000085415.16"
0.405055139014023,0.281198344959991,"ENSG00000101639.18"
0.0192184506861461,0.188793084569453,"ENSG00000168675.18"
2.6289372526526e-15,0.118100911905087,"ENSG00000279020.1"
0.170586971874361,0,"ENSG00000267690.1"
0.0788224063012267,0.165360056245651,"ENSG00000267694.1"
0.0896079591471932,0,"ENSG00000267529.3"
0.114990928351804,0.351603709142452,"ENSG00000267702.1"
0.0152137472670133,0.389465791273052,"ENSG00000267366.1"
0,0.50349409341544,"ENSG00000267136.1"
0.194251026300322,0.292091412765511,"ENSG00000267503.1"
0,0,"ENSG00000177150.13"
0,0,"ENSG00000101654.17"
0,0,"ENSG00000175322.11"
0,0,"ENSG00000186481.16"
0,0,"ENSG00000180777.14"
0,0.0327915374368615,"ENSG00000067900.8"
0.16975804580488,0.293498895950211,"ENSG00000141449.14"
0,0.094983966060347,"ENSG00000141446.11"
0.124098040932452,0.061916997419786,"ENSG00000167088.11"
0,0,"ENSG00000158201.10"
0,0,"ENSG00000265656.1"
0.174367766993933,0,"ENSG00000101752.11"
0,0.156873997539541,"ENSG00000265142.9"
0.0130961457011483,0.846509042968995,"ENSG00000141448.10"
0.0942393737179963,0.120701338226406,"ENSG00000101773.19"
0,0.0778127257674144,"ENSG00000134508.12"
0.0044326722509381,0,"ENSG00000134490.14"
0.0544833756752441,0.417095708505681,"ENSG00000101782.15"
0,0.00738101404704895,"ENSG00000141452.10"
0,0.146804237303276,"ENSG00000141458.13"
0,0,"ENSG00000154065.17"
9.81411435549371e-21,0.0691147548997283,"ENSG00000053747.16"
0.039831627751032,1.10143731644766e-11,"ENSG00000168234.13"
0.0875175987140772,1.75570417160363e-13,"ENSG00000264745.1"
0,0.0941389504385018,"ENSG00000264924.1"
0,0,"ENSG00000154040.20"
0.00151692464259731,0.418701860114739,"ENSG00000141447.18"
0,0.26085362399495,"ENSG00000154059.11"
0,0.497383245559445,"ENSG00000198795.11"
0,0.275842130901573,"ENSG00000285595.1"
0,0.302368493023781,"ENSG00000279439.1"
0,0,"ENSG00000141380.14"
0.00484489024123095,0.220918928405705,"ENSG00000141384.12"
0.366016284414704,7.80107136475453e-12,"ENSG00000134504.14"
0.0388370263285644,0.200893105333603,"ENSG00000277534.1"
0,0.899248945798635,"ENSG00000170558.9"
1.01766881918831e-09,0.0932883753689539,"ENSG00000134755.17"
0,0.631182694772381,"ENSG00000046604.13"
0,0,"ENSG00000118276.11"
0,0,"ENSG00000153339.14"
0,0,"ENSG00000263924.1"
0,0.259424058293204,"ENSG00000101695.9"
0,0.293402793378811,"ENSG00000134758.14"
6.05132675262086e-19,0.051037251149921,"ENSG00000141441.16"
0.0253991600936665,0.0231297762060165,"ENSG00000215492.6"
0.534508439372022,0,"ENSG00000141431.12"
0.0521262287636339,0.415220581795939,"ENSG00000134769.21"
0,0.196820234431043,"ENSG00000278464.2"
4.95124329414938e-11,0.247585714592918,"ENSG00000166974.13"
0.0021450045583092,0.571852924526001,"ENSG00000186812.13"
0.129340956890706,0.0887940005242815,"ENSG00000186814.14"
0.0553302451590834,0.257479123759798,"ENSG00000279989.1"
0,0,"ENSG00000274184.1"
0.139932611141919,4.43200289032542e-16,"ENSG00000268573.1"
0,0.041056961126319,"ENSG00000257267.3"
0,0,"ENSG00000172466.16"
0,0.050589821411279,"ENSG00000186496.12"
0,0,"ENSG00000153391.15"
9.25253286575063e-13,0.079334128027033,"ENSG00000141429.13"
0.147672072651591,0.384436258978935,"ENSG00000266965.1"
0.00863138838379572,3.5078466268247e-16,"ENSG00000267397.1"
0,0,"ENSG00000141428.17"
0,0.675104893475962,"ENSG00000141425.18"
0,0,"ENSG00000141424.13"
7.9364801897192e-13,0.0792474436626674,"ENSG00000134759.14"
0.00475766513960804,5.3244341534488e-10,"ENSG00000075643.6"
0.297142438128415,0.0893625404765755,"ENSG00000134775.15"
0,0,"ENSG00000134779.15"
0,0.0421845751728044,"ENSG00000150477.15"
0,0.3898369461287,"ENSG00000267374.2"
0,0.00670749268248193,"ENSG00000078142.13"
0.309217401836907,0,"ENSG00000267586.7"
0.132863299832311,0.474709645764079,"ENSG00000267414.1"
4.59347456015423e-18,0.230835578608765,"ENSG00000152217.19"
0,0,"ENSG00000280365.1"
0,0,"ENSG00000279319.1"
0.094796729371977,0.247643178217075,"ENSG00000132874.14"
6.42376717346002e-11,0.478370919287259,"ENSG00000141469.18"
0.355405403587142,6.58831118890165e-19,"ENSG00000197046.12"
0,0.220613315994377,"ENSG00000152223.15"
0.0391206955562025,0.400713148314343,"ENSG00000152229.18"
0,0.0417720689457699,"ENSG00000152234.16"
0,0.356611915684325,"ENSG00000152240.13"
7.95915395635882e-09,0.357290027158047,"ENSG00000152242.11"
0.128267560911389,3.87179654715656e-11,"ENSG00000141622.14"
0,0.0851872179772154,"ENSG00000167210.17"
0,0,"ENSG00000270112.4"
0,4.40791462477714e-15,"ENSG00000274776.1"
0,0,"ENSG00000078043.16"
0,0.225123423266731,"ENSG00000167216.17"
0.209477687236649,0.0409729911074681,"ENSG00000278674.2"
0.20535588097104,0,"ENSG00000274744.2"
0.0301313081779576,0.472440985885047,"ENSG00000206181.5"
0,0,"ENSG00000267724.1"
0,0,"ENSG00000167220.12"
0.275049655473704,0.325707130580444,"ENSG00000134049.6"
0.176255273481274,0,"ENSG00000215474.7"
0,0,"ENSG00000175387.16"
0,0,"ENSG00000279707.1"
0.389078373691467,5.58957348930403e-13,"ENSG00000184828.10"
0,0,"ENSG00000286583.1"
0.178585288203957,0.432963080682071,"ENSG00000134030.14"
2.32261170538798e-11,0.6952814460376,"ENSG00000278983.1"
0.390327322258649,0.318599349699553,"ENSG00000279629.1"
0,0.320184353911977,"ENSG00000267762.1"
0.377370672939395,0.243905279507562,"ENSG00000279250.1"
0,0,"ENSG00000267764.1"
3.51358383353161e-13,0.166517124283475,"ENSG00000101665.9"
0,0.200472764418314,"ENSG00000141627.13"
0.0630983207992116,0,"ENSG00000177576.11"
0,0.357255450809901,"ENSG00000265681.7"
0,0,"ENSG00000101670.12"
0.0352479892074148,0.408342175239596,"ENSG00000167315.18"
0,0.106495545947545,"ENSG00000267322.2"
0.011823006559217,0.389219941290619,"ENSG00000167306.20"
0.0653152935246613,1.65191729671616e-10,"ENSG00000172361.6"
1.27265838060874e-12,0.245361482977118,"ENSG00000141644.17"
0,0.307122345315728,"ENSG00000154832.14"
0.177308763527212,0.439891306850103,"ENSG00000154839.10"
1.40230212973896e-20,0.19034402913545,"ENSG00000141639.12"
6.85591164929827e-13,0.0747557850693815,"ENSG00000134042.13"
0,0.0865995790560771,"ENSG00000082212.13"
0,0,"ENSG00000141642.9"
0,0.622579668818786,"ENSG00000141646.13"
0,0.358125018558135,"ENSG00000176624.11"
0.105383532123982,0.213823135789325,"ENSG00000134046.12"
0.16977765361783,0.0904944584145567,"ENSG00000207233.1"
0,0.543381278213995,"ENSG00000101751.10"
0.034238430630152,0.0438035020555911,"ENSG00000166845.15"
0.111889110974419,0.754616431663891,"ENSG00000041353.10"
4.52763082117441e-12,0.297825244439206,"ENSG00000166510.14"
0.159820216991214,0,"ENSG00000196628.18"
0,0,"ENSG00000267028.1"
0,0,"ENSG00000091164.13"
2.55480000586548e-14,0.24784656378576,"ENSG00000091157.13"
0.265085135412056,0.372136264802386,"ENSG00000066926.11"
0,0,"ENSG00000134440.12"
0,0.0138406538062509,"ENSG00000267040.6"
0,0.0981137375176174,"ENSG00000267787.7"
0,0,"ENSG00000081923.14"
0,0.209401587986013,"ENSG00000049759.18"
0,0,"ENSG00000198796.7"
0,0,"ENSG00000172175.15"
0,0,"ENSG00000266946.1"
0,0.300707429159388,"ENSG00000074657.13"
8.56531232167919e-11,0.0339065754427904,"ENSG00000166562.9"
0.078971575481812,0.0378129686180455,"ENSG00000074695.6"
0,0.16565989274605,"ENSG00000183287.14"
0.0303398988688212,0.707928877894909,"ENSG00000141682.11"
0,0.534559649910369,"ENSG00000176641.11"
0,0,"ENSG00000197563.11"
0,0.338746178695535,"ENSG00000134444.14"
0,0,"ENSG00000266900.1"
0,0.212211747827928,"ENSG00000141655.17"
0,0.408067652493895,"ENSG00000141664.10"
0,0,"ENSG00000279236.1"
0,0,"ENSG00000081913.14"
0,0.173887667003514,"ENSG00000171791.13"
0,0.274917764852625,"ENSG00000119537.18"
0,0,"ENSG00000267390.1"
0,0,"ENSG00000119541.10"
1.84322815004732e-19,0.429866965374476,"ENSG00000267430.1"
0.00319449818321105,0.536986089668017,"ENSG00000166396.13"
0,0.61406226182368,"ENSG00000197632.9"
0.285309231643843,0.398694780571761,"ENSG00000242550.6"
0.0173654497188785,0.593718399294024,"ENSG00000166401.15"
5.57169913981795e-12,0.289416382500079,"ENSG00000260578.1"
3.14623866369760e-11,0.235319330753683,"ENSG00000171451.14"
0,0.278637377888547,"ENSG00000166479.10"
0,0.305546490283499,"ENSG00000150636.17"
0,0,"ENSG00000264705.1"
7.43365550356537e-15,0.495198744861822,"ENSG00000206052.11"
0,0.302338354565846,"ENSG00000150637.9"
0,0.160103240891573,"ENSG00000176225.14"
0.0566683175628364,0,"ENSG00000170677.6"
0.231030412054149,0.169632581462459,"ENSG00000141668.10"
0,0,"ENSG00000075336.12"
0,0.452017010846797,"ENSG00000166347.19"
0.193349553211147,0.358546645539441,"ENSG00000235297.3"
0.109345129725985,0.211627855738612,"ENSG00000187773.8"
0,0,"ENSG00000133313.15"
0,0.0552437037663937,"ENSG00000264247.2"
0,0.256279472994564,"ENSG00000215421.9"
6.23094021379259e-12,0.0312165148837268,"ENSG00000180011.7"
0,0,"ENSG00000179981.10"
0.000713362506951755,0.432344037314562,"ENSG00000287281.1"
1.51487361750093e-20,0.352569980286005,"ENSG00000101493.11"
0,0.124880631541132,"ENSG00000280205.1"
0,0.440894464131969,"ENSG00000265778.3"
5.63179240768102e-11,0.115377436644774,"ENSG00000264278.1"
0,0.501960414763953,"ENSG00000130856.16"
0,0,"ENSG00000265261.1"
0.188802459792327,0.654723928059199,"ENSG00000197971.15"
0,0.665080124253109,"ENSG00000287680.1"
3.55958918558115e-13,0.631762062749985,"ENSG00000279433.1"
7.2449140685171e-18,0.0638237072803841,"ENSG00000278330.1"
0,0,"ENSG00000166377.20"
0.101926003704527,0.240121071167621,"ENSG00000279416.1"
0,0,"ENSG00000267655.1"
0,0,"ENSG00000279474.1"
0,0.381451838760208,"ENSG00000286245.1"
0,0,"ENSG00000279077.1"
0,0,"ENSG00000131196.17"
0,0.12252459472217,"ENSG00000279637.1"
0,0,"ENSG00000286186.1"
8.3799772038917e-12,0.0220401294746835,"ENSG00000275186.1"
0,0,"ENSG00000279981.1"
0,0.274746624069608,"ENSG00000274828.1"
0,0.393175105606985,"ENSG00000060069.16"
0,0.348658570840322,"ENSG00000178342.4"
0.119689303475636,0.448193786263519,"ENSG00000278075.1"
0,0.226686663804401,"ENSG00000122490.19"
0.0881504036801769,0,"ENSG00000226742.4"
0,0,"ENSG00000141759.15"
0,0,"ENSG00000267127.7"
2.51802545044936e-19,0.0588220281571383,"ENSG00000101546.13"
1.49748664018875e-18,0.0835990920981193,"ENSG00000261126.7"
0.0917201466950619,0.31209585019994,"ENSG00000101544.9"
0,0,"ENSG00000267270.6"
3.83355336013326e-12,0.0925461013944306,"ENSG00000178184.16"
5.85255588996571e-12,0.113784918450103,"ENSG00000282508.2"
0.20431530853275,1.17354590256853e-11,"ENSG00000141934.10"
0,0,"ENSG00000105556.11"
0,0,"ENSG00000129946.10"
0.164251692028986,0,"ENSG00000181781.9"
8.15936070009169e-21,0.12887705747558,"ENSG00000099866.15"
0,0.379524205794431,"ENSG00000141933.9"
2.03273038105115e-13,0.289021593467392,"ENSG00000099804.9"
0.246110159749949,0.428873118299719,"ENSG00000197540.8"
0.0379346791563028,0.403851394440405,"ENSG00000267751.5"
4.17514295526475e-21,0.492221920345443,"ENSG00000172270.19"
0,0.237149792058816,"ENSG00000099822.3"
0,0,"ENSG00000099821.14"
0,0,"ENSG00000070388.11"
0.211973170745054,0.353518902422928,"ENSG00000070423.18"
0.227901174361941,0.152989815386136,"ENSG00000267666.2"
0,0,"ENSG00000070404.10"
0.29010195259939,0.421221969334486,"ENSG00000185198.11"
0.0765986462743877,0.500477363109673,"ENSG00000099864.18"
0.0260929297687277,0.12491881337316,"ENSG00000267530.3"
0,0.4512100574403,"ENSG00000011304.20"
0.029001825428946,0.498856980863542,"ENSG00000129951.18"
0.28373782258719,0.428511405745999,"ENSG00000172232.10"
0.398124163893345,0.242004804698594,"ENSG00000196415.10"
0.325649898351346,0.425588242805077,"ENSG00000197561.7"
0.0190393449048832,0.429405729574246,"ENSG00000197766.8"
0.199800376033341,0.219267041273565,"ENSG00000175221.15"
0.0296005718159657,0.523968383083276,"ENSG00000198858.10"
6.61816785177455e-12,0.3741691801365,"ENSG00000116017.11"
0.204486687710297,8.41509671571831e-12,"ENSG00000065268.10"
7.87704151431139e-17,0.0373760492645356,"ENSG00000116032.5"
0,0.229230063488613,"ENSG00000182087.14"
0.664695718831403,7.83518599080633e-11,"ENSG00000207357.1"
0,0.341762552173918,"ENSG00000064666.15"
0,0.59482618882628,"ENSG00000064687.12"
0.0877398667996295,0.673098343145851,"ENSG00000180448.10"
0,0,"ENSG00000099817.12"
3.35325248901136e-15,0.456023974568341,"ENSG00000167468.17"
0,0,"ENSG00000064932.16"
1.07266087204858e-24,0.3976665756401,"ENSG00000118046.15"
0,0.00320563921607777,"ENSG00000099625.13"
0.179167514388082,0.335949802088929,"ENSG00000099624.8"
6.15561440146997e-16,0.495830988051583,"ENSG00000167470.12"
0.210165793781554,2.50061776276094e-12,"ENSG00000099622.14"
1.82788038909357e-12,0.0932144497218979,"ENSG00000267493.4"
1.41843029064088e-19,0.230451495575253,"ENSG00000228300.14"
0,0.122779533404409,"ENSG00000099617.4"
0,0.379249457252966,"ENSG00000160953.16"
0,0.747491653614176,"ENSG00000115286.20"
0,0,"ENSG00000130005.13"
5.35467630020893e-13,0.387160547495119,"ENSG00000071626.16"
0.159252223986288,4.90958682434671e-20,"ENSG00000115268.9"
0,0,"ENSG00000115266.11"
0,0,"ENSG00000267317.2"
0,0.146210152999562,"ENSG00000119559.16"
0,0,"ENSG00000115257.15"
0.0885332145018047,0.0108043243225569,"ENSG00000115255.11"
0.0297810760526281,1.07558436123834e-09,"ENSG00000185761.11"
3.26380882609898e-09,0.00811579365409249,"ENSG00000181588.16"
0,0,"ENSG00000071655.18"
0.00531244461666812,0.472730824543961,"ENSG00000127540.12"
0.102560934285578,0.539764290787821,"ENSG00000071564.16"
0.0486484442342378,0.29055081338647,"ENSG00000130270.16"
0,0,"ENSG00000079313.15"
0.0399719664733505,0.141632441955285,"ENSG00000267244.5"
0,0.636328135696018,"ENSG00000129911.9"
0,0.093635797363831,"ENSG00000267141.1"
1.78309244362847e-11,0.144358096037279,"ENSG00000129968.15"
0,0,"ENSG00000227500.10"
0,0.390671821638556,"ENSG00000213638.6"
3.7637731543035e-20,0.169179166082192,"ENSG00000133275.16"
0,0.294489248140542,"ENSG00000180846.8"
0.177066541290609,0.059387613064575,"ENSG00000133243.10"
0.0466645681906456,0.397418603485048,"ENSG00000275468.1"
1.1327592522752e-12,0.491500528796058,"ENSG00000099875.14"
0.0820052111704604,0.401603997708994,"ENSG00000172081.14"
1.09389953421984e-10,0.0496230152193429,"ENSG00000099840.13"
2.15151600527407e-12,0.105582847400087,"ENSG00000065000.18"
0,0.631722335305824,"ENSG00000104885.18"
0,0,"ENSG00000267122.1"
0.283339843531628,0.252691630722299,"ENSG00000104886.11"
3.08326310005256e-12,0.0159174196371197,"ENSG00000104897.10"
0,0.257862958215796,"ENSG00000104899.8"
0.244292721757705,0.483196719211791,"ENSG00000167476.10"
0,0.415655569711415,"ENSG00000104904.12"
0.243836111588563,0.216183950977398,"ENSG00000188305.6"
0.019389486276477,0.182819641957954,"ENSG00000220008.3"
0.373158953932994,0.441080504873424,"ENSG00000288156.1"
0.0865293137958958,0.405210637296487,"ENSG00000286880.1"
1.84353942072057e-20,0.274125535511435,"ENSG00000130332.15"
2.02947163909865e-13,0.290581341804127,"ENSG00000005206.17"
0,0.418452077478727,"ENSG00000178297.13"
0,0,"ENSG00000099800.8"
0.0237644141149903,0.462193323101964,"ENSG00000176619.13"
0.178107260662224,2.52174793664232e-11,"ENSG00000099860.9"
0.316061627209381,0.549571095463514,"ENSG00000176533.13"
0.119980239797193,0.198088894639908,"ENSG00000267412.1"
0.341217696602716,0.0308604229604496,"ENSG00000267749.1"
0.12006204986457,0.633591557960512,"ENSG00000176490.5"
0.0350513918948959,0.238510560712224,"ENSG00000141873.11"
0,0,"ENSG00000104969.10"
0.151793664004975,0.143406191626233,"ENSG00000172009.15"
0,0.635097669352831,"ENSG00000172006.12"
0,0,"ENSG00000186300.12"
0,0.0244558085850717,"ENSG00000175691.9"
0,0,"ENSG00000279452.1"
0,0.0723790240584367,"ENSG00000065717.15"
0.679086919603959,0,"ENSG00000104964.14"
5.99504595931224e-21,0.12016144109208,"ENSG00000088256.9"
0.0369949073852937,0.727721853237063,"ENSG00000060558.4"
0.147130702092515,0.620942375165513,"ENSG00000125910.6"
0,0.394317565582058,"ENSG00000125912.11"
0.0905863060207583,0.43322249876979,"ENSG00000141905.19"
0.209164761877525,0.478755877901936,"ENSG00000095932.7"
0,0,"ENSG00000129932.9"
0,0.302497845007165,"ENSG00000105325.14"
0,0.264793340693291,"ENSG00000161091.13"
0.249913222459657,0.305377944660622,"ENSG00000183397.5"
0,0.0512927441265277,"ENSG00000064961.19"
0,0.396197405205688,"ENSG00000179855.8"
0,0,"ENSG00000006638.11"
3.51021522236253e-13,0.202169734197072,"ENSG00000105298.14"
0,0,"ENSG00000186111.9"
0,0.602160450531014,"ENSG00000011132.12"
0,0.307611780874456,"ENSG00000267138.1"
0,0,"ENSG00000183617.5"
0.00819127558793098,0.871499724122524,"ENSG00000007264.15"
0.015734223344094,0,"ENSG00000167654.18"
0.0693175157216041,0,"ENSG00000077009.13"
0,0,"ENSG00000167657.14"
0.0430030714882784,0.209954225176192,"ENSG00000167658.16"
1.17984239518665e-20,0.116066763467225,"ENSG00000105229.7"
0,0.382722670203828,"ENSG00000178951.9"
0,0.566347994673406,"ENSG00000268670.1"
0.130767042367382,0.453836124232169,"ENSG00000126934.13"
0,0,"ENSG00000077463.15"
0.277621922394878,0,"ENSG00000089847.12"
0.103043036876444,0.181132788280075,"ENSG00000105246.6"
0,0,"ENSG00000105248.16"
0.0489088408784051,0.227005076954807,"ENSG00000178078.11"
0,0.114869313195421,"ENSG00000008382.15"
0,0,"ENSG00000269318.1"
0.0159967834016137,0.329734596431184,"ENSG00000141985.9"
0,0.300966877221102,"ENSG00000167670.16"
2.7428272578581e-21,0.60406378078026,"ENSG00000167671.12"
9.45039235371178e-20,0.430678170616397,"ENSG00000280239.1"
0,0,"ENSG00000267769.1"
0,0,"ENSG00000167674.15"
0.212391412839887,0.405030277219444,"ENSG00000167676.4"
0.0882906589146742,2.09317475018347e-20,"ENSG00000214456.8"
0.0980759931154018,0.727841369811459,"ENSG00000267385.1"
0.125154921103248,0.683598854481886,"ENSG00000171236.10"
0,0.261227014918917,"ENSG00000167680.16"
0.0776218847040312,0.551082450961977,"ENSG00000185361.9"
0,0,"ENSG00000074842.7"
0,0.0604418142001232,"ENSG00000142002.17"
0,0.149323081152834,"ENSG00000141965.5"
0,0.453683406489943,"ENSG00000127666.9"
0.285446491698894,0.469751178122532,"ENSG00000105355.9"
0.132391709694726,0.579642526848696,"ENSG00000276043.5"
0,0.322557045073069,"ENSG00000127663.15"
0.115201042003736,0.357008001580167,"ENSG00000105426.16"
0.184195858826922,0.460762391373947,"ENSG00000223573.7"
0,0.427445928968779,"ENSG00000130254.12"
0,0.426784914861711,"ENSG00000160633.13"
0,0,"ENSG00000130255.13"
0,0.578136730748738,"ENSG00000174917.8"
0,0,"ENSG00000167733.13"
0,0.0208169231196102,"ENSG00000196365.12"
0,0.255419369501302,"ENSG00000141994.16"
0.120275047683564,0.346219091412979,"ENSG00000174886.13"
0,0,"ENSG00000187650.4"
0,0,"ENSG00000105519.17"
1.79993156362664e-18,0.237171601564442,"ENSG00000031823.14"
0,0,"ENSG00000087903.13"
0.0992878123899917,0,"ENSG00000130382.9"
0,0,"ENSG00000125656.11"
0,0,"ENSG00000125652.8"
1.70797780600536e-12,0.232038514514487,"ENSG00000125650.4"
0.0445811684866776,0.32686179281321,"ENSG00000125651.14"
0,0.266512193472434,"ENSG00000088247.17"
0.0456749945315355,0.646527942760238,"ENSG00000125648.15"
0.00395295347283235,0.704327020813707,"ENSG00000205744.10"
0,0,"ENSG00000125657.5"
0,0.542486215106738,"ENSG00000125735.10"
0.0835609504307419,0.49805745051151,"ENSG00000125730.17"
0,0,"ENSG00000276980.1"
0,0,"ENSG00000125734.15"
0,0.235880192613011,"ENSG00000125733.18"
0,0,"ENSG00000269680.1"
0,0.296708992092697,"ENSG00000125731.13"
0.0958840958738102,0.645796340610761,"ENSG00000141968.8"
0.00646866178375322,0.561079877571118,"ENSG00000174837.15"
0.0654459776960334,2.40649038815677e-19,"ENSG00000130544.12"
5.93523288393678e-16,0.398835218247495,"ENSG00000171105.14"
0.1449331071175,0.506453054879206,"ENSG00000263264.2"
0.192163013877715,0.536157684784017,"ENSG00000104880.18"
0,0,"ENSG00000104883.8"
4.21776854413827e-12,0.0541683377974393,"ENSG00000198816.7"
0.303178580566167,0.300709548182173,"ENSG00000090674.16"
0,0.101025174725241,"ENSG00000032444.16"
0.330647752168173,0.154078493269836,"ENSG00000076826.9"
0,0.236070200695318,"ENSG00000076924.12"
0,2.60753332057116e-15,"ENSG00000229833.10"
0.161563362852604,0.584675417313668,"ENSG00000076944.16"
0.208240736663623,0.4791636399653,"ENSG00000104918.8"
0.0690078853316276,0.445007177529406,"ENSG00000183019.7"
0.18149960193048,0.227580707252445,"ENSG00000181029.9"
0.392901655930362,0.418603859392431,"ENSG00000104921.15"
0.0483961407292668,0.570668204065902,"ENSG00000182566.13"
1.01894708326375e-19,0.422189021136727,"ENSG00000090659.18"
0.463020257560769,2.03542130027482e-11,"ENSG00000142459.8"
0,0.417891351625196,"ENSG00000076984.17"
0,0,"ENSG00000104976.12"
1.24518055994053e-11,0.0698341701558345,"ENSG00000178531.6"
0,0,"ENSG00000104980.8"
0,6.60657214735921e-17,"ENSG00000286138.1"
0,0.183304022811235,"ENSG00000066044.15"
0.00186745564904588,0.107463971171726,"ENSG00000090661.12"
0.13598709818461,0.0389352472268851,"ENSG00000167775.11"
0,0.00112811343545372,"ENSG00000267855.6"
0.428487382205653,0.332619713442726,"ENSG00000233927.5"
0,0,"ENSG00000186994.11"
0.0323768948300406,2.33275457704444e-12,"ENSG00000167772.12"
1.66772343093547e-15,0.248696530600966,"ENSG00000269386.5"
0,0.232303796782999,"ENSG00000185236.12"
0,0,"ENSG00000099785.10"
0,0,"ENSG00000279827.1"
0.011119256971707,0.186785955031451,"ENSG00000099783.12"
0.239545743446778,0.534191750811216,"ENSG00000133246.12"
0.0550323923497602,0.266145953038582,"ENSG00000133250.14"
0.103808456896135,0.624827784315943,"ENSG00000142347.19"
0,0,"ENSG00000142303.14"
1.07504023301325e-12,0.550682740404,"ENSG00000167785.9"
0,0.0479691318828666,"ENSG00000130803.15"
0,0,"ENSG00000196110.8"
0,0,"ENSG00000188321.13"
0,0.0436123864827282,"ENSG00000174652.19"
0,0,"ENSG00000198028.4"
0,0.535644520004302,"ENSG00000130818.12"
0,0,"ENSG00000197961.11"
0,0,"ENSG00000171469.11"
0.442219562948809,1.04205425160333e-12,"ENSG00000267106.7"
0,0,"ENSG00000171466.10"
0.470397968495877,0,"ENSG00000239830.1"
0,0,"ENSG00000196605.7"
1.48088720216381e-11,0.0459838077172302,"ENSG00000267370.1"
0.200329958575215,0,"ENSG00000127452.9"
0.239445056024674,3.70409047448539e-13,"ENSG00000198258.10"
0,0,"ENSG00000127445.13"
0.0580402239661536,0.249960576429521,"ENSG00000105088.8"
0,0.209449532065816,"ENSG00000080573.7"
0.0243338173876047,0.421454993106348,"ENSG00000130813.18"
0,3.74296051510011e-15,"ENSG00000130810.20"
4.36773843617716e-13,0.0131030441390146,"ENSG00000244165.2"
0,0,"ENSG00000130811.12"
0.0970596269679103,0.517435777235879,"ENSG00000130816.16"
0.123206297666064,1.67190090277101e-11,"ENSG00000267534.4"
0.306667213529339,0.165934979877858,"ENSG00000105364.14"
0,0.385150422669057,"ENSG00000090339.9"
1.48846733699352e-11,0.662054081338066,"ENSG00000267607.1"
0.0712776690807476,0.616555676536116,"ENSG00000105376.5"
0.148196433194628,0,"ENSG00000220201.7"
0.0480285054479367,0.334096835347798,"ENSG00000161847.14"
0.124318610110969,0.529555592015429,"ENSG00000076662.10"
0,0.159862107080718,"ENSG00000105397.14"
0,0,"ENSG00000105401.9"
0,0,"ENSG00000065989.16"
0.109317362337038,0.0860361521017631,"ENSG00000079999.14"
0.205779193396995,0.246365014078024,"ENSG00000180739.14"
0,0.367172658618109,"ENSG00000130734.10"
0.102779879969803,0.164836382915271,"ENSG00000129347.21"
0.0779439113747882,0.546281804777262,"ENSG00000129355.7"
0,0.68805954616403,"ENSG00000129353.15"
0,0,"ENSG00000267100.1"
0,0.497522530888678,"ENSG00000129351.17"
0,0,"ENSG00000213339.9"
0.0128615356453245,0.565352046759017,"ENSG00000079805.16"
0,0,"ENSG00000099203.7"
0.0960903862169421,0.674546904032625,"ENSG00000214212.9"
0.150302510954751,0.550054050284636,"ENSG00000142453.11"
0.130558276350135,1.48252233618309e-13,"ENSG00000130733.10"
0,0,"ENSG00000142444.7"
2.88987811397442e-11,0.457481568359106,"ENSG00000127616.18"
0,0.125939562111348,"ENSG00000266936.1"
0.450626577697174,0,"ENSG00000130164.13"
0.0594913842540716,0.479158649746796,"ENSG00000161888.11"
0.323359873607198,0.498001963844711,"ENSG00000197256.10"
0,0.0614651134111315,"ENSG00000130158.14"
0,0.185961151735449,"ENSG00000273733.1"
0.15040428555968,0.169970098326446,"ENSG00000130173.13"
0.353336305701915,0.399323762459693,"ENSG00000105514.8"
0.096653186897965,0,"ENSG00000105518.14"
0,0,"ENSG00000183401.12"
0,0,"ENSG00000105520.10"
0.232386455432406,0.56516242429369,"ENSG00000173928.3"
0.0305524774634414,0.587880738587487,"ENSG00000187266.14"
0,0,"ENSG00000205517.12"
1.83256829086297e-12,0.032225771097712,"ENSG00000130175.9"
0,0,"ENSG00000161914.10"
0,0.403717329489107,"ENSG00000130159.14"
0,0,"ENSG00000130176.8"
0.173917023513182,1.9328308740572e-22,"ENSG00000130165.10"
8.51624992689681e-14,0,"ENSG00000198551.10"
0.150462875156621,0.586912223242619,"ENSG00000102575.13"
0,0,"ENSG00000197933.13"
0,0,"ENSG00000197044.11"
0,2.11902766437575e-17,"ENSG00000177599.13"
0,0.532091555932661,"ENSG00000171295.13"
0,0.217715300876036,"ENSG00000171291.8"
0.143895342748407,0.383392247413588,"ENSG00000278897.1"
0.136768094560205,9.75345993126119e-12,"ENSG00000198429.10"
0,0.00447435990856776,"ENSG00000196757.8"
0.0527292209640617,0,"ENSG00000197054.12"
0,0.436848731317146,"ENSG00000219665.8"
0,0.179573179435783,"ENSG00000197647.11"
0.116609489110251,0,"ENSG00000223547.10"
0,0,"ENSG00000286132.1"
0.100330286161756,0.125489291583636,"ENSG00000214189.9"
0,0,"ENSG00000237273.1"
0,0.165314094848185,"ENSG00000242615.1"
7.77447041610277e-16,0.0733056117265162,"ENSG00000196646.12"
8.46669241768135e-10,0.16202905123334,"ENSG00000234773.7"
0,0,"ENSG00000197857.13"
0,0.20655135001653,"ENSG00000234750.1"
0.149037337060642,0,"ENSG00000188868.14"
0,0,"ENSG00000198342.10"
0.187008055417546,0,"ENSG00000196466.10"
0.108625325709664,0.0184973389608648,"ENSG00000180855.16"
0,0,"ENSG00000249709.8"
0,0,"ENSG00000188033.10"
0,0,"ENSG00000173875.14"
0,0.241538897810677,"ENSG00000104774.13"
0,0,"ENSG00000123154.12"
0.246285386023857,0.209250517862815,"ENSG00000285589.1"
7.15749281401786e-14,0.350864318352597,"ENSG00000095059.16"
0.334073406324557,0,"ENSG00000132004.13"
8.75948511824584e-06,0.0907332164109943,"ENSG00000105576.15"
0.0425653464751432,0.414819871718342,"ENSG00000123144.11"
0.20078476195618,0,"ENSG00000198356.11"
0.265934655439013,0.314388213717515,"ENSG00000095066.11"
0,0,"ENSG00000171223.6"
0,0.241486735917472,"ENSG00000167815.12"
0,0,"ENSG00000104889.6"
3.00766084442317e-09,0.0745314631706302,"ENSG00000105613.10"
0,0,"ENSG00000105612.9"
0.138684834569326,0.541113083428913,"ENSG00000105610.5"
0,0.363774638891025,"ENSG00000105607.13"
0.0195935290895576,0.641062834965466,"ENSG00000240616.1"
0,0,"ENSG00000161860.8"
8.82149129020997e-11,0.277146090279714,"ENSG00000179115.11"
0.0333909380532577,0.0547666516867375,"ENSG00000179218.13"
0,0.437745922148073,"ENSG00000179262.10"
3.88500717114723e-12,0.0426976017243917,"ENSG00000179271.3"
0.0715770797343344,0.728622434389995,"ENSG00000008441.16"
0,0,"ENSG00000267610.2"
0,0.00548853228622896,"ENSG00000279044.1"
0.352134455045939,0.468265997771151,"ENSG00000104903.5"
6.42952342846274e-13,0.332739770849845,"ENSG00000104907.12"
0,2.64636434879478e-15,"ENSG00000160877.6"
0,0,"ENSG00000104915.15"
0,0.136932039152951,"ENSG00000160888.7"
1.2739257637872e-19,0.231383216179751,"ENSG00000141837.20"
0,0,"ENSG00000104957.14"
0,0.191937766029963,"ENSG00000037757.14"
0,0,"ENSG00000104979.9"
0,0,"ENSG00000132003.9"
0,0.141043512848122,"ENSG00000267519.6"
0,0.291851807110637,"ENSG00000132016.11"
0,0,"ENSG00000132024.17"
0,0.55251053238494,"ENSG00000132000.13"
0.111951323726885,0.424875513530455,"ENSG00000132017.10"
2.95912877867559e-23,0.0942747707623767,"ENSG00000132005.9"
0.098039611615086,0.383119836017628,"ENSG00000104998.4"
0.204583919908446,0.307946876870549,"ENSG00000141854.9"
0,0.451132473526573,"ENSG00000141858.12"
3.09205515536231e-12,0.0337494492558871,"ENSG00000072062.14"
0.195418995636955,0.423634664258199,"ENSG00000105011.9"
0,0,"ENSG00000267169.2"
0,0,"ENSG00000072071.16"
0.0243764440630076,0.429676206804422,"ENSG00000123146.20"
8.87177641742895e-22,0.559139707220693,"ENSG00000123136.15"
0,0.0714281627957142,"ENSG00000123143.12"
3.1386492587588e-13,0.6255263733543,"ENSG00000267474.1"
0.261237034634093,0.297473823718295,"ENSG00000160951.4"
0.0349654695778553,0.617418082825711,"ENSG00000123159.16"
0,0.102449427169086,"ENSG00000132002.8"
0,0.356620640123515,"ENSG00000099797.15"
0.0131026007265605,0.336025146729909,"ENSG00000099795.7"
0.117119405223999,0.586010798254974,"ENSG00000131355.15"
0,0,"ENSG00000160961.12"
2.08607306368143e-19,0.104968089829077,"ENSG00000127507.18"
0.0987656802256143,0.133858707572329,"ENSG00000105137.13"
0,0,"ENSG00000105135.16"
0,0,"ENSG00000074181.9"
4.22807734532206e-15,0.614049765853974,"ENSG00000141867.17"
0,0.00879642989875789,"ENSG00000273218.1"
0,0.246641201889049,"ENSG00000105127.9"
0.359876834253288,0.189707554692159,"ENSG00000268189.2"
0.015862223638017,0.599233009938343,"ENSG00000011243.18"
0,8.062537165136e-17,"ENSG00000279203.1"
0.073796679560991,0.446012525504607,"ENSG00000279716.1"
0,0.206526136818934,"ENSG00000011451.19"
0.0674778006369067,0.743763008074672,"ENSG00000105122.13"
0.11323992511843,0.41108314089041,"ENSG00000186529.16"
0.002576236140869,8.22627349490923e-10,"ENSG00000186204.15"
0.110558898258448,0.772032078707902,"ENSG00000167460.17"
0,0.171088402094573,"ENSG00000279198.1"
0.398482083091297,1.18955838520775e-11,"ENSG00000167461.12"
8.16501550509848e-20,0.141188172846392,"ENSG00000269243.1"
0.143402062956385,0.422389478071318,"ENSG00000196684.12"
0.0672105336672651,0,"ENSG00000105058.12"
0,0.785341847997913,"ENSG00000072958.8"
0,0,"ENSG00000267275.1"
0,0.220385865065238,"ENSG00000127528.5"
0,0.156849881114244,"ENSG00000127527.14"
0.00802363128856455,0.273171562630859,"ENSG00000280332.1"
0.116439496867058,1.0560693181031e-12,"ENSG00000105072.9"
5.21543294491585e-20,0.179404379038037,"ENSG00000085872.15"
0,0,"ENSG00000269399.2"
0,0,"ENSG00000127526.15"
0.101870937819341,0.696324915087064,"ENSG00000279529.1"
1.9074029409652e-21,0.10847826812608,"ENSG00000105085.10"
0,0,"ENSG00000279748.1"
0,0,"ENSG00000279977.1"
0,0,"ENSG00000269427.1"
0,0,"ENSG00000214046.8"
0,0,"ENSG00000269044.2"
0.160168969632431,0,"ENSG00000267904.1"
1.9906570365461e-12,0.163374697228574,"ENSG00000072954.7"
0,0,"ENSG00000127511.9"
0,0.462211250663303,"ENSG00000127533.4"
0,0,"ENSG00000160111.13"
7.07753243585906e-11,0.52340130863968,"ENSG00000131351.15"
0,0.538598363486605,"ENSG00000099331.13"
0,0.358477782127836,"ENSG00000269066.1"
0.170905687903459,0.358507400267153,"ENSG00000053501.13"
4.31633889187286e-11,0.20259604750273,"ENSG00000099330.9"
0.248292169889944,0.538257634256811,"ENSG00000160113.5"
0,0,"ENSG00000130307.12"
0,0,"ENSG00000105393.16"
0.29664646811409,0.37260851818968,"ENSG00000160117.16"
0,0,"ENSG00000127220.6"
4.53098263810922e-20,0.0563179736334222,"ENSG00000130312.6"
0.0482142493233418,6.29745240787951e-11,"ENSG00000130311.11"
0,0,"ENSG00000074855.11"
0,0,"ENSG00000130299.17"
0,0.226927262066337,"ENSG00000130300.9"
1.07214228460493e-11,0.0677138890681853,"ENSG00000269720.2"
0,0,"ENSG00000130303.13"
0.028435835694658,0.273119507476337,"ENSG00000282851.2"
0.00592431660335376,0,"ENSG00000141971.13"
0,0.0777954978469451,"ENSG00000130304.17"
0,0,"ENSG00000269439.6"
0,0,"ENSG00000130313.7"
0.00960500194252761,0.494508708962585,"ENSG00000167483.18"
0,0.228483607904731,"ENSG00000130309.11"
0,0.0378366135139969,"ENSG00000130477.15"
0,0,"ENSG00000130479.11"
0.291483654428259,0.382107681814616,"ENSG00000130475.14"
0.0229531667346267,0.816661383492851,"ENSG00000105639.18"
0,0,"ENSG00000105640.13"
6.45308349866819e-13,0.500938238447039,"ENSG00000007080.11"
0.346045547359691,0.516615910483158,"ENSG00000105643.10"
0,0.675336751449965,"ENSG00000096996.16"
5.80881035530928e-10,0.284137644176732,"ENSG00000099308.10"
1.94337455625683e-11,0.484970247945224,"ENSG00000216490.4"
0,0,"ENSG00000254858.10"
0.183317899619949,0.0331579585758506,"ENSG00000105649.10"
0.109724298010403,0.406846658418496,"ENSG00000285188.1"
0,3.14524263452282e-17,"ENSG00000105650.22"
0.259852617336054,9.80194868710692e-23,"ENSG00000284797.1"
0,0,"ENSG00000130518.17"
0,0.0115288544043241,"ENSG00000130522.6"
0.188238540355899,0,"ENSG00000267959.3"
0.267392441530075,0.0962248875428949,"ENSG00000130520.10"
0.116148109604264,6.52306700877525e-12,"ENSG00000130517.14"
0,0,"ENSG00000130513.6"
0.00160334358984438,0.501317329524845,"ENSG00000175489.10"
0,0,"ENSG00000130511.16"
9.98145034250286e-15,0.519523859360125,"ENSG00000105655.19"
0,0.0760639509636964,"ENSG00000105656.13"
0.28247889792046,0.515451838481012,"ENSG00000105701.16"
0.199625008085747,0.152290438197041,"ENSG00000105700.11"
0,0,"ENSG00000268030.1"
0,0,"ENSG00000221983.8"
0,0.023951716608788,"ENSG00000006016.11"
0,0.0222311076220022,"ENSG00000006015.17"
1.06153443707429e-12,0.0359737427884824,"ENSG00000105696.9"
0.107013011692583,0,"ENSG00000167487.12"
0,0.0372149840090572,"ENSG00000105662.16"
0,0,"ENSG00000105664.11"
1.18804043991977e-12,0.246011443550522,"ENSG00000005007.12"
0,0.336565549632686,"ENSG00000223802.7"
0.0902531115873424,0.201362776930064,"ENSG00000105669.14"
0.066743531897108,0.721559051511003,"ENSG00000105671.12"
0,0,"ENSG00000051128.19"
0,0,"ENSG00000269019.2"
0,0.134250993201626,"ENSG00000064607.17"
0,0.592825474280237,"ENSG00000105676.14"
0,0.392211157403678,"ENSG00000181035.14"
0,0,"ENSG00000064545.15"
0.118108915191869,0.270141957062123,"ENSG00000254901.8"
0.118873929493372,0,"ENSG00000064490.14"
0,0,"ENSG00000184162.14"
0,0.0860674237095076,"ENSG00000105705.16"
0,0.458694071150659,"ENSG00000129933.21"
0,0.631308265099234,"ENSG00000167491.17"
0,2.12590723529742e-17,"ENSG00000178093.14"
0,0,"ENSG00000186010.19"
0,0,"ENSG00000250067.12"
0,0,"ENSG00000160161.9"
0.282909281733849,0.306656188346011,"ENSG00000105717.14"
0.0577658985926147,0.523300526459195,"ENSG00000064547.14"
0.0964958680955325,0.712467982258488,"ENSG00000089639.11"
0,0.0120774855671605,"ENSG00000105726.17"
3.41630446748116e-13,0.252400908714453,"ENSG00000181896.12"
0,0,"ENSG00000105708.9"
0,0.026361502342389,"ENSG00000266904.6"
0,0,"ENSG00000267419.2"
2.37060164685342e-19,0.240770960965214,"ENSG00000081665.14"
0.180630190435197,0.100080333589461,"ENSG00000267481.1"
0,0,"ENSG00000256771.4"
0,0,"ENSG00000184635.16"
0,0,"ENSG00000197124.12"
0,0,"ENSG00000213988.11"
0,0,"ENSG00000267383.7"
0.00904921777698049,0.0240079601823958,"ENSG00000256229.8"
0,0,"ENSG00000231205.11"
3.94671281697022e-15,0.146990052149169,"ENSG00000237440.9"
0.00745861225255195,0,"ENSG00000188171.16"
0,0,"ENSG00000160229.13"
0.115608266668905,0,"ENSG00000105750.15"
0.0986987518392684,0.124038190055756,"ENSG00000279404.1"
0,0,"ENSG00000118620.13"
0.112217229984959,1.77858911047025e-16,"ENSG00000160352.16"
0,0.175326605286644,"ENSG00000196705.8"
2.40348586024603e-18,0.173310829096326,"ENSG00000268521.1"
0,0.183614513565646,"ENSG00000182141.10"
0,0,"ENSG00000268322.1"
0,0,"ENSG00000172687.13"
0,0.24005426822205,"ENSG00000196268.11"
0,0.370608424996524,"ENSG00000268119.6"
0,0.149660933241957,"ENSG00000268658.5"
0,0,"ENSG00000197013.10"
0.0146078273852603,0.49711052238933,"ENSG00000268555.2"
0,0,"ENSG00000197020.11"
0.140536436059082,0,"ENSG00000269845.1"
0,0.370597521090925,"ENSG00000198521.11"
0,0,"ENSG00000268438.1"
1.46148535722172e-18,0.0708203756466326,"ENSG00000160321.15"
0,0,"ENSG00000197134.13"
0.0716214166416676,0.684396822156771,"ENSG00000196109.9"
1.79019802101292e-08,0.314120676386651,"ENSG00000197360.9"
0,0,"ENSG00000269067.2"
0,0,"ENSG00000183850.14"
0,0.378762494309992,"ENSG00000196081.9"
0.181168741949238,0.334564388553953,"ENSG00000269837.1"
0,0,"ENSG00000284428.1"
0,0.748902991735028,"ENSG00000167232.14"
0,0.0650588194681929,"ENSG00000267934.1"
0,0,"ENSG00000268992.1"
0,0.00428547660661797,"ENSG00000197372.10"
0,0,"ENSG00000196172.9"
0.0515613842862141,3.83299629089857e-14,"ENSG00000233836.7"
0,0,"ENSG00000225178.5"
3.05113000167558e-12,0.0517371105422356,"ENSG00000213967.11"
0,0.0248304429141043,"ENSG00000268362.6"
0,0,"ENSG00000213096.10"
0,0,"ENSG00000279425.1"
0.161683028691758,0.502298629458891,"ENSG00000261824.7"
2.24306594629665e-18,0.0837790518121928,"ENSG00000261770.1"
0.234909183392696,0.323328068553764,"ENSG00000267575.7"
0,0,"ENSG00000281468.1"
0,0.27507372608123,"ENSG00000267339.7"
0.00429035596608019,0.649100408855353,"ENSG00000169021.6"
0.477166349436527,0.0624580844203722,"ENSG00000105171.10"
0,0.626421690778796,"ENSG00000166289.6"
0,0,"ENSG00000131943.17"
0.343039952619403,0.423037870312052,"ENSG00000105173.14"
0,0,"ENSG00000105176.18"
1.41816945039972e-12,0.14725139194051,"ENSG00000267006.1"
0,0,"ENSG00000121297.8"
0,0,"ENSG00000278875.1"
0,0,"ENSG00000168813.17"
0,0,"ENSG00000178904.19"
3.43615191361311e-12,0.395528666163931,"ENSG00000105185.12"
0,0.303384336452896,"ENSG00000105186.16"
0,0,"ENSG00000267475.1"
0.0420466760171522,0.201361822911064,"ENSG00000213965.3"
0,0.35751958153528,"ENSG00000121289.18"
0.166816767068194,0.0155597136305032,"ENSG00000131944.10"
0,0.0100910058618966,"ENSG00000131941.8"
0,0,"ENSG00000076650.7"
0.0793621369936052,2.10750944371084e-10,"ENSG00000130881.14"
0.24574263901542,0.179712078952117,"ENSG00000130876.11"
2.10456261992047e-11,0.0583831140906809,"ENSG00000267714.2"
0.107032993110741,0.0671608306179334,"ENSG00000245848.3"
0.148271765598207,0.480222594295284,"ENSG00000267296.2"
0,0.369119219899159,"ENSG00000153879.9"
0,0,"ENSG00000124299.15"
0,0,"ENSG00000153885.14"
0.357410756013736,0.155375749467319,"ENSG00000257103.8"
0.132846096242484,5.10697315380413e-12,"ENSG00000166398.13"
0.13270145156764,0.292159437723786,"ENSG00000105220.17"
4.13617726476359e-11,0.193095122613047,"ENSG00000126249.8"
6.28665937178584e-13,0.0172881765588966,"ENSG00000126261.13"
6.58517063155625e-12,0.18677104851264,"ENSG00000142279.13"
0.608869734746653,0.129632018076033,"ENSG00000205209.7"
0.15192230652663,0.354766832156295,"ENSG00000271049.1"
0.140444756546434,0.0168493239813956,"ENSG00000279329.1"
0,0.16612877787578,"ENSG00000089335.21"
2.22177471275755e-19,0.0407530626113864,"ENSG00000274104.1"
0.0720881287934478,1.05532892884807e-10,"ENSG00000197841.15"
0,0.383197532238679,"ENSG00000153896.18"
2.46911781301252e-12,0.457137049409391,"ENSG00000168661.14"
0,0,"ENSG00000180884.10"
0,0,"ENSG00000089351.14"
0.129347771623075,2.1875638035103e-20,"ENSG00000269303.1"
0.56512094588281,0.158636905592701,"ENSG00000105711.12"
0.0234872606855334,0,"ENSG00000105707.14"
0.0983652822689345,0,"ENSG00000153902.14"
0,0.29371453985238,"ENSG00000266964.5"
0.231325650041946,0.285197811775595,"ENSG00000089327.15"
0.257955799553942,0.150424610277098,"ENSG00000105699.16"
0.446134883997091,0.330347218485228,"ENSG00000268947.1"
0,0,"ENSG00000105698.16"
0.148802531633822,0.647661378082968,"ENSG00000012124.17"
0.0741498384492461,0.722539451057321,"ENSG00000126262.4"
0.0475235886529942,0.36029596630783,"ENSG00000161249.21"
0,0.0278759427614965,"ENSG00000189001.11"
1.09321114696156e-20,0.2404748636883,"ENSG00000236144.8"
4.01440691186535e-15,0.204826811260961,"ENSG00000105677.12"
1.53652056845007e-18,0.0302692948908668,"ENSG00000283907.1"
0,0,"ENSG00000249115.9"
3.19785136221087e-13,0.270178537273519,"ENSG00000126254.12"
0,0,"ENSG00000105672.14"
0,0,"ENSG00000126267.11"
0,0.0110199568265736,"ENSG00000011590.14"
0,0.344864108053196,"ENSG00000272333.5"
0,0,"ENSG00000126246.10"
0.337698991774566,1.07920555756811e-10,"ENSG00000161265.15"
0,0,"ENSG00000205155.8"
0,0,"ENSG00000267796.8"
0.00780532603849561,0.796838061222391,"ENSG00000004776.13"
0,0,"ENSG00000167595.15"
0,0.0305292398771892,"ENSG00000004777.18"
0,0.10693185416131,"ENSG00000161270.19"
0,0.15585099383738,"ENSG00000126259.19"
0,0.396941764347119,"ENSG00000105290.12"
0.0727050805428449,0.790177809331552,"ENSG00000243968.2"
0.0768351149438075,0.569946220537761,"ENSG00000167604.14"
0.117092713257574,0.560887423645186,"ENSG00000280194.1"
0.156100848471533,0.592691135813561,"ENSG00000011600.11"
0,0.0686990277085778,"ENSG00000126243.8"
0,0,"ENSG00000205138.3"
0,0.0448073633873801,"ENSG00000181392.17"
0,0,"ENSG00000239382.10"
0,0.132784245408139,"ENSG00000105270.15"
7.40913599457755e-22,0.0259439901100698,"ENSG00000161277.11"
0.126078219303884,0.608001905209004,"ENSG00000075702.18"
1.0242791316983e-12,0.188082750373908,"ENSG00000105258.9"
0,0.536096749235711,"ENSG00000105254.12"
0.091213002668241,0,"ENSG00000126247.11"
0,0,"ENSG00000270760.1"
0.0322072329319614,0.47464744421529,"ENSG00000161281.11"
0,0,"ENSG00000196357.11"
0,0,"ENSG00000167635.11"
0,0,"ENSG00000232677.8"
0.145664097226517,0,"ENSG00000142065.14"
0.190725083451681,1.97480961808915e-17,"ENSG00000181007.9"
0,0.106755496378756,"ENSG00000186017.14"
0.0898204775888657,5.81683870737859e-12,"ENSG00000267309.1"
0,0,"ENSG00000254004.7"
0,0,"ENSG00000186020.13"
0,0,"ENSG00000233527.9"
4.92462511402154e-13,0.202458947617084,"ENSG00000161298.18"
0.104145848472607,0.276386775200137,"ENSG00000197808.12"
0,0,"ENSG00000276071.1"
0.0176508600671298,1.19677902359272e-16,"ENSG00000225975.7"
0,0,"ENSG00000189042.13"
0.10964107706896,0.439360410960044,"ENSG00000267041.6"
0.0328152876269655,2.55509936025963e-15,"ENSG00000267254.7"
0,0,"ENSG00000197863.9"
0,0,"ENSG00000251247.11"
4.85351873774333e-12,0.165581283943357,"ENSG00000185869.14"
0,0,"ENSG00000198453.13"
0.252616547423743,0.0438624734418664,"ENSG00000197050.11"
0,0,"ENSG00000196967.10"
0,0.166090875207587,"ENSG00000245680.10"
0.211491198151612,0.0944535283805991,"ENSG00000188283.11"
0,0,"ENSG00000267605.7"
0,0,"ENSG00000226686.8"
0.684010294505643,1.24174084816254e-09,"ENSG00000286449.1"
0.231175750949765,0.345934886591098,"ENSG00000181666.18"
0,0,"ENSG00000267682.1"
0,0.329659748223553,"ENSG00000189164.15"
0.0316796896514557,9.55592670187913e-18,"ENSG00000196437.12"
0.0348370016017041,0,"ENSG00000171827.10"
0,0,"ENSG00000188227.13"
0,0,"ENSG00000267470.6"
0,0,"ENSG00000171817.17"
0.0723014996968611,0.39119240744429,"ENSG00000180479.14"
0,0,"ENSG00000120784.16"
0,0,"ENSG00000196381.11"
0,0,"ENSG00000198182.13"
7.04667991298328e-19,0.154323846482156,"ENSG00000189144.13"
0.428567050004229,8.50022428983575e-17,"ENSG00000267640.6"
0.0531772616261523,0.159975910439437,"ENSG00000105738.11"
0,1.84700087179622e-16,"ENSG00000011332.19"
0,0.549087549683012,"ENSG00000167642.13"
0.254883120011773,0.326961788222285,"ENSG00000167641.11"
0.0508886521869491,3.88951437692656e-10,"ENSG00000167645.17"
1.05047831241215e-10,0.18638698849518,"ENSG00000099337.5"
0,0,"ENSG00000099338.23"
8.4923022434586e-10,0.0792822089209318,"ENSG00000099341.11"
0,0,"ENSG00000179168.15"
0.224275038353401,0,"ENSG00000188766.12"
0,0.000329641872152317,"ENSG00000130244.12"
2.61278571333663e-24,0.579741817458565,"ENSG00000171777.16"
0.305333618892432,0,"ENSG00000196218.12"
0.150981513872789,0.589882868967666,"ENSG00000104814.13"
0,0,"ENSG00000178982.10"
0,0.0592966557402375,"ENSG00000130402.12"
0,0.484094838327611,"ENSG00000182472.9"
0,0,"ENSG00000267892.1"
0,0,"ENSG00000171747.9"
0.0743373178056484,0.266837910206205,"ENSG00000104823.9"
0,0.360796865566174,"ENSG00000268756.1"
0.0751839808876092,0.289222381525716,"ENSG00000104824.17"
0,0.078141971038023,"ENSG00000269688.1"
0.0701506804283953,0.315480305926866,"ENSG00000187994.14"
0.11497810847473,9.18879745516566e-11,"ENSG00000068903.20"
0,0.437537848806547,"ENSG00000104825.17"
0.133831302286125,0.00652305550984194,"ENSG00000104835.14"
0.298958154664976,0,"ENSG00000128626.11"
5.54365951383696e-19,5.05684449121281e-15,"ENSG00000269486.2"
0.10947007549888,0.484557497940904,"ENSG00000269190.6"
1.17683404261781e-11,0.223048656567436,"ENSG00000287271.1"
0.15915214476702,0.249344018735382,"ENSG00000161243.9"
0,0,"ENSG00000130669.17"
0.0557476779891605,0.425198646001794,"ENSG00000128011.4"
0.0994906164340413,0.522333689856272,"ENSG00000130755.13"
0,0,"ENSG00000269246.1"
0,0,"ENSG00000179134.15"
0,2.54008001170384e-17,"ENSG00000241983.3"
0,0.0109504072668193,"ENSG00000006712.15"
0,0,"ENSG00000063322.15"
0,0,"ENSG00000128016.7"
0,0,"ENSG00000266559.1"
0,0,"ENSG00000090924.15"
0,0,"ENSG00000105193.9"
0,0.193065824739058,"ENSG00000196235.14"
0.00218950700196401,0.529766361053877,"ENSG00000105197.11"
0,0,"ENSG00000090932.10"
0.41443307739428,0,"ENSG00000176401.6"
0.161250166551517,0.148586813298281,"ENSG00000176396.11"
0.26029693235234,0.428557611914167,"ENSG00000105205.7"
7.9301350418652e-13,0.22035321458157,"ENSG00000105204.14"
0.293963451191805,0.673063915702696,"ENSG00000105202.9"
0.314040046811348,0.363535933966521,"ENSG00000275395.6"
0,0.215303508652613,"ENSG00000013275.8"
0,0,"ENSG00000187187.14"
0,0,"ENSG00000269069.1"
0,0.254380506002309,"ENSG00000128000.16"
0,0,"ENSG00000197782.14"
0,0,"ENSG00000130758.8"
0,0,"ENSG00000105219.10"
0,0.319383635615991,"ENSG00000105221.18"
0,0,"ENSG00000205041.1"
0,0,"ENSG00000160392.13"
0,0,"ENSG00000105223.20"
0,0.210861085072727,"ENSG00000279759.1"
0,0,"ENSG00000160396.9"
0,0,"ENSG00000105227.14"
0,0,"ENSG00000197019.5"
0,0.0462710651931305,"ENSG00000167565.13"
0,0,"ENSG00000268366.1"
0.168004784464625,0.346346357452676,"ENSG00000090013.11"
0,0,"ENSG00000160460.16"
0.343120454721544,0.42215401122525,"ENSG00000160410.15"
0,0.356979249130285,"ENSG00000090006.17"
2.1450631349795e-12,0.409336393894706,"ENSG00000105245.9"
0,0.187418469409029,"ENSG00000123815.12"
0.185001452926276,0,"ENSG00000086544.3"
0.0639230291356698,4.04625085747486e-11,"ENSG00000188493.15"
0,0,"ENSG00000077312.9"
0,0,"ENSG00000167578.18"
2.13120965883369e-14,0.178998708553925,"ENSG00000269858.6"
0.092113194154894,0,"ENSG00000233622.3"
0,0,"ENSG00000237118.3"
0.287965325325454,0,"ENSG00000279108.1"
5.63015560743618e-16,0,"ENSG00000255974.8"
0.318420693725785,1.98950649033317e-14,"ENSG00000198077.10"
0.198854212997582,5.10436693140457e-11,"ENSG00000130612.16"
0.227197807778902,0.199914090909594,"ENSG00000167600.14"
0.198294691161133,0,"ENSG00000167601.12"
0,0,"ENSG00000269652.1"
0.0390155035629902,0.233538998089973,"ENSG00000105323.17"
0.13230039499392,0.66250060597137,"ENSG00000105329.10"
0.0403387373823785,0.626341521770726,"ENSG00000286177.1"
0.0126197323003504,0.469722351914659,"ENSG00000142039.4"
0,0.127716631719059,"ENSG00000142046.15"
0.0137195681534648,0.16029313403729,"ENSG00000123810.8"
0,0,"ENSG00000277744.1"
0,0,"ENSG00000077348.9"
0.0935048581798461,0.228365144368097,"ENSG00000248098.12"
0,0.50819884058855,"ENSG00000177191.2"
0,0,"ENSG00000105341.18"
0,0,"ENSG00000267107.8"
0.0486935847269258,0.0996236945139334,"ENSG00000268355.1"
0.337333608440078,4.2475535880573e-12,"ENSG00000007129.18"
0.126509495315584,0.470101372895012,"ENSG00000105352.10"
0.374239559063734,0.273202613873873,"ENSG00000086548.9"
0.0825898046604767,0.418664416014042,"ENSG00000170956.17"
0.0921357154119357,0.691218859714616,"ENSG00000105372.8"
0.1251845431141,0.591057725666704,"ENSG00000105369.9"
0,0.445883411098835,"ENSG00000076928.17"
5.41064398530924e-11,0.603031547028836,"ENSG00000268041.2"
0,0,"ENSG00000105404.11"
0.199129407561447,0.378746431475418,"ENSG00000105737.9"
0.219782341068983,0.558334295624482,"ENSG00000105732.13"
0.213576961884764,0.387496535139453,"ENSG00000028277.21"
0.133177895874553,0.598133562837665,"ENSG00000254887.1"
4.59210267680422e-12,0.426634040374275,"ENSG00000160570.14"
6.47974430518378e-09,0.0833470306717647,"ENSG00000167625.11"
0,0.154948192258592,"ENSG00000105723.12"
0,0,"ENSG00000279539.1"
0,0.06266402203303,"ENSG00000105722.10"
0,0.360636077695883,"ENSG00000079432.7"
0,0,"ENSG00000079462.7"
0,0,"ENSG00000105429.13"
0.171492786589942,0,"ENSG00000105427.10"
5.51475766592305e-13,0.507598634501346,"ENSG00000213904.9"
0.0984407092473276,0.311660440024402,"ENSG00000079435.10"
3.38109735541482e-18,0.808603696886004,"ENSG00000189377.9"
0,0.360633824832697,"ENSG00000079385.22"
0.0510321332820747,0.299605968583815,"ENSG00000124469.12"
0,0.736507893368681,"ENSG00000221826.10"
0.222318227472227,0.210731211369386,"ENSG00000225877.1"
0.262676976313539,0.387829957991436,"ENSG00000248257.7"
0.208625208538916,0.239285482535069,"ENSG00000170848.15"
0.0181174877068344,0.633773925173048,"ENSG00000243137.8"
0.174887732877983,0.207230082111842,"ENSG00000204936.10"
0,0.347342904326786,"ENSG00000124466.9"
9.04459232074148e-19,0.76149121981293,"ENSG00000176531.10"
0,0,"ENSG00000105755.8"
0,0,"ENSG00000176472.10"
0,0,"ENSG00000073050.11"
0,8.31755546451232e-05,"ENSG00000234465.11"
0.0288460248860188,0.517350658194278,"ENSG00000167378.8"
0.0269631302380981,3.23157591243498e-11,"ENSG00000124444.16"
0.183640870452293,2.02576372766292e-11,"ENSG00000226763.5"
0,0.13720192519695,"ENSG00000131116.12"
0.326231221956172,0.0518829936625128,"ENSG00000105767.3"
0,0.770870603961029,"ENSG00000011422.12"
0,0.214531911414316,"ENSG00000105771.14"
0.16283479922059,0.399172031246311,"ENSG00000104783.14"
5.39287670453457e-19,0.263582223801783,"ENSG00000159871.15"
0,0,"ENSG00000167637.17"
0.143766405865313,0,"ENSG00000176222.9"
0.218715726283107,0.236269562512041,"ENSG00000278917.1"
0,0.058819925349677,"ENSG00000267058.1"
0,0,"ENSG00000267191.2"
0,0,"ENSG00000124459.12"
0,0.332509082810585,"ENSG00000159905.14"
0,0,"ENSG00000204920.11"
0,0.179936536640542,"ENSG00000277806.1"
0,0,"ENSG00000159882.13"
0,0,"ENSG00000159885.14"
0.287861758459001,0,"ENSG00000186026.7"
0,0,"ENSG00000267680.5"
0,0,"ENSG00000186019.11"
0.222957281342371,8.031856115044e-16,"ENSG00000256294.8"
0,0,"ENSG00000263002.8"
0,0,"ENSG00000167380.16"
0.138326851561564,0.171751133363634,"ENSG00000131115.16"
0.0323485756003115,0.258723235251327,"ENSG00000159917.17"
0,0,"ENSG00000279103.1"
0.0520391877745403,0.283102091603944,"ENSG00000159915.12"
0.103852241865701,0.20421356825075,"ENSG00000062370.16"
0,0.771503940118124,"ENSG00000267508.5"
0,0.531490680535226,"ENSG00000278318.5"
0.128367497801747,2.15452835988521e-10,"ENSG00000167384.10"
0.118936759389717,1.80226181829548e-16,"ENSG00000073008.15"
4.63617833361153e-22,0.000695088274527877,"ENSG00000186567.13"
0,0.527697638305784,"ENSG00000069399.15"
0,0.0132008081397217,"ENSG00000187244.11"
0,0,"ENSG00000130202.10"
0.118995956347563,0.422739239871947,"ENSG00000130204.13"
9.97803647256622e-15,0.256326900330117,"ENSG00000130203.10"
0,0,"ENSG00000280087.1"
0.0027103132960361,0.76184971075161,"ENSG00000130208.9"
0,0.240485687002327,"ENSG00000104853.16"
0,0.216733923567226,"ENSG00000104856.14"
5.63059100590029e-12,0.236330516766311,"ENSG00000104859.15"
5.67325490832115e-11,0.291083606622883,"ENSG00000170684.9"
0,0,"ENSG00000267348.3"
0,0,"ENSG00000007047.15"
8.24083175029835e-12,0.0441131754947778,"ENSG00000104866.11"
1.0890514596047e-16,5.65034729974929e-17,"ENSG00000179846.9"
0,0,"ENSG00000007255.10"
0.0222058786256185,0.201957311237603,"ENSG00000189114.7"
0,0.63462254547089,"ENSG00000283632.2"
6.67878542635119e-18,0.0141694369505602,"ENSG00000104884.15"
0,0,"ENSG00000104881.16"
0,0.57248013305091,"ENSG00000117877.10"
6.49294946115166e-10,0.00907636397716676,"ENSG00000012061.15"
0,0,"ENSG00000125740.14"
0,0,"ENSG00000125744.12"
0,0,"ENSG00000213889.10"
0.189554284033127,0.758158702292718,"ENSG00000125753.14"
4.93341918347005e-21,0.196689201362659,"ENSG00000125741.4"
3.85669046142294e-20,0.185827627188925,"ENSG00000177464.5"
0,0.176011903864739,"ENSG00000125746.16"
0,0,"ENSG00000010310.9"
0,0,"ENSG00000125743.10"
0,0,"ENSG00000011478.12"
3.58667514689477e-20,0.115746370707936,"ENSG00000177051.6"
0.0329612401394559,1.36290939981258e-11,"ENSG00000279407.1"
0,0.384836710209854,"ENSG00000177045.10"
5.63289533041824e-16,0.167614011071719,"ENSG00000267395.5"
0,0,"ENSG00000104936.17"
0,0.0877049156588512,"ENSG00000185800.12"
3.36397699938234e-19,0.242132069958567,"ENSG00000125755.19"
0.467741746282962,0,"ENSG00000269148.1"
0,0,"ENSG00000170604.5"
0,0,"ENSG00000176182.6"
0.0653933803117217,0,"ENSG00000104967.7"
7.44731073466247e-20,0.0521385286625709,"ENSG00000104983.8"
0.212654311222337,0.339449019682469,"ENSG00000008438.5"
0.0309956712083807,0.416621440075514,"ENSG00000124440.15"
2.46943321991019e-12,0.0668057429144669,"ENSG00000011485.15"
0.102523160895535,0.741837928712513,"ENSG00000169515.8"
0.459244239587632,0.143721038744721,"ENSG00000182013.18"
3.26173118254569e-13,0.177378256234676,"ENSG00000230510.6"
0,0.0190204512791802,"ENSG00000204851.7"
0.320375360717756,0.626986139684962,"ENSG00000160014.17"
0,0,"ENSG00000160013.9"
0.166866683357623,0.181798186718069,"ENSG00000197380.11"
6.52570360776321e-15,0.472415116999058,"ENSG00000105287.12"
0,0.241625127765441,"ENSG00000090372.15"
0.102117374731582,4.3260191709682e-10,"ENSG00000181027.11"
6.98760527558072e-20,0.240958673301254,"ENSG00000105281.12"
0.278821001756732,0.368443851907143,"ENSG00000042753.11"
0,3.65451119422212e-16,"ENSG00000160007.19"
0,0,"ENSG00000279948.1"
0,0.101318369192402,"ENSG00000130751.10"
0,0,"ENSG00000130748.7"
4.40041202929064e-12,0.162788323121011,"ENSG00000130749.10"
0.0684376563170079,3.29632214064804e-18,"ENSG00000142230.13"
0,0.0896773057750848,"ENSG00000105327.17"
1.61369310770327e-09,0.0483361560580095,"ENSG00000105321.14"
0,0,"ENSG00000257704.4"
0.0495779265220229,0.37155520331881,"ENSG00000197405.8"
0,0.0126119569566659,"ENSG00000134830.6"
0,0.0494297683713688,"ENSG00000134815.19"
0,0.0725443987152549,"ENSG00000105419.18"
0,0,"ENSG00000118160.14"
0,0,"ENSG00000118162.14"
0,0,"ENSG00000268061.5"
3.47638928470394e-14,0.179672399445401,"ENSG00000105402.8"
0,0.0425987602672252,"ENSG00000279861.1"
0.0910995153364689,0.677652290700093,"ENSG00000118156.12"
0,0,"ENSG00000277383.1"
0,0.0235735876661109,"ENSG00000063169.10"
0,0,"ENSG00000278999.1"
0.0607899351925492,0.498902890473391,"ENSG00000024422.12"
0.0295116298557206,0.442247985157854,"ENSG00000105373.19"
0.217203377449667,0,"ENSG00000269656.1"
0,0.0869675564043979,"ENSG00000178980.15"
0.152707812349664,0.503796973489759,"ENSG00000105499.14"
0.129640905387366,0.540752024724191,"ENSG00000105486.14"
0,0,"ENSG00000185453.13"
0,0,"ENSG00000105483.18"
0,0,"ENSG00000280353.1"
0.348605562317833,0.114477419689462,"ENSG00000268583.2"
0.281359354247064,0.0772450300326654,"ENSG00000268001.1"
0,0.336068519276379,"ENSG00000105479.15"
0.130779721232733,0.347188070859095,"ENSG00000142227.11"
0.00612768148459771,0.742073348644724,"ENSG00000161558.11"
4.61967364319092e-12,0.403033520902256,"ENSG00000105438.9"
0,0.0404010635525778,"ENSG00000105464.3"
0,0,"ENSG00000105447.13"
0,0,"ENSG00000182324.6"
0,0.350781180558009,"ENSG00000105443.15"
0,0.00827355275290174,"ENSG00000142235.10"
0.19333215392525,0.429211563928543,"ENSG00000063177.13"
0,0,"ENSG00000268093.1"
0,0,"ENSG00000063176.16"
0.447963762962984,7.3510689106784e-15,"ENSG00000105516.11"
0.0715014538952273,0.271595936379841,"ENSG00000063180.9"
0,0,"ENSG00000176920.13"
0.0784553590641346,1.5429918237913e-12,"ENSG00000176909.12"
7.99943170723382e-12,0.103018391292984,"ENSG00000105538.10"
0,0.327803213146995,"ENSG00000174951.11"
0,0,"ENSG00000105552.15"
2.92192209555106e-10,0.138176615538241,"ENSG00000087076.9"
2.24401040297548e-21,0.17778027903905,"ENSG00000105559.12"
0,0.393479108922112,"ENSG00000087074.8"
0,0,"ENSG00000104804.8"
1.28182586009009e-20,0.0810413697087208,"ENSG00000104805.16"
0,0,"ENSG00000104808.8"
0.0728862987296093,0.776684583239656,"ENSG00000087088.20"
0,0,"ENSG00000267898.1"
0,0.344734966097102,"ENSG00000087086.15"
0,0.367926187555246,"ENSG00000104812.15"
0.449870626115842,0.29815832560954,"ENSG00000183207.14"
0,0.100869252793913,"ENSG00000104852.15"
0,0,"ENSG00000104863.12"
0,0,"ENSG00000177380.14"
0,2.24782644108146e-17,"ENSG00000130528.12"
0,0,"ENSG00000130529.16"
0,0,"ENSG00000063127.16"
0,0.102865380445438,"ENSG00000197813.6"
0.21765226332737,0.621501580811124,"ENSG00000104894.12"
0,0,"ENSG00000074219.13"
0,0,"ENSG00000104901.7"
0,0.168905094703054,"ENSG00000104888.10"
0,0.116293655381857,"ENSG00000104872.11"
0,0.00785422086064463,"ENSG00000161618.10"
0,0,"ENSG00000090554.13"
0,0,"ENSG00000142541.17"
0,0,"ENSG00000142534.7"
0,0,"ENSG00000104870.13"
0,0,"ENSG00000142552.8"
0,0.0437315337230096,"ENSG00000142546.14"
0,0.159737191541234,"ENSG00000126464.14"
0,0.647575058346374,"ENSG00000126458.4"
0,0,"ENSG00000126461.15"
0,0.0503978527924189,"ENSG00000126456.16"
0.0379877144646152,0.405906972041261,"ENSG00000126453.9"
0,0.254618732193237,"ENSG00000126457.21"
0,0.036743558559002,"ENSG00000169169.14"
0.026442770087645,0.653579934687635,"ENSG00000126467.11"
0.00668605064238002,0.47858263680752,"ENSG00000196961.12"
0.182583416105195,0.251359949396094,"ENSG00000010361.14"
0.248326575908852,0.514806335353548,"ENSG00000104973.18"
0,0.00591425763422101,"ENSG00000268006.1"
4.42615106299511e-13,0.176007309339904,"ENSG00000104960.15"
0,0.762027961806825,"ENSG00000269352.1"
0,0.0643638978833644,"ENSG00000039650.12"
0,0.222842199612681,"ENSG00000204673.10"
0,0,"ENSG00000104946.13"
0,0,"ENSG00000104951.16"
0.237164575758164,0.444105968771483,"ENSG00000213024.11"
0.0500390510067892,0.31705454432095,"ENSG00000169136.11"
0,0,"ENSG00000161640.15"
0,0,"ENSG00000105053.11"
0,0,"ENSG00000142528.16"
0.169633001000394,7.77371292657247e-10,"ENSG00000269091.6"
0.00426361335054011,0.366962869690607,"ENSG00000287001.1"
0.139881571957005,0.208518758980911,"ENSG00000105357.17"
0.138107620396555,0.072709199798342,"ENSG00000131398.14"
0,0.166280347577361,"ENSG00000131408.15"
0.0797119674707186,0.259344434442853,"ENSG00000131401.11"
0.105712445055858,0.45150878635045,"ENSG00000062822.14"
0.177560442760048,0.494044752956202,"ENSG00000269404.7"
0,0.206614246880626,"ENSG00000086967.10"
0.0402743027409801,0.290138792855249,"ENSG00000161671.16"
0.000690131848038289,0,"ENSG00000161677.11"
0,0.029514438376975,"ENSG00000204653.10"
5.62071598856349e-15,0.905574473709886,"ENSG00000161681.15"
0,0.70523601316156,"ENSG00000105472.13"
0.293064421693014,0.537734364809173,"ENSG00000167747.14"
2.87556543125344e-11,0.887541975341021,"ENSG00000167749.11"
0,0,"ENSG00000142544.7"
0.0219383678367826,0.703407777038692,"ENSG00000129450.8"
0.0956808112097371,0.326915033096213,"ENSG00000168995.13"
0.0956818740633909,0.430452126122231,"ENSG00000268849.5"
0.12540357889014,3.29830666348094e-21,"ENSG00000105383.15"
0,0,"ENSG00000186806.5"
0,0.299993718308263,"ENSG00000105379.9"
0,0,"ENSG00000268520.1"
0,0,"ENSG00000160318.6"
0.268691758431602,0.660941136414821,"ENSG00000105374.10"
0.106163794038473,0.627267791655308,"ENSG00000142512.15"
0,0,"ENSG00000105497.8"
0.0856826210023078,0.70617939342029,"ENSG00000254415.3"
0,0,"ENSG00000269959.1"
0,0,"ENSG00000182310.14"
0,0,"ENSG00000105509.10"
2.34682507195242e-13,0.553466315823985,"ENSG00000171051.8"
0.149349223784287,0.682887538078252,"ENSG00000171049.9"
0.125598736858935,0.116282578012349,"ENSG00000187474.5"
0,0,"ENSG00000161551.14"
0,0,"ENSG00000283236.1"
7.27178373955317e-09,0.0621145015877172,"ENSG00000198093.11"
0,0,"ENSG00000176024.18"
0,0,"ENSG00000269235.2"
0.153939743161573,0.471994625813663,"ENSG00000256683.7"
0,0,"ENSG00000197619.14"
0,0,"ENSG00000142556.19"
0,0,"ENSG00000256087.7"
1.41271508248732e-13,0.0497922905338234,"ENSG00000275055.1"
0,0.243575609253877,"ENSG00000197608.11"
0,0.335495270834482,"ENSG00000204611.7"
0,0,"ENSG00000196267.12"
0,0,"ENSG00000105568.18"
0,0.00311277496310369,"ENSG00000196214.11"
0,0.378893622791381,"ENSG00000269102.1"
0,0,"ENSG00000198464.14"
0,0,"ENSG00000167554.15"
0,0,"ENSG00000221923.9"
0,0.0712455807521214,"ENSG00000269834.6"
0.272330037885236,2.53893654584167e-14,"ENSG00000277977.1"
0,0,"ENSG00000167555.14"
0,0.126628183543541,"ENSG00000198633.10"
0,0,"ENSG00000258405.11"
0.450005873483521,1.17308474534655e-20,"ENSG00000288253.1"
3.27821094962809e-20,0.195646504282709,"ENSG00000198482.13"
0,0,"ENSG00000167562.12"
0.282844278389228,0,"ENSG00000123870.10"
0,0.101287975721723,"ENSG00000167766.18"
0,0,"ENSG00000268970.1"
0.113360624373153,1.1051624251094e-12,"ENSG00000269825.1"
0,0,"ENSG00000213020.10"
0,0,"ENSG00000189190.10"
0.0991487730829577,3.66304906303917e-11,"ENSG00000198538.11"
0,0,"ENSG00000204604.11"
0,0,"ENSG00000268225.2"
0,0,"ENSG00000182986.13"
0,0,"ENSG00000213793.5"
0.227232636771522,0,"ENSG00000180257.13"
0.267323678731222,0.138029647375321,"ENSG00000242779.7"
4.91535060359017e-20,0.0551318253852748,"ENSG00000170949.17"
0.111079854016634,3.94574320844605e-12,"ENSG00000170954.11"
0,0,"ENSG00000197937.12"
0.133292252201189,1.13309921520074e-15,"ENSG00000197497.11"
0,0,"ENSG00000269001.2"
1.29875124706157e-12,0.438335532163582,"ENSG00000197928.10"
1.06959524036205e-19,0.121972624333336,"ENSG00000213799.13"
0.0912191282844664,7.30579628615e-12,"ENSG00000203326.12"
0,0,"ENSG00000196417.13"
3.78473284044811e-22,0.026222101311261,"ENSG00000241015.2"
0,0,"ENSG00000287608.1"
0,0,"ENSG00000160336.15"
0.206811393447062,1.05867233355637e-22,"ENSG00000198346.11"
0,0.0598373247676633,"ENSG00000130844.18"
0.0859139723030894,0.458633145966051,"ENSG00000142405.21"
0,0,"ENSG00000179820.16"
2.94731249234671e-11,0.00907793264698044,"ENSG00000126583.11"
0,0,"ENSG00000142408.4"
0.150268139815792,0.45509747449464,"ENSG00000189068.11"
0.0148629187618731,0.656945224926844,"ENSG00000170909.13"
0,0.354204493673873,"ENSG00000170906.16"
4.70167932924878e-10,0.0151710962500709,"ENSG00000105619.13"
0.231326124480264,0.136597026049981,"ENSG00000105618.14"
0,0,"ENSG00000237017.1"
0,0.128199449356495,"ENSG00000088038.19"
0.0315084444269596,1.61408317290747e-10,"ENSG00000105617.4"
0,0,"ENSG00000167608.11"
2.13306855874628e-14,0.492476598927382,"ENSG00000125505.17"
0,0,"ENSG00000170892.12"
0.094432337015315,0.500769138253606,"ENSG00000170889.14"
0.200963354732456,0.271710165792005,"ENSG00000204577.11"
0.212883342514929,0.476791205460067,"ENSG00000244482.10"
0.0829391436520565,8.89389058243542e-22,"ENSG00000105609.16"
4.30337060636411e-12,0.704745507859698,"ENSG00000131042.14"
0.196652608090024,0.502979529868982,"ENSG00000187116.14"
0,0,"ENSG00000167613.16"
0.355446914691545,0.30179513798731,"ENSG00000167614.14"
4.80224554709581e-21,0.377621063556627,"ENSG00000267838.2"
0.14214690012053,0.555192391879702,"ENSG00000226696.6"
6.00526891782296e-14,0.253809343891705,"ENSG00000167615.16"
0,0,"ENSG00000275183.2"
0,0.676961297481393,"ENSG00000167617.3"
0.0431754583171397,0.589204167324966,"ENSG00000239998.6"
0.00568564830936128,0.425490978955389,"ENSG00000104974.12"
0,0.630006478536532,"ENSG00000104972.15"
4.33508287458042e-12,0.290094996707677,"ENSG00000186818.12"
2.18913096718429e-10,0.715528432912476,"ENSG00000186431.19"
4.63769984498172e-21,0.606871491352624,"ENSG00000189430.13"
0,0.194981548305158,"ENSG00000022556.16"
0.0270439036857078,0.525137213140245,"ENSG00000088053.11"
0.0673917036146877,1.05356072933685e-10,"ENSG00000160439.16"
0,0.0753096141037222,"ENSG00000131037.15"
0,0.114513607773164,"ENSG00000125503.13"
7.03133105890143e-20,0.0974756526928174,"ENSG00000080031.10"
0.165291537165048,0.401433632081036,"ENSG00000180089.5"
0.116416674803794,0.511853447972498,"ENSG00000105063.19"
0,0.308697943824603,"ENSG00000133265.11"
0.102603698262649,0.573865935664783,"ENSG00000160469.17"
3.37246906913493e-11,0.100694400267872,"ENSG00000180061.10"
4.1104667744289e-11,0.346261339410147,"ENSG00000133247.14"
0,0.150417109244661,"ENSG00000095752.7"
0,0,"ENSG00000233493.4"
2.86157183621219e-21,0.0290581324174394,"ENSG00000108107.14"
0.0896353082462987,0.546991035183487,"ENSG00000108106.14"
1.95688446057763e-09,0.60171993366194,"ENSG00000187902.11"
0.313199357263865,2.80776452505004e-20,"ENSG00000063241.8"
0.0557396939210153,0.593495432958075,"ENSG00000197483.10"
0.145120273002049,0.171154126659843,"ENSG00000090971.5"
3.73170736872731e-12,0.290342296608868,"ENSG00000179954.16"
0,0,"ENSG00000231274.5"
0,0,"ENSG00000218891.5"
0,0.373856871613332,"ENSG00000179943.8"
0.0107806572137182,0.211792048015762,"ENSG00000171443.7"
0,0,"ENSG00000261221.3"
2.38701581072103e-10,0.042467268054656,"ENSG00000276488.1"
0.260113071109555,0.284484011215199,"ENSG00000179922.5"
0,0,"ENSG00000213015.9"
0,0,"ENSG00000171425.10"
0.00695645950784781,0,"ENSG00000173581.7"
1.44336435828487e-10,0.437326222681444,"ENSG00000063244.12"
0,0,"ENSG00000267523.1"
0,0.298396327771929,"ENSG00000267096.1"
0,0,"ENSG00000063245.14"
0,0.580341836031214,"ENSG00000142409.6"
0,0,"ENSG00000167685.15"
0,0.430042411114523,"ENSG00000131848.9"
0.153376299156283,0.353459420211192,"ENSG00000267710.9"
0,0,"ENSG00000240225.10"
0.298344098380417,0,"ENSG00000018869.16"
0.494002044315468,0.0321049350061513,"ENSG00000285996.1"
0,0,"ENSG00000267454.6"
0,0,"ENSG00000198440.9"
0,0,"ENSG00000198046.12"
0,0.258067388260851,"ENSG00000166770.11"
0.0393562766317739,1.62175804612645e-11,"ENSG00000196263.8"
0,0.110686573295718,"ENSG00000196867.8"
0.246496092921724,1.81134226776084e-11,"ENSG00000269696.2"
0.0317371704449943,0.144697221428086,"ENSG00000197016.12"
9.92769983185414e-10,0.275912546201999,"ENSG00000197951.9"
0,0.174206800745768,"ENSG00000127903.14"
0,0.158661996246618,"ENSG00000198300.14"
0,0.0476503825801362,"ENSG00000083844.10"
0,0,"ENSG00000105146.13"
0,0,"ENSG00000204524.7"
0,0,"ENSG00000267871.6"
0,0,"ENSG00000197714.9"
0,0,"ENSG00000279541.1"
5.75124138567867e-13,0.207042704607726,"ENSG00000268205.1"
0,0,"ENSG00000178229.8"
0.188120952064617,0.0713328129715246,"ENSG00000131845.14"
0.150894913369583,0.296391891074353,"ENSG00000152433.14"
0,0,"ENSG00000256060.3"
0,0,"ENSG00000188785.12"
0,0,"ENSG00000186272.12"
0,0.278726013041058,"ENSG00000186230.7"
0.0860118339024746,0.131670808208731,"ENSG00000276449.1"
0.3578505185917,7.4242862721361e-19,"ENSG00000178201.4"
0,0,"ENSG00000197128.11"
0.521924387036799,0.00117479265896354,"ENSG00000268266.1"
0,0.0885886383176894,"ENSG00000105136.20"
1.85137379475792e-19,0.12921683201148,"ENSG00000152439.13"
0,0.0721312377007796,"ENSG00000121406.9"
0,0,"ENSG00000251369.8"
1.22281738492169e-09,0.189300465310997,"ENSG00000083817.9"
0.119322013273971,0.371678302945583,"ENSG00000171649.12"
0,0,"ENSG00000183647.10"
0,0.254691406580079,"ENSG00000213762.12"
4.66435986577614e-13,0.23731702718841,"ENSG00000121417.14"
0.202924641527926,0.258895131872291,"ENSG00000204519.11"
5.37509402856185e-13,0.66940555961069,"ENSG00000179909.15"
9.83706861009852e-20,0.420105309796723,"ENSG00000083814.13"
0.122256423047721,0.441292044993812,"ENSG00000152443.13"
0,0.138250049013422,"ENSG00000083828.16"
0,0,"ENSG00000178935.5"
0,0,"ENSG00000269343.8"
0.0090962886926099,2.64447145939052e-11,"ENSG00000269304.1"
0.08373697838009,0.425645194302352,"ENSG00000204514.10"
0,0.127984756894129,"ENSG00000198466.12"
8.97891662159964e-15,0.684393065833433,"ENSG00000269867.1"
0,0,"ENSG00000270804.1"
0,0,"ENSG00000173480.11"
0,0,"ENSG00000196724.12"
0,0,"ENSG00000152454.4"
6.42405586544549e-12,0.0303894554850804,"ENSG00000177025.3"
0.1179210116117,4.34792981947392e-09,"ENSG00000166704.11"
0,0,"ENSG00000176593.8"
0,0.184928244293584,"ENSG00000176293.19"
0,0,"ENSG00000121413.12"
0,0,"ENSG00000181894.15"
0,0.522690723844111,"ENSG00000171606.18"
0,0,"ENSG00000198131.14"
0,0,"ENSG00000268516.2"
0,0,"ENSG00000268201.1"
0,0.121296220459061,"ENSG00000278129.2"
0,0.00671403845957215,"ENSG00000267216.1"
0,0,"ENSG00000142396.10"
0,0,"ENSG00000283103.3"
0,0.305945364245202,"ENSG00000182318.6"
0.00171438423793336,0.564487484788588,"ENSG00000268230.5"
0.118001028112088,0.0749856051114373,"ENSG00000268895.6"
0.0185974870418787,1.89060410707892e-19,"ENSG00000174586.11"
0,0.21890752307858,"ENSG00000268049.1"
0.166018351809345,0.135492023946366,"ENSG00000269054.2"
0,0,"ENSG00000152475.7"
0,0,"ENSG00000083845.9"
0,0,"ENSG00000171574.18"
0,0,"ENSG00000232098.3"
0.0263851662023684,0,"ENSG00000268912.1"
0,0.205795426267315,"ENSG00000131849.12"
0.259413779745454,0.332806007373621,"ENSG00000269473.1"
5.67690352117843e-13,0.198027536568979,"ENSG00000249471.8"
0,0.213925968122279,"ENSG00000083812.12"
0,0,"ENSG00000083838.16"
0.230255598805446,0.105234252698691,"ENSG00000083807.10"
0,0.710273083016481,"ENSG00000119574.13"
7.21179598423377e-15,0.55105093767925,"ENSG00000130726.12"
0,0,"ENSG00000130724.9"
0.590937275634363,0.168773580789516,"ENSG00000130725.8"
0,0,"ENSG00000267858.6"
0,0.362066401775472,"ENSG00000099326.9"
0.263774997048405,0.290837759951475,"ENSG00000213753.11"
0.299291754195743,0,"ENSG00000196476.12"
0,0.512792026994111,"ENSG00000247315.4"
0,0,"ENSG00000286158.1"
0,0.139539245416776,"ENSG00000225377.6"
0,0.35918749237619,"ENSG00000177732.8"
0.175719462891887,0.353929839222126,"ENSG00000125841.13"
2.95047865343917e-11,0.0766252749060758,"ENSG00000101255.11"
0,0.0265120588398587,"ENSG00000125826.20"
2.51209331983692e-19,0.105248716075824,"ENSG00000125875.14"
0,0.107522884826208,"ENSG00000101266.19"
0.107218687213994,4.38669139856362e-13,"ENSG00000125878.6"
0.0730031652068928,0.26233514413091,"ENSG00000271303.1"
1.24549047845949e-12,0.678648315499801,"ENSG00000125898.13"
0.365002745033721,2.2444379088401e-11,"ENSG00000101280.8"
0,0,"ENSG00000286787.1"
0.0218455661360064,0.189546592810216,"ENSG00000125818.18"
3.48501711230663e-19,0.125695943235404,"ENSG00000215388.3"
0.0657218222489933,2.16373230758636e-22,"ENSG00000101298.15"
0,0,"ENSG00000125775.15"
5.68185294424549e-14,0.0381439081011483,"ENSG00000280162.1"
0,0,"ENSG00000234684.7"
0.0974800046894394,0,"ENSG00000229728.1"
0.350709384044853,0.0985368198945568,"ENSG00000088832.17"
0,0,"ENSG00000088833.17"
1.4392786801296e-13,0.441966206772024,"ENSG00000196209.13"
0.169562311352995,0.521775104199914,"ENSG00000101307.15"
0,0,"ENSG00000276649.1"
0.149205495787237,0.287182428513708,"ENSG00000198053.11"
0,0,"ENSG00000125834.13"
0,0.107095493489391,"ENSG00000286108.1"
0,0.397752516671838,"ENSG00000125835.18"
0,0,"ENSG00000088876.12"
6.60588753994517e-12,0.276599344544205,"ENSG00000101361.17"
0.0395329010263757,0.562883059038119,"ENSG00000101365.21"
0,0.311090404070916,"ENSG00000088881.20"
0,0.495297014950387,"ENSG00000088882.8"
0,0,"ENSG00000132635.17"
0,0,"ENSG00000215305.10"
2.16019075771932e-13,0.179553125749195,"ENSG00000132670.20"
0,0,"ENSG00000125901.6"
9.45286161282733e-22,0.0643632585424513,"ENSG00000263905.2"
0,0,"ENSG00000235958.5"
0.313271543661941,0.148836174641439,"ENSG00000185019.17"
0,0,"ENSG00000215251.4"
0,0,"ENSG00000088899.15"
0,0,"ENSG00000198171.13"
0,0,"ENSG00000125877.13"
0.111251913562794,0,"ENSG00000088836.14"
0,0,"ENSG00000277287.1"
0,0,"ENSG00000088854.12"
0,0,"ENSG00000088812.18"
0,0,"ENSG00000230568.1"
0,0.229088987869513,"ENSG00000149451.17"
0.309801446590752,0.177222346620057,"ENSG00000088827.12"
0,0,"ENSG00000132622.11"
0,0.419600822237624,"ENSG00000101220.17"
0.123478700255344,3.46311664574732e-14,"ENSG00000125817.8"
0.310501189477193,0.414067784990057,"ENSG00000101224.17"
0,0,"ENSG00000275491.1"
0.150211309504109,0,"ENSG00000125843.11"
1.27511284449219e-14,0.478499517586765,"ENSG00000088888.18"
0.127789894653657,0.581596665252249,"ENSG00000125779.22"
1.46044881981847e-23,0.424317532029801,"ENSG00000101236.17"
5.52627705452487e-19,0.0568832478917779,"ENSG00000226608.3"
7.09546310764134e-12,0.635124702708194,"ENSG00000088826.18"
0,0,"ENSG00000171867.17"
0,0.687050935202476,"ENSG00000101265.16"
1.08285353039443e-16,0.382410129346491,"ENSG00000089057.15"
0,0.281066835706613,"ENSG00000089063.15"
0.289884825949127,0.312771765291999,"ENSG00000132646.11"
0,0.258089681934583,"ENSG00000101290.14"
0.153409975853063,0.228363953328548,"ENSG00000205181.7"
6.13879785774705e-11,0.219005506812981,"ENSG00000125772.13"
0,0,"ENSG00000171984.15"
0.335049839656892,0.247487405017048,"ENSG00000089195.15"
1.03963004401495e-12,0.302504724918997,"ENSG00000125885.13"
0,0,"ENSG00000088766.12"
5.50151378893908e-19,0.138389388391201,"ENSG00000125872.8"
0,0,"ENSG00000101311.15"
0.024682775240164,9.36713446330389e-13,"ENSG00000234241.1"
0,0,"ENSG00000125845.7"
0,0,"ENSG00000125827.9"
0,0.223704732800164,"ENSG00000229766.7"
0,0.522771871022334,"ENSG00000182621.18"
0.0140651015648495,0,"ENSG00000101333.16"
0,0.0845838103071996,"ENSG00000132623.16"
0.213246729182824,0.037231477701444,"ENSG00000227906.8"
0,0.151682673323295,"ENSG00000132639.12"
0,0,"ENSG00000125863.20"
0,0,"ENSG00000149346.15"
0.034773179769275,0.37198108073146,"ENSG00000235036.4"
1.50051528933144e-19,0.0550551338685892,"ENSG00000101384.12"
0,0,"ENSG00000132640.15"
7.79604049479203e-11,0.0570039100193289,"ENSG00000236526.1"
0,0,"ENSG00000172296.13"
1.17546925542062e-19,0.140201191848148,"ENSG00000101230.6"
0,0,"ENSG00000089123.16"
0,0,"ENSG00000089048.14"
0,0,"ENSG00000101247.18"
0.21740845596548,0.489934856829478,"ENSG00000172264.17"
6.24076395244501e-19,0.137670927443624,"ENSG00000234187.1"
6.87002539272517e-09,0.00704649382161957,"ENSG00000125848.10"
0.261463827940432,0.202472541130723,"ENSG00000089177.18"
0,0,"ENSG00000125870.11"
0.119826913161601,0.00349525418792947,"ENSG00000125851.10"
0,0,"ENSG00000125864.14"
2.64689805084633e-19,0.440479463533801,"ENSG00000125868.16"
0,0,"ENSG00000202260.1"
0,0,"ENSG00000230495.1"
0,0,"ENSG00000125844.16"
0,0,"ENSG00000089006.16"
0,0,"ENSG00000212232.1"
7.91115039163501e-14,0.0611536969472577,"ENSG00000125871.14"
0,0,"ENSG00000232838.4"
2.01863403876284e-11,0.785053033743658,"ENSG00000149474.13"
0,0,"ENSG00000125846.15"
0,0,"ENSG00000230010.2"
0,0,"ENSG00000089091.16"
0,0,"ENSG00000132664.12"
0,0.0462773117973538,"ENSG00000089050.16"
0,0.310704789457823,"ENSG00000101310.17"
0,0,"ENSG00000232388.4"
0,0,"ENSG00000125821.12"
0,0.174409054493329,"ENSG00000273148.1"
0.0251254673090859,0.434006362513951,"ENSG00000185052.12"
8.33451106963339e-12,0.165028184446324,"ENSG00000132669.13"
0.100163014842304,3.0010534489088e-10,"ENSG00000173418.12"
0.100281751610536,0.295829451066261,"ENSG00000101343.14"
0,0,"ENSG00000188559.15"
3.50081941851115e-20,0.283976082737126,"ENSG00000088970.16"
0,0.137984031617264,"ENSG00000232712.6"
0.262364225047663,0.110638099763833,"ENSG00000275457.1"
0,0,"ENSG00000088930.8"
1.37606776476368e-13,0.214475953387831,"ENSG00000178726.6"
0,0,"ENSG00000125810.10"
1.31315284490789e-18,0.0840740453632814,"ENSG00000132661.4"
0.0555268716238969,0,"ENSG00000125812.16"
0,0,"ENSG00000125814.17"
0,0,"ENSG00000101439.9"
0,0.308918265552964,"ENSG00000101463.6"
0.127343726288362,0.631754041195218,"ENSG00000077984.6"
0,0.344492458948033,"ENSG00000101474.12"
0,0,"ENSG00000286444.1"
2.77209546685022e-10,0.595317951241969,"ENSG00000154930.15"
0,0,"ENSG00000197586.13"
0,0.168690685783562,"ENSG00000100994.12"
0,0,"ENSG00000276952.1"
0,0.00429044488318054,"ENSG00000100997.20"
1.30613489333942e-19,0.137351163063474,"ENSG00000101003.10"
0,0,"ENSG00000101004.15"
0,0,"ENSG00000170191.5"
0.0967467007975492,0.378924144576134,"ENSG00000213742.7"
0,0.0576811344000358,"ENSG00000130684.14"
0,0,"ENSG00000226465.3"
0,0,"ENSG00000175170.16"
0.0514066614402225,0,"ENSG00000287569.1"
0,0,"ENSG00000227195.11"
0.0697417494928681,0.510435825605923,"ENSG00000282826.2"
0,0,"ENSG00000282870.1"
0.0919226899678598,5.47946941580095e-11,"ENSG00000282995.1"
0,0.135446722363007,"ENSG00000149531.15"
2.78446996028239e-10,0.133623801016371,"ENSG00000101294.17"
0,0,"ENSG00000125968.9"
0,0,"ENSG00000131055.5"
0.0789129017164604,0.54315286145404,"ENSG00000171552.13"
0,0,"ENSG00000236559.1"
0,0.186136546022125,"ENSG00000281376.1"
0.0291171068011284,0.699021721095836,"ENSG00000088325.16"
0,0,"ENSG00000149599.15"
0,0,"ENSG00000131044.17"
0.0608510823218201,0.30622743077473,"ENSG00000088356.6"
0,0,"ENSG00000101331.17"
0.0938169783897814,0.629553051541438,"ENSG00000101336.14"
0,0,"ENSG00000101337.16"
0,0,"ENSG00000235217.6"
0,0.412928628017223,"ENSG00000126003.7"
0.0501296497159609,0,"ENSG00000101346.14"
0,0.192199324324311,"ENSG00000101350.8"
0,0.224084975213819,"ENSG00000171456.19"
0,0.22892417893811,"ENSG00000197183.14"
0.142322190425622,0.133639981194823,"ENSG00000236772.1"
0,0,"ENSG00000277301.1"
0,0.411267479808832,"ENSG00000149600.11"
0,0.302423932316311,"ENSG00000088305.18"
0,0.137703095954163,"ENSG00000101367.9"
0,0,"ENSG00000260536.1"
0,0,"ENSG00000260257.2"
0.0265707852200276,0.0888907144119581,"ENSG00000215529.12"
0.268173866156595,0.324481914749931,"ENSG00000186191.7"
0,0,"ENSG00000101391.21"
0,0,"ENSG00000101400.5"
0,0,"ENSG00000078699.21"
0.124647894758223,0.398518604781094,"ENSG00000125967.16"
0,0,"ENSG00000149609.6"
0,0,"ENSG00000182584.5"
0.141057352754559,0.414526833844844,"ENSG00000101412.13"
0.089233639275225,0.0114095008872102,"ENSG00000101417.12"
0,0,"ENSG00000131061.14"
0.0330251372586727,0.602407093109863,"ENSG00000101421.4"
0.298627630017967,2.16949331486193e-11,"ENSG00000285230.2"
0,0.348961183576929,"ENSG00000125970.12"
0,0,"ENSG00000228386.2"
0,0,"ENSG00000264616.1"
0,0,"ENSG00000125977.7"
0,0,"ENSG00000287853.1"
0.105157220279836,0.0583664022496021,"ENSG00000101444.13"
0,0,"ENSG00000078747.15"
0,0,"ENSG00000125971.16"
0,0,"ENSG00000101460.13"
0,0,"ENSG00000101464.10"
0,0.278244557656103,"ENSG00000198646.14"
0,0,"ENSG00000078804.13"
0,0,"ENSG00000131067.17"
0.042818836288445,0.546435654939803,"ENSG00000131069.20"
0,0,"ENSG00000100983.12"
0,0,"ENSG00000078814.15"
0,0.174717685620604,"ENSG00000100991.12"
0,0,"ENSG00000088298.13"
0,0.376429114728031,"ENSG00000101000.6"
5.27591022636371e-11,0.48860311049252,"ENSG00000126005.17"
0.306215813494678,0.368992452698793,"ENSG00000125966.10"
0.0359100497932096,1.21333328085986e-13,"ENSG00000279253.1"
0,0,"ENSG00000242372.8"
0,0.727076129687121,"ENSG00000101019.22"
0.26298211420635,0.36277520622003,"ENSG00000125965.9"
0,0.114201171052423,"ENSG00000126001.16"
0.08755945525998,2.17427695312629e-18,"ENSG00000125991.19"
2.37085426901617e-12,0.114953768583015,"ENSG00000088340.16"
1.55126438574876e-18,0.454607602014474,"ENSG00000061656.10"
0,0.361110997052707,"ENSG00000214078.12"
0,0,"ENSG00000222460.1"
0,0,"ENSG00000244462.8"
2.77744575783567e-13,0.415958453160661,"ENSG00000244005.13"
0,0.315895322004663,"ENSG00000125995.16"
2.83493798339913e-19,0.247065795792687,"ENSG00000131051.24"
0,0,"ENSG00000025293.17"
0,0,"ENSG00000199676.1"
0,0,"ENSG00000171222.10"
0,0.227416175437152,"ENSG00000260032.2"
0.0194377290156709,7.39026288560588e-11,"ENSG00000234139.4"
6.56319684221463e-05,0.00517471309767168,"ENSG00000088367.23"
0,0,"ENSG00000232406.7"
0,0,"ENSG00000131043.12"
0,0.165220146068665,"ENSG00000080845.17"
0,0,"ENSG00000232907.8"
0.0163713112786356,0.31368454730575,"ENSG00000101335.10"
0,0.515644214377903,"ENSG00000118707.10"
8.47426500872564e-10,0.0286042034157864,"ENSG00000101084.18"
0.104730305921248,0.795887306503501,"ENSG00000101082.14"
0.487610031468636,4.54550608787805e-11,"ENSG00000101079.21"
1.55937396886918e-19,0.184616245870575,"ENSG00000149636.15"
0.0117957101657958,0,"ENSG00000149639.15"
0.204634690945862,0.19582634415022,"ENSG00000101347.9"
0.102060582133278,0.117791586904721,"ENSG00000080839.12"
0.123168053994307,6.85910627788509e-13,"ENSG00000101353.14"
0,0,"ENSG00000118705.17"
0.253034627909192,0,"ENSG00000101363.12"
0,0.445108002133738,"ENSG00000197122.11"
0,0.115615479345527,"ENSG00000166619.15"
0,0.549547660930077,"ENSG00000053438.11"
0,0.000820937090677866,"ENSG00000132792.19"
0,0,"ENSG00000132821.12"
0,0.356395542045871,"ENSG00000101407.13"
7.07412467077792e-21,0.102523947128152,"ENSG00000101413.12"
0.00691726471006633,0.783793694654499,"ENSG00000198959.12"
0,0.0480921135137245,"ENSG00000149633.12"
0.0217561139480003,0.16506072945359,"ENSG00000277829.1"
0.206725731612099,0.503152165512963,"ENSG00000101425.13"
0.166827388026662,0.0258011551926,"ENSG00000129988.6"
0,0,"ENSG00000275285.1"
0.131959175241112,0.182148830274385,"ENSG00000224635.2"
0,0.196792898098439,"ENSG00000196756.13"
0.0819376733838856,0.329797908969813,"ENSG00000235408.5"
0.141467752141275,0,"ENSG00000174365.20"
5.81395715612e-20,0.156650677525432,"ENSG00000170471.15"
0,0,"ENSG00000231307.1"
0,0,"ENSG00000101442.10"
0.333005805370075,0.490378267094388,"ENSG00000101445.10"
7.1656480517773e-19,0.412899524579542,"ENSG00000240474.3"
0.079138971290961,0.70618648176137,"ENSG00000101447.15"
0,0,"ENSG00000101452.15"
3.52837353682059e-12,0.174109013396548,"ENSG00000204103.4"
0,0.448710933716407,"ENSG00000198900.6"
0,0.350060645562658,"ENSG00000226648.2"
0,0,"ENSG00000124181.14"
0.383541442921001,0.13066839518027,"ENSG00000174306.21"
0.132543910749204,0.109833975122785,"ENSG00000132793.11"
0,0,"ENSG00000124177.15"
0,0.0523829543444802,"ENSG00000124193.16"
0,0,"ENSG00000185513.16"
7.51103192919048e-15,0.801190666730956,"ENSG00000101049.17"
0,0,"ENSG00000101052.13"
0.150252615266704,0.408871366710973,"ENSG00000101057.16"
0.132245641516286,0.202397082298196,"ENSG00000124191.18"
0.42837464330047,8.92042143675704e-12,"ENSG00000149596.6"
0,0,"ENSG00000132823.11"
0,0.591206216612374,"ENSG00000223891.6"
0.0380421751188876,0.304269027568643,"ENSG00000124194.16"
0,0,"ENSG00000197296.6"
1.36175331029372e-19,0.190365386530464,"ENSG00000124120.11"
6.06680785877739e-13,0.437949922591538,"ENSG00000132824.14"
0,0,"ENSG00000168734.14"
0.0583416922467612,0.399490324171223,"ENSG00000196839.13"
2.11375818920485e-11,0.792170662149341,"ENSG00000064205.10"
0.264394070200184,0.0777741273556795,"ENSG00000124249.7"
0,0.490268355349715,"ENSG00000101098.12"
0,0,"ENSG00000166913.13"
0,0.119402780074106,"ENSG00000101104.12"
0.206481756386664,9.30987717465654e-12,"ENSG00000025772.8"
0.145966573755858,0.507039039010224,"ENSG00000101109.12"
0,0.71084393449757,"ENSG00000124134.9"
1.37056383508449e-10,0.375353684073632,"ENSG00000124102.5"
6.98750398652528e-20,0.195956777945042,"ENSG00000124107.5"
5.09754409868816e-11,0.111267663424574,"ENSG00000124145.6"
0.230403872030178,0.156568352683656,"ENSG00000275894.1"
0.0198986925735876,0.360565355143611,"ENSG00000204070.10"
0.176712960590914,0,"ENSG00000124251.11"
0,0.224522271142826,"ENSG00000244274.7"
0,0,"ENSG00000124155.18"
0,0,"ENSG00000124116.19"
0.223064705504905,0.341861582864908,"ENSG00000101457.13"
0.240914470524458,0.419210763977047,"ENSG00000175063.17"
0,0.476069679084919,"ENSG00000101470.10"
0,0.508490969553835,"ENSG00000124104.19"
0,0,"ENSG00000101473.17"
0,0,"ENSG00000132801.7"
0,0,"ENSG00000168612.4"
0,0,"ENSG00000149634.4"
0,0,"ENSG00000124257.6"
1.35014278177188e-19,6.74607482530795e-16,"ENSG00000064601.18"
0,0,"ENSG00000271984.1"
0.0623648353288971,2.71384713222219e-19,"ENSG00000100979.15"
0,0.574569346094167,"ENSG00000285796.1"
0.0586943606563768,0.246612355260153,"ENSG00000100982.12"
0,0.267355457893548,"ENSG00000198026.8"
0,0.75614095406028,"ENSG00000100985.7"
0.722420542039744,0,"ENSG00000124140.13"
0,0,"ENSG00000124160.12"
0,0.299466332024524,"ENSG00000101017.14"
0,0.484328954112942,"ENSG00000080189.15"
0,0.501518422450436,"ENSG00000273828.2"
0,0,"ENSG00000062598.18"
9.61704815266972e-12,0.228958016699915,"ENSG00000198185.11"
0.297749502188156,3.54151240747982e-20,"ENSG00000158296.14"
2.95380992333316e-20,0.198915810728361,"ENSG00000172315.6"
0,0,"ENSG00000197496.6"
0.00767992136368888,0.0680297276600949,"ENSG00000064655.19"
0,0,"ENSG00000236028.1"
0,0.0378892693653466,"ENSG00000215450.2"
0.0335168703683798,0.197840689763592,"ENSG00000101040.19"
0.114399678001766,0.484737136590604,"ENSG00000267882.2"
1.25751393630267e-14,0.179854092229655,"ENSG00000231119.2"
0.0628905397112901,0.117555948356451,"ENSG00000124151.19"
0.0768389384882114,0.191346156148352,"ENSG00000229853.1"
3.34367189158793e-14,0.038472239541364,"ENSG00000196562.14"
0,0,"ENSG00000255438.2"
0.0522258164890092,0.846523162577575,"ENSG00000124126.14"
1.19112511567211e-12,0.610078986960166,"ENSG00000286159.1"
0,0,"ENSG00000124198.9"
0,0,"ENSG00000124207.17"
0,0.337623254531569,"ENSG00000124214.19"
0,0.0424993651648587,"ENSG00000124228.14"
3.82971457977961e-12,0.462695486474837,"ENSG00000124201.15"
0.0154265573363417,0,"ENSG00000177410.13"
0.363344127762707,0.179975950247557,"ENSG00000209042.1"
0.255633197438965,1.25914057456994e-10,"ENSG00000158445.10"
0,0.356840332109118,"ENSG00000124212.6"
0,0.606749122091459,"ENSG00000158470.5"
0,0.387116512163757,"ENSG00000197818.11"
1.58796162695208e-12,0.0337172885183016,"ENSG00000237788.1"
0,0.0569903169803811,"ENSG00000158480.11"
6.41008495984135e-19,0.135432920316224,"ENSG00000124226.11"
0,0.0327692011014923,"ENSG00000229222.1"
0,0.114238541076971,"ENSG00000124216.4"
0.0266575025918772,0.137084298975235,"ENSG00000244687.11"
0,0,"ENSG00000240849.11"
0,0,"ENSG00000231742.6"
1.07458822067371e-09,0.0362893909516563,"ENSG00000277449.1"
0,0,"ENSG00000172216.6"
0,0,"ENSG00000224397.7"
0,0,"ENSG00000203999.9"
0,0.3095914840788,"ENSG00000196396.10"
0.0224214191604482,0.316213272466537,"ENSG00000239742.3"
0,0.0306018647750005,"ENSG00000232043.1"
0,0,"ENSG00000208018.1"
2.82036171569517e-07,0.663851261353189,"ENSG00000042062.13"
0.0609494105103286,0.502496393742981,"ENSG00000234693.1"
0,0,"ENSG00000124171.9"
2.53300932223052e-17,0.500586637005488,"ENSG00000124243.17"
0,0.0452194334517113,"ENSG00000101126.17"
0,0,"ENSG00000228663.1"
0,0,"ENSG00000259456.4"
0,0,"ENSG00000000419.12"
0.170715485652552,1.26649261311814e-12,"ENSG00000124217.5"
1.8311556587807e-10,0.159342395429768,"ENSG00000026559.14"
0.295405128070428,0.506234544174886,"ENSG00000101096.20"
0.114329633130319,0.351743553339745,"ENSG00000054793.14"
0,0,"ENSG00000101115.13"
0,0,"ENSG00000020256.20"
0,0.681638494078528,"ENSG00000182463.16"
0.0373529039750305,0,"ENSG00000286865.1"
0.0850332599871444,0,"ENSG00000223492.1"
1.2130873000435e-12,0.203403240350271,"ENSG00000231703.2"
7.09796831737988e-15,0.459031004532654,"ENSG00000197670.6"
6.26679841500496e-20,0.0605686893216211,"ENSG00000171940.13"
2.55399989079984e-12,0.0260832431793577,"ENSG00000064787.13"
0,0,"ENSG00000101132.10"
0.0194840420075449,0.0816945287520112,"ENSG00000101134.12"
0.00529631917448618,0.877222687971247,"ENSG00000054803.4"
0,0.0716670286115147,"ENSG00000124098.10"
0.218297176939052,0.501605298622982,"ENSG00000087586.17"
1.29935285170155e-15,0.00184088790769921,"ENSG00000101138.12"
0.128150175546976,0.631626090854845,"ENSG00000087589.16"
0,0.000938546949749501,"ENSG00000022277.12"
0,0.159307716132496,"ENSG00000124091.9"
0,0,"ENSG00000101144.13"
0,0,"ENSG00000101146.13"
0,0,"ENSG00000228995.1"
0.149980601058491,0.275993827639574,"ENSG00000256222.3"
0.263136690052211,0.542899908104808,"ENSG00000218018.3"
0.304171474563969,0.541922856382135,"ENSG00000132819.17"
0.0548689837750489,0.118710741565496,"ENSG00000124253.11"
0,0,"ENSG00000124256.15"
0,0,"ENSG00000124225.16"
0,0,"ENSG00000278709.2"
0,0.126429528901013,"ENSG00000124224.17"
0,0.386224467149324,"ENSG00000124209.4"
0,0,"ENSG00000124164.15"
0,0,"ENSG00000198768.11"
0.0223582127564652,0,"ENSG00000231290.6"
0.154978103324196,0.347657014677501,"ENSG00000124222.22"
0,0.217238271544942,"ENSG00000254995.4"
0,0.180132337814851,"ENSG00000215440.12"
0,0,"ENSG00000087460.25"
0,0,"ENSG00000285091.1"
8.44199999123863e-21,0.118419364716177,"ENSG00000101158.15"
2.99114063669224e-09,0.177602358690836,"ENSG00000101160.14"
0.132414924443726,0.585704387154547,"ENSG00000101162.3"
0,0,"ENSG00000124172.10"
0,0,"ENSG00000101166.16"
0.154932914354312,0.613945206416229,"ENSG00000124203.6"
0.0686653709428718,0,"ENSG00000087495.17"
0.0353572275210976,0.0965525984505911,"ENSG00000196074.13"
0,0,"ENSG00000196227.11"
3.20762516885133e-21,0.557367561811183,"ENSG00000132825.7"
0,0,"ENSG00000124215.17"
2.7855574894428e-19,0.236794489433878,"ENSG00000228340.6"
0.291540942332512,2.7767813005977e-10,"ENSG00000179242.16"
6.39988760920908e-13,0.11192651898033,"ENSG00000130699.18"
0.255661367760327,0.496635675911244,"ENSG00000149657.20"
0,0,"ENSG00000101182.15"
0.00159872254658982,0.580728188491098,"ENSG00000184402.15"
0,0,"ENSG00000101181.17"
5.50708243139931e-09,0.442818293686228,"ENSG00000130703.16"
0.233446788980654,0.542014209523614,"ENSG00000130706.13"
0.39632854967762,0.429719611045796,"ENSG00000226332.2"
0,0,"ENSG00000130702.15"
0.0975991558282857,0,"ENSG00000273619.1"
0,0,"ENSG00000171858.18"
8.89520601747825e-12,0.367153617227984,"ENSG00000149679.11"
0,0.0856940473533718,"ENSG00000275437.1"
0.0463564083226117,0.305207004492067,"ENSG00000273812.3"
0,0.502574091724106,"ENSG00000101187.16"
0,0.544409779798401,"ENSG00000277496.1"
2.74776129541329e-19,0.26381316485703,"ENSG00000101189.7"
0,0.243694211970595,"ENSG00000060491.16"
0,0.154751144701061,"ENSG00000092758.18"
1.32450552323431e-22,0.0762281235146232,"ENSG00000101190.13"
0,0.504792071907188,"ENSG00000101191.16"
0.10658604108602,0.21834928164958,"ENSG00000273759.1"
0.147991017803519,0.29913756776768,"ENSG00000101193.8"
3.38986765293917e-11,0.409997002307013,"ENSG00000101194.18"
0.0918888568501769,0.265509642907298,"ENSG00000149658.18"
0,0.0774022803065768,"ENSG00000101199.13"
0,0,"ENSG00000101210.12"
0.238222360118711,0,"ENSG00000125534.10"
0.022602753156593,0.570789290878082,"ENSG00000101213.7"
7.99294753251938e-22,0.234643589527255,"ENSG00000125531.7"
0,0.15083258293222,"ENSG00000130589.16"
0,0.119981201368648,"ENSG00000101216.11"
5.00658954548507e-13,0.0327455174410448,"ENSG00000232442.1"
0,0,"ENSG00000197457.10"
0,0,"ENSG00000258366.8"
0,0,"ENSG00000026036.22"
1.27703716906358e-21,0.00695879282737751,"ENSG00000101246.20"
0,0,"ENSG00000197114.11"
0,0.467533734192179,"ENSG00000203896.10"
0.124698378014769,0.0922705338090944,"ENSG00000125520.14"
0,0,"ENSG00000130584.11"
2.51973405922827e-11,0.220821142828652,"ENSG00000268858.2"
1.94856656397962e-20,0.114630060982001,"ENSG00000101150.17"
0,0.420915181867989,"ENSG00000101152.11"
0.00414296735562129,4.75286366111439e-13,"ENSG00000199805.1"
0,0.430331648650873,"ENSG00000198276.16"
0,0,"ENSG00000280213.1"
0,0,"ENSG00000196700.9"
0,0,"ENSG00000130590.14"
0,0,"ENSG00000101161.8"
0,0,"ENSG00000196421.8"
0,0,"ENSG00000203883.7"
0,0,"ENSG00000171703.17"
0.0994577760069582,0.726047076441214,"ENSG00000171700.14"
0.0967517114239192,3.1715340561717e-13,"ENSG00000203880.12"
0.364024545382751,0.0872900431362255,"ENSG00000280071.4"
0.0766105360002552,0,"ENSG00000275464.5"
0,0.0626775230198395,"ENSG00000280433.1"
0.0757579312510273,0.354640860841407,"ENSG00000275993.3"
0.270078997972223,0.196057030435119,"ENSG00000274276.4"
0,0.0429018885763164,"ENSG00000275895.7"
0.0532796205325645,0.166590812468589,"ENSG00000281383.1"
0.0851466689353299,9.01437312148405e-10,"ENSG00000188681.11"
0.29579756795519,0.0596513447836365,"ENSG00000230965.1"
0.485668585296172,1.1135939254533e-10,"ENSG00000215559.8"
0.56316710786205,0.0849948123627995,"ENSG00000203616.2"
0.423769484791424,0,"ENSG00000224905.7"
0.18460460347593,0.316800194479731,"ENSG00000243064.8"
8.95426428743985e-09,0.0350184359189817,"ENSG00000155304.6"
0.0224188957474578,0.794061518718371,"ENSG00000155307.18"
0,0,"ENSG00000226751.2"
0,0,"ENSG00000235609.7"
0,0,"ENSG00000281903.2"
0,0,"ENSG00000226406.1"
0,0.0816558786813489,"ENSG00000180530.11"
0,0.130720344582283,"ENSG00000231201.1"
0.136067293514366,8.40824353155921e-19,"ENSG00000279390.1"
3.09874604805176e-15,0.662256815628677,"ENSG00000155313.15"
1.91658916684732e-15,0.331191354152888,"ENSG00000215386.13"
0,0.217920310158939,"ENSG00000270071.3"
0,0.0885441322203128,"ENSG00000270139.1"
0.0877591673459298,0.0174757408531578,"ENSG00000287066.1"
0.0237483663119424,8.88925901485181e-12,"ENSG00000280432.1"
0.102772935039352,0.264266515172385,"ENSG00000269950.1"
0.137662853394417,0.427317061680275,"ENSG00000154639.19"
7.67044247433615e-13,0.27280950853018,"ENSG00000154640.14"
0,0.0680652312937438,"ENSG00000280594.1"
0,0,"ENSG00000154642.11"
0.0267752171235531,3.17598234193617e-12,"ENSG00000154645.14"
0,0,"ENSG00000198618.5"
0,0,"ENSG00000229336.1"
0,0.800219006180413,"ENSG00000154654.15"
0.110917654657177,0.196759370907689,"ENSG00000237484.6"
0,0.241737951436606,"ENSG00000213885.4"
0,0.147152331295956,"ENSG00000234883.6"
3.31754297617211e-24,0.0703635656496879,"ENSG00000260583.1"
3.26830807566166e-15,0.632754598158457,"ENSG00000154719.13"
1.79866666965894e-18,0.23172469560995,"ENSG00000154721.15"
0,0.433901484515697,"ENSG00000154723.12"
2.15637154585879e-14,0.121680070633603,"ENSG00000154727.10"
0,0.110395282692081,"ENSG00000142192.21"
0,0,"ENSG00000233783.8"
0,0.190233329614809,"ENSG00000166265.13"
0,0,"ENSG00000154734.15"
0,0.253728658634707,"ENSG00000154736.6"
0.0141556935080085,0.953263171133604,"ENSG00000232079.7"
0,0.550584900403331,"ENSG00000236532.6"
0.168273142701238,2.67183522551049e-09,"ENSG00000232855.7"
1.94098726345879e-20,0.418329654341,"ENSG00000156239.12"
0,0,"ENSG00000198862.14"
0.13793083175304,1.02559790953774e-10,"ENSG00000156253.7"
0,0,"ENSG00000273254.1"
0,0.00750234531190581,"ENSG00000156256.15"
0,0,"ENSG00000156261.13"
0,0,"ENSG00000231125.2"
7.85892687712014e-12,0.178418152221184,"ENSG00000286018.1"
0.0418633937817626,0.358581168013051,"ENSG00000156265.15"
9.30884282761553e-13,0.233259197193614,"ENSG00000156273.16"
0,0.0650608033470883,"ENSG00000248476.1"
0,0.129532534713248,"ENSG00000232118.2"
0.242762849239822,0.324770748347134,"ENSG00000228817.4"
1.22789091576226e-11,0.371940465993755,"ENSG00000171189.17"
0,0.137087628143546,"ENSG00000156299.13"
1.7990084843459e-19,0.338147204588839,"ENSG00000142168.14"
0,0,"ENSG00000238390.1"
0,0,"ENSG00000273271.1"
0,0.279091232274971,"ENSG00000156304.15"
0,0.419506574378407,"ENSG00000142149.9"
0.048199281047378,0.433783986899239,"ENSG00000159055.4"
2.92582583238173e-11,0.10455514862802,"ENSG00000170262.12"
0.16955305570733,6.58580384942518e-17,"ENSG00000232623.1"
0.288892352758422,8.52058274465926e-23,"ENSG00000142207.7"
0,0.0649925612291201,"ENSG00000200792.1"
0,0,"ENSG00000256073.3"
0,0.184053814128968,"ENSG00000166979.13"
0.109612138034309,0.142686959480478,"ENSG00000159079.19"
9.07015445158768e-20,0.216903551606922,"ENSG00000159082.17"
0,0,"ENSG00000238197.6"
0,0.0712057428522802,"ENSG00000159086.15"
0.0582987452427504,0.44933738392429,"ENSG00000205930.10"
0,0,"ENSG00000205929.11"
0.0458827173760075,0.758451565264248,"ENSG00000184221.13"
0.0759828512460628,0.398135057607635,"ENSG00000159110.19"
0,0,"ENSG00000223799.1"
0,0,"ENSG00000243646.10"
0,0,"ENSG00000142166.13"
0,0.0405346137254418,"ENSG00000159128.14"
0,0,"ENSG00000142188.17"
0,0,"ENSG00000177692.11"
0,0,"ENSG00000159131.17"
0,0.242549076463342,"ENSG00000159140.20"
0.141536143541827,0.239890034789516,"ENSG00000159147.18"
0,0.479208740303471,"ENSG00000205758.12"
0,0.327862228972104,"ENSG00000205726.15"
0,0,"ENSG00000241837.7"
0,0.18400327620476,"ENSG00000237945.7"
0,0.0520767556983772,"ENSG00000243927.6"
0,0,"ENSG00000198743.7"
0,0,"ENSG00000224598.1"
0,0.476999746290154,"ENSG00000227456.9"
2.09560813546613e-13,0.443319173427864,"ENSG00000180509.12"
0,0,"ENSG00000159200.18"
0.153281039316466,0.0341321036830828,"ENSG00000159212.12"
0,0,"ENSG00000234380.2"
0,0.288528493924113,"ENSG00000159216.18"
0,0,"ENSG00000286153.1"
0,0.603828600140838,"ENSG00000231106.2"
0,0,"ENSG00000185917.13"
0,0,"ENSG00000159228.13"
0,0,"ENSG00000236830.7"
0,0,"ENSG00000159231.6"
3.45332774098615e-11,0.220251305711745,"ENSG00000142197.12"
0,0.395294143396184,"ENSG00000273199.1"
7.88742953197635e-12,0.00871558524712072,"ENSG00000159256.13"
0.098862691413612,0.583315539354344,"ENSG00000228107.1"
0,0.543784452590587,"ENSG00000159259.8"
3.01064224079362e-22,0.0925565485908818,"ENSG00000159263.16"
2.2225352233219e-11,0.0514133057324014,"ENSG00000159267.14"
0,0,"ENSG00000237646.1"
0,0,"ENSG00000224790.3"
0,0,"ENSG00000185808.13"
0.032928874519032,3.16779709276697e-12,"ENSG00000182670.13"
0,0,"ENSG00000270116.1"
0.217560840007018,5.90583534198526e-09,"ENSG00000228677.1"
0,0,"ENSG00000230366.9"
0,0,"ENSG00000263969.2"
0,0,"ENSG00000157538.14"
0,0.312894418691533,"ENSG00000157540.21"
0,2.45608799122377e-16,"ENSG00000157542.11"
0,0,"ENSG00000157551.19"
5.71543217807041e-19,0.142780878554176,"ENSG00000226012.1"
0.068519325730829,0.14026745084742,"ENSG00000231123.1"
1.6886986462187e-19,0.0465398593150017,"ENSG00000157554.19"
0,0.46200056829972,"ENSG00000157557.13"
0.322074727838823,0.4247701827397,"ENSG00000205622.11"
0,6.5297315006728e-15,"ENSG00000235888.3"
0.207032586345966,0.430031458833419,"ENSG00000183527.12"
0,0.51196763380444,"ENSG00000185658.13"
0.0947865788626928,0.398861289711426,"ENSG00000205581.11"
0,0,"ENSG00000182093.16"
0,0,"ENSG00000157578.13"
0.111939248184379,4.69564638455971e-13,"ENSG00000182240.16"
0,0,"ENSG00000280109.3"
3.94314901135864e-12,0.465627401477702,"ENSG00000183486.13"
3.67751402994512e-16,0.471916064557918,"ENSG00000157601.14"
0.136474731047392,0.138176130432193,"ENSG00000183421.12"
0,0.301354892280725,"ENSG00000141956.13"
0.216872035122509,0.243024245778332,"ENSG00000157617.17"
0,0,"ENSG00000173276.14"
0.16153434921706,0,"ENSG00000237232.8"
0.256930435257825,0.50642256266757,"ENSG00000160179.18"
0.0358985026984285,0.643391369728462,"ENSG00000160180.15"
0.0574991491052845,0.341633565178424,"ENSG00000160185.15"
0.0454051830403265,0.608801754754378,"ENSG00000160190.14"
0,0,"ENSG00000160191.18"
0,0.480064113910426,"ENSG00000160193.12"
0.105092104011143,0.28548278657844,"ENSG00000160194.18"
3.36702686434126e-10,0.0206104827396575,"ENSG00000233056.2"
0,0,"ENSG00000160199.15"
0,0,"ENSG00000160200.17"
0.331828772714134,0.177033360307542,"ENSG00000160201.11"
0.00523235998151479,0.629096773547027,"ENSG00000237989.1"
0.0503535900646601,0.469999039426572,"ENSG00000160207.9"
1.66896683699493e-11,0.0905550174231656,"ENSG00000160208.13"
2.7293592678838e-19,0.131217958149892,"ENSG00000160209.19"
0,0.156959575915743,"ENSG00000160213.7"
0,0,"ENSG00000160214.13"
0,0,"ENSG00000215458.8"
0,0.431049550568392,"ENSG00000160216.19"
0,0.261748425947497,"ENSG00000160218.13"
0.641008626421936,1.01249704043082e-13,"ENSG00000241945.8"
0.468703483514136,1.0750734202601e-21,"ENSG00000160221.18"
2.29887709757721e-21,0.0944678229757976,"ENSG00000141959.17"
4.47436054403994e-13,0.233743843488529,"ENSG00000160226.16"
0,2.23183413020484e-16,"ENSG00000184441.4"
3.49202761640514e-22,0.493854501271245,"ENSG00000142185.16"
0.155283525800248,0.395752153706313,"ENSG00000160233.8"
0.0477026334036141,1.80854225583326e-18,"ENSG00000235890.2"
0.0400892251636997,0.378488349759701,"ENSG00000184787.19"
0,0,"ENSG00000184900.15"
0,0.152824741434959,"ENSG00000183255.12"
0.0696080838430487,0.715043348531742,"ENSG00000160255.18"
0.00978153133294851,0.560065773796426,"ENSG00000227039.6"
5.96407344714231e-22,0.093329316905083,"ENSG00000183250.12"
0,0,"ENSG00000272825.1"
0.00998927210005638,0.232996932859513,"ENSG00000160256.13"
0.621446016612223,0.0471736922419115,"ENSG00000235374.2"
0.0500653375786848,0.718867177180768,"ENSG00000197381.16"
0,0,"ENSG00000186866.16"
0,0,"ENSG00000223768.2"
0,0,"ENSG00000182871.16"
0,0,"ENSG00000224574.1"
0,0,"ENSG00000183535.9"
0,0.00925665211334254,"ENSG00000173638.19"
0,0,"ENSG00000183570.16"
0,0.164215158975693,"ENSG00000275139.1"
0,0.179278049501616,"ENSG00000286886.1"
0,0,"ENSG00000280604.1"
0,0.12838456926114,"ENSG00000142156.14"
0,0.106866700824933,"ENSG00000142173.15"
0.570176866750123,0.117926308156655,"ENSG00000160284.15"
0,0,"ENSG00000160285.15"
0,0,"ENSG00000223901.2"
0,0,"ENSG00000215424.10"
0,0,"ENSG00000160294.11"
0,0,"ENSG00000239415.1"
0,0,"ENSG00000182362.14"
1.50252564327892e-10,0.345727187132474,"ENSG00000160298.17"
0,0.410386272297908,"ENSG00000160299.17"
0,0.128397499503805,"ENSG00000225043.1"
1.10411958544802e-12,0.220588953544734,"ENSG00000160305.18"
0.0594662409340333,0.63356906778271,"ENSG00000160307.10"
2.11568572590313e-21,0.377784712909368,"ENSG00000160310.18"
0.10665229813879,8.779244087177e-15,"ENSG00000230982.1"
0.540102148184849,0.167204370594599,"ENSG00000286406.1"
0,0.0069186227512923,"ENSG00000206195.11"
0.153162757225342,0.6997921026056,"ENSG00000100181.22"
0,0.272270800493527,"ENSG00000283633.1"
0,0,"ENSG00000237438.7"
0,0.188381487435432,"ENSG00000273203.1"
0,0.424310559457586,"ENSG00000177663.13"
0.485753355586641,5.73201658921877e-12,"ENSG00000069998.12"
0.202405018764537,0.497954848999472,"ENSG00000093072.18"
0,0.129838837489545,"ENSG00000099954.18"
0,0,"ENSG00000229492.1"
0.00734158703672883,0.387029102136292,"ENSG00000182902.14"
0,0,"ENSG00000236754.5"
5.14035268759353e-18,0.0641848289500787,"ENSG00000131100.13"
6.27838482082763e-13,0.0562642118236239,"ENSG00000099968.18"
0.00271512297661102,0.660026682636624,"ENSG00000015475.18"
0,0.357593993069086,"ENSG00000269220.1"
0,0.588986206375147,"ENSG00000243156.9"
0,0,"ENSG00000093100.13"
1.48597213872074e-16,0.0885408870183941,"ENSG00000235445.1"
5.33923274376091e-10,0.460750109532398,"ENSG00000215193.12"
0,0,"ENSG00000280007.1"
0,0,"ENSG00000184979.10"
0.434872416216243,0.332366202899711,"ENSG00000274602.5"
0,0,"ENSG00000070413.20"
0,0.127918695423933,"ENSG00000206739.1"
0,0,"ENSG00000273311.1"
0,0,"ENSG00000281530.1"
0,0,"ENSG00000100056.12"
0,0,"ENSG00000260924.2"
0.0546369956295583,0.317213842064316,"ENSG00000100075.10"
0,0,"ENSG00000070371.16"
0,0,"ENSG00000233471.2"
0,0.226485063389358,"ENSG00000100084.14"
0,0,"ENSG00000242259.8"
2.58734859333362e-20,0.0450458520367082,"ENSG00000185608.8"
0,0,"ENSG00000070010.19"
0.193014437448548,0.469677735069641,"ENSG00000093009.10"
0,0,"ENSG00000184113.9"
0,0,"ENSG00000184058.14"
0,0,"ENSG00000185838.14"
0,0,"ENSG00000215012.9"
0,0,"ENSG00000184470.21"
0,0,"ENSG00000093010.13"
5.93095677372332e-11,0.510085021495647,"ENSG00000099889.14"
2.13218933114586e-12,0.320296640888522,"ENSG00000183597.16"
0,0.194386663710997,"ENSG00000236540.7"
0,0.344268111398801,"ENSG00000128191.16"
0,0.0241426379236205,"ENSG00000099899.15"
0,0.0777479256966982,"ENSG00000099901.17"
5.06946204370409e-11,0.29433573905599,"ENSG00000099904.15"
0,0,"ENSG00000234409.7"
0,0,"ENSG00000128185.10"
0,0,"ENSG00000185252.19"
1.62059232437916e-11,0.372249311690086,"ENSG00000244486.8"
0,0,"ENSG00000099910.17"
0,0,"ENSG00000215493.3"
0,0.00226295079555494,"ENSG00000236670.1"
0,0.0503441967830561,"ENSG00000099917.17"
0,0,"ENSG00000241973.11"
0,0.453101104794463,"ENSG00000099937.11"
0,0.226374819615783,"ENSG00000099940.12"
0,0.30324638506953,"ENSG00000099942.13"
0,0,"ENSG00000183773.15"
0.292290026537429,0.191588153589116,"ENSG00000099949.21"
0.276172725082102,0.186100557133158,"ENSG00000184436.12"
0,0.0540431788584917,"ENSG00000230513.2"
0,0,"ENSG00000099957.16"
0,0,"ENSG00000099960.13"
0,0.130742425666328,"ENSG00000169635.10"
0,0,"ENSG00000183506.17"
0,0,"ENSG00000185651.14"
3.91474162850243e-12,0.644073382390863,"ENSG00000161179.13"
0.0266103071297673,0.521353170955434,"ENSG00000128228.5"
0.13936332229802,0.373274335886124,"ENSG00000100023.19"
0,0,"ENSG00000100027.16"
0,0,"ENSG00000244671.3"
0,0.175064494151824,"ENSG00000100030.14"
0.0762713770390268,0,"ENSG00000100034.14"
0,0.207646313900786,"ENSG00000224086.6"
0,0,"ENSG00000100038.19"
0.0874138292218302,0.807058038506226,"ENSG00000211637.2"
0.0209499406464423,0.763597263567429,"ENSG00000211638.2"
0.0586124578975592,0.3658377374561,"ENSG00000211639.2"
0.114282491600995,0.765152493881774,"ENSG00000211640.4"
0.129984957102011,0.189840811804333,"ENSG00000279278.1"
0,0.313438941837024,"ENSG00000274422.1"
0,0,"ENSG00000234630.1"
0.20546520559919,0.409696443614226,"ENSG00000223350.2"
0.108419319695356,0.61679095032226,"ENSG00000211648.2"
0.182051729617094,0.476648577521004,"ENSG00000211650.2"
0.108296435622505,0.657536110765589,"ENSG00000211651.3"
0.0384259159204402,0.84640754527773,"ENSG00000211653.2"
0.0810785949855976,0.44700088491296,"ENSG00000211655.3"
0.214229532584337,1.91200343528389e-11,"ENSG00000275004.4"
0.0571056160479018,0.709735184858203,"ENSG00000211658.2"
0.0693272371775173,0.873967319900113,"ENSG00000211659.2"
0.0187498500419039,0.825752586164982,"ENSG00000211660.3"
0.198013390652694,0.71235698085521,"ENSG00000211662.2"
0,0.774772368576268,"ENSG00000211663.2"
1.39722116519696e-11,0.27407092153453,"ENSG00000211664.3"
0.0653212370802079,0.855789425914146,"ENSG00000211666.2"
0.100627143284553,0.825302049523287,"ENSG00000211668.2"
0.053318347867917,0.733927182921474,"ENSG00000211669.3"
0.0427354939647035,0.702208123881351,"ENSG00000278196.3"
0.0556991199018805,0.860152947009597,"ENSG00000211673.2"
0.190610423188812,0.477206126001118,"ENSG00000254709.8"
0.059944664678015,0.873356581794843,"ENSG00000211677.2"
0.10858839922983,0.80761358367649,"ENSG00000211679.2"
0,0,"ENSG00000128266.9"
0.152772779442887,1.46513835662874e-22,"ENSG00000100228.12"
0,0.186359215952942,"ENSG00000186716.21"
0.00321502096925448,0.324382326790228,"ENSG00000230701.2"
0.00488401393176839,0.0649018717575732,"ENSG00000128322.7"
0.00374114620185808,0.261801052361457,"ENSG00000228315.12"
0,0,"ENSG00000272578.5"
0.299963437183716,0.52612522312257,"ENSG00000159496.14"
0,2.05072313912184e-15,"ENSG00000187792.5"
0.0611422464245958,0,"ENSG00000250479.8"
2.89908116174614e-11,0.0219501774533077,"ENSG00000099953.10"
0.215030984393158,0.505745814366763,"ENSG00000099956.19"
0,0.209571685575232,"ENSG00000099958.14"
0,0,"ENSG00000133460.19"
0.172090839224915,0,"ENSG00000218537.1"
0.136227350678332,2.25346706924516e-10,"ENSG00000273295.1"
0,0,"ENSG00000225282.1"
0.014096709426036,0.318767275374581,"ENSG00000099974.8"
0,0,"ENSG00000272787.1"
0,0.353373965772739,"ENSG00000099991.18"
0.448068779150422,0,"ENSG00000232545.1"
0.266492655767535,0.486359873674726,"ENSG00000099994.11"
0.0965912236969953,0.789410840743142,"ENSG00000099998.17"
1.06146410114849e-12,0.154141545586571,"ENSG00000230712.3"
0,0,"ENSG00000128262.8"
0,0,"ENSG00000100014.20"
0,0.31492820098083,"ENSG00000128271.22"
2.06505757481832e-18,0.196386391265722,"ENSG00000178803.12"
0,0,"ENSG00000100024.15"
1.59955512021204e-19,0.134306528816169,"ENSG00000138867.16"
0.137985496993827,0,"ENSG00000100028.12"
0.15118638444656,0,"ENSG00000178026.13"
0,0,"ENSG00000197077.13"
0,0,"ENSG00000279006.1"
0,0,"ENSG00000279110.1"
0,0,"ENSG00000203280.4"
0.102598684409451,7.65824116297568e-11,"ENSG00000231466.2"
0,0.2883269649794,"ENSG00000100068.13"
0.11820272119394,2.32786975124878e-15,"ENSG00000100058.12"
0,0,"ENSG00000272977.1"
0,0,"ENSG00000100077.15"
0,0.209677632627097,"ENSG00000237387.1"
4.32531250959567e-14,0.259079167951743,"ENSG00000224003.1"
0.0156255179157802,0.252013470048901,"ENSG00000133454.15"
0.0280783498510677,0.277487108563649,"ENSG00000128203.7"
0.122988897142859,0.396053409916751,"ENSG00000100099.20"
4.21235582376124e-19,0.130778752637525,"ENSG00000100104.13"
0,0.244672086587963,"ENSG00000100109.17"
0.101693152333793,3.50635401934838e-13,"ENSG00000261188.1"
0,0,"ENSG00000128294.16"
0,0.653454276485756,"ENSG00000225783.8"
0,0,"ENSG00000244625.7"
3.2659369098632e-11,0.47850127029157,"ENSG00000223704.2"
0,0.384549171267936,"ENSG00000169184.6"
0,0,"ENSG00000180957.18"
0,0.0803675661942384,"ENSG00000235954.7"
1.06081381743073e-20,0.186393999059703,"ENSG00000100154.14"
0.250945679412425,0.53411787597724,"ENSG00000183765.22"
0,0,"ENSG00000100209.10"
0,0.010253523799455,"ENSG00000159873.10"
8.6789447615807e-10,0.462266262641937,"ENSG00000100219.16"
0.177424386496785,3.19372909720766e-12,"ENSG00000226471.6"
1.00379179896963e-12,0.282822747078871,"ENSG00000183579.16"
0.0370644354113763,0.286755914087622,"ENSG00000235786.1"
0,0,"ENSG00000177993.3"
0,0,"ENSG00000183762.12"
0.077916215152725,0.819049573781991,"ENSG00000186998.16"
0.236010829046148,1.14826838489806e-12,"ENSG00000100263.14"
2.86559202370464e-10,0.192245284089774,"ENSG00000182944.17"
0,0.158103149237372,"ENSG00000185340.15"
0,0.129034844954837,"ENSG00000100276.10"
0.146574388320891,0.486578407074511,"ENSG00000100280.16"
9.58828481548904e-12,0.207344181535071,"ENSG00000225465.9"
0.146239944740955,0.239397226172672,"ENSG00000100285.10"
0,0,"ENSG00000100296.13"
0,0,"ENSG00000184117.12"
0,0,"ENSG00000186575.18"
0.271861505652986,4.14565279057199e-15,"ENSG00000100319.13"
0.00553737700397653,0,"ENSG00000184076.13"
0,0.571274788042779,"ENSG00000100325.15"
0,0.0306640814440654,"ENSG00000100330.15"
0,0.489628574688095,"ENSG00000279159.1"
3.29084590736905e-19,0.047858101228921,"ENSG00000128342.5"
0,0.0450140407240894,"ENSG00000268812.3"
1.3116130170054e-13,0.79562126456605,"ENSG00000099985.4"
2.08682716090565e-09,0.0198406591634924,"ENSG00000279699.1"
0,0,"ENSG00000239282.7"
0,0,"ENSG00000099992.15"
5.47523806750142e-19,0.24963352996195,"ENSG00000099995.19"
0.164896657149379,8.50990323092906e-15,"ENSG00000187860.10"
0,0,"ENSG00000099999.15"
8.46021663960436e-22,0.0184381638590796,"ENSG00000100003.18"
0.126360187229529,0.221665706187909,"ENSG00000242114.6"
0.16792738417727,0.360287682262173,"ENSG00000100012.11"
0.179994661205736,0.498281188792559,"ENSG00000133488.15"
0,0,"ENSG00000100029.18"
0.201262943475459,0,"ENSG00000185339.9"
0,0,"ENSG00000100036.13"
0,0,"ENSG00000167065.13"
0,0,"ENSG00000250318.1"
0.217137007148806,0.587596767333134,"ENSG00000184792.16"
0,0,"ENSG00000133422.13"
0,0.118453582304375,"ENSG00000253352.9"
0,0,"ENSG00000183963.18"
0.0680873943095003,6.61413113810866e-11,"ENSG00000273387.1"
2.14980336018827e-19,0.135817851969867,"ENSG00000198832.10"
0,0,"ENSG00000185133.14"
0,0,"ENSG00000138942.16"
0,0.556138050066617,"ENSG00000182541.18"
0,0.165428564825769,"ENSG00000100100.13"
0,0.378959980179703,"ENSG00000100105.18"
0,0,"ENSG00000213888.3"
1.20083516743638e-12,0.424011437326472,"ENSG00000185721.13"
0.14244745941622,0.237371684742995,"ENSG00000184708.18"
0,0,"ENSG00000240591.2"
2.44491144093261e-20,0.191460462416285,"ENSG00000198089.16"
0,0,"ENSG00000241878.11"
8.80003952738965e-12,0.127249780001891,"ENSG00000183530.14"
0,0,"ENSG00000100150.19"
0.442785599929412,0.399727937457192,"ENSG00000128245.15"
0,0.388910278785877,"ENSG00000100220.12"
0.145295473957801,0.482606393932849,"ENSG00000100225.18"
0.120818637827544,0.115485395340524,"ENSG00000185666.14"
0.101075487090151,0.438367747810543,"ENSG00000100234.11"
0,0,"ENSG00000133424.20"
0,0,"ENSG00000224973.6"
0,0,"ENSG00000100281.14"
0,0.0864987890939157,"ENSG00000100284.21"
4.48946553054508e-12,0.405841526480536,"ENSG00000100292.17"
0.0916126871670523,0.391660752535002,"ENSG00000100297.16"
0,0.0139148392521435,"ENSG00000100302.7"
0.0768498663975596,0.231464274394279,"ENSG00000221963.6"
0.17582190015896,0.449145144372131,"ENSG00000100320.23"
0.161215221839436,0.19115851013808,"ENSG00000237406.1"
0.10961698764274,0,"ENSG00000279652.1"
0,0,"ENSG00000279805.1"
0.22551329034343,0,"ENSG00000128284.19"
0.385164514372366,0.320447824684241,"ENSG00000100336.17"
0,0.0309109440264345,"ENSG00000128335.14"
0,0.387559770175792,"ENSG00000100342.20"
0,0.408174209781415,"ENSG00000100345.21"
1.84202775280488e-13,0.0549437312425972,"ENSG00000287269.1"
0,0,"ENSG00000100348.10"
0.16339438418657,0.233832846714815,"ENSG00000100350.14"
6.6681791285789e-20,0.141856311189536,"ENSG00000100353.18"
0.523648666997811,0.0942490057031072,"ENSG00000100360.15"
0.212456259315615,0.566189897111875,"ENSG00000100365.16"
0,0.453080068832136,"ENSG00000100368.14"
0.176485544678632,0,"ENSG00000128311.14"
0,0.51803587318115,"ENSG00000128309.16"
6.94922226375011e-08,0.410383681675004,"ENSG00000100379.17"
0.052426359447948,0.74264488961549,"ENSG00000100385.14"
0.421153218812562,1.97123457417457e-10,"ENSG00000133466.14"
0.0495045021123718,0.759670307465326,"ENSG00000128340.15"
0.26907698013711,0.455967452196582,"ENSG00000100055.21"
0.250462579047289,0.596848985855322,"ENSG00000100060.18"
0,0,"ENSG00000100065.15"
0.0899052124236154,0.404542651588055,"ENSG00000128283.7"
0,0,"ENSG00000100079.7"
1.73817990936722e-12,0.157490545326075,"ENSG00000100083.19"
0.0863773362375474,0.797350175057103,"ENSG00000100092.23"
0,0.319223069199164,"ENSG00000241360.2"
0,0.479292448603162,"ENSG00000100097.12"
0,0,"ENSG00000273899.5"
1.57576509386254e-08,0.374444509251046,"ENSG00000100106.22"
0.157897626568005,0.27743200274517,"ENSG00000189060.5"
1.9315112778373e-10,0.222200529214714,"ENSG00000100116.16"
0,0,"ENSG00000100124.15"
0,0.117855665225886,"ENSG00000100129.18"
0,0.533007190794095,"ENSG00000279738.1"
1.9216997780493e-20,0.32945051910104,"ENSG00000100139.13"
0.421312880524082,0,"ENSG00000128346.11"
0.0941300241517909,0.0826458840081728,"ENSG00000100142.15"
1.55132740006134e-19,0.201446762734603,"ENSG00000100146.17"
0,0,"ENSG00000100151.16"
0,0,"ENSG00000100156.10"
0.251367627914144,1.47836663177198e-13,"ENSG00000128298.17"
0.0214047701142923,5.58862150590828e-10,"ENSG00000184381.20"
0,0.0199837088560112,"ENSG00000279080.1"
0,0,"ENSG00000185022.12"
1.06456772831854e-13,0.0221529980629931,"ENSG00000198792.13"
0,0.153476991518904,"ENSG00000213923.12"
3.3408389987888e-11,0.295153383360242,"ENSG00000244627.5"
0.1369064746563,0,"ENSG00000100196.11"
2.7496573320564e-18,0.300722375127794,"ENSG00000100201.21"
0,0,"ENSG00000100206.10"
0,0.427239382006027,"ENSG00000184949.16"
0,0.260266818509886,"ENSG00000100211.10"
0.0367559386904676,0.243694560010587,"ENSG00000228274.4"
0.0433716922452637,0.0721197489307118,"ENSG00000100216.6"
0,0.303400950124723,"ENSG00000100221.10"
0.025790419156302,0.551058502914797,"ENSG00000100226.16"
0.108294374324909,0.557530976029371,"ENSG00000229598.1"
0,0.338466059643567,"ENSG00000100242.15"
0.0474797068256981,0.711074156016232,"ENSG00000230149.2"
3.66304776916768e-20,0.436672260755153,"ENSG00000272669.1"
0,0,"ENSG00000100246.13"
9.21282354169871e-14,0.0335299305630507,"ENSG00000221890.4"
0,0,"ENSG00000183741.12"
4.2314690616938e-14,0.177677514243216,"ENSG00000128383.13"
0.147732842246808,0.299490613152895,"ENSG00000179750.16"
4.8531441317909e-14,0.648701574111163,"ENSG00000244509.4"
0,0.103243200818706,"ENSG00000243811.10"
0.054588482854222,0.482305158844154,"ENSG00000128394.17"
0,0.665469509125674,"ENSG00000239713.9"
2.00760901722643e-13,0.273962610932734,"ENSG00000100307.13"
0,0,"ENSG00000279833.1"
0.304145597917314,0,"ENSG00000100311.17"
0,0.0848626756094741,"ENSG00000284633.1"
0.235227668975862,0.524795524790983,"ENSG00000100316.16"
0,0.238132680112503,"ENSG00000100321.15"
0.149858911601872,0.112877648276847,"ENSG00000100324.14"
0,0,"ENSG00000128268.12"
2.03612223704901e-12,0.033634728297377,"ENSG00000100335.15"
1.65884968735297e-20,0.273840414862853,"ENSG00000128272.14"
0,0,"ENSG00000187051.9"
0.156894677430606,0.677957292924325,"ENSG00000100351.17"
0.215566537355266,0.334704967985299,"ENSG00000133477.17"
0,0.305709328232437,"ENSG00000100354.21"
0,0,"ENSG00000239900.12"
2.0331941510666e-20,0.34994309957135,"ENSG00000100359.21"
1.09106363023566e-08,0.503260364710342,"ENSG00000196588.17"
0,0.4663825408913,"ENSG00000272834.1"
0,0.1579888600057,"ENSG00000232564.3"
0,0.0187009142943116,"ENSG00000230071.2"
0,0,"ENSG00000100372.15"
0,0.0569900111942785,"ENSG00000100380.14"
0.00994368690252935,1.70463587156301e-10,"ENSG00000196236.13"
0.0853627038023935,0,"ENSG00000100387.9"
0,0.333799545318956,"ENSG00000284015.1"
0,0.302793520962642,"ENSG00000100393.13"
0,0,"ENSG00000231993.1"
0,0,"ENSG00000100395.15"
0.309515063063823,0.0243256716156385,"ENSG00000235513.2"
0,0,"ENSG00000100399.16"
3.56850690009345e-12,0.429607206276857,"ENSG00000100401.19"
0,0,"ENSG00000100403.12"
0.0988224603644822,0.446572972490678,"ENSG00000167074.15"
0,0,"ENSG00000183864.5"
1.95418079994873e-18,0.0825441975369105,"ENSG00000100410.8"
3.0886366596508e-19,0.303590955051821,"ENSG00000100412.16"
0,0,"ENSG00000100413.17"
0,0,"ENSG00000172346.15"
0.109458198771986,0.0877566995976323,"ENSG00000100417.12"
0,0,"ENSG00000100418.8"
0,0,"ENSG00000196419.12"
0.0540038536654903,6.3270472554914e-24,"ENSG00000100138.15"
0.351764872391159,0.453810179619612,"ENSG00000184208.12"
1.75884405708049e-09,0.42930241144253,"ENSG00000100147.13"
3.57920760799388e-13,0.287999758851463,"ENSG00000184068.2"
0,0.133409089067972,"ENSG00000198911.12"
0.0502270337887453,0.435856790225163,"ENSG00000159958.6"
5.43153635334157e-14,0.329134695040429,"ENSG00000100162.15"
0,0,"ENSG00000183066.14"
0,0,"ENSG00000198951.12"
0.260548377951004,0.0789341209619906,"ENSG00000177096.9"
0,0,"ENSG00000183172.9"
0.0436974953824403,4.66199494467406e-10,"ENSG00000184983.11"
0.288857317638357,0.0572517321231956,"ENSG00000237037.9"
2.38310176462629e-20,0.197406651190758,"ENSG00000100197.22"
0,0,"ENSG00000205702.11"
2.91533169278025e-20,0.273934619314839,"ENSG00000100207.18"
0.0642084696355687,0,"ENSG00000182057.5"
0.0499740135592771,0.754929447948782,"ENSG00000235568.6"
3.0808858014491e-13,0.249898112988312,"ENSG00000189306.11"
0,0,"ENSG00000183569.18"
0,0,"ENSG00000182841.12"
0.242871360426006,0.499719449621061,"ENSG00000100227.18"
0,0.123505547320527,"ENSG00000270022.3"
8.64089829083356e-11,0.136896471963582,"ENSG00000100243.21"
0,0,"ENSG00000128274.17"
0,0,"ENSG00000234009.1"
0,0.354324538825611,"ENSG00000274717.1"
0,0,"ENSG00000242247.11"
0,0,"ENSG00000100266.19"
0.0311018111400343,1.94014730883944e-12,"ENSG00000100271.17"
0,0,"ENSG00000100294.13"
0.158169490304405,0.226835566879092,"ENSG00000100300.18"
0.148580495443821,0.357853624281957,"ENSG00000100304.13"
4.12040029155236e-11,0.506040831846702,"ENSG00000159307.19"
1.2749208234395e-20,0.051434175192961,"ENSG00000186976.15"
0,0,"ENSG00000100344.11"
1.14198870774884e-12,0.0469828276620302,"ENSG00000100347.15"
0.252523421905729,0.327826394015435,"ENSG00000188677.14"
0,0,"ENSG00000279175.1"
0,0,"ENSG00000280434.1"
4.20135361905708e-19,0.639069724567721,"ENSG00000138964.17"
0.164821023080901,2.7462973332049e-12,"ENSG00000280011.1"
0,0.458831044455987,"ENSG00000138944.8"
2.24652828530981e-19,0.250387331161814,"ENSG00000188636.4"
1.66706586693442e-19,0.271341157480326,"ENSG00000186654.21"
0,0,"ENSG00000226328.7"
0.0825838001247172,0.400724251247518,"ENSG00000093000.19"
0.520393874180478,0.24502188340893,"ENSG00000100364.18"
0.0453256561926733,0.241865763280532,"ENSG00000100376.12"
0,0,"ENSG00000077935.17"
0.0883356793728645,0.354672035952027,"ENSG00000128408.9"
4.89531261588245e-12,0.277759646136583,"ENSG00000077942.19"
0,0,"ENSG00000280383.1"
0,0,"ENSG00000130638.17"
0,0,"ENSG00000235347.1"
1.20320527811356e-19,0.112059434507217,"ENSG00000280424.1"
0,0,"ENSG00000273145.1"
0,0.521965254116632,"ENSG00000231711.2"
0,0,"ENSG00000182257.8"
0.334585738650171,0.330527485732264,"ENSG00000241990.5"
0,0,"ENSG00000197182.14"
0,0.0275881521164215,"ENSG00000231010.1"
2.07121987211133e-12,0.0334491117057341,"ENSG00000235159.1"
0.72174390654219,0.10717453877734,"ENSG00000266533.1"
8.63588223454034e-14,0.0497221880022782,"ENSG00000186951.16"
0,0.0338266272989038,"ENSG00000280384.1"
0,0,"ENSG00000205643.11"
0,0,"ENSG00000130943.7"
0.0384535926220674,0.434052843339186,"ENSG00000075234.17"
0,0.355327994822702,"ENSG00000277232.2"
0,0.208581031448535,"ENSG00000075218.19"
0,0.146025743769976,"ENSG00000100416.15"
0,0.447824879620681,"ENSG00000075275.16"
0,0.239958154018414,"ENSG00000075240.17"
0,0,"ENSG00000100422.14"
0,0,"ENSG00000260708.1"
0,0,"ENSG00000054611.14"
0.174855893808575,0.514190418494439,"ENSG00000280080.2"
0,0,"ENSG00000278881.2"
0,0,"ENSG00000219438.8"
0,0,"ENSG00000286381.1"
1.76504502089155e-11,0.588486113299396,"ENSG00000188511.12"
0.461745814762915,8.71583230634996e-14,"ENSG00000280224.1"
0,0,"ENSG00000235111.1"
1.2668117701079e-11,0.422653906583343,"ENSG00000100425.18"
0,2.19326324868483e-15,"ENSG00000279345.1"
2.33359847656526e-08,0.445435658782649,"ENSG00000100426.7"
1.98277375725555e-18,0.327582367949535,"ENSG00000182858.14"
0,0,"ENSG00000184164.14"
6.51035217518078e-10,0.222946485560346,"ENSG00000278869.1"
1.65510811710374e-12,0.034973124212646,"ENSG00000198355.5"
0.0194700949864437,0.321962506287068,"ENSG00000188263.10"
0.0237348792025659,0.594842413052932,"ENSG00000100427.15"
0,0,"ENSG00000073146.16"
0,0,"ENSG00000073150.14"
0,0.309252866418718,"ENSG00000170638.9"
0,0.429650857091949,"ENSG00000273188.1"
0,0,"ENSG00000273253.2"
3.40040818294308e-19,0.151822505187113,"ENSG00000073169.14"
0,0,"ENSG00000272836.1"
0,0.263707776143234,"ENSG00000128159.12"
0.209700173088973,0.19166823214129,"ENSG00000100429.18"
0,0,"ENSG00000188130.14"
0,0,"ENSG00000185386.15"
0,0,"ENSG00000196576.15"
0,0,"ENSG00000205593.12"
5.74241143312593e-21,0.269508420185515,"ENSG00000100239.16"
0,0.27434272517007,"ENSG00000100241.21"
0.00441047576652203,0.700372881821765,"ENSG00000128165.9"
0,0.13521994706203,"ENSG00000100258.18"
3.37089761626172e-15,0.473598467423747,"ENSG00000025770.19"
0.0484310443305102,0.390131130007335,"ENSG00000025708.14"
0,0,"ENSG00000177989.13"
0,0,"ENSG00000130487.9"
0,0,"ENSG00000100288.19"
0.318922131720116,0.13868401475965,"ENSG00000205559.5"
0,0.193809097247732,"ENSG00000008735.14"
0,0,"ENSG00000100299.18"
0,0,"ENSG00000286508.1"
0,0,"ENSG00000251322.8"
0,0,"ENSG00000184319.16"
0,0,"ENSG00000079974.17"
0.205949601857495,0.2376645000155,"ENSG00000182378.14"
0,0.0925325175500234,"ENSG00000178605.13"
0,0.339325686536363,"ENSG00000167393.18"
4.96129878809422e-20,0.428802309959037,"ENSG00000185960.14"
0,0.357073434867083,"ENSG00000205755.12"
6.90616063155702e-13,0.385992900119182,"ENSG00000198223.16"
0,0.110768530283432,"ENSG00000185291.12"
0,0.170187786721641,"ENSG00000169100.14"
0,0.0537219725153515,"ENSG00000236871.7"
0,0.192030902224085,"ENSG00000236017.8"
0,0,"ENSG00000169093.16"
0.116711043273554,0.646686870283867,"ENSG00000182162.11"
0,0.214832466123674,"ENSG00000197976.12"
0.100235194164087,6.25310848944804e-19,"ENSG00000169084.15"
0,0,"ENSG00000214717.12"
6.33689413092848e-10,0.207948479032956,"ENSG00000223773.7"
1.16091515244567e-19,0.210909309217167,"ENSG00000002586.20"
0,0.615001644604537,"ENSG00000124343.13"
0,0.412624513453179,"ENSG00000056998.20"
0.0505839405220193,7.411970213679e-10,"ENSG00000006756.16"
0.356090031940386,0.25783245157919,"ENSG00000101825.8"
0.158575107488913,0.508097045832182,"ENSG00000183943.6"
0.165217291624956,0.483683882629985,"ENSG00000285756.2"
0,0,"ENSG00000286431.1"
0,0.206390235666077,"ENSG00000236120.7"
1.93198023747055e-13,0.0668319689262553,"ENSG00000146938.16"
0,0,"ENSG00000130021.14"
0.0438884110200344,0,"ENSG00000101846.7"
0.0693569433126877,0.212646937877175,"ENSG00000006757.12"
0,0.0750142555915933,"ENSG00000011201.12"
0,0,"ENSG00000101849.17"
0.0214437305441429,0.561493252561976,"ENSG00000146950.13"
0.0792229110228118,0.322869407794363,"ENSG00000047644.18"
0.0299890125683513,2.0565164557584e-21,"ENSG00000073464.12"
0,0.0427742186594659,"ENSG00000101871.14"
0,0,"ENSG00000004961.15"
0,0.769356468780613,"ENSG00000047648.23"
0,0,"ENSG00000125363.14"
0,0.544998397258966,"ENSG00000005302.19"
0,0.445892566541005,"ENSG00000169933.15"
0,0.297666645952531,"ENSG00000101911.12"
1.96330079422198e-20,0.143779254969533,"ENSG00000196664.5"
0.0897130751694274,0.432227384655938,"ENSG00000101916.11"
0,0.839248586042794,"ENSG00000205542.11"
0,0,"ENSG00000197582.5"
0.100918931203184,4.56756956522594e-11,"ENSG00000176896.8"
0,0,"ENSG00000123595.8"
0.2269831362107,0.133403859029038,"ENSG00000196459.14"
0,0.326350077560791,"ENSG00000046651.15"
4.19065104128931e-13,0.281500368391664,"ENSG00000046653.15"
0,0.428698807417866,"ENSG00000046647.13"
4.01499528810318e-20,0.0505185463144518,"ENSG00000181544.15"
0,0,"ENSG00000130150.12"
0,0,"ENSG00000102048.16"
0,0,"ENSG00000165195.15"
0.0223528563934928,4.19344148516166e-10,"ENSG00000165197.5"
0,0.174272027073948,"ENSG00000087842.11"
0,0,"ENSG00000102010.15"
0,0,"ENSG00000285602.1"
0,0,"ENSG00000186312.10"
0.119950467909614,0.283268490825503,"ENSG00000169239.13"
0.521920430749716,0.101000655446618,"ENSG00000169249.12"
0.176947873372301,0.56472301940572,"ENSG00000182287.15"
0.0896477865232858,0.180321805228739,"ENSG00000047230.15"
1.79534590715092e-13,0.250159847683051,"ENSG00000169895.6"
0,0,"ENSG00000086712.13"
0.0456311045529478,0.218834207416449,"ENSG00000102054.17"
0.0538996988534813,0.0472511058514785,"ENSG00000169891.18"
0.125041697916573,0.474501583922801,"ENSG00000188158.15"
0,0.0444667905155988,"ENSG00000235834.1"
0,0,"ENSG00000047634.15"
0.00694831624711018,0.706166731614308,"ENSG00000131831.18"
0,0,"ENSG00000102098.19"
3.00293531844856e-13,0.106352312685236,"ENSG00000008086.12"
0.225742456944485,0.0710187746388962,"ENSG00000086717.18"
0.0856914860897698,0.567557195351072,"ENSG00000044446.12"
0.144227029669376,0.0368136125073557,"ENSG00000286724.1"
0,0.64485236251348,"ENSG00000173698.18"
1.23200342029011e-12,0.0818100479908115,"ENSG00000131828.14"
0,0.152251440758365,"ENSG00000147010.18"
0,0,"ENSG00000173681.16"
0.0115061593143613,1.33186351744284e-11,"ENSG00000184368.16"
0.0249984580297651,1.40894252862359e-10,"ENSG00000173674.11"
0.323009661479154,0.20858424249405,"ENSG00000177189.14"
0.020549693769097,0.599067986185498,"ENSG00000149970.16"
0,0,"ENSG00000012174.12"
0,0,"ENSG00000230797.3"
0,0,"ENSG00000102172.16"
2.41235260897258e-13,0.219817900692222,"ENSG00000102174.9"
0,0,"ENSG00000174028.6"
0,0,"ENSG00000123131.13"
0,0.349922710898692,"ENSG00000123130.17"
0,0,"ENSG00000130066.16"
0.138103481841597,0,"ENSG00000184831.14"
0,0.108307791592768,"ENSG00000174010.9"
0,0,"ENSG00000130741.11"
0,0,"ENSG00000005889.15"
0.258151578615568,0.201857163476591,"ENSG00000067992.15"
0,0,"ENSG00000102230.14"
0.0765440283439157,0.256058463979671,"ENSG00000101868.11"
0.0264540833898476,0,"ENSG00000232472.1"
0,0,"ENSG00000238247.2"
0.0951416461053371,0.622581126814319,"ENSG00000120280.6"
0,0,"ENSG00000198814.12"
0.197450757821182,0.503017100203633,"ENSG00000157625.15"
0.055683379443805,0.487885711082277,"ENSG00000198947.15"
2.40436855140301e-18,0.221599159941834,"ENSG00000226781.1"
0.0266270970952052,0.473650515843234,"ENSG00000147027.4"
0.048465176294887,0,"ENSG00000130962.17"
0,0.416215758075985,"ENSG00000147036.11"
0.192446405491344,0.52455696204398,"ENSG00000047597.7"
0,0.706665714519852,"ENSG00000165168.7"
1.83248295537216e-21,0.353905370608596,"ENSG00000165169.11"
0.109024646675625,0.431516481710097,"ENSG00000101955.15"
0,0,"ENSG00000156313.14"
0,0,"ENSG00000156298.12"
3.0352140198179e-11,0.638166407312091,"ENSG00000165175.15"
0,0.394370818225254,"ENSG00000238123.1"
0,0,"ENSG00000264618.2"
0,0.274296729769042,"ENSG00000228232.1"
0.243445601357712,0.630179262204182,"ENSG00000183337.17"
0,0,"ENSG00000182220.15"
0,0,"ENSG00000185753.13"
0,0,"ENSG00000180182.11"
0,0.141592870904231,"ENSG00000124486.13"
0,0,"ENSG00000215301.10"
0,0,"ENSG00000264573.2"
0,0,"ENSG00000147044.21"
0,0.129926833449852,"ENSG00000171659.15"
0,0,"ENSG00000171657.6"
0.123800551342387,0.431136233124563,"ENSG00000189221.9"
0.0720817280544607,0.23439873890768,"ENSG00000069535.14"
0,0.287620766521449,"ENSG00000124479.11"
0,0.0774109929169652,"ENSG00000183690.13"
0,0,"ENSG00000069509.6"
0.139246575097635,0.428472138661994,"ENSG00000147050.14"
0,0,"ENSG00000147113.17"
1.33515031439191e-14,0.0447088021786406,"ENSG00000270069.1"
0,0,"ENSG00000207870.1"
0,0,"ENSG00000269902.1"
0,0,"ENSG00000231566.2"
0,0.306785979442008,"ENSG00000147121.16"
0,1.88106908790215e-15,"ENSG00000224072.1"
0.161817730113016,8.62267245779289e-21,"ENSG00000251192.7"
0,0.173481279570097,"ENSG00000230844.3"
0,0,"ENSG00000147119.4"
0.0720878092725283,0.627505215000586,"ENSG00000065923.10"
0,0,"ENSG00000102218.6"
0,0,"ENSG00000102221.14"
0,0.088794065270764,"ENSG00000130988.13"
0,0,"ENSG00000147123.10"
0,0.208582864988744,"ENSG00000182872.16"
0,0,"ENSG00000237351.1"
0,0,"ENSG00000130985.17"
0,0.0301392085822521,"ENSG00000224975.1"
0,0.311636923996151,"ENSG00000102225.16"
0,0,"ENSG00000102226.9"
2.82748986648958e-13,0.0899800508549776,"ENSG00000147124.12"
0,0.0282849304197646,"ENSG00000196741.5"
0.0725681134625679,0.647535141474833,"ENSG00000078061.13"
0.321781851826553,0.415303039312708,"ENSG00000008056.14"
2.94782886499545e-10,0.0301601258678773,"ENSG00000102265.12"
0.322964257858501,0.260774090155563,"ENSG00000126759.13"
0,0,"ENSG00000126767.18"
0.090509898998816,7.85946873390325e-34,"ENSG00000126756.12"
0,0,"ENSG00000267064.2"
0,1.31884103939224e-15,"ENSG00000197779.13"
0,0,"ENSG00000147118.11"
0,0,"ENSG00000221994.10"
0.0564186617769726,0.691528695027071,"ENSG00000017483.15"
0.318198676972962,0.239028231825696,"ENSG00000068438.15"
0,0,"ENSG00000102312.22"
0,0,"ENSG00000147155.11"
0,0,"ENSG00000068354.16"
0.0368451627106596,1.96248319936678e-12,"ENSG00000102317.18"
0,0.456675221737153,"ENSG00000101940.18"
0.210843614315117,0.651999216673798,"ENSG00000015285.10"
0.0509428887409331,0.137661257814715,"ENSG00000101945.16"
0.0337403440753318,0.121079245539098,"ENSG00000233585.2"
0.210132441151846,0.512135989370819,"ENSG00000102145.14"
0,0.439585993902433,"ENSG00000094631.21"
0.0806742590623241,0.0993958323824924,"ENSG00000102103.16"
0,0.056061446761846,"ENSG00000126768.12"
0.0424313983358272,0.398790479656124,"ENSG00000102100.16"
0.225085179676071,0.593421428375408,"ENSG00000102096.9"
3.00213247228511e-16,0.419640195539987,"ENSG00000068308.13"
5.23885538043283e-11,0.68062074136951,"ENSG00000279155.1"
5.75785560953114e-13,0.271589347635874,"ENSG00000102057.10"
0,0.152455608807464,"ENSG00000068400.13"
0,0,"ENSG00000068323.17"
0,0,"ENSG00000147144.13"
0.378344339829241,0.0466370380629874,"ENSG00000243279.4"
2.63005442328252e-19,0.106761937518599,"ENSG00000196998.19"
0,0,"ENSG00000068394.11"
0,0,"ENSG00000269313.5"
0.231546120774164,0.0206433181868657,"ENSG00000102007.11"
6.50540089509571e-11,0.187771129656275,"ENSG00000012211.13"
0.238062242862013,1.47888456565392e-14,"ENSG00000102003.10"
0,0,"ENSG00000101997.13"
0.0878603788114575,0.379849316651669,"ENSG00000049769.14"
1.90576092914252e-15,0.283863943344622,"ENSG00000270012.1"
0.438050831461357,0.146902983198033,"ENSG00000234390.4"
0.174236291021082,0,"ENSG00000273820.2"
0,0,"ENSG00000171365.17"
0,0.0309848862122986,"ENSG00000147082.17"
0,0,"ENSG00000158352.15"
1.25281363353905e-18,0.679556898788016,"ENSG00000122824.11"
1.4166111243298e-11,0.4379387324833,"ENSG00000196368.5"
0,0,"ENSG00000189369.9"
0.114717161042389,0,"ENSG00000179222.17"
1.73378141467196e-13,0.110993518075249,"ENSG00000236576.1"
0,0,"ENSG00000184194.5"
0,0,"ENSG00000270497.1"
0,0.260378234845693,"ENSG00000184205.14"
9.96552799334487e-09,0.191997852949399,"ENSG00000232593.7"
0,0,"ENSG00000231340.1"
3.95989965609489e-12,0.215679421449988,"ENSG00000126012.11"
0,0,"ENSG00000124313.16"
0.133934526325739,0.318278461118101,"ENSG00000072501.17"
0,0,"ENSG00000158423.17"
0,0,"ENSG00000072506.12"
9.7978183482135e-14,0.285313730926544,"ENSG00000086758.16"
0,0.312445224398754,"ENSG00000172943.19"
0,0,"ENSG00000184083.12"
0,0.302835149645386,"ENSG00000196632.10"
0,0.225573436890136,"ENSG00000158526.8"
0,0.328612054916232,"ENSG00000102302.8"
0.0842132307480744,0.472927567337505,"ENSG00000130119.16"
0,0.0227228586915023,"ENSG00000102316.17"
0,0,"ENSG00000221716.1"
0,0,"ENSG00000067445.21"
0.0609766869577117,0.393877349559361,"ENSG00000158571.11"
9.83881889372242e-13,0.432092595311302,"ENSG00000169188.5"
0.339770566745785,0.469397422125114,"ENSG00000158578.21"
0,0.0330545216672357,"ENSG00000182518.13"
0,0.314094945186733,"ENSG00000187601.5"
0,0,"ENSG00000247746.4"
0,0,"ENSG00000083750.12"
0.0122322600630045,0.265545411785213,"ENSG00000227486.2"
1.45935127196195e-08,0.392689442150964,"ENSG00000102349.18"
0,0,"ENSG00000188021.8"
0,0.346362483596599,"ENSG00000204272.13"
6.25630217371221e-13,0.1008290820127,"ENSG00000204271.13"
0,0,"ENSG00000186787.8"
0.0663996441628912,0.424643238723268,"ENSG00000147059.8"
2.37237980512017e-08,0.0464357180527854,"ENSG00000286977.1"
0,0,"ENSG00000198455.4"
0,0,"ENSG00000198205.6"
1.46588048127133e-18,0.0833331829976476,"ENSG00000235437.8"
0,0,"ENSG00000230823.3"
0.064076845506183,0.694634343132278,"ENSG00000186767.7"
0,0,"ENSG00000131089.16"
0,0,"ENSG00000184675.11"
0,0,"ENSG00000102043.16"
0,0,"ENSG00000126970.16"
0.00929566396438034,0,"ENSG00000102053.12"
0,0.258431033574851,"ENSG00000001497.16"
4.70368213363221e-12,0.415092687590955,"ENSG00000147065.17"
0.303421034209895,0.421754787392671,"ENSG00000274536.7"
3.72418442583284e-14,0.0433082958961201,"ENSG00000155659.15"
0,0.527591153872777,"ENSG00000089472.16"
0.0827580278536963,3.92393104283832e-15,"ENSG00000131080.15"
0.180396008882332,0.381501601423882,"ENSG00000169083.17"
0.0430941336885078,0.596375815902464,"ENSG00000079482.13"
3.05456315528868e-10,0.0283679076201454,"ENSG00000181704.12"
0,0.494870290195915,"ENSG00000130052.13"
2.59301458181095e-11,0.0635675734816232,"ENSG00000090776.6"
0,0.25711115365031,"ENSG00000181191.11"
0,0,"ENSG00000158813.18"
0.201230579769432,0.371114553870053,"ENSG00000089289.16"
0.089433049415864,0.351645216368569,"ENSG00000120500.18"
0,0,"ENSG00000120509.10"
0.189270232234344,0.565246763351729,"ENSG00000090889.12"
0,0.24236563530958,"ENSG00000082458.12"
0,0,"ENSG00000230629.2"
0.299844208316441,0,"ENSG00000147164.12"
0.0693473609960318,0.49276019273365,"ENSG00000184481.17"
0.23498104063437,0.492266091434458,"ENSG00000147168.12"
0,0.443132630379969,"ENSG00000184634.16"
0,0,"ENSG00000196338.12"
0,0,"ENSG00000147130.14"
2.96131100112227e-17,0,"ENSG00000147140.16"
0.252085145114372,0.326470352227243,"ENSG00000147166.11"
0,0.165688868470228,"ENSG00000147133.15"
4.28167513966352e-18,0.240068136491154,"ENSG00000147162.14"
0,0.476273253772145,"ENSG00000147174.11"
1.68355333814056e-14,0.602844223951621,"ENSG00000186810.8"
0.350950441455735,0.272082162488872,"ENSG00000204131.9"
0.0786686427480287,0.182901160875884,"ENSG00000242732.4"
0,0,"ENSG00000102309.15"
0.0990752834298589,0.149578874950557,"ENSG00000186871.7"
0.468001783569577,5.41652323605868e-23,"ENSG00000198034.11"
0.157845419299887,1.55076322231497e-19,"ENSG00000147099.21"
2.11686827965874e-20,0.18365175713501,"ENSG00000067177.15"
0,0,"ENSG00000186462.9"
0.449006282490699,6.14699902291128e-10,"ENSG00000204116.11"
0.312820537536385,0.128409284934656,"ENSG00000270641.1"
0.983245946174333,0,"ENSG00000229807.12"
2.82588247988383e-19,0.347353118164511,"ENSG00000230590.11"
0,0,"ENSG00000225470.8"
0,0.00786449040919666,"ENSG00000228906.1"
1.28471642590532e-21,0.133764988291262,"ENSG00000203397.2"
0,0.133340548906821,"ENSG00000223650.1"
0,0.445573646676679,"ENSG00000232928.2"
7.78360159076358e-20,0.241355010655501,"ENSG00000280375.1"
0.177703712096368,0,"ENSG00000224430.2"
0,0.0241426175069232,"ENSG00000204113.6"
0,0.295454001987834,"ENSG00000228492.2"
0,0,"ENSG00000271533.1"
0,0,"ENSG00000265727.2"
8.23977802909092e-14,0.48228184711757,"ENSG00000147100.11"
0,0.0728940859484127,"ENSG00000131263.13"
0,0,"ENSG00000050030.15"
0,0,"ENSG00000131269.19"
0,0,"ENSG00000094841.14"
0.0569090772939889,0,"ENSG00000102383.14"
0,0,"ENSG00000215105.4"
0,0,"ENSG00000102390.11"
0,0,"ENSG00000198934.5"
1.24455018894794e-19,0.211298930950727,"ENSG00000085224.22"
0.099786907074361,0.198548421874642,"ENSG00000102158.19"
0,0,"ENSG00000131174.7"
0,0.0615462542230507,"ENSG00000165240.20"
5.02475215485355e-21,0.12788198145153,"ENSG00000102144.15"
0,0.466037304253636,"ENSG00000187325.5"
0.185640789210366,4.37905588383028e-14,"ENSG00000173198.6"
0.0953019700004174,0.536104248380391,"ENSG00000078589.13"
0.305894756391029,0.42743898181853,"ENSG00000147138.2"
0.227577643593241,0.497605774437756,"ENSG00000078596.11"
0,0.149542816958912,"ENSG00000278530.4"
0,0.307995127032845,"ENSG00000165288.11"
5.86258033419004e-20,0.115781344294386,"ENSG00000198157.11"
1.72890819142171e-15,0,"ENSG00000131171.13"
0.154047926482666,0,"ENSG00000072133.11"
0,0,"ENSG00000165259.14"
0,0.356688026556048,"ENSG00000155008.14"
1.99988262841365e-13,0.49822789276801,"ENSG00000147180.16"
6.18095944242923e-14,0.259782894158104,"ENSG00000188419.14"
0,0,"ENSG00000102271.14"
0.171400706195918,0.113816093463198,"ENSG00000234161.1"
0,0.491503303657057,"ENSG00000174740.8"
0,0,"ENSG00000229132.2"
0.00609424347126713,0.50262061062193,"ENSG00000186310.10"
0,0.648208430481775,"ENSG00000147202.18"
0.273973410729735,0.371694311675182,"ENSG00000204086.4"
0,0.0951585568582385,"ENSG00000236256.9"
0,0,"ENSG00000165194.15"
1.13094437455454e-12,0.812393243066841,"ENSG00000000005.6"
0,0.308867254230208,"ENSG00000000003.15"
0.0511474773744311,0.31278054039163,"ENSG00000102359.7"
0.0329842827063817,1.10024261016293e-09,"ENSG00000102362.15"
0.0620650419087008,1.90227558865756e-20,"ENSG00000101811.13"
0,0.0737154644950719,"ENSG00000188917.15"
0.156726851159945,0,"ENSG00000126950.8"
2.1565833243144e-12,0.0216273752141204,"ENSG00000102384.13"
0,0,"ENSG00000102385.12"
0,0,"ENSG00000102387.15"
6.61563192735576e-15,0.24704766968317,"ENSG00000126953.8"
0.257517727185537,0.557851965431741,"ENSG00000010671.15"
0,0,"ENSG00000241343.9"
0,0,"ENSG00000102393.10"
0,0,"ENSG00000126945.9"
1.43173327440757e-13,0.252730918124188,"ENSG00000196440.11"
0,0.356855887866262,"ENSG00000126947.13"
0.320593451325136,0.000562919009175014,"ENSG00000198960.11"
3.3298385352764e-17,0.116404193236683,"ENSG00000102401.20"
0,0,"ENSG00000261101.2"
0,0,"ENSG00000184867.14"
8.30638919904473e-10,0.392210330038738,"ENSG00000166432.15"
0.0275911552226705,0.771691254632354,"ENSG00000184905.9"
0,0,"ENSG00000184515.11"
0,0.0399087726142457,"ENSG00000125962.14"
0,0,"ENSG00000271147.8"
0,0,"ENSG00000198932.13"
2.78533126676965e-21,0.0229399646322184,"ENSG00000286327.1"
3.11929634700652e-11,0.285827933832372,"ENSG00000158301.18"
0,0,"ENSG00000223546.7"
0.0486247474272102,0.497143340253749,"ENSG00000239407.5"
0.0607327479557852,2.35814682872808e-11,"ENSG00000286846.1"
0.18548749138064,0.457769754724483,"ENSG00000133169.6"
0,0,"ENSG00000102409.10"
0.131303827712635,0.217812391185751,"ENSG00000180964.17"
0,0.193659656362469,"ENSG00000182916.8"
0,0.423101026990446,"ENSG00000185222.10"
1.80955848586776e-17,0.0700342020189481,"ENSG00000166681.13"
0.350800925261176,0.0610842169372432,"ENSG00000172476.4"
0,0.608395167545639,"ENSG00000133142.17"
3.48587127867567e-12,0.211182444422059,"ENSG00000279894.1"
2.62037559638781e-12,0.447425423756529,"ENSG00000196507.11"
0,0,"ENSG00000172465.14"
0.0901941838288654,4.81502164394954e-12,"ENSG00000123562.17"
0.276308685508505,0.128435957104325,"ENSG00000123570.4"
0,0,"ENSG00000269743.3"
0,0.0936160994424989,"ENSG00000166707.11"
5.70089359660143e-12,0.283790964432788,"ENSG00000123575.9"
1.98778303453782e-11,0.246109845176133,"ENSG00000123572.17"
0,0.384538172816595,"ENSG00000157502.13"
0,0,"ENSG00000147231.14"
0,0,"ENSG00000133138.20"
7.6127034625571e-13,0.55963880862769,"ENSG00000133131.15"
0.171412467560087,0.295259813484805,"ENSG00000165376.10"
3.8308169282997e-10,0.100923697865765,"ENSG00000089682.16"
1.34793500648427e-15,0,"ENSG00000215007.3"
2.1077364775667e-11,0.247025619543448,"ENSG00000147224.11"
0,0,"ENSG00000157514.16"
0,0.630140399528136,"ENSG00000080561.13"
0,0,"ENSG00000236064.2"
0,0,"ENSG00000101843.19"
2.57125391917857e-14,0.389609631503005,"ENSG00000101844.18"
0.0549677793890633,1.43465362447216e-09,"ENSG00000197565.15"
0,0.446871338579365,"ENSG00000188153.13"
3.75587384797403e-14,0.202646049164514,"ENSG00000275110.1"
0.00991261312593159,0,"ENSG00000101888.11"
0,0,"ENSG00000176076.7"
0,0.564155087328625,"ENSG00000068366.20"
0,0,"ENSG00000157600.12"
1.84874570068241e-13,0.375949964939531,"ENSG00000101935.10"
0,0.271729965256977,"ENSG00000101938.15"
0,0.34558976361973,"ENSG00000077264.15"
0,0,"ENSG00000101901.12"
0,0,"ENSG00000229487.1"
4.89799281021467e-21,0.612146732991552,"ENSG00000126016.15"
0,0,"ENSG00000123496.8"
0,0,"ENSG00000130224.15"
0,0.355684153473009,"ENSG00000271826.5"
4.02375835029399e-14,0.347748757233501,"ENSG00000102024.18"
0.0389848229561637,0.198463534932622,"ENSG00000235244.4"
0,0.204612275053116,"ENSG00000003096.14"
0,0,"ENSG00000200291.1"
0,0,"ENSG00000131725.14"
0,0.593604233895364,"ENSG00000147251.15"
2.634026721602e-10,0.320170900481564,"ENSG00000230399.1"
0,0.426023394045714,"ENSG00000131724.11"
0.020286945031348,0.405320116270527,"ENSG00000250995.1"
0,0,"ENSG00000175556.17"
0,0.223384853486891,"ENSG00000101856.10"
0,0.0392212266386317,"ENSG00000077713.19"
1.05746831779649e-16,0.0168106486576769,"ENSG00000266420.2"
0,0,"ENSG00000224281.5"
0,0,"ENSG00000005022.6"
0,0,"ENSG00000018610.14"
0.127297358742449,0.370960935544705,"ENSG00000077721.16"
0,0,"ENSG00000186416.15"
0.212703230326203,0.408720583248449,"ENSG00000125354.23"
0.138093762828727,0.472340342989462,"ENSG00000187808.5"
0,0,"ENSG00000198918.8"
0,0.255862759833212,"ENSG00000125351.11"
0.294798424799492,6.7084063321969e-18,"ENSG00000125352.6"
2.30896573419719e-15,0,"ENSG00000125356.7"
0.144264196967749,0.0789322712278028,"ENSG00000101882.10"
2.27595300570708e-13,0.607443372632831,"ENSG00000258545.6"
0,0,"ENSG00000233382.7"
0,0,"ENSG00000177485.7"
0.389050819637585,0.383242703953496,"ENSG00000125355.15"
8.13135740143075e-13,0.0343285051311161,"ENSG00000005893.15"
0,0,"ENSG00000158290.16"
0,0.558653549881521,"ENSG00000232119.8"
0,0,"ENSG00000171155.8"
0.0139988847905428,0.816562666003917,"ENSG00000182890.5"
0.076705169439362,0.346910106460832,"ENSG00000286163.1"
2.75695256714778e-09,0.533611486052291,"ENSG00000260585.1"
0.289457968254687,0.129593401808917,"ENSG00000125675.18"
0,0.209787524505528,"ENSG00000125676.20"
0,0,"ENSG00000101966.12"
0.0696908193147462,2.72068943207297e-13,"ENSG00000232412.1"
1.01557684313832e-19,0.262036858969406,"ENSG00000101972.18"
0.0340362208320139,0.0109924593307592,"ENSG00000183918.16"
0,0.734318678555208,"ENSG00000009694.13"
0,0,"ENSG00000225689.2"
2.52537944583281e-13,0.205249871432606,"ENSG00000102038.15"
0.196260835047752,7.04128840008993e-16,"ENSG00000122126.17"
3.44994050526141e-19,0.388176625924272,"ENSG00000171388.12"
0,0.512366201943731,"ENSG00000122121.11"
0.237215858549214,0.507257691623865,"ENSG00000122122.10"
0,0.1315807175063,"ENSG00000188706.13"
0,0,"ENSG00000156697.13"
2.92947890897062e-19,0.399702469845127,"ENSG00000085185.15"
0.0541436203843947,0.716762099440262,"ENSG00000102034.16"
0,0,"ENSG00000156709.14"
2.95659889513616e-21,0.128741420749753,"ENSG00000134594.5"
0,0,"ENSG00000056277.16"
0,0,"ENSG00000102078.16"
0.00131509710153716,0,"ENSG00000134597.16"
1.43555150968957e-20,0.230238060875368,"ENSG00000165675.16"
0.96677903522487,0.000467923852827251,"ENSG00000227183.3"
0.0868360005499145,0.387223599838095,"ENSG00000213468.7"
0,0,"ENSG00000134602.16"
1.36671832323198e-09,0.00746084340590197,"ENSG00000123728.10"
3.79546376522636e-13,0.224976818869964,"ENSG00000232160.7"
0,0,"ENSG00000076770.14"
0,0.00122679034291106,"ENSG00000076716.9"
1.6820989996562e-23,0.751705010358667,"ENSG00000147257.14"
0,0,"ENSG00000156531.16"
0.235549556994498,0.463489992807579,"ENSG00000165704.15"
0,0.578419702878337,"ENSG00000223749.10"
0.175956201114856,0.205989372809595,"ENSG00000156504.16"
0,0,"ENSG00000156500.15"
0,0,"ENSG00000101928.13"
0.0726134964717917,0.180949342809023,"ENSG00000184785.6"
0,0.430545762689483,"ENSG00000212747.5"
0.0796972977132758,0.430466140221061,"ENSG00000134590.14"
0.243893416474209,0.158324208038976,"ENSG00000286964.1"
0,0.568454232796973,"ENSG00000203950.6"
0,0,"ENSG00000196972.9"
0.0529027071231938,8.38612908624964e-09,"ENSG00000186376.15"
2.22699294110607e-20,0.216502127093744,"ENSG00000173275.13"
0.0527336119312086,0,"ENSG00000178947.9"
0.016817587994088,0.32877702404368,"ENSG00000165359.15"
0,0.361508956682501,"ENSG00000169446.5"
2.98456729172501e-21,0.173123839611369,"ENSG00000198689.11"
0.0298591320417003,0.513050817915383,"ENSG00000022267.19"
0,0.419610609172048,"ENSG00000129680.16"
0.0318100339097792,0.452079957269491,"ENSG00000102241.12"
0,0.657297650015552,"ENSG00000129675.16"
2.91141045521379e-12,0.459789885943976,"ENSG00000232611.1"
0,0.0630250294414441,"ENSG00000147274.14"
0,0,"ENSG00000234062.8"
0,0,"ENSG00000237307.2"
0,0.401217111897387,"ENSG00000129682.16"
0,0,"ENSG00000101974.14"
0.0615199260782309,0.63354709614015,"ENSG00000203930.12"
0,0.153195695797968,"ENSG00000182195.9"
0,0,"ENSG00000179542.16"
0.398880375990976,0.346080818249871,"ENSG00000102081.14"
0,0,"ENSG00000219507.4"
0.108506768894847,0.149672494407123,"ENSG00000155966.14"
0,0.0866751177352788,"ENSG00000010404.18"
0.0185221118454597,0,"ENSG00000241489.8"
0,0.0673604466157702,"ENSG00000241769.7"
0,0,"ENSG00000197620.11"
0.461439626827086,0,"ENSG00000269556.8"
0,0,"ENSG00000197021.9"
0,0.207033602997602,"ENSG00000235703.6"
0,0,"ENSG00000183171.5"
0,0,"ENSG00000013619.14"
0,0,"ENSG00000171100.14"
0,0.154711779939266,"ENSG00000063601.17"
0.00703574475015288,0.444985793841585,"ENSG00000102181.21"
0.553329703768657,0.100852085727012,"ENSG00000029993.15"
0,0,"ENSG00000160131.13"
0,0,"ENSG00000130032.16"
0.0183741433929306,0.355113395670883,"ENSG00000102287.19"
0.236610674782614,4.84452428637295e-20,"ENSG00000147400.9"
8.84064774044989e-14,0.248680796654084,"ENSG00000147383.11"
2.09694399799928e-14,0.400509688514716,"ENSG00000147394.18"
0,0,"ENSG00000063587.14"
0,0,"ENSG00000189420.8"
2.29530186215605e-15,0.257489667418559,"ENSG00000213397.10"
0.0283835990851617,0.576525755850609,"ENSG00000182492.16"
0,0,"ENSG00000262919.8"
0,0,"ENSG00000260081.2"
0,0.550697119806442,"ENSG00000130821.16"
3.76121968508061e-11,0.304296268477899,"ENSG00000185825.17"
0,0,"ENSG00000101986.12"
0.267876249742459,0.132409321236722,"ENSG00000198753.12"
0,0,"ENSG00000184343.11"
1.73767850892116e-21,0.318885409504382,"ENSG00000067829.19"
0.327007990153959,0.102332060956344,"ENSG00000180879.14"
0.23859144579749,0.661698559012101,"ENSG00000067840.12"
6.51481901912373e-11,0.245191356126604,"ENSG00000126895.15"
0.0416411616901831,0.473489435775771,"ENSG00000089820.15"
0,0.0906909264234189,"ENSG00000102030.16"
8.57295288997016e-11,0.0871630541080621,"ENSG00000102032.13"
0.0425217973211292,0.286190416542064,"ENSG00000172534.14"
0,0.0883899384967968,"ENSG00000177854.8"
7.88069205322858e-12,0.611620490764851,"ENSG00000184216.14"
0,0.586837706069802,"ENSG00000169057.22"
0,0,"ENSG00000196924.17"
0.0734228901122051,0.14481745829884,"ENSG00000102119.10"
0.319646730019349,0.319913380749057,"ENSG00000147403.16"
0,0,"ENSG00000280195.1"
0,0,"ENSG00000013563.14"
1.33836425076723e-19,0.24761191880496,"ENSG00000102125.16"
0,0,"ENSG00000197180.2"
0,0,"ENSG00000071553.17"
0,0.014674909566664,"ENSG00000203879.12"
0,0,"ENSG00000071859.15"
0,0.139777197297978,"ENSG00000130827.6"
0,0.429537382665283,"ENSG00000196976.7"
0,0,"ENSG00000102178.13"
0.242376690717843,0.486793087247745,"ENSG00000126903.16"
0,0,"ENSG00000071889.16"
0,0.148523283736039,"ENSG00000160211.19"
0,0.0466556793512561,"ENSG00000269335.5"
0.0604870568345606,0.430696161085443,"ENSG00000160219.12"
4.8575213272268e-11,0.264034780963506,"ENSG00000130826.18"
0,0.584658808253976,"ENSG00000130830.15"
0.0377562623674117,0.137613340858466,"ENSG00000185010.15"
0,0.208545233005049,"ENSG00000277203.1"
0,0,"ENSG00000165775.18"
2.545728291557e-18,0.0423020522456074,"ENSG00000185515.14"
0,0,"ENSG00000155959.12"
0.209055432949845,1.59991366369476e-10,"ENSG00000155962.13"
0.0436224069688842,0.496671602122293,"ENSG00000225008.1"
0,0,"ENSG00000185973.11"
0,0,"ENSG00000168939.11"
0.0863885070439772,8.88949690786389e-22,"ENSG00000124333.16"
0,0,"ENSG00000182484.15"
0.962536853574813,2.09254312429762e-12,"ENSG00000129824.16"
0.961162645123545,7.07190250466328e-15,"ENSG00000067646.12"
0.539884219345793,0.0669723237119688,"ENSG00000231535.7"
0.204656641937935,0.143419837734462,"ENSG00000273906.1"
0.218675944752617,0,"ENSG00000099725.14"
0,0.27394532320836,"ENSG00000225840.2"
0.261045481541184,9.33615855257389e-10,"ENSG00000251705.1"
0.218671879095576,8.22222612687471e-12,"ENSG00000235649.2"
0.289526052186597,0.0936745494015173,"ENSG00000206159.11"
0.88453195827617,0.0155389497607834,"ENSG00000114374.13"
0.0692160422400277,1.5926669967323e-14,"ENSG00000286009.2"
0.304060472126445,0.0602935527225293,"ENSG00000228411.1"
0.949328525160721,0,"ENSG00000067048.17"
0.888871514825439,0.0249532321232704,"ENSG00000183878.15"
0,0,"ENSG00000215414.4"
0.270340774994797,0.106504805958368,"ENSG00000241859.7"
0.812614371141104,0.0960957646928325,"ENSG00000165246.14"
0,0,"ENSG00000226555.1"
0.841113419239427,0.00188261666374065,"ENSG00000176728.9"
0.26778935693756,1.13397320446925e-09,"ENSG00000217896.2"
0.941984169772192,0.0109007963319395,"ENSG00000131002.12"
0.89045109917657,0.0210790656700452,"ENSG00000012817.15"
0.386305636027638,0.0683294426303879,"ENSG00000288049.1"
0.455835656333136,0.138926693053804,"ENSG00000229236.3"
0.945831200047694,0.014268431619188,"ENSG00000198692.10"
0.348751870133197,0.467902513937542,"ENSG00000210049.1"
0.257639372501949,0.132669656776322,"ENSG00000211459.2"
0,0.233022638825304,"ENSG00000210077.1"
0.114238986521972,0.395957707328397,"ENSG00000210082.2"
0.316882441793251,0.0841199982167269,"ENSG00000209082.1"
0,0,"ENSG00000198888.2"
0.0447207099379059,0.165848700152572,"ENSG00000198763.3"
0,0.238688380334039,"ENSG00000210117.1"
1.97178875007561e-12,0.033545325830605,"ENSG00000210140.1"
0,0,"ENSG00000210144.1"
1.98673022011242e-10,0.0460874140465748,"ENSG00000198804.2"
0,0,"ENSG00000198712.1"
0.101347354761833,0.045942497833703,"ENSG00000228253.1"
0.0335842888529036,0.0237665180012748,"ENSG00000198899.2"
0,0,"ENSG00000198938.2"
0,0.0178336651712697,"ENSG00000198840.2"
0.0809103272955295,9.93803336298040e-09,"ENSG00000212907.2"
0.111715619800011,0.0560895226119904,"ENSG00000198886.2"
0.0142760788139672,0.069751238522906,"ENSG00000198786.2"
0.0728090709007712,0.103590993042414,"ENSG00000198695.2"
2.54946690091941e-22,0.335244828902394,"ENSG00000210194.1"
9.1408878793975e-10,0.0192742547396923,"ENSG00000198727.2"
0.0837578581492405,0,"ENSG00000210195.2"
0.710747940399651,0.138277708728449,"ENSG00000210196.2"
